Địa chỉ,Quận,Huyện,Loại hình nhà ở,Giấy tờ pháp lý,Số tầng,Số phòng ngủ,Diện tích,Giá (triệu đồng/m2),Tỉnh/Thành phố
"Thôn 2, Xã Suối Rao, Huyện Châu Đức, Bà Rịa - Vũng Tàu",Huyện Châu Đức,Xã Suối Rao,,Đã có sổ,,,150,2,Bà Rịa - Vũng Tàu
"An dương vương, Phường Bình Trị Đông, Quận Bình Tân, Tp Hồ Chí Minh",Quận Bình Tân,Phường Bình Trị Đông,,Đã có sổ,,,4743,79,Tp Hồ Chí Minh
"Đường Quốc Lộ 14B, Xã Đại Hiệp, Huyện Đại Lộc, Quảng Nam",Huyện Đại Lộc,Xã Đại Hiệp,,Đã có sổ,,,95,2,Quảng Nam
"Duong So D, Phường 5, Thành phố Vĩnh Long, Vĩnh Long",,Phường 5,,Đã có sổ,,,109,7,Vĩnh Long
"Đường Cao Thắng, Phường 8, Thành phố Sóc Trăng, Sóc Trăng",,Phường 8,,Đã có sổ,,,239,3,Sóc Trăng
"Đường Tôn Đản, Phường Hòa Thọ Tây, Quận Cẩm Lệ, Đà Nẵng",Quận Cẩm Lệ,Phường Hòa Thọ Tây,"Nhà ngõ, hẻm",Đã có sổ,2,2,567,31,Đà Nẵng
"Đường Mễ Trì Hạ, Phường Mễ Trì, Quận Nam Từ Liêm, Hà Nội",Quận Nam Từ Liêm,Phường Mễ Trì,"Nhà mặt phố, mặt tiền",Đã có sổ,,,52,109,Hà Nội
"Đường Quốc Lộ 51, Xã Phước Tân, Biên Hòa, Đồng Nai, Phường Phước Tân, Thành phố Biên Hòa, Đồng Nai",,Xã Phước Tân,"Nhà mặt phố, mặt tiền",Đã có sổ,,,101,17,Đồng Nai
"An Phú Tây - Hưng Long, Xã An Phú Tây, Huyện Bình Chánh, Tp Hồ Chí Minh",Huyện Bình Chánh,Xã An Phú Tây,Nhà phố liền kề,Đã có sổ,,2,80,23,Tp Hồ Chí Minh
"Đường Nguyễn Văn Linh, Phường 2, Thành phố Sóc Trăng, Sóc Trăng",,Phường 2,"Nhà ngõ, hẻm",Đã có sổ,,2,95,10,Sóc Trăng
"Đường Hoàng Cầu, Phường Ô Chợ Dừa, Quận Đống Đa, Hà Nội",Quận Đống Đa,Phường Ô Chợ Dừa,"Nhà mặt phố, mặt tiền",Đã có sổ,2,,115,234,Hà Nội
"Đường Tầm Vu, Phường Hưng Lợi, Quận Ninh Kiều, Cần Thơ",Quận Ninh Kiều,Phường Hưng Lợi,"Nhà ngõ, hẻm",Đã có sổ,,3,60,31,Cần Thơ
"Đường Nguyễn Thái Bình, Xã Hòa Thắng, Thành phố Buôn Ma Thuột, Đắk Lắk",,Xã Hòa Thắng,"Nhà ngõ, hẻm",Đã có sổ,,,125,3,Đắk Lắk
"Đường Nam Pháp, Phường Lạch Tray, Quận Ngô Quyền, Hải Phòng",Quận Ngô Quyền,Phường Lạch Tray,"Nhà ngõ, hẻm",Đã có sổ,4,,3775,45,Hải Phòng
"Tôn Đức Thắng, Phường Hòa Minh, Quận Liên Chiểu, Đà Nẵng",Quận Liên Chiểu,Phường Hòa Minh,"Nhà mặt phố, mặt tiền",Đã có sổ,4,4,65,110,Đà Nẵng
"nguyễn chí thanh, Phường Bình Nhâm, Thị xã Thuận An, Bình Dương",,Phường Bình Nhâm,"Nhà mặt phố, mặt tiền",Đã có sổ,,,103,36,Bình Dương
"Đường Xô Viết Nghệ Tĩnh, Phường Thành Công, Thành phố Buôn Ma Thuột, Đắk Lắk",,Phường Thành Công,"Nhà mặt phố, mặt tiền",Đã có sổ,,,90,13,Đắk Lắk
"6/9, Nguyễn Trác, Phường Tân Lợi, Thành phố Buôn Ma Thuột, Đắk Lắk",,Phường Tân Lợi,"Nhà ngõ, hẻm",Đã có sổ,4,2,120,23,Đắk Lắk
"Đường Cầu Giấy, Phường Quan Hoa, Quận Cầu Giấy, Hà Nội",Quận Cầu Giấy,Phường Quan Hoa,"Nhà ngõ, hẻm",Đã có sổ,4,,31,85,Hà Nội
"Đường Ụ Cây, Phường 10, Quận 8, Tp Hồ Chí Minh",Quận 8,Phường 10,"Nhà mặt phố, mặt tiền",Đã có sổ,2,4,45,124,Tp Hồ Chí Minh
"Đường Phạm Ngũ Lão, Phường An Hòa, Quận Ninh Kiều, Cần Thơ",Quận Ninh Kiều,Phường An Hòa,"Nhà ngõ, hẻm",Đã có sổ,,,66,26,Cần Thơ
"Đường Hà Huy Giáp, Phường Thạnh Xuân, Quận 12, Hồ Chí Min",Quận 12,Phường Thạnh Xuân,"Nhà mặt phố, mặt tiền",Đã có sổ,,5,60,76,Hồ Chí Min
"đường tránh, Phường Kim Long, Thành phố Huế, Thừa Thiên Huế",,Phường Kim Long,"Nhà mặt phố, mặt tiền",Đã có sổ,,,16,6,Thừa Thiên Huế
"Đường Nguyễn Khuyến, Phường Trảng Dài, Thành phố Biên Hòa, Đồng Nai",,Phường Trảng Dài,"Nhà ngõ, hẻm",Đã có sổ,1,2,90,15,Đồng Nai
"Đường Bùi Thị Xuân, Phường 2, Thành phố Đà Lạt, Lâm Đồng",,Phường 2,"Nhà ngõ, hẻm",Đã có sổ,,,345,92,Lâm Đồng
"Đường Doãn Kế Thiện, Phường Mai Dịch, Quận Cầu Giấy, Hà Nội",Quận Cầu Giấy,Phường Mai Dịch,"Nhà mặt phố, mặt tiền",Đã có sổ,5,,32,165,Hà Nội
"Đường Hà Huy Tập, Phường Tân Lợi, Thành phố Buôn Ma Thuột, Đắk Lắk",,Phường Tân Lợi,"Nhà mặt phố, mặt tiền",Đã có sổ,,,123,9,Đắk Lắk
"Đường Lâm Quang Ky, Phường An Hòa, Thành phố Rạch Giá, Kiên Giang",,Phường An Hòa,"Nhà mặt phố, mặt tiền",Đã có sổ,,,4120,6,Kiên Giang
"Bình Hoà 22, Phường Bình Hòa, Thị xã Thuận An, Bình Dương",,Phường Bình Hòa,"Nhà mặt phố, mặt tiền",Đã có sổ,,,758,13,Bình Dương
"117/1A4, Đường 16, Phường Hiệp Bình Chánh, Quận Thủ Đức, Tp Hồ Chí Minh",Quận Thủ Đức,Phường Hiệp Bình Chánh,"Nhà ngõ, hẻm",Đã có sổ,2,3,52,107,Tp Hồ Chí Minh
"Đường Quốc lộ 13, Phường Vĩnh Phú, Thị xã Thuận An, Bình Dương",,Phường Vĩnh Phú,"Nhà ngõ, hẻm",Đã có sổ,,3,52,21,Bình Dương
"HẺM 54 HÙNG VƯƠNG, Phường Thới Bình, Quận Ninh Kiều, Cần Thơ",Quận Ninh Kiều,Phường Thới Bình,"Nhà ngõ, hẻm",Đã có sổ,,2,45,41,Cần Thơ
"Đường Kha Vạn Cân, Phường Hiệp Bình Chánh, Quận Thủ Đức, Tp Hồ Chí Minh",Quận Thủ Đức,Phường Hiệp Bình Chánh,"Nhà mặt phố, mặt tiền",Đã có sổ,,,55,12,Tp Hồ Chí Minh
"Đường Huỳnh Văn Bánh, Phường 12, Quận Phú Nhuận, Tp Hồ Chí Minh",Quận Phú Nhuận,Phường 12,"Nhà mặt phố, mặt tiền",Đã có sổ,4,,40,270,Tp Hồ Chí Minh
"Đường Tỉnh lộ 43, Phường Bình Chiểu, Quận Thủ Đức, Tp Hồ Chí Minh",Quận Thủ Đức,Phường Bình Chiểu,"Nhà ngõ, hẻm",Đã có sổ,4,2,1135,40,Tp Hồ Chí Minh
"Đường Số 4, Phường An Lạc, Quận Bình Tân, Tp Hồ Chí Minh",Quận Bình Tân,Phường An Lạc,"Nhà mặt phố, mặt tiền",Đã có sổ,,,90,27,Tp Hồ Chí Minh
"Duong So 45, Phường 5, Thành phố Vĩnh Long, Vĩnh Long",,Phường 5,"Nhà mặt phố, mặt tiền",Đã có sổ,,,91,9,Vĩnh Long
"Đường Lê Thanh Nghị, Phường Bách Khoa, Quận Hai Bà Trưng, Hà Nội",Quận Hai Bà Trưng,Phường Bách Khoa,"Nhà ngõ, hẻm",Đã có sổ,9,,80,193,Hà Nội
"Đường Quang Trung, Phường Yên Nghĩa, Quận Hà Đông, Hà Nội",Quận Hà Đông,Phường Yên Nghĩa,"Nhà mặt phố, mặt tiền",Đã có sổ,,,48,141,Hà Nội
"Đường Phan Văn Sửu, Phường 13, Quận Tân Bình, Tp Hồ Chí Minh",Quận Tân Bình,Phường 13,"Nhà mặt phố, mặt tiền",Đã có sổ,3,4,32,193,Tp Hồ Chí Minh
"Hẻm 388, Phường An Khánh, Quận Ninh Kiều, Cần Thơ",Quận Ninh Kiều,Phường An Khánh,"Nhà mặt phố, mặt tiền",Đã có sổ,,,65,25,Cần Thơ
"Đường Kim Mã, Phường Kim Mã, Quận Ba Đình, Hà Nội",Quận Ba Đình,Phường Kim Mã,"Nhà mặt phố, mặt tiền",Đã có sổ,,3,65,19,Hà Nội
"203, 203 Đường Nguyễn Huy Tưởng, Phường Thanh Xuân Trung, Quận Thanh Xuân, Hà Nội",Quận Thanh Xuân,Phường Thanh Xuân Trung,"Nhà mặt phố, mặt tiền",Đã có sổ,,3,65,37,Hà Nội
"Đường Dương Quảng Hàm, Phường Quan Hoa, Quận Cầu Giấy, Hà Nội",Quận Cầu Giấy,Phường Quan Hoa,"Nhà ngõ, hẻm",Đã có sổ,4,,42,83,Hà Nội
"vĩnh phú 1, Phường Vĩnh Phú, Thị xã Thuận An, Bình Dương",,Phường Vĩnh Phú,"Nhà mặt phố, mặt tiền",Đã có sổ,,,150,11,Bình Dương
"Đường Cao Đức Lân, Phường An Phú, Quận 2, Tp Hồ Chí Minh",Quận 2,Phường An Phú,"Nhà mặt phố, mặt tiền",Đã có sổ,,,60,31,Tp Hồ Chí Minh
"Đường Măng Lin, Phường 7, Thành phố Đà Lạt, Lâm Đồng",,Phường 7,"Nhà mặt phố, mặt tiền",Đã có sổ,,,205,12,Lâm Đồng
"12 Tam Đa, Phường Trường Thạnh, Quận 9, Tp Hồ Chí Minh",Quận 9,Phường Trường Thạnh,"Nhà mặt phố, mặt tiền",Đã có sổ,,,68,38,Tp Hồ Chí Minh
"Đường ĐT 602, Xã Hòa Sơn, Huyện Hòa Vang, Đà Nẵng",Huyện Hòa Vang,Xã Hòa Sơn,"Nhà ngõ, hẻm",Đã có sổ,,,200,6,Đà Nẵng
"Đường Đào Tấn, Phường Đội Cấn, Quận Ba Đình, Hà Nội",Quận Ba Đình,Phường Đội Cấn,"Nhà ngõ, hẻm",Đã có sổ,3,,50,53,Hà Nội
"Đường Phan Huy Ích, Phường 12, Quận Gò Vấp, Tp Hồ Chí Minh",Quận Gò Vấp,Phường 12,Nhà phố liền kề,Đã có sổ,3,5,100,90,Tp Hồ Chí Minh
"Đường Số 8, Phường Linh Xuân, Quận Thủ Đức, Tp Hồ Chí Minh",Quận Thủ Đức,Phường Linh Xuân,"Nhà ngõ, hẻm",Đã có sổ,,,50,57,Tp Hồ Chí Minh
"Đường Đinh Quang Ân, Phường Phước Tân, Thành phố Biên Hòa, Đồng Nai",,Phường Phước Tân,"Nhà ngõ, hẻm",Giấy tờ khác,,,80,8,Đồng Nai
"Đường Thái Hà, Phường Trung Liệt, Quận Đống Đa, Hà Nội",Quận Đống Đa,Phường Trung Liệt,"Nhà ngõ, hẻm",Giấy tờ khác,4,3,48,154,Hà Nội
"Ngô đến, Phường Vĩnh Phước, Thành phố Nha Trang, Khánh Hòa",,Phường Vĩnh Phước,"Nhà ngõ, hẻm",Giấy tờ khác,4,,625,26,Khánh Hòa
"Đường Vành Đai, Phường Thành Nhất, Thành phố Buôn Ma Thuột, Đắk Lắk",,Phường Thành Nhất,"Nhà ngõ, hẻm",Đã có sổ,,2,170,5,Đắk Lắk
"Đường Liên Phường, Phường Phú Hữu, Quận 9, Tp Hồ Chí Minh",Quận 9,Đường Liên Phường,"Nhà ngõ, hẻm",Đã có sổ,,1,170,32,Tp Hồ Chí Minh
"Đường Văn Cao, Phường Lạch Tray, Quận Ngô Quyền, Hải Phòng",Quận Ngô Quyền,Phường Lạch Tray,"Nhà ngõ, hẻm",Đã có sổ,5,,39,21,Hải Phòng
"Đường Bùi Đình Túy, Phường 12, Quận Bình Thạnh, Tp Hồ Chí Minh",Quận Bình Thạnh,Phường 12,"Nhà mặt phố, mặt tiền",Đã có sổ,1,3,80,26,Tp Hồ Chí Minh
"Đường Lý Thường Kiệt, Phường Dĩ An, Thị xã Dĩ An, Bình Dương",,Phường Dĩ An,"Nhà mặt phố, mặt tiền",Đã có sổ,9,,88,60,Bình Dương
"Đường Võng Thị, Phường Bưởi, Quận Tây Hồ, Hà Nội",Quận Tây Hồ,Phường Bưởi,"Nhà mặt phố, mặt tiền",Đã có sổ,,3,88,13,Hà Nội
"92/117, Đường Xô Viết Nghệ Tĩnh, Phường 21, Quận Bình Thạnh, Tp Hồ Chí Minh",Quận Bình Thạnh,Phường 21,"Nhà ngõ, hẻm",Đã có sổ,1,2,25,110,Tp Hồ Chí Minh
"Đường 3A||23715, Phường An Khánh, Quận Ninh Kiều, Cần Thơ",Quận Ninh Kiều,Phường An Khánh,"Nhà mặt phố, mặt tiền",Đã có sổ,1,3,76,60,Cần Thơ
"Đường Nguyễn Phước Nguyên, Phường An Khê, Quận Thanh Khê, Đà Nẵng",Quận Thanh Khê,Phường An Khê,"Nhà ngõ, hẻm",Đã có sổ,,,39,43,Đà Nẵng
"1111, Đường Bàu Gia Thượng 2, Phường Hòa Xuân, Quận Cẩm Lệ, Đà Nẵng",Quận Cẩm Lệ,Phường Hòa Xuân,"Nhà ngõ, hẻm",Đã có sổ,,,332,52,Đà Nẵng
"Đường Lý Thái Tổ, Phường Chính Gián, Quận Thanh Khê, Đà Nẵng",Quận Thanh Khê,Phường Chính Gián,"Nhà ngõ, hẻm",Đã có sổ,3,3,46,55,Đà Nẵng
"Đường Bà Hom, Phường 13, Quận 6, Tp Hồ Chí Minh",Quận 6,Phường 13,"Nhà ngõ, hẻm",Đã có sổ,1,,80,82,Tp Hồ Chí Minh
"79-81, 79-81 Đường Nguyễn Xí, Phường 26, Quận Bình Thạnh, Tp Hồ Chí Minh",Quận Bình Thạnh,Phường 26,"Nhà ngõ, hẻm",Đang chờ sổ,,2,80,43,Tp Hồ Chí Minh
"Đường Bàu Lách, Xã Phạm Văn Cội, Huyện Củ Chi, Tp Hồ Chí Minh",Huyện Củ Chi,Xã Phạm Văn Cội,"Nhà ngõ, hẻm",Đã có sổ,,,300,6,Tp Hồ Chí Minh
"đường số 10, Phường Hiệp Bình Chánh, Quận Thủ Đức, Tp Hồ Chí Minh",Quận Thủ Đức,Phường Hiệp Bình Chánh,"Nhà ngõ, hẻm",Đã có sổ,,3,300,39,Tp Hồ Chí Minh
"Đường Đào Tấn, Phường Ngọc Khánh, Quận Ba Đình, Hà Nội",Quận Ba Đình,Phường Ngọc Khánh,"Nhà ngõ, hẻm",Đã có sổ,3,1,50,53,Hà Nội
"Đường Liên Xã, Xã Hòa Sơn, Huyện Lương Sơn, Hòa Bình",Huyện Lương Sơn,Đường Liên Xã,"Nhà ngõ, hẻm",Đã có sổ,2,,810,6,Hòa Bình
"Đường Bình Long, Phường Tân Quý, Quận Tân Phú, Tp Hồ Chí Minh",Quận Tân Phú,Phường Tân Quý,"Nhà ngõ, hẻm",Đã có sổ,1,,28,100,Tp Hồ Chí Minh
"Đường Phan Thị Nể, Phường Hòa Minh, Quận Liên Chiểu, Đà Nẵng",Quận Liên Chiểu,Phường Hòa Minh,"Nhà mặt phố, mặt tiền",Đã có sổ,,,81,45,Đà Nẵng
"Đường Quốc lộ 13, Phường Vĩnh Phú, Thị xã Thuận An, Bình Dương",,Phường Vĩnh Phú,"Nhà mặt phố, mặt tiền",Đã có sổ,,2,81,25,Bình Dương
"Đường Nguyễn Hữu Thọ, Xã Phước Kiển, Huyện Nhà Bè, Tp Hồ Chí Minh",Huyện Nhà Bè,Xã Phước Kiển,"Nhà mặt phố, mặt tiền",Đang chờ sổ,,2,81,48,Tp Hồ Chí Minh
"Đường 22/12, Phường Thuận Giao, Thị xã Thuận An, Bình Dương",,Phường Thuận Giao,"Nhà mặt phố, mặt tiền",Đang chờ sổ,25,2,81,3,Bình Dương
"Đường Xuân Đỉnh, Phường Xuân Đỉnh, Quận Bắc Từ Liêm, Hà Nội",Quận Bắc Từ Liêm,Phường Xuân Đỉnh,"Nhà mặt phố, mặt tiền",Đã có sổ,7,,81,13,Hà Nội
"Đường Lê Lợi, Phường Nguyễn Trãi, Quận Hà Đông, Hà Nội",Quận Hà Đông,Phường Nguyễn Trãi,"Nhà mặt phố, mặt tiền",Đã có sổ,5,,40,75,Hà Nội
"Đường Thạch Bàn, Phường Thạch Bàn, Quận Long Biên, Hà Nội",Quận Long Biên,Phường Thạch Bàn,"Nhà mặt phố, mặt tiền",Đã có sổ,,,34,41,Hà Nội
"lê hồng nhi, Phường Lê Bình, Quận Cái Răng, Cần Thơ",Quận Cái Răng,Phường Lê Bình,"Nhà mặt phố, mặt tiền",Đã có sổ,,,56,25,Cần Thơ
"Lập Thành, Xã Đông Xuân, Huyện Quốc Oai, Hà Nội",Huyện Quốc Oai,Xã Đông Xuân,"Nhà mặt phố, mặt tiền",Đã có sổ,,,736,6,Hà Nội
"Đường Nhựa, Xã Đức Lập Hạ, Huyện Đức Hòa, Long An",Huyện Đức Hòa,Xã Đức Lập Hạ,"Nhà mặt phố, mặt tiền",Đã có sổ,,,860,9,Long An
"123, Đường Đà Nẵng, Phường Cầu Tre, Quận Ngô Quyền, Hải Phòng",Quận Ngô Quyền,Phường Cầu Tre,"Nhà ngõ, hẻm",Đã có sổ,3,,40,44,Hải Phòng
"HẺM 150, Đường Nguyễn Thông, Phường An Thới, Quận Bình Thuỷ, Cần Thơ",Quận Bình Thuỷ,Phường An Thới,"Nhà ngõ, hẻm",Đã có sổ,,,64,19,Cần Thơ
"Đường Bến Than, Xã Tân Thạnh Đông, Huyện Củ Chi, Tp Hồ Chí Minh",Huyện Củ Chi,Xã Tân Thạnh Đông,"Nhà ngõ, hẻm",Đã có sổ,,,132,10,Tp Hồ Chí Minh
"Hội Bài Châu Pha, Phường Phú Mỹ, Thị xã Phú Mỹ, Bà Rịa - Vũng Tàu",,Phường Phú Mỹ,"Nhà ngõ, hẻm",Đã có sổ,,,125,3,Bà Rịa - Vũng Tàu
"Đường Lê Lợi, Phường Nguyễn Trãi, Quận Hà Đông, Hà Nội",Quận Hà Đông,Phường Nguyễn Trãi,"Nhà mặt phố, mặt tiền",Đã có sổ,5,,40,75,Hà Nội
"Đường Thạch Bàn, Phường Thạch Bàn, Quận Long Biên, Hà Nội",Quận Long Biên,Phường Thạch Bàn,"Nhà mặt phố, mặt tiền",Đã có sổ,,,34,41,Hà Nội
"lê hồng nhi, Phường Lê Bình, Quận Cái Răng, Cần Thơ",Quận Cái Răng,Phường Lê Bình,"Nhà mặt phố, mặt tiền",Đã có sổ,,,56,25,Cần Thơ
"Lập Thành, Xã Đông Xuân, Huyện Quốc Oai, Hà Nội",Huyện Quốc Oai,Xã Đông Xuân,"Nhà mặt phố, mặt tiền",Đã có sổ,,,736,6,Hà Nội
"Đường Nhựa, Xã Đức Lập Hạ, Huyện Đức Hòa, Long An",Huyện Đức Hòa,Xã Đức Lập Hạ,"Nhà mặt phố, mặt tiền",Đã có sổ,,,860,9,Long An
"123, Đường Đà Nẵng, Phường Cầu Tre, Quận Ngô Quyền, Hải Phòng",Quận Ngô Quyền,Phường Cầu Tre,"Nhà ngõ, hẻm",Đã có sổ,3,,40,44,Hải Phòng
"hẻm 6 bùi thị xuân, Phường Thới Bình, Quận Ninh Kiều, Cần Thơ",Quận Ninh Kiều,Phường Thới Bình,"Nhà ngõ, hẻm",Đã có sổ,,,110,18,Cần Thơ
"Đường Nguyễn Thị Minh Khai, Phường 7, Thành phố Trà Vinh, Trà Vinh",,Phường 7,"Nhà mặt phố, mặt tiền",Đã có sổ,1,4,197,43,Trà Vinh
"đông phú, Xã Đại Hiệp, Huyện Đại Lộc, Quảng Nam",Huyện Đại Lộc,Xã Đại Hiệp,"Nhà mặt phố, mặt tiền",Đã có sổ,,,100,3,Quảng Nam
"75A, Đường Tô Hiệu, Phường Hiệp Tân, Quận Tân Phú, Tp Hồ Chí Minh",Quận Tân Phú,Phường Hiệp Tân,"Nhà mặt phố, mặt tiền",Đang chờ sổ,,1,100,33,Tp Hồ Chí Minh
"Đường Ngọc Anh, Xã Phú Thượng, Huyện Phú Vang, Thừa Thiên Huế",Huyện Phú Vang,Xã Phú Thượng,"Nhà mặt phố, mặt tiền",Đã có sổ,,,103,12,Thừa Thiên Huế
"Đường Phạm Văn Đồng, Phường Hiệp Bình Chánh, Quận Thủ Đức, Tp Hồ Chí Minh",Quận Thủ Đức,Phường Hiệp Bình Chánh,"Nhà ngõ, hẻm",Đã có sổ,,,60,14,Tp Hồ Chí Minh
"Đường Chùa Khê Lôi, Xã Liêm Tiết, Thành phố Phủ Lý, Hà Nam",,Xã Liêm Tiết,"Nhà ngõ, hẻm",Đã có sổ,,,110,15,Hà Nam
"Đường Trung Mỹ Tây 13, Phường Trung Mỹ Tây, Quận 12, Tp Hồ Chí Minh",Quận 12,Phường Trung Mỹ Tây,"Nhà mặt phố, mặt tiền",Đã có sổ,4,,85,57,Tp Hồ Chí Minh
"Đường Số 9, Phường Hiệp Bình Chánh, Quận Thủ Đức, Tp Hồ Chí Minh",Quận Thủ Đức,Phường Hiệp Bình Chánh,"Nhà mặt phố, mặt tiền",Đã có sổ,2,,78,96,Tp Hồ Chí Minh
Vai Réo,,,"Nhà mặt phố, mặt tiền",Đã có sổ,,,169,13,#VALUE!
"Đường Bùi Quang Là, Phường 12, Quận Gò Vấp, Tp Hồ Chí Minh",Quận Gò Vấp,Phường 12,"Nhà ngõ, hẻm",Đã có sổ,3,5,53,105,Tp Hồ Chí Minh
"102/42, đường 3/2, Phường Hưng Lợi, Quận Ninh Kiều, Cần Thơ",Quận Ninh Kiều,Phường Hưng Lợi,"Nhà ngõ, hẻm",Đã có sổ,,,1237,24,Cần Thơ
"116, Đường Thiên Phước, Phường 9, Quận Tân Bình, Tp Hồ Chí Minh",Quận Tân Bình,Phường 9,"Nhà ngõ, hẻm",Đã có sổ,3,,50,156,Tp Hồ Chí Minh
"51/4c, Đường Thạnh Lộc 52, Phường Thạnh Lộc, Quận 12, Tp Hồ Chí Minh",Quận 12,Phường Thạnh Lộc,"Nhà ngõ, hẻm",Đã có sổ,,3,70,35,Tp Hồ Chí Minh
"Đường Nguyễn Khuyến, Phường Trảng Dài, Thành phố Biên Hòa, Đồng Nai",,Phường Trảng Dài,"Nhà ngõ, hẻm",Đã có sổ,1,2,90,15,Đồng Nai
"Đường Số 8, Phường Linh Trung, Quận Thủ Đức, Tp Hồ Chí Minh",Quận Thủ Đức,Phường Linh Trung,"Nhà ngõ, hẻm",Đã có sổ,1,2,64,45,Tp Hồ Chí Minh
"434/79/76, Đường Phạm Văn Chiêu, Phường 9, Quận Gò Vấp, Tp Hồ Chí Minh",Quận Gò Vấp,Phường 9,Nhà phố liền kề,Đã có sổ,3,4,60,99,Tp Hồ Chí Minh
"Đường Trần Hưng Đạo, Phường Điện Ngọc, Thị xã Điện Bàn, Quảng Nam",,Phường Điện Ngọc,Nhà phố liền kề,Đã có sổ,,,199,14,Quảng Nam
"Đường Phố Trạm, Phường Long Biên, Quận Long Biên, Hà Nội",Quận Long Biên,Phường Long Biên,"Nhà ngõ, hẻm",Đã có sổ,5,3,38,85,Hà Nội
"Đường Đặng Văn Bi, Phường Trường Thọ, Quận Thủ Đức, Tp Hồ Chí Minh",Quận Thủ Đức,Phường Trường Thọ,"Nhà ngõ, hẻm",Đã có sổ,,,55,15,Tp Hồ Chí Minh
"Đường Xuân La, Phường Xuân Đỉnh, Quận Bắc Từ Liêm, Hà Nội",Quận Bắc Từ Liêm,Phường Xuân Đỉnh,"Nhà ngõ, hẻm",Đã có sổ,,3,55,12,Hà Nội
"Đường Triệu Việt Vương, Phường Bùi Thị Xuân, Quận Hai Bà Trưng, Hà Nội",Quận Hai Bà Trưng,Phường Bùi Thị Xuân,"Nhà mặt phố, mặt tiền",Đã có sổ,7,,50,590,Hà Nội
"Duong So 27 Khu Dan Cu Tran Anh, Xã Mỹ Hạnh Nam, Huyện Đức Hòa, Long An",Huyện Đức Hòa,Xã Mỹ Hạnh Nam,"Nhà mặt phố, mặt tiền",Đã có sổ,,,85,10,Long An
"17A, Phường 5, Thành phố Vĩnh Long, Vĩnh Long",,Phường 5,"Nhà ngõ, hẻm",Đã có sổ,,,90,9,Vĩnh Long
"Đông la, Xã Đông La, Huyện Hoài Đức, Hà Nội",Huyện Hoài Đức,Xã Đông La,"Nhà ngõ, hẻm",Đã có sổ,,,60,17,Hà Nội
"phan huy ichd, Phường 12, Quận Gò Vấp, Tp Hồ Chí Minh",Quận Gò Vấp,Phường 12,Nhà phố liền kề,Đã có sổ,3,4,42,123,Tp Hồ Chí Minh
"Đường Hoàng Tăng Bí, Phường Hòa An, Quận Cẩm Lệ, Đà Nẵng",Quận Cẩm Lệ,Phường Hòa An,Nhà phố liền kề,Đã có sổ,,,110,32,Đà Nẵng
"Đường Lê Đình Cẩn, Phường Tân Tạo, Quận Bình Tân, Tp Hồ Chí Minh",Quận Bình Tân,Phường Tân Tạo,"Nhà ngõ, hẻm",Đã có sổ,4,,1395,50,Tp Hồ Chí Minh
"Đường Nguyễn Văn Bứa, Xã Xuân Thới Sơn, Huyện Hóc Môn, Tp Hồ Chí Minh",Huyện Hóc Môn,Xã Xuân Thới Sơn,Nhà phố liền kề,Đã có sổ,1,2,32,20,Tp Hồ Chí Minh
"Đường Nguyễn Trung Trực, Phường 3, Thành phố Đà Lạt, Lâm Đồng",,Phường 3,"Nhà ngõ, hẻm",Đã có sổ,,3,98,59,Lâm Đồng
"Đường Ấp 3, Xã Quy Đức, Huyện Bình Chánh, Tp Hồ Chí Minh",Huyện Bình Chánh,Xã Quy Đức,"Nhà ngõ, hẻm",Đã có sổ,,,174,9,Tp Hồ Chí Minh
"Đường Thạnh Xuân 14, Phường Thạnh Xuân, Quận 12, Tp Hồ Chí Minh",Quận 12,Phường Thạnh Xuân,"Nhà ngõ, hẻm",Giấy tờ khác,,,53,19,Tp Hồ Chí Minh
"Đường Điện Biên Phủ, Phường Chính Gián, Quận Thanh Khê, Đà Nẵng",Quận Thanh Khê,Phường Chính Gián,"Nhà ngõ, hẻm",Giấy tờ khác,2,3,50,48,Đà Nẵng
"Đường Xa lộ Hà Nội, Phường Bình Thắng, Thị xã Dĩ An, Bình Dương",,Phường Bình Thắng,"Nhà ngõ, hẻm",Đã có sổ,,,1000,23,Bình Dương
"Đường Kim Mã, Phường Kim Mã, Quận Ba Đình, Hà Nội",Quận Ba Đình,Phường Kim Mã,"Nhà ngõ, hẻm",Đã có sổ,5,2,48,124,Hà Nội
"Số 4, Số 4 đường Bùi Cẩm Hổ, Phường Tân Thới Hòa, Quận Tân Phú, Tp Hồ Chí Minh",Quận Tân Phú,Phường Tân Thới Hòa,"Nhà ngõ, hẻm",Đang chờ sổ,,2,48,27,Tp Hồ Chí Minh
"tích phú, Xã Đại Hiệp, Huyện Đại Lộc, Quảng Nam",Huyện Đại Lộc,Xã Đại Hiệp,"Nhà ngõ, hẻm",Đã có sổ,,,100,2,Quảng Nam
"Đường D38, Phường An Phú, Thị xã Thuận An, Bình Dương",,Phường An Phú,"Nhà ngõ, hẻm",Đã có sổ,4,,57,29,Bình Dương
"99 phú định, Phường 16, Quận 8, Tp Hồ Chí Minh",Quận 8,Phường 16,"Nhà ngõ, hẻm",Đã có sổ,,,40,85,Tp Hồ Chí Minh
"Đường Nguyễn Du, Phường Bình Hòa, Thị xã Thuận An, Bình Dương",,Phường Bình Hòa,"Nhà ngõ, hẻm",Đang chờ sổ,,2,40,24,Bình Dương
"An Phú 20, Phường An Phú, Thị xã Thuận An, Bình Dương",,Phường An Phú,"Nhà ngõ, hẻm",Đã có sổ,,,70,22,Bình Dương
"Đường Nguyễn Trãi, Phường Bến Thành, Quận 1, Tp Hồ Chí Minh",Quận 1,Phường Bến Thành,"Nhà mặt phố, mặt tiền",Đã có sổ,3,,1455,689,Tp Hồ Chí Minh
"Đường Nguyễn Văn Huyên, Phường Xuân Đỉnh, Quận Bắc Từ Liêm, Hà Nội",Quận Bắc Từ Liêm,Phường Xuân Đỉnh,"Nhà mặt phố, mặt tiền",Đã có sổ,,,1455,13,Hà Nội
"Đường Phú Tức, Phường 2, Thành phố Sóc Trăng, Sóc Trăng",,Phường 2,"Nhà mặt phố, mặt tiền",Đã có sổ,,,320,2,Sóc Trăng
"Dt746, Phường Tân Phước Khánh, Thị xã Tân Uyên, Bình Dương",,Phường Tân Phước Khánh,"Nhà mặt phố, mặt tiền",Đã có sổ,,,61,31,Bình Dương
"đường só 4, Phường 26, Quận Bình Thạnh, Tp Hồ Chí Minh",Quận Bình Thạnh,Phường 26,"Nhà mặt phố, mặt tiền",Đã có sổ,,,41,160,Tp Hồ Chí Minh
"Đường Định Công, Phường Định Công, Quận Hoàng Mai, Hà Nội",Quận Hoàng Mai,Phường Định Công,"Nhà ngõ, hẻm",Đã có sổ,,3,31,79,Hà Nội
"quan nhân, Phường Nhân Chính, Quận Thanh Xuân, Hà Nội",Quận Thanh Xuân,Phường Nhân Chính,"Nhà ngõ, hẻm",Đã có sổ,3,,44,75,Hà Nội
"huỳnh tấn phát, Phường Hiệp Ninh, Thành phố Tây Ninh, Tây Ninh",,Phường Hiệp Ninh,"Nhà ngõ, hẻm",Đã có sổ,,,120,8,Tây Ninh
"Đường Phạm Văn Đồng, Phường Cổ Nhuế 2, Quận Bắc Từ Liêm, Hà Nội",Quận Bắc Từ Liêm,Phường Cổ Nhuế 2,"Nhà ngõ, hẻm",Đã có sổ,5,1,36,83,Hà Nội
"68, Đường N1, Phường Sơn Kỳ, Quận Tân Phú, Tp Hồ Chí Minh",Quận Tân Phú,Phường Sơn Kỳ,"Nhà ngõ, hẻm",Đã có sổ,,,36,100,Tp Hồ Chí Minh
"Đường Nhật Tảo, Phường Lê Bình, Quận Cái Răng, Cần Thơ",Quận Cái Răng,Phường Lê Bình,"Nhà ngõ, hẻm",Đã có sổ,,,85,7,Cần Thơ
"802 Kha Vạn Cân, Phường Linh Đông, Quận Thủ Đức, Tp Hồ Chí Minh",Quận Thủ Đức,Phường Linh Đông,"Nhà mặt phố, mặt tiền",Đã có sổ,,,110,122,Tp Hồ Chí Minh
"Đường Trần Hưng Đạo, Phường 5, thành phố Vị Thanh, Hậu Giang",,Phường 5,"Nhà mặt phố, mặt tiền",Đã có sổ,,,100,5,Hậu Giang
"Đường Nguyên Tử Lực, Phường 8, Thành phố Đà Lạt, Lâm Đồng",,Phường 8,"Nhà mặt phố, mặt tiền",Đã có sổ,6,,174,66,Lâm Đồng
"Đường Lạc Long Quân, Phường Nghĩa Đô, Quận Cầu Giấy, Hà Nội",Quận Cầu Giấy,Phường Nghĩa Đô,"Nhà ngõ, hẻm",Đã có sổ,4,4,50,57,Hà Nội
"Đường Long Thuận, Phường Trường Thạnh, Quận 9, Tp Hồ Chí Minh",Quận 9,Phường Trường Thạnh,"Nhà ngõ, hẻm",Đã có sổ,,,63,42,Tp Hồ Chí Minh
"Đường Tô Ngọc Vân, Phường Linh Đông, Quận Thủ Đức, Tp Hồ Chí Minh",Quận Thủ Đức,Phường Linh Đông,"Nhà ngõ, hẻm",Đã có sổ,,,70,56,Tp Hồ Chí Minh
"29/4k6, Đường Phạm Văn Chiêu, Phường 14, Quận Gò Vấp, Tp Hồ Chí Minh",Quận Gò Vấp,Phường 14,"Nhà ngõ, hẻm",Đã có sổ,1,,27,140,Tp Hồ Chí Minh
"Đường Nguyễn Văn Linh, Phường Long Tuyền, Quận Bình Thuỷ, Cần Thơ",Quận Bình Thuỷ,Phường Long Tuyền,"Nhà mặt phố, mặt tiền",Đã có sổ,,1,71,22,Cần Thơ
"Đường Số 10, Phường Hiệp Bình Phước, Quận Thủ Đức, Tp Hồ Chí Minh",Quận Thủ Đức,Phường Hiệp Bình Phước,"Nhà ngõ, hẻm",Đã có sổ,2,3,70,64,Tp Hồ Chí Minh
"bình nhâm 23, Phường Bình Nhâm, Thị xã Thuận An, Bình Dương",,Phường Bình Nhâm,"Nhà ngõ, hẻm",Đã có sổ,,,84,20,Bình Dương
"Đường Xuân Thới Thượng 18, Xã Xuân Thới Thượng, Huyện Hóc Môn, Tp Hồ Chí Minh",Huyện Hóc Môn,Xã Xuân Thới Thượng,"Nhà ngõ, hẻm",Đã có sổ,,,80,10,Tp Hồ Chí Minh
"Đường Số 8, Phường 11, Quận Gò Vấp, Tp Hồ Chí Minh",Quận Gò Vấp,Phường 11,"Nhà ngõ, hẻm",Đã có sổ,2,,5175,113,Tp Hồ Chí Minh
"Đường Nguyễn Duy Trinh, Phường Bình Trưng Tây, Quận 2, Tp Hồ Chí Minh",Quận 2,Phường Bình Trưng Tây,"Nhà mặt phố, mặt tiền",Đã có sổ,,,65,10,Tp Hồ Chí Minh
"Đường Hoàng Hoa Thám, Phường 7, Quận Bình Thạnh, Tp Hồ Chí Minh",Quận Bình Thạnh,Phường 7,"Nhà mặt phố, mặt tiền",Đã có sổ,5,,70,102,Tp Hồ Chí Minh
"Đường Tư Đình, Phường Long Biên, Quận Long Biên, Hà Nội",Quận Long Biên,Phường Long Biên,"Nhà mặt phố, mặt tiền",Đã có sổ,4,1,40,68,Hà Nội
"Đường Nguyễn Thị Định, Phường Trung Hoà, Quận Cầu Giấy, Hà Nội",Quận Cầu Giấy,Phường Trung Hoà,Nhà phố liền kề,Đã có sổ,,2,50,139,Hà Nội
"Đường Đức Giang, Phường Đức Giang, Quận Long Biên, Hà Nội",Quận Long Biên,Phường Đức Giang,"Nhà ngõ, hẻm",Đã có sổ,5,1,40,95,Hà Nội
"tích phú, Xã Đại Hiệp, Huyện Đại Lộc, Quảng Nam",Huyện Đại Lộc,Xã Đại Hiệp,"Nhà ngõ, hẻm",Đã có sổ,,,100,2,Quảng Nam
"Đường Tân Triều, Xã Tân Triều, Huyện Thanh Trì, Hà Nội",Huyện Thanh Trì,Xã Tân Triều,"Nhà ngõ, hẻm",Đã có sổ,,,33,54,Hà Nội
"K141 H10/12, Đường Tiểu La, Phường Hòa Cường Bắc, Quận Hải Châu, Đà Nẵng",Quận Hải Châu,Phường Hòa Cường Bắc,"Nhà ngõ, hẻm",Đã có sổ,,,105,43,Đà Nẵng
"Đường 835, Xã Bình Chánh, Huyện Bình Chánh, Tp Hồ Chí Minh",Huyện Bình Chánh,Xã Bình Chánh,"Nhà ngõ, hẻm",Đã có sổ,,,90,10,Tp Hồ Chí Minh
"487/41, Đường Huỳnh Tấn Phát, Phường Tân Thuận Đông, Quận 7, Tp Hồ Chí Minh",Quận 7,Phường Tân Thuận Đông,"Nhà ngõ, hẻm",Đã có sổ,,,18,53,Tp Hồ Chí Minh
"Tháp Bà, Phường Vĩnh Thọ, Thành phố Nha Trang, Khánh Hòa",,Phường Vĩnh Thọ,"Nhà ngõ, hẻm",Đã có sổ,,2,41,28,Khánh Hòa
"Đường Trần Quang Diệu, Phường 14, Quận 3, Tp Hồ Chí Minh",Quận 3,Phường 14,Nhà biệt thự,Đã có sổ,2,2,40,112,Tp Hồ Chí Minh
"180, Đường Bùi Văn Ba, Phường Tân Thuận Đông, Quận 7, Tp Hồ Chí Minh",Quận 7,Phường Tân Thuận Đông,"Nhà ngõ, hẻm",Đã có sổ,2,,94,25,Tp Hồ Chí Minh
"Đường Nguyễn Thị Ly, Xã Xuân Thới Sơn, Huyện Hóc Môn, Tp Hồ Chí Minh",Huyện Hóc Môn,Xã Xuân Thới Sơn,"Nhà ngõ, hẻm",Đã có sổ,,,175,23,Tp Hồ Chí Minh
"Đường Hoàng Hữu Nam, Phường Long Thạnh Mỹ, Quận 9, Tp Hồ Chí Minh",Quận 9,Phường Long Thạnh Mỹ,"Nhà ngõ, hẻm",Đã có sổ,,,516,70,Tp Hồ Chí Minh
"Đường Dương Lâm, Phường Nại Hiên Đông, Quận Sơn Trà, Đà Nẵng",Quận Sơn Trà,Phường Nại Hiên Đông,"Nhà ngõ, hẻm",Đã có sổ,,,1000,25,Đà Nẵng
"Đường Lạc Long Quân, Phường Bưởi, Quận Tây Hồ, Hà Nội",Quận Tây Hồ,Phường Bưởi,"Nhà ngõ, hẻm",Đã có sổ,5,1,35,101,Hà Nội
"Đường Lương Khánh Thiện, Phường Tân Mai, Quận Hoàng Mai, Hà Nội",Quận Hoàng Mai,Phường Tân Mai,"Nhà ngõ, hẻm",Đã có sổ,7,1,300,16,Hà Nội
"Đường Cách Mạng Tháng Tám, Phường An Thới, Quận Bình Thuỷ, Cần Thơ",Quận Bình Thuỷ,Phường An Thới,"Nhà mặt phố, mặt tiền",Đã có sổ,4,14,129,193,Cần Thơ
"đường Minh Khai, Phường Minh Khai, Quận Hai Bà Trưng, Hà Nội",Quận Hai Bà Trưng,Phường Minh Khai,"Nhà ngõ, hẻm",Đã có sổ,5,1,30,106,Hà Nội
"đường 3, Xã Tân Tiến, Huyện An Dương, Hải Phòng",Huyện An Dương,Xã Tân Tiến,"Nhà ngõ, hẻm",Đã có sổ,,,100,8,Hải Phòng
"Đường Bùi Xương Trạch, Phường Khương Trung, Quận Thanh Xuân, Hà Nội",Quận Thanh Xuân,Phường Khương Trung,"Nhà ngõ, hẻm",Đã có sổ,3,,63,63,Hà Nội
"Đường Hồ Bá Phấn, Phường Phước Long A, Quận 9, Tp Hồ Chí Minh",Quận 9,Phường Phước Long A,"Nhà ngõ, hẻm",Đã có sổ,2,4,60,108,Tp Hồ Chí Minh
"Đường Lê Văn Tâm, Phường Khuê Mỹ, Quận Ngũ Hành Sơn, Đà Nẵng",Quận Ngũ Hành Sơn,Phường Khuê Mỹ,"Nhà mặt phố, mặt tiền",Đã có sổ,3,,90,53,Đà Nẵng
"Đường Vạn Xuân, Phường Tân Thành, Thành phố Buôn Ma Thuột, Đắk Lắk",,Phường Tân Thành,"Nhà mặt phố, mặt tiền",Đã có sổ,4,2,70,23,Đắk Lắk
"tây sơn, Phường Tân Thành, Thành phố Buôn Ma Thuột, Đắk Lắk",,Phường Tân Thành,"Nhà ngõ, hẻm",Đã có sổ,,2,102,15,Đắk Lắk
"D7 TIỂU DỰ ÁN NHI ĐỒNG, Đường Nguyễn Văn Cừ, Phường Bình Thủy, Quận Bình Thuỷ, Cần Thơ",Quận Bình Thuỷ,Phường Bình Thủy,"Nhà ngõ, hẻm",Đang chờ sổ,,,56,26,Cần Thơ
"K141 H10/12, Đường Tiểu La, Phường Hòa Cường Bắc, Quận Hải Châu, Đà Nẵng",Quận Hải Châu,Phường Hòa Cường Bắc,"Nhà ngõ, hẻm",Đã có sổ,,,105,43,Đà Nẵng
"Đường Thành Thái, Phường Dịch Vọng, Quận Cầu Giấy, Hà Nội",Quận Cầu Giấy,Phường Dịch Vọng,"Nhà ngõ, hẻm",Đã có sổ,,2,105,30,Hà Nội
"Quốc lộ 13, Phường Lái Thiêu, Thị xã Thuận An, Bình Dương",,Phường Lái Thiêu,"Nhà ngõ, hẻm",Giấy tờ khác,,,105,32,Bình Dương
"Đường Võ Thị Sáu, Phường Tân Phước Khánh, Thị xã Tân Uyên, Bình Dương",,Phường Tân Phước Khánh,"Nhà mặt phố, mặt tiền",Đã có sổ,4,,100,9,Bình Dương
"Đường Nguyễn Văn Tỏ, Phường Long Bình Tân, Thành phố Biên Hòa, Đồng Nai",,Phường Long Bình Tân,"Nhà ngõ, hẻm",Đã có sổ,,2,40,22,Đồng Nai
"Đường Nguyễn Khang, Phường Trung Hoà, Quận Cầu Giấy, Hà Nội",Quận Cầu Giấy,Phường Trung Hoà,"Nhà ngõ, hẻm",Đã có sổ,5,,35,174,Hà Nội
"Đường Phước Long, Phường Phước Long, Thành phố Nha Trang, Khánh Hòa",,Phường Phước Long,"Nhà ngõ, hẻm",Đã có sổ,1,,1144,27,Khánh Hòa
"Đường Ngọc Lâm, Phường Ngọc Lâm, Quận Long Biên, Hà Nội",Quận Long Biên,Phường Ngọc Lâm,"Nhà ngõ, hẻm",Đã có sổ,3,3,53,63,Hà Nội
"Đường Tân Lập 2, Phường Hiệp Phú, Quận 9, Tp Hồ Chí Minh",Quận 9,Phường Hiệp Phú,"Nhà mặt phố, mặt tiền",Đã có sổ,2,4,60,30,Tp Hồ Chí Minh
"Đường Quán Khái, Phường Hoà Hải, Quận Ngũ Hành Sơn, Đà Nẵng",Quận Ngũ Hành Sơn,Phường Hoà Hải,"Nhà mặt phố, mặt tiền",Đã có sổ,,,138,21,Đà Nẵng
"Đường Vân Canh, Xã Vân Canh, Huyện Hoài Đức, Hà Nội",Huyện Hoài Đức,Xã Vân Canh,"Nhà ngõ, hẻm",Đã có sổ,4,3,32,56,Hà Nội
"523A, 523A Đường Đỗ Xuân Hợp, Phường Phước Long B, Quận 9, Tp Hồ Chí Minh",Quận 9,Phường Phước Long B,"Nhà ngõ, hẻm",Đã có sổ,,2,32,34,Tp Hồ Chí Minh
"372, Đường Nguyễn Văn Linh, Phường Hòa Thuận Đông, Quận Hải Châu, Đà Nẵng",Quận Hải Châu,Phường Hòa Thuận Đông,"Nhà ngõ, hẻm",Đã có sổ,,,100,59,Đà Nẵng
"Đường Phúc Lợi, Phường Phúc Lợi, Quận Long Biên, Hà Nội",Quận Long Biên,Phường Phúc Lợi,"Nhà mặt phố, mặt tiền",Đã có sổ,5,,34,63,Hà Nội
"20, Phước Hưng, Xã Phước Lâm, Huyện Cần Giuộc, Long An",Huyện Cần Giuộc,Xã Phước Lâm,"Nhà mặt phố, mặt tiền",Đã có sổ,,,81,5,Long An
"Đường Hoàng Quốc Việt, Phường Nghĩa Đô, Quận Cầu Giấy, Hà Nội",Quận Cầu Giấy,Phường Nghĩa Đô,"Nhà ngõ, hẻm",Đã có sổ,6,,46,226,Hà Nội
"Đường Trần Hưng Đạo, Phường Cầu Kho, Quận 1, Tp Hồ Chí Minh",Quận 1,Phường Cầu Kho,"Nhà ngõ, hẻm",Đã có sổ,3,3,30,260,Tp Hồ Chí Minh
"TMT 05, Phường Trung Mỹ Tây, Quận 12, Tp Hồ Chí Minh",Quận 12,Phường Trung Mỹ Tây,"Nhà mặt phố, mặt tiền",Đã có sổ,4,,878,64,Tp Hồ Chí Minh
"Đường Bưng Ông Thoàn, Phường Phú Hữu, Quận 9, Tp Hồ Chí Minh",Quận 9,Phường Phú Hữu,"Nhà mặt phố, mặt tiền",Đã có sổ,,,60,49,Tp Hồ Chí Minh
"Đường 7B, Phường Mỹ Phước, Thị xã Bến Cát, Bình Dương",,Phường Mỹ Phước,Nhà phố liền kề,Đã có sổ,,,78,12,Bình Dương
"Đường Nguyễn Văn Tuôi, Thị trấn Bến Lức, Huyện Bến Lức, Long An",Huyện Bến Lức,,"Nhà mặt phố, mặt tiền",Đã có sổ,4,,70,12,Long An
"Đường Nguyễn Oanh, Phường 17, Quận Gò Vấp, Tp Hồ Chí Minh",Quận Gò Vấp,Phường 17,"Nhà mặt phố, mặt tiền",Đã có sổ,3,4,75,61,Tp Hồ Chí Minh
"Gò Lăng 5, Xã Hòa Nhơn, Huyện Hòa Vang, Đà Nẵng",Huyện Hòa Vang,Xã Hòa Nhơn,"Nhà mặt phố, mặt tiền",Đã có sổ,,,150,10,Đà Nẵng
"Bãi Dài, Xã Tiến Xuân, Huyện Thạch Thất, Hà Nội",Huyện Thạch Thất,Xã Tiến Xuân,"Nhà mặt phố, mặt tiền",Đã có sổ,,,75,14,Hà Nội
"Đường Lý Chiêu Hoàng, Phường 10, Quận 6, Tp Hồ Chí Minh",Quận 6,Phường 10,"Nhà ngõ, hẻm",Đã có sổ,,,22,102,Tp Hồ Chí Minh
"Đường Võ Văn Kiệt, Phường Thuỷ Xuân, Thành phố Huế, Thừa Thiên Huế",,Phường Thuỷ Xuân,"Nhà ngõ, hẻm",Đã có sổ,,,100,15,Thừa Thiên Huế
"phố bạch mai, Phường Bạch Mai, Quận Hai Bà Trưng, Hà Nội",Quận Hai Bà Trưng,Phường Bạch Mai,"Nhà mặt phố, mặt tiền",Đã có sổ,5,1,31,103,Hà Nội
"Đường La Thành, Phường Ngọc Khánh, Quận Ba Đình, Hà Nội",Quận Ba Đình,Phường Ngọc Khánh,"Nhà ngõ, hẻm",Đã có sổ,5,1,42,114,Hà Nội
"Đường Đồng Văn Cống, Phường An Thới, Quận Bình Thuỷ, Cần Thơ",Quận Bình Thuỷ,Phường An Thới,"Nhà ngõ, hẻm",Đã có sổ,,,49,25,Cần Thơ
"Đường Cầu Xây 2, Phường Tân Phú, Quận 9, Tp Hồ Chí Minh",Quận 9,Phường Tân Phú,"Nhà ngõ, hẻm",Đã có sổ,,,301,49,Tp Hồ Chí Minh
"Đường Mimosa, Phường 10, Thành phố Đà Lạt, Lâm Đồng",,Phường 10,"Nhà ngõ, hẻm",Đã có sổ,,,100,3,Lâm Đồng
"Đường Trần Nhật Duật, Phường Đông Vĩnh, Thành phố Vinh, Nghệ An",,Phường Đông Vĩnh,"Nhà ngõ, hẻm",Đã có sổ,,,65,11,Nghệ An
"Đường Quốc Lộ 14B, Xã Đại Hiệp, Huyện Đại Lộc, Quảng Nam",Huyện Đại Lộc,Xã Đại Hiệp,"Nhà ngõ, hẻm",Đã có sổ,,,125,2,Quảng Nam
"Đường Quốc Lộ 414, Xã Yên Bài, Huyện Ba Vì, Hà Nội",Huyện Ba Vì,Xã Yên Bài,"Nhà ngõ, hẻm",Đã có sổ,,,290,13,Hà Nội
"K20, Phường Hoà Hải, Quận Ngũ Hành Sơn, Đà Nẵng",Quận Ngũ Hành Sơn,Phường Hoà Hải,"Nhà mặt phố, mặt tiền",Đã có sổ,,,86,39,Đà Nẵng
"Đường Nguyễn Cửu Phú, Phường Tân Tạo A, Quận Bình Tân, Tp Hồ Chí Minh",Quận Bình Tân,Phường Tân Tạo A,"Nhà mặt phố, mặt tiền",Đã có sổ,2,3,90,55,Tp Hồ Chí Minh
"Đường Hoàng Hữu Nam, Phường Long Thạnh Mỹ, Quận 9, Tp Hồ Chí Minh",Quận 9,Phường Long Thạnh Mỹ,"Nhà ngõ, hẻm",Đã có sổ,1,,55,13,Tp Hồ Chí Minh
"đường thịnh hào, Phường Hàng Bột, Quận Đống Đa, Hà Nội",Quận Đống Đa,Phường Hàng Bột,"Nhà ngõ, hẻm",Đã có sổ,4,1,20,95,Hà Nội
"Đường Tỉnh Lộ 10, Phường Tân Tạo A, Quận Bình Tân, Tp Hồ Chí Minh",Quận Bình Tân,Phường Tân Tạo A,"Nhà ngõ, hẻm",Đã có sổ,,,92,32,Tp Hồ Chí Minh
"Đường Số 38, Phường Bình Trị Đông B, Quận Bình Tân, Tp Hồ Chí Minh",Quận Bình Tân,Phường Bình Trị Đông B,"Nhà mặt phố, mặt tiền",Đã có sổ,4,,64,82,Tp Hồ Chí Minh
"22/4/20, Đường Số 21, Phường 8, Quận Gò Vấp, Tp Hồ Chí Minh",Quận Gò Vấp,Phường 8,"Nhà ngõ, hẻm",Đã có sổ,,,46,81,Tp Hồ Chí Minh
"102/42, đường 3/2, Phường Hưng Lợi, Quận Ninh Kiều, Cần Thơ",Quận Ninh Kiều,Phường Hưng Lợi,"Nhà ngõ, hẻm",Đã có sổ,,,1237,24,Cần Thơ
"Đường Cây Dương, Xã Đức Hòa Hạ, Huyện Đức Hòa, Long An",Huyện Đức Hòa,Xã Đức Hòa Hạ,"Nhà ngõ, hẻm",Đang chờ sổ,,2,28,16,Long An
"Một Phần 273/1, Đường Tân Hòa Đông, Phường Bình Trị Đông, Quận Bình Tân, Tp Hồ Chí Minh",Quận Bình Tân,Phường Bình Trị Đông,"Nhà ngõ, hẻm",Đã có sổ,4,,58,70,Tp Hồ Chí Minh
"Đường Nguyễn Văn Khối||7124, Phường 8, Quận Gò Vấp, Tp Hồ Chí Minh",Quận Gò Vấp,Phường 8,Nhà phố liền kề,Đã có sổ,3,4,54,90,Tp Hồ Chí Minh
"Đường Số 2, Phường Trường Thọ, Quận Thủ Đức, Tp Hồ Chí Minh",Quận Thủ Đức,Phường Trường Thọ,"Nhà mặt phố, mặt tiền",Đã có sổ,,,70,9,Tp Hồ Chí Minh
"Tỉnh Lộ 4, Xã Quảng Lợi, Huyện Quảng Điền, Thừa Thiên Huế",Huyện Quảng Điền,Xã Quảng Lợi,"Nhà mặt phố, mặt tiền",Đã có sổ,,,200,3,Thừa Thiên Huế
"Đường Đào Tấn, Phường Ngọc Khánh, Quận Ba Đình, Hà Nội",Quận Ba Đình,Phường Ngọc Khánh,"Nhà ngõ, hẻm",Đã có sổ,3,2,50,53,Hà Nội
"Đường Đại Mỗ, Phường Đại Mỗ, Quận Nam Từ Liêm, Hà Nội",Quận Nam Từ Liêm,Phường Đại Mỗ,"Nhà mặt phố, mặt tiền",Đã có sổ,5,1,35,82,Hà Nội
"Đường Số 10, Phường Bình Hưng Hoà B, Quận Bình Tân, Tp Hồ Chí Minh",Quận Bình Tân,Phường Bình Hưng Hoà B,"Nhà ngõ, hẻm",Đã có sổ,3,6,80,53,Tp Hồ Chí Minh
"Đường Bình Nhâm 88, Phường Bình Nhâm, Thị xã Thuận An, Bình Dương",,Phường Bình Nhâm,"Nhà ngõ, hẻm",Đã có sổ,,,137,23,Bình Dương
"Đường Đỗ Xuân Hợp, Phường Phước Long B, Quận 9, Tp Hồ Chí Minh",Quận 9,Phường Phước Long B,"Nhà ngõ, hẻm",Đã có sổ,,2,56,15,Tp Hồ Chí Minh
"đường Trương định, Phường Trương Định, Quận Hai Bà Trưng, Hà Nội",Quận Hai Bà Trưng,Phường Trương Định,"Nhà mặt phố, mặt tiền",Đã có sổ,5,1,29,114,Hà Nội
"Đường Phạm Văn Chiêu, Phường 14, Quận Gò Vấp, Tp Hồ Chí Minh",Quận Gò Vấp,Phường 14,"Nhà mặt phố, mặt tiền",Đã có sổ,2,,40,92,Tp Hồ Chí Minh
"Quốc Lộ 91c, Thị trấn Mái Dầm, Huyện Châu Thành, Hậu Giang",Huyện Châu Thành,,"Nhà mặt phố, mặt tiền",Đã có sổ,,,80,8,Hậu Giang
"Số 207, Số 207 Đường Nguyễn Xí, Phường 26, Quận Bình Thạnh, Tp Hồ Chí Minh",Quận Bình Thạnh,Phường 26,"Nhà mặt phố, mặt tiền",Đã có sổ,,2,80,45,Tp Hồ Chí Minh
"Đường 490||9155, Xã Phạm Văn Cội, Huyện Củ Chi, Tp Hồ Chí Minh",Huyện Củ Chi,Xã Phạm Văn Cội,"Nhà mặt phố, mặt tiền",Đã có sổ,,,256,5,Tp Hồ Chí Minh
"Khu Phố Bình Hòa, Phường Lái Thiêu, Thị xã Thuận An, Bình Dương",,Phường Lái Thiêu,"Nhà mặt phố, mặt tiền",Đã có sổ,1,,70,85,Bình Dương
"Đường D1, Thị trấn Lai Uyên, Huyện Bàu Bàng, Bình Dương",Huyện Bàu Bàng,,"Nhà mặt phố, mặt tiền",Đã có sổ,,,200,2,Bình Dương
"Đường Huỳnh Thị Hai, Phường Tân Chánh Hiệp, Quận 12, Tp Hồ Chí Minh",Quận 12,Phường Tân Chánh Hiệp,"Nhà ngõ, hẻm",Đã có sổ,3,4,40,87,Tp Hồ Chí Minh
"Đường Mã Lò, Phường Bình Hưng Hoà A, Quận Bình Tân, Tp Hồ Chí Minh",Quận Bình Tân,Phường Bình Hưng Hoà A,"Nhà ngõ, hẻm",Đã có sổ,,,65,53,Tp Hồ Chí Minh
"Đường Trần Hưng Đạo, Phường 5, thành phố Vị Thanh, Hậu Giang",,Phường 5,"Nhà ngõ, hẻm",Đã có sổ,,,100,5,Hậu Giang
"Đường 824, Xã Mỹ Hạnh Nam, Huyện Đức Hòa, Long An",Huyện Đức Hòa,Xã Mỹ Hạnh Nam,Nhà biệt thự,Đang chờ sổ,2,4,90,26,Long An
"Luỹ Bán Bích, Phường 8, Quận Tân Bình, Tp Hồ Chí Minh",Quận Tân Bình,Phường 8,"Nhà ngõ, hẻm",Đã có sổ,,,1626,100,Tp Hồ Chí Minh
"Đường Hà Văn Lao||9327, Thị trấn Củ Chi, Huyện Củ Chi, Tp Hồ Chí Minh",Huyện Củ Chi,,"Nhà ngõ, hẻm",Đã có sổ,,,273,14,Tp Hồ Chí Minh
"Đường Bến Than, Xã Tân Thạnh Đông, Huyện Củ Chi, Tp Hồ Chí Minh",Huyện Củ Chi,Xã Tân Thạnh Đông,"Nhà ngõ, hẻm",Đã có sổ,,,132,10,Tp Hồ Chí Minh
"Nguyễn Trọng Quyền, Xã Trung Thạnh, Huyện Cờ Đỏ, Cần Thơ",Huyện Cờ Đỏ,Xã Trung Thạnh,"Nhà ngõ, hẻm",Đã có sổ,,,1000,3,Cần Thơ
"825, đường hương lộ 11, Xã Hưng Long, Huyện Bình Chánh, Tp Hồ Chí Minh",Huyện Bình Chánh,Xã Hưng Long,"Nhà ngõ, hẻm",Đã có sổ,,,32,18,Tp Hồ Chí Minh
"12, Đường Tỉnh Lộ 768, Phường Trảng Dài, Thành phố Biên Hòa, Đồng Nai",,Phường Trảng Dài,"Nhà mặt phố, mặt tiền",Giấy tờ khác,1,3,82,20,Đồng Nai
"Đường Lê Văn Hiến, Phường Hoà Hải, Quận Ngũ Hành Sơn, Đà Nẵng",Quận Ngũ Hành Sơn,Phường Hoà Hải,"Nhà mặt phố, mặt tiền",Đã có sổ,,,160,16,Đà Nẵng
"251/13A, Đường 251, Xã Tân Thạnh Đông, Huyện Củ Chi, Tp Hồ Chí Minh",Huyện Củ Chi,Xã Tân Thạnh Đông,"Nhà mặt phố, mặt tiền",Đã có sổ,1,2,340,12,Tp Hồ Chí Minh
"Đường Trưng Trắc B, Phường Hiệp Bình Chánh, Quận Thủ Đức, Tp Hồ Chí Minh",Quận Thủ Đức,Phường Hiệp Bình Chánh,"Nhà mặt phố, mặt tiền",Đã có sổ,,,100,122,Tp Hồ Chí Minh
"Đường Tố Hữu, Phường Dương Nội, Quận Hà Đông, Hà Nội",Quận Hà Đông,Phường Dương Nội,Nhà phố liền kề,Đã có sổ,4,,825,91,Hà Nội
"Đường ĐT 943, Thị trấn Núi Sập, Huyện Thoại Sơn, An Giang",Huyện Thoại Sơn,,Nhà phố liền kề,Đã có sổ,,,75,8,An Giang
"109/43, Huỳnh Thị Hai, Phường Tân Chánh Hiệp, Quận 12, Tp Hồ Chí Minh",Quận 12,Phường Tân Chánh Hiệp,"Nhà ngõ, hẻm",Đã có sổ,1,,634,52,Tp Hồ Chí Minh
"Đường D38, Phường An Phú, Thị xã Thuận An, Bình Dương",,Phường An Phú,"Nhà mặt phố, mặt tiền",Đã có sổ,,,57,29,Bình Dương
"thống nhất, Phường 16, Quận Gò Vấp, Tp Hồ Chí Minh",Quận Gò Vấp,Phường 16,"Nhà ngõ, hẻm",Đã có sổ,,,42,75,Tp Hồ Chí Minh
"Đường Cù Chính Lan, Phường Hòa Khê, Quận Thanh Khê, Đà Nẵng",Quận Thanh Khê,Phường Hòa Khê,"Nhà mặt phố, mặt tiền",Đã có sổ,3,2,78,87,Đà Nẵng
"Đường Phạm Nhữ Tăng, Phường An Mỹ, Thành phố Tam Kỳ, Quảng Nam",,Phường An Mỹ,"Nhà mặt phố, mặt tiền",Đã có sổ,,,88,18,Quảng Nam
"Đường Lê Văn Thọ, Phường 8, Quận Gò Vấp, Tp Hồ Chí Minh",Quận Gò Vấp,Phường 8,"Nhà mặt phố, mặt tiền",Đã có sổ,3,,58,108,Tp Hồ Chí Minh
"Đường Quốc Lộ 50, Phường 11, Quận 8, Tp Hồ Chí Minh",Quận 8,Phường 11,"Nhà mặt phố, mặt tiền",Đã có sổ,1,3,85,17,Tp Hồ Chí Minh
"Đường Phú Lãm, Phường Phú Lãm, Quận Hà Đông, Hà Nội",Quận Hà Đông,Phường Phú Lãm,"Nhà ngõ, hẻm",Đã có sổ,4,3,50,34,Hà Nội
"Đường Nguyễn Chí Thanh, Phường Tân An, Thành phố Buôn Ma Thuột, Đắk Lắk",,Phường Tân An,"Nhà mặt phố, mặt tiền",Đã có sổ,,,60,48,Đắk Lắk
"Đường Quốc Lộ 51, Xã Phước Thái, Huyện Long Thành, Đồng Nai",Huyện Long Thành,Xã Phước Thái,"Nhà mặt phố, mặt tiền",Đã có sổ,,,100,13,Đồng Nai
"đường số 18, Phường 5, Thành phố Vĩnh Long, Vĩnh Long",,Phường 5,"Nhà mặt phố, mặt tiền",Đã có sổ,,,90,9,Vĩnh Long
"D7 TIỂU DỰ ÁN NHI ĐỒNG, Đường Nguyễn Văn Cừ, Phường Bình Thủy, Quận Bình Thuỷ, Cần Thơ",Quận Bình Thuỷ,Phường Bình Thủy,"Nhà mặt phố, mặt tiền",Đang chờ sổ,,,56,26,Cần Thơ
"Đường Nguyễn Văn Cừ, Phường An Hòa, Quận Ninh Kiều, Cần Thơ",Quận Ninh Kiều,Phường An Hòa,"Nhà ngõ, hẻm",Đã có sổ,2,4,85,55,Cần Thơ
"Đường 15B, Phường Phú Mỹ, Quận 7, Tp Hồ Chí Minh",Quận 7,Phường Phú Mỹ,"Nhà ngõ, hẻm",Đã có sổ,,3,85,15,Tp Hồ Chí Minh
"Việt hưng, Phường Việt Hưng, Quận Long Biên, Hà Nội",Quận Long Biên,Phường Việt Hưng,"Nhà mặt phố, mặt tiền",Đã có sổ,,,75,30,Hà Nội
"03, Hoài An 21 và 23, Phường Hòa An, Quận Cẩm Lệ, Đà Nẵng",Quận Cẩm Lệ,Phường Hòa An,"Nhà mặt phố, mặt tiền",Đã có sổ,,,100,24,Đà Nẵng
"Đường Nguyễn Thái Học, Phường Trảng Dài, Thành phố Biên Hòa, Đồng Nai",,Phường Trảng Dài,"Nhà ngõ, hẻm",Giấy tờ khác,,,120,8,Đồng Nai
"Đường Bưng Ông Thoàn, Phường Phú Hữu, Quận 9, Tp Hồ Chí Minh",Quận 9,Phường Phú Hữu,"Nhà ngõ, hẻm",Đã có sổ,,,58,50,Tp Hồ Chí Minh
"lý nam đế, Phường Khai Quang, Thành phố Vĩnh Yên, Vĩnh Phúc",,Phường Khai Quang,"Nhà ngõ, hẻm",Đã có sổ,,,200,18,Vĩnh Phúc
"Đường Lê Thị Riêng, Phường Thới An, Quận 12, Tp Hồ Chí Minh",Quận 12,Phường Thới An,"Nhà ngõ, hẻm",Đã có sổ,1,2,18,72,Tp Hồ Chí Minh
"B05, Đường Lê Thiện Tri, Phường Hoà Hải, Quận Ngũ Hành Sơn, Đà Nẵng",Quận Ngũ Hành Sơn,Phường Hoà Hải,"Nhà ngõ, hẻm",Đã có sổ,,,113,25,Đà Nẵng
"Bãi Dài, Xã Tiến Xuân, Huyện Thạch Thất, Hà Nội",Huyện Thạch Thất,Xã Tiến Xuân,"Nhà ngõ, hẻm",Đã có sổ,,,100,12,Hà Nội
"Đường Bùi Hữu Nghĩa, Phường Long Tuyền, Quận Bình Thuỷ, Cần Thơ",Quận Bình Thuỷ,Phường Long Tuyền,"Nhà ngõ, hẻm",Đã có sổ,,,53,4,Cần Thơ
"Đường Hiệp Bình, Phường Hiệp Bình Phước, Quận Thủ Đức, Tp Hồ Chí Minh",Quận Thủ Đức,Phường Hiệp Bình Phước,"Nhà ngõ, hẻm",Đã có sổ,2,4,50,114,Tp Hồ Chí Minh
"Đường Ấp Chiến Lược, Phường Bình Hưng Hoà A, Quận Bình Tân, Tp Hồ Chí Minh",Quận Bình Tân,Phường Bình Hưng Hoà A,"Nhà ngõ, hẻm",Đã có sổ,,,40,66,Tp Hồ Chí Minh
"Đường Lê Hữu Tựu, Xã Nguyên Khê, Huyện Đông Anh, Hà Nội",Huyện Đông Anh,Xã Nguyên Khê,"Nhà ngõ, hẻm",Đã có sổ,,,270,31,Hà Nội
"ngô thế lân, Phường Hòa An, Quận Cẩm Lệ, Đà Nẵng",Quận Cẩm Lệ,Phường Hòa An,"Nhà mặt phố, mặt tiền",Đã có sổ,4,,1135,26,Đà Nẵng
"Đường 32, Phường Phú Diễn, Quận Bắc Từ Liêm, Hà Nội",Quận Bắc Từ Liêm,Phường Phú Diễn,"Nhà mặt phố, mặt tiền",Đã có sổ,5,2,40,137,Hà Nội
"Đường Cả Cường, Xã Hưng Long, Huyện Bình Chánh, Tp Hồ Chí Minh",Huyện Bình Chánh,Xã Hưng Long,"Nhà mặt phố, mặt tiền",Đã có sổ,,,280,6,Tp Hồ Chí Minh
"18, Đường Hùng Vương, Phường Mỹ Phước, Thị xã Bến Cát, Bình Dương",,Phường Mỹ Phước,"Nhà mặt phố, mặt tiền",Đã có sổ,,,90,8,Bình Dương
"Một Phần 273/1, Đường Tân Hòa Đông, Phường Bình Trị Đông, Quận Bình Tân, Tp Hồ Chí Minh",Quận Bình Tân,Phường Bình Trị Đông,"Nhà ngõ, hẻm",Đã có sổ,4,,58,70,Tp Hồ Chí Minh
"HẺM 150, Đường Nguyễn Thông, Phường An Thới, Quận Bình Thuỷ, Cần Thơ",Quận Bình Thuỷ,Phường An Thới,"Nhà mặt phố, mặt tiền",Đã có sổ,,,64,19,Cần Thơ
"Dt741, Phường Chánh Phú Hòa, Thị xã Bến Cát, Bình Dương",,Phường Chánh Phú Hòa,"Nhà mặt phố, mặt tiền",Đã có sổ,,,70,6,Bình Dương
"Đường Giảng Võ, Phường Giảng Võ, Quận Ba Đình, Hà Nội",Quận Ba Đình,Phường Giảng Võ,"Nhà mặt phố, mặt tiền",Đã có sổ,6,,100,285,Hà Nội
"Đường Tỉnh lộ 15, Xã Tân Thạnh Đông, Huyện Củ Chi, Tp Hồ Chí Minh",Huyện Củ Chi,Xã Tân Thạnh Đông,"Nhà mặt phố, mặt tiền",Đã có sổ,,,190,30,Tp Hồ Chí Minh
"Đường Huỳnh Tấn Phát, Xã Phú Xuân, Huyện Nhà Bè, Tp Hồ Chí Minh",Huyện Nhà Bè,Xã Phú Xuân,"Nhà ngõ, hẻm",Đã có sổ,1,3,69,42,Tp Hồ Chí Minh
"2E, Đường Trương Phước Phan, Phường Bình Trị Đông, Quận Bình Tân, Tp Hồ Chí Minh",Quận Bình Tân,Phường Bình Trị Đông,"Nhà mặt phố, mặt tiền",Đã có sổ,3,,62,190,Tp Hồ Chí Minh
"Đường 19/5, Phường Văn Quán, Quận Hà Đông, Hà Nội",Quận Hà Đông,Phường Văn Quán,Nhà phố liền kề,Đã có sổ,5,,72,145,Hà Nội
"Đường Huỳnh Tấn Phát, Phường Tân Thuận Đông, Quận 7, Tp Hồ Chí Minh",Quận 7,Phường Tân Thuận Đông,"Nhà ngõ, hẻm",Đã có sổ,1,,40,91,Tp Hồ Chí Minh
"Đường Bùi Hữu Nghĩa, Phường Bửu Hòa, Thành phố Biên Hòa, Đồng Nai",,Phường Bửu Hòa,"Nhà mặt phố, mặt tiền",Đã có sổ,1,3,70,30,Đồng Nai
"Đường Trần Hưng Đạo, Phường Mỹ Thạnh, Thành phố Long Xuyên, An Giang",,Phường Mỹ Thạnh,"Nhà mặt phố, mặt tiền",Đã có sổ,,,80,14,An Giang
"võ thị sáu, Phường Đông Hòa, Thị xã Dĩ An, Bình Dương",,Phường Đông Hòa,"Nhà mặt phố, mặt tiền",Đã có sổ,,,214,25,Bình Dương
"Đường Tân Triều, Xã Tân Triều, Huyện Thanh Trì, Hà Nội",Huyện Thanh Trì,Xã Tân Triều,"Nhà ngõ, hẻm",Đã có sổ,3,,33,57,Hà Nội
"đường Tân Chánh Hiệp 21, Phường Tân Chánh Hiệp, Quận 12, Tp Hồ Chí Minh",Quận 12,Phường Tân Chánh Hiệp,"Nhà ngõ, hẻm",Đã có sổ,,2,33,23,Tp Hồ Chí Minh
"Đường Ba La, Phường Phú La, Quận Hà Đông, Hà Nội",Quận Hà Đông,Phường Phú La,"Nhà mặt phố, mặt tiền",Đã có sổ,,4,120,104,Hà Nội
"Đường Nguyễn Văn Cừ, Phường Ngọc Lâm, Quận Long Biên, Hà Nội",Quận Long Biên,Phường Ngọc Lâm,"Nhà ngõ, hẻm",Đã có sổ,5,,35,74,Hà Nội
"Đường Tầm Vu, Phường Hưng Lợi, Quận Ninh Kiều, Cần Thơ",Quận Ninh Kiều,Phường Hưng Lợi,"Nhà ngõ, hẻm",Đã có sổ,1,3,48,38,Cần Thơ
"Đường Trường Lưu, Phường Long Trường, Quận 9, Tp Hồ Chí Minh",Quận 9,Phường Long Trường,"Nhà ngõ, hẻm",Đã có sổ,,3,512,66,Tp Hồ Chí Minh
"Đường Võ Nguyên Giáp, Phường Tân Phú, Quận Cái Răng, Cần Thơ",Quận Cái Răng,Phường Tân Phú,"Nhà ngõ, hẻm",Đã có sổ,,,80,8,Cần Thơ
"Luỹ Bán Bích, Phường 8, Quận Tân Bình, Tp Hồ Chí Minh",Quận Tân Bình,Phường 8,"Nhà ngõ, hẻm",Đã có sổ,,,1626,100,Tp Hồ Chí Minh
"Đường ĐT 741, Xã Phú Chánh, Thị xã Tân Uyên, Bình Dương",,Xã Phú Chánh,"Nhà ngõ, hẻm",Đã có sổ,,,65,11,Bình Dương
"Đường Ba La, Phường Phú La, Quận Hà Đông, Hà Nội",Quận Hà Đông,Phường Phú La,"Nhà mặt phố, mặt tiền",Đã có sổ,,4,120,104,Hà Nội
"Đường Nguyễn Văn Cừ, Phường Ngọc Lâm, Quận Long Biên, Hà Nội",Quận Long Biên,Phường Ngọc Lâm,"Nhà ngõ, hẻm",Đã có sổ,5,,35,74,Hà Nội
"Đường Tầm Vu, Phường Hưng Lợi, Quận Ninh Kiều, Cần Thơ",Quận Ninh Kiều,Phường Hưng Lợi,"Nhà ngõ, hẻm",Đã có sổ,1,3,48,38,Cần Thơ
"Đường Trường Lưu, Phường Long Trường, Quận 9, Tp Hồ Chí Minh",Quận 9,Phường Long Trường,"Nhà ngõ, hẻm",Đã có sổ,,3,512,66,Tp Hồ Chí Minh
"Tam Khương, Phường Khương Thượng, Quận Đống Đa, Hà Nội",Quận Đống Đa,Phường Khương Thượng,"Nhà mặt phố, mặt tiền",Đã có sổ,,3,40,73,Hà Nội
"Đường Đại Lộ Bình Dương, Phường Thới Hòa, Thị xã Bến Cát, Bình Dương",,Phường Thới Hòa,"Nhà mặt phố, mặt tiền",Đã có sổ,,,240,5,Bình Dương
"Đường 49, Phường Hiệp Bình Chánh, Quận Thủ Đức, Tp Hồ Chí Minh",Quận Thủ Đức,Phường Hiệp Bình Chánh,"Nhà mặt phố, mặt tiền",Đã có sổ,2,4,92,94,Tp Hồ Chí Minh
"Đường Cổ Linh, Phường Long Biên, Quận Long Biên, Hà Nội",Quận Long Biên,Phường Long Biên,"Nhà mặt phố, mặt tiền",Đã có sổ,6,2,55,95,Hà Nội
"Đường Số 38, Phường Hiệp Bình Chánh, Quận Thủ Đức, Tp Hồ Chí Minh",Quận Thủ Đức,Phường Hiệp Bình Chánh,"Nhà mặt phố, mặt tiền",Đã có sổ,,,65,66,Tp Hồ Chí Minh
"Đường Đê La Thành, Phường Láng Hạ, Quận Đống Đa, Hà Nội",Quận Đống Đa,Phường Láng Hạ,"Nhà ngõ, hẻm",Đã có sổ,5,1,35,125,Hà Nội
"Đường Yên Hòa, Phường Trung Hoà, Quận Cầu Giấy, Hà Nội",Quận Cầu Giấy,Phường Trung Hoà,"Nhà mặt phố, mặt tiền",Đã có sổ,5,1,31,127,Hà Nội
"Đường Lê Đình Cẩn, Phường Tân Tạo, Quận Bình Tân, Tp Hồ Chí Minh",Quận Bình Tân,Phường Tân Tạo,"Nhà ngõ, hẻm",Đã có sổ,1,,50,37,Tp Hồ Chí Minh
"Đường Hòa Nghĩa, Phường Hoà Nghĩa, Quận Dương Kinh, Hải Phòng",Quận Dương Kinh,Phường Hoà Nghĩa,"Nhà ngõ, hẻm",Đã có sổ,,,644,11,Hải Phòng
"Đường Nguyễn Tri Phương, Phường 9, Quận 5, Tp Hồ Chí Minh",Quận 5,Phường 9,"Nhà ngõ, hẻm",Đã có sổ,3,,51,298,Tp Hồ Chí Minh
"Đường Hoàng Cầu, Phường Ô Chợ Dừa, Quận Đống Đa, Hà Nội",Quận Đống Đa,Phường Ô Chợ Dừa,"Nhà mặt phố, mặt tiền",Đã có sổ,4,,90,272,Hà Nội
"Đường Phú Thọ Hòa, Phường Phú Thọ Hòa, Quận Tân Phú, Tp Hồ Chí Minh",Quận Tân Phú,Phường Phú Thọ Hòa,"Nhà ngõ, hẻm",Đã có sổ,,,62,71,Tp Hồ Chí Minh
"c4, Đường Phạm Hùng, Phường 5, Quận 8, Tp Hồ Chí Minh",Quận 8,Phường 5,"Nhà mặt phố, mặt tiền",Giấy tờ khác,1,3,64,48,Tp Hồ Chí Minh
"111, K20, Phường Khuê Mỹ, Quận Ngũ Hành Sơn, Đà Nẵng",Quận Ngũ Hành Sơn,Phường Khuê Mỹ,Nhà biệt thự,Đã có sổ,,,102,32,Đà Nẵng
"489/12/8, Đường Hải Phòng, Phường Chính Gián, Quận Thanh Khê, Đà Nẵng",Quận Thanh Khê,Phường Chính Gián,"Nhà ngõ, hẻm",Đã có sổ,2,1,25,55,Đà Nẵng
"35/9 hẻm 9, Đường Nhật Tảo, Phường Lê Bình, Quận Cái Răng, Cần Thơ",Quận Cái Răng,Phường Lê Bình,"Nhà mặt phố, mặt tiền",Đã có sổ,,2,105,21,Cần Thơ
"Đường Ngã Ba Lăn Xi, Phường Tân Định, Thị xã Bến Cát, Bình Dương",,Phường Tân Định,"Nhà mặt phố, mặt tiền",Đã có sổ,,,253,9,Bình Dương
"Đường Quốc Lộ 91C, Phường Phú Thứ, Quận Cái Răng, Cần Thơ",Quận Cái Răng,Phường Phú Thứ,"Nhà mặt phố, mặt tiền",Đã có sổ,,,825,4,Cần Thơ
"Phạm Hùng, Phường 10, Quận 8, Tp Hồ Chí Minh",Quận 8,Phường 10,"Nhà ngõ, hẻm",Đã có sổ,2,2,34,86,Tp Hồ Chí Minh
"Hẻm, Đường Âu Cơ, Phường 10, Quận Tân Bình, Tp Hồ Chí Minh",Quận Tân Bình,Phường 10,"Nhà ngõ, hẻm",Đã có sổ,3,,25,102,Tp Hồ Chí Minh
"đường cổ Mân 3, Phường An Hải Tây, Quận Sơn Trà, Đà Nẵng",Quận Sơn Trà,Phường An Hải Tây,"Nhà ngõ, hẻm",Đã có sổ,,,101,23,Đà Nẵng
"Phan văn trị, Phường 10, Quận Gò Vấp, Tp Hồ Chí Minh",Quận Gò Vấp,Phường 10,"Nhà ngõ, hẻm",Đã có sổ,,2,101,40,Tp Hồ Chí Minh
"Đường Lê Văn Lương, Xã Phước Kiển, Huyện Nhà Bè, Tp Hồ Chí Minh",Huyện Nhà Bè,Xã Phước Kiển,"Nhà ngõ, hẻm",Đã có sổ,,,130,43,Tp Hồ Chí Minh
"Đường Hoàng Mai, Phường Hoàng Văn Thụ, Quận Hoàng Mai, Hà Nội",Quận Hoàng Mai,Phường Hoàng Văn Thụ,"Nhà ngõ, hẻm",Đã có sổ,5,2,55,127,Hà Nội
"Thuận Giao 07, Phường Thuận Giao, Thị xã Thuận An, Bình Dương",,Phường Thuận Giao,"Nhà ngõ, hẻm",Đã có sổ,,,94,18,Bình Dương
"Đường ĐT 743, Phường Bình Chuẩn, Thị xã Thuận An, Bình Dương",,Phường Bình Chuẩn,"Nhà ngõ, hẻm",Đã có sổ,,,75,15,Bình Dương
"91A, Đường Trần Thị Điệu, Phường Phước Long B, Quận 9, Tp Hồ Chí Minh",Quận 9,Phường Phước Long B,"Nhà mặt phố, mặt tiền",Đã có sổ,4,,70,150,Tp Hồ Chí Minh
"Đường Võ Nguyên Giáp, Xã Nguyên Khê, Huyện Đông Anh, Hà Nội",Huyện Đông Anh,Xã Nguyên Khê,"Nhà mặt phố, mặt tiền",Đã có sổ,,,6075,38,Hà Nội
"Fpt City, Phường Hoà Hải, Quận Ngũ Hành Sơn, Đà Nẵng",Quận Ngũ Hành Sơn,Phường Hoà Hải,"Nhà mặt phố, mặt tiền",Đã có sổ,,,132,27,Đà Nẵng
"Đường Ngọc Lâm, Phường Long Biên, Quận Long Biên, Hà Nội",Quận Long Biên,Phường Long Biên,"Nhà mặt phố, mặt tiền",Đã có sổ,5,2,100,55,Hà Nội
"Đường Tỉnh lộ 15, Xã An Phú, Huyện Củ Chi, Tp Hồ Chí Minh",Huyện Củ Chi,Xã An Phú,"Nhà mặt phố, mặt tiền",Đã có sổ,4,,676,7,Tp Hồ Chí Minh
"Đường Yên Hòa, Phường Yên Hoà, Quận Cầu Giấy, Hà Nội",Quận Cầu Giấy,Phường Yên Hoà,"Nhà ngõ, hẻm",Đã có sổ,5,1,31,125,Hà Nội
"Đường 14/9, Phường 5, Thành phố Vĩnh Long, Vĩnh Long",,Phường 5,"Nhà ngõ, hẻm",Đã có sổ,,,49,3,Vĩnh Long
"Đường Lê Văn Việt, Phường Tăng Nhơn Phú A, Quận 9, Tp Hồ Chí Minh",Quận 9,Phường Tăng Nhơn Phú A,"Nhà mặt phố, mặt tiền",Đã có sổ,,,55,10,Tp Hồ Chí Minh
"Đường 22, Xã Thanh Bình, Huyện Trảng Bom, Đồng Nai",Huyện Trảng Bom,Xã Thanh Bình,"Nhà mặt phố, mặt tiền",Đã có sổ,,,1000,2,Đồng Nai
"DX, Đường Quốc lộ 14||16824, Thị trấn Chơn Thành, Huyện Chơn Thành, Bình Phước",Huyện Chơn Thành,,"Nhà mặt phố, mặt tiền",Đã có sổ,,,210,2,Bình Phước
"487/41, Đường Huỳnh Tấn Phát, Phường Tân Thuận Đông, Quận 7, Tp Hồ Chí Minh",Quận 7,Phường Tân Thuận Đông,"Nhà ngõ, hẻm",Đã có sổ,,,18,53,Tp Hồ Chí Minh
"Đường Trần Thủ Độ, Xã Tứ Hiệp, Huyện Thanh Trì, Hà Nội",Huyện Thanh Trì,Xã Tứ Hiệp,"Nhà ngõ, hẻm",Đã có sổ,3,2,18,4,Hà Nội
"Đường Tạ Quang Bửu, Phường 6, Quận 8, Tp Hồ Chí Minh",Quận 8,Phường 6,"Nhà ngõ, hẻm",Đang chờ sổ,,2,18,35,Tp Hồ Chí Minh
"tây sơn, Phường Tân Thành, Thành phố Buôn Ma Thuột, Đắk Lắk",,Phường Tân Thành,"Nhà ngõ, hẻm",Đã có sổ,,2,102,15,Đắk Lắk
"Đường Nguyễn Khuyến, Phường Trảng Dài, Thành phố Biên Hòa, Đồng Nai",,Phường Trảng Dài,"Nhà ngõ, hẻm",Đã có sổ,,,112,10,Đồng Nai
"Đường Lò Lu, Phường Trường Thạnh, Quận 9, Tp Hồ Chí Minh",Quận 9,Phường Trường Thạnh,"Nhà ngõ, hẻm",Đã có sổ,,,59,54,Tp Hồ Chí Minh
"Tư Đình, Phường Long Biên, Quận Long Biên, Hà Nội",Quận Long Biên,Phường Long Biên,"Nhà ngõ, hẻm",Đã có sổ,5,,35,70,Hà Nội
"Đường Liên khu 4-5, Phường Bình Hưng Hoà B, Quận Bình Tân, Tp Hồ Chí Minh",Quận Bình Tân,Phường Bình Hưng Hoà B,Nhà phố liền kề,Đã có sổ,3,,72,76,Tp Hồ Chí Minh
"Đường Lê Văn Nhung, Phường Mỹ Bình, Thành phố Long Xuyên, An Giang",,Phường Mỹ Bình,Nhà phố liền kề,Đã có sổ,,,72,28,An Giang
"Đường Hàng Chuối, Phường Phạm Đình Hổ, Quận Hai Bà Trưng, Hà Nội",Quận Hai Bà Trưng,Phường Phạm Đình Hổ,"Nhà ngõ, hẻm",Đã có sổ,8,,70,247,Hà Nội
"Đường Hưng Nhơn, Thị trấn Tân Túc, Huyện Bình Chánh, Tp Hồ Chí Minh",Huyện Bình Chánh,,"Nhà mặt phố, mặt tiền",Đã có sổ,1,2,70,9,Tp Hồ Chí Minh
"72, Đường ĐT 741, Phường Hoà Phú, Thành phố Thủ Dầu Một, Bình Dương",,Phường Hoà Phú,"Nhà mặt phố, mặt tiền",Giấy tờ khác,,,150,20,Bình Dương
"Đường Trần Hưng Đạo, Thị trấn Dương Đông, Huyện Phú Quốc, Kiên Giang",Huyện Phú Quốc,,"Nhà mặt phố, mặt tiền",Đã có sổ,,,8000,59,Kiên Giang
"Đường D5, Phường 25, Quận Bình Thạnh, Tp Hồ Chí Minh",Quận Bình Thạnh,Phường 25,"Nhà mặt phố, mặt tiền",Đã có sổ,,2,8000,40,Tp Hồ Chí Minh
"Đường Tân Hòa Đông, Phường Bình Trị Đông, Quận Bình Tân, Tp Hồ Chí Minh",Quận Bình Tân,Phường Bình Trị Đông,"Nhà mặt phố, mặt tiền",Đã có sổ,,,64,65,Tp Hồ Chí Minh
"Đường Nguyễn Phước Nguyên, Phường An Khê, Quận Thanh Khê, Đà Nẵng",Quận Thanh Khê,Phường An Khê,"Nhà ngõ, hẻm",Đã có sổ,,2,42,44,Đà Nẵng
"Đường Phùng Hưng, Phường Mộ Lao, Quận Hà Đông, Hà Nội",Quận Hà Đông,Phường Mộ Lao,"Nhà mặt phố, mặt tiền",Đã có sổ,5,2,36,119,Hà Nội
"Chung Cư Gò Dầu 2, Phường Tân Sơn Nhì, Quận Tân Phú, Tp Hồ Chí Minh",Quận Tân Phú,Phường Tân Sơn Nhì,"Nhà ngõ, hẻm",Đã có sổ,,,5700,37,Tp Hồ Chí Minh
"Đường Phan Văn Hớn, Xã Xuân Thới Thượng, Huyện Hóc Môn, Tp Hồ Chí Minh",Huyện Hóc Môn,Xã Xuân Thới Thượng,"Nhà mặt phố, mặt tiền",Đã có sổ,1,2,60,6,Tp Hồ Chí Minh
"1 - 1A, Đường Tân Vĩnh, Phường 6, Quận 4, Tp Hồ Chí Minh",Quận 4,Phường 6,"Nhà mặt phố, mặt tiền",Đã có sổ,5,,93,178,Tp Hồ Chí Minh
"Đường Trần Thanh Mại, Phường An Đông, Thành phố Huế, Thừa Thiên Huế",,Phường An Đông,"Nhà mặt phố, mặt tiền",Đã có sổ,,,118,19,Thừa Thiên Huế
"15/23, Đường Số 8, Phường Tăng Nhơn Phú B, Quận 9, Tp Hồ Chí Minh",Quận 9,Phường Tăng Nhơn Phú B,"Nhà mặt phố, mặt tiền",Đã có sổ,,2,128,54,Tp Hồ Chí Minh
"Đường Tỉnh Lộ 10, Xã Phạm Văn Hai, Huyện Bình Chánh, Tp Hồ Chí Minh",Huyện Bình Chánh,Xã Phạm Văn Hai,"Nhà mặt phố, mặt tiền",Đã có sổ,1,3,40,5,Tp Hồ Chí Minh
"Đường Thống Nhất, Phường 16, Quận Gò Vấp, Tp Hồ Chí Minh",Quận Gò Vấp,Phường 16,"Nhà ngõ, hẻm",Đã có sổ,1,2,512,70,Tp Hồ Chí Minh
"Đường Ngọc Thụy, Phường Ngọc Thụy, Quận Long Biên, Hà Nội",Quận Long Biên,Phường Ngọc Thụy,"Nhà mặt phố, mặt tiền",Đã có sổ,7,,300,58,Hà Nội
"thanh lương 11, Phường Hòa Xuân, Quận Cẩm Lệ, Đà Nẵng",Quận Cẩm Lệ,Phường Hòa Xuân,"Nhà ngõ, hẻm",Đã có sổ,,,100,29,Đà Nẵng
"Đường Phú Định, Phường 16, Quận 8, Tp Hồ Chí Minh",Quận 8,Phường 16,"Nhà ngõ, hẻm",Đã có sổ,1,2,38,54,Tp Hồ Chí Minh
"Đường Khương Đình, Phường Khương Đình, Quận Thanh Xuân, Hà Nội",Quận Thanh Xuân,Phường Khương Đình,"Nhà ngõ, hẻm",Đã có sổ,,,40,55,Hà Nội
"Đường Lê Trọng Tấn, Phường Hòa An, Quận Cẩm Lệ, Đà Nẵng",Quận Cẩm Lệ,Phường Hòa An,"Nhà ngõ, hẻm",Đã có sổ,,,256,27,Đà Nẵng
"Đường Đặng Văn Dầy, Phường Bình Thủy, Quận Bình Thủy, Cần Thơ, Phường Bình Thủy, Quận Bình Thuỷ, Cần Thơ",Quận Bình Thủy,Phường Bình Thủy,Nhà phố liền kề,Đã có sổ,3,,110,59,Cần Thơ
"Đường Mai Đăng Chơn, Phường Hoà Quý, Quận Ngũ Hành Sơn, Đà Nẵng",Quận Ngũ Hành Sơn,Phường Hoà Quý,Nhà phố liền kề,Đã có sổ,,,115,12,Đà Nẵng
"Đường Phan Văn Hớn, Phường Tân Thới Nhất, Quận 12, Tp Hồ Chí Minh",Quận 12,Phường Tân Thới Nhất,Nhà phố liền kề,Đã có sổ,,,95,14,Tp Hồ Chí Minh
"Đường Phù Đổng, Phường Phù Đổng, Thành phố Pleiku, Gia Lai",,Phường Phù Đổng,Nhà phố liền kề,Đã có sổ,,3,100,18,Gia Lai
"Đường Trần Văn Quang, Phường 10, Quận Tân Bình, Tp Hồ Chí Minh",Quận Tân Bình,Phường 10,"Nhà ngõ, hẻm",Đã có sổ,2,2,23,100,Tp Hồ Chí Minh
"Đường Quốc lộ 1A, Xã Hòa Phước, Huyện Hòa Vang, Đà Nẵng",Huyện Hòa Vang,Xã Hòa Phước,"Nhà ngõ, hẻm",Đã có sổ,,,100,4,Đà Nẵng
"Đường Phạm Hữu Lầu, Phường Phú Mỹ, Quận 7, Tp Hồ Chí Minh",Quận 7,Phường Phú Mỹ,"Nhà ngõ, hẻm",Đang chờ sổ,,1,100,31,Tp Hồ Chí Minh
"Đường Thống Nhất, Phường 11, Quận Gò Vấp, Tp Hồ Chí Minh",Quận Gò Vấp,Phường 11,"Nhà ngõ, hẻm",Đã có sổ,1,,40,87,Tp Hồ Chí Minh
"Đường Số 13A, Phường Bình Hưng Hoà A, Quận Bình Tân, Tp Hồ Chí Minh",Quận Bình Tân,Phường Bình Hưng Hoà A,"Nhà mặt phố, mặt tiền",Đã có sổ,1,2,25,99,Tp Hồ Chí Minh
"26, Đường Khương Hạ, Phường Khương Đình, Quận Thanh Xuân, Hà Nội",Quận Thanh Xuân,Phường Khương Đình,"Nhà mặt phố, mặt tiền",Đã có sổ,5,,35,97,Hà Nội
"Đường Tam Đa, Phường Trường Thạnh, Quận 9, Tp Hồ Chí Minh",Quận 9,Phường Trường Thạnh,"Nhà mặt phố, mặt tiền",Đã có sổ,,,86,40,Tp Hồ Chí Minh
"Đường Số 38, Phường Bình Trị Đông B, Quận Bình Tân, Tp Hồ Chí Minh",Quận Bình Tân,Phường Bình Trị Đông B,"Nhà mặt phố, mặt tiền",Đã có sổ,4,,64,82,Tp Hồ Chí Minh
"tây sơn, Phường Tân Thành, Thành phố Buôn Ma Thuột, Đắk Lắk",,Phường Tân Thành,"Nhà ngõ, hẻm",Đã có sổ,,2,102,15,Đắk Lắk
"Đường Nguyễn Văn Cừ, Phường An Hòa, Quận Ninh Kiều, Cần Thơ",Quận Ninh Kiều,Phường An Hòa,"Nhà ngõ, hẻm",Đã có sổ,2,4,85,55,Cần Thơ
"24, Đường 10/3, Phường Tân Lợi, Thành phố Buôn Ma Thuột, Đắk Lắk",,Phường Tân Lợi,"Nhà ngõ, hẻm",Đã có sổ,4,2,138,4,Đắk Lắk
"Đường Lê Thị Trung, Phường An Phú, Thị xã Thuận An, Bình Dương",,Phường An Phú,"Nhà mặt phố, mặt tiền",Đã có sổ,,,63,37,Bình Dương
"Đường Nguyễn Đổng Chi, Phường Cầu Diễn, Quận Nam Từ Liêm, Hà Nội",Quận Nam Từ Liêm,Phường Cầu Diễn,"Nhà ngõ, hẻm",Đã có sổ,5,2,42,97,Hà Nội
"Đường Trung Kính, Phường Trung Hoà, Quận Cầu Giấy, Hà Nội",Quận Cầu Giấy,Phường Trung Hoà,Nhà phố liền kề,Đã có sổ,5,2,60,200,Hà Nội
"Số 8, Số 8 Đường Gò Dưa, Phường Hiệp Bình Phước, Quận Thủ Đức, Tp Hồ Chí Minh",Quận Thủ Đức,Phường Hiệp Bình Phước,Nhà phố liền kề,Đã có sổ,,2,60,27,Tp Hồ Chí Minh
"Đường Phùng Chí Kiên, Phường Nghĩa Đô, Quận Cầu Giấy, Hà Nội",Quận Cầu Giấy,Phường Nghĩa Đô,"Nhà mặt phố, mặt tiền",Đã có sổ,7,2,54,222,Hà Nội
"QL1A, Xã Suối Tân, Huyện Cam Lâm, Khánh Hòa",Huyện Cam Lâm,Xã Suối Tân,"Nhà mặt phố, mặt tiền",Đã có sổ,,,76,6,Khánh Hòa
"Đường Quốc Lộ 57, Xã Thanh Đức, Huyện Long Hồ, Vĩnh Long",Huyện Long Hồ,Xã Thanh Đức,"Nhà mặt phố, mặt tiền",Đã có sổ,,,125,8,Vĩnh Long
"Đường Phúc Lợi, Phường Phúc Lợi, Quận Long Biên, Hà Nội",Quận Long Biên,Phường Phúc Lợi,"Nhà mặt phố, mặt tiền",Đã có sổ,,,86,27,Hà Nội
"Đường Phan Văn Hớn, Phường Tân Thới Nhất, Quận 12, Tp Hồ Chí Minh",Quận 12,Phường Tân Thới Nhất,"Nhà mặt phố, mặt tiền",Đang chờ sổ,,2,86,36,Tp Hồ Chí Minh
"Đường Lê Anh Xuân, Phường An Hòa, Quận Ninh Kiều, Cần Thơ",Quận Ninh Kiều,Phường An Hòa,"Nhà ngõ, hẻm",Đang chờ sổ,,2,41,51,Cần Thơ
"Đường Tân Mai, Phường Tân Mai, Quận Hoàng Mai, Hà Nội",Quận Hoàng Mai,Phường Tân Mai,"Nhà ngõ, hẻm",Đã có sổ,,,41,14,Hà Nội
"Đường ĐT 741, Phường Mỹ Phước, Thị xã Bến Cát, Bình Dương",,Phường Mỹ Phước,"Nhà ngõ, hẻm",Đã có sổ,,,120,6,Bình Dương
"Đường Quốc lộ 1K, Phường Dĩ An, Thị xã Dĩ An, Bình Dương",,Phường Dĩ An,"Nhà mặt phố, mặt tiền",Đã có sổ,,,450,4,Bình Dương
"Đường Nguyễn Chánh, Phường Trung Hoà, Quận Cầu Giấy, Hà Nội",Quận Cầu Giấy,Phường Trung Hoà,"Nhà mặt phố, mặt tiền",Đã có sổ,4,,273,355,Hà Nội
"Đường Cầu Giấy, Phường Quan Hoa, Quận Cầu Giấy, Hà Nội",Quận Cầu Giấy,Phường Quan Hoa,"Nhà ngõ, hẻm",Đã có sổ,6,5,48,143,Hà Nội
"Đường Nguyễn Ái Quốc, Phường Hoá An, Thành phố Biên Hòa, Đồng Nai",,Phường Hoá An,"Nhà ngõ, hẻm",Đã có sổ,,2,48,11,Đồng Nai
"Đường Thuận Giao 25, Phường Thuận Giao, Thị xã Thuận An, Bình Dương",,Phường Thuận Giao,"Nhà ngõ, hẻm",Đã có sổ,,1,48,19,Bình Dương
"Đường tĩnh 835, Xã Bình Chánh, Huyện Bình Chánh, Tp Hồ Chí Minh",Huyện Bình Chánh,Xã Bình Chánh,"Nhà mặt phố, mặt tiền",Đã có sổ,1,,40,10,Tp Hồ Chí Minh
"tây sơn, Phường Tân Thành, Thành phố Buôn Ma Thuột, Đắk Lắk",,Phường Tân Thành,"Nhà ngõ, hẻm",Đã có sổ,,2,102,15,Đắk Lắk
"mặt tiền, Đường Nguyễn Văn Tư, Phường 7, Thành phố Bến Tre, Bến Tre",,Phường 7,"Nhà ngõ, hẻm",Đã có sổ,,,962,11,Bến Tre
"Đường Nguyễn Trãi, Phường Nguyễn Cư Trinh, Quận 1, Tp Hồ Chí Minh",Quận 1,Phường Nguyễn Cư Trinh,"Nhà ngõ, hẻm",Đã có sổ,5,5,60,225,Tp Hồ Chí Minh
"Đường Phạm Văn Chiêu, Phường 9, Quận Gò Vấp, Tp Hồ Chí Minh",Quận Gò Vấp,Phường 9,"Nhà mặt phố, mặt tiền",Đã có sổ,,4,43,120,Tp Hồ Chí Minh
"Đường Trường Lưu, Phường Long Trường, Quận 9, Tp Hồ Chí Minh",Quận 9,Phường Long Trường,"Nhà mặt phố, mặt tiền",Đã có sổ,,,535,43,Tp Hồ Chí Minh
"Đường Nguyễn Nhàn, Phường Hòa Thọ Đông, Quận Cẩm Lệ, Đà Nẵng",Quận Cẩm Lệ,Phường Hòa Thọ Đông,"Nhà ngõ, hẻm",Đã có sổ,2,3,75,23,Đà Nẵng
"Đường Bàu Lách, Xã Phạm Văn Cội, Huyện Củ Chi, Tp Hồ Chí Minh",Huyện Củ Chi,Xã Phạm Văn Cội,"Nhà ngõ, hẻm",Đã có sổ,,,473,4,Tp Hồ Chí Minh
"Đường Minh Khai, Phường Mai Động, Quận Hoàng Mai, Hà Nội",Quận Hoàng Mai,Phường Mai Động,"Nhà ngõ, hẻm",Đã có sổ,3,,30,70,Hà Nội
"A5/51, Đường Liên Ấp 1-2-3, Xã Vĩnh Lộc A, Huyện Bình Chánh, Tp Hồ Chí Minh",Huyện Bình Chánh,Xã Vĩnh Lộc A,"Nhà ngõ, hẻm",Giấy tờ khác,,,40,33,Tp Hồ Chí Minh
"Đường Thạnh Lộc, Phường Thạnh Lộc, Quận 12, Tp Hồ Chí Minh",Quận 12,Phường Thạnh Lộc,"Nhà mặt phố, mặt tiền",Đã có sổ,2,3,48,52,Tp Hồ Chí Minh
"đường Đỗ Hành, Phường Nại Hiên Đông, Quận Sơn Trà, Đà Nẵng",Quận Sơn Trà,Phường Nại Hiên Đông,"Nhà mặt phố, mặt tiền",Đã có sổ,,,85,47,Đà Nẵng
"Đường Vĩnh Khê, Xã An Đồng, Huyện An Dương, Hải Phòng",Huyện An Dương,Xã An Đồng,"Nhà mặt phố, mặt tiền",Đã có sổ,,,97,21,Hải Phòng
"Đường D10, Thị trấn Lai Uyên, Huyện Bàu Bàng, Bình Dương",Huyện Bàu Bàng,,"Nhà mặt phố, mặt tiền",Đã có sổ,,,200,3,Bình Dương
"Đường Trịnh Hoài Đức, Phường Vĩnh Hòa, Thành phố Nha Trang, Khánh Hòa",,Phường Vĩnh Hòa,"Nhà mặt phố, mặt tiền",Đang chờ sổ,,2,200,12,Khánh Hòa
"Đường số 1, Xã Tân Ngãi, Thành phố Vĩnh Long, Vĩnh Long",,Xã Tân Ngãi,"Nhà mặt phố, mặt tiền",Đang chờ sổ,,,114,24,Vĩnh Long
"Đường Nguyễn Văn Linh, Phường Sài Đồng, Quận Long Biên, Hà Nội",Quận Long Biên,Phường Sài Đồng,"Nhà mặt phố, mặt tiền",Đã có sổ,,,38,39,Hà Nội
"Đường Nguyễn Chí Thanh, Phường Thành Công, Quận Ba Đình, Hà Nội",Quận Ba Đình,Phường Thành Công,"Nhà mặt phố, mặt tiền",Đã có sổ,,,38,27,Hà Nội
"Đường Bờ Chùa, Xã Phước Lý, Huyện Cần Giuộc, Long An",Huyện Cần Giuộc,Xã Phước Lý,"Nhà mặt phố, mặt tiền",Đã có sổ,1,2,70,12,Long An
"Đường Ngô Thì Nhậm, Phường An Khánh, Quận Ninh Kiều, Cần Thơ",Quận Ninh Kiều,Phường An Khánh,"Nhà mặt phố, mặt tiền",Đã có sổ,2,5,70,58,Cần Thơ
"Đường Trần Cao Vân, Phường Tam Thuận, Quận Thanh Khê, Đà Nẵng",Quận Thanh Khê,Phường Tam Thuận,"Nhà ngõ, hẻm",Đã có sổ,,,58,36,Đà Nẵng
"274b, Đường Nguyễn Hữu Tiến, Thị trấn Đồng Văn, Huyện Duy Tiên, Hà Nam",Huyện Duy Tiên,,"Nhà ngõ, hẻm",Đã có sổ,,,58,48,Hà Nam
"Đường Ngã Ba Lăn Xi, Phường Tân Định, Thị xã Bến Cát, Bình Dương",,Phường Tân Định,"Nhà ngõ, hẻm",Đã có sổ,,,253,9,Bình Dương
"111, Nguyễn Văn Cừ, Phường Hòa Hiệp Bắc, Quận Liên Chiểu, Đà Nẵng",Quận Liên Chiểu,Phường Hòa Hiệp Bắc,"Nhà ngõ, hẻm",Đã có sổ,2,3,187,17,Đà Nẵng
"Đường An Dương Vương, Phường An Đông, Thành phố Huế, Thừa Thiên Huế",,Phường An Đông,"Nhà ngõ, hẻm",Đã có sổ,,,685,17,Thừa Thiên Huế
"8, Đường 422, Xã Vân Canh, Huyện Hoài Đức, Hà Nội",Huyện Hoài Đức,Xã Vân Canh,"Nhà ngõ, hẻm",Đã có sổ,,,55,61,Hà Nội
"Đường Lê Văn Hưu, Phường Mỹ An, Quận Ngũ Hành Sơn, Đà Nẵng",Quận Ngũ Hành Sơn,Phường Mỹ An,"Nhà mặt phố, mặt tiền",Đã có sổ,4,,75,34,Đà Nẵng
"KDC Hồng Loan, Phường Thường Thạnh, Quận Cái Răng, Cần Thơ",Quận Cái Răng,Phường Thường Thạnh,Nhà phố liền kề,Đã có sổ,1,3,153,22,Cần Thơ
"Đường 2, Phường Tam Phú, Quận Thủ Đức, Tp Hồ Chí Minh",Quận Thủ Đức,Phường Tam Phú,"Nhà ngõ, hẻm",Đã có sổ,1,2,45,74,Tp Hồ Chí Minh
"Trần Đại Nghĩa, Xã Tân Kiên, Huyện Bình Chánh, Tp Hồ Chí Minh",Huyện Bình Chánh,Xã Tân Kiên,"Nhà mặt phố, mặt tiền",Đã có sổ,1,3,75,14,Tp Hồ Chí Minh
"Đường Cầu Giấy, Phường Quan Hoa, Quận Cầu Giấy, Hà Nội",Quận Cầu Giấy,Phường Quan Hoa,"Nhà ngõ, hẻm",Đã có sổ,4,,31,85,Hà Nội
"11 F, Đường Nguyễn Xiển, Phường Hạ Đình, Quận Thanh Xuân, Hà Nội",Quận Thanh Xuân,Phường Hạ Đình,"Nhà ngõ, hẻm",Đã có sổ,4,,25,87,Hà Nội
"Đường Kim Đồng, Phường Giáp Bát, Quận Hoàng Mai, Hà Nội",Quận Hoàng Mai,Phường Giáp Bát,"Nhà ngõ, hẻm",Đã có sổ,,,25,14,Hà Nội
"Khu Phố 3, Phường 1, Thành phố Tây Ninh, Tây Ninh",,Phường 1,"Nhà ngõ, hẻm",Đã có sổ,,,320,4,Tây Ninh
"Đường B1, Phường Hưng Thạnh, Quận Cái Răng, Cần Thơ",Quận Cái Răng,Phường Hưng Thạnh,"Nhà ngõ, hẻm",Đã có sổ,,,855,33,Cần Thơ
"Đường 59, Phường 14, Quận Gò Vấp, Tp Hồ Chí Minh",Quận Gò Vấp,Phường 14,"Nhà ngõ, hẻm",Đã có sổ,1,2,30,96,Tp Hồ Chí Minh
"Đường Tây Mỗ, Phường Đại Mỗ, Quận Nam Từ Liêm, Hà Nội",Quận Nam Từ Liêm,Phường Đại Mỗ,"Nhà ngõ, hẻm",Đã có sổ,4,,33,62,Hà Nội
"Đường Gò Chùa, Xã Vĩnh Thạnh, Thành phố Nha Trang, Khánh Hòa",,Xã Vĩnh Thạnh,Nhà biệt thự,Đã có sổ,1,3,142,21,Khánh Hòa
"NGUYỄN THỊ ĐỊNH, Phường Thạnh Mỹ Lợi, Quận 2, Tp Hồ Chí Minh",Quận 2,Phường Thạnh Mỹ Lợi,"Nhà ngõ, hẻm",Đã có sổ,2,4,63,95,Tp Hồ Chí Minh
"Đường Trần Hữu Dực, Phường Xuân Phương, Quận Nam Từ Liêm, Hà Nội",Quận Nam Từ Liêm,Phường Xuân Phương,"Nhà ngõ, hẻm",Đã có sổ,4,4,32,90,Hà Nội
"Đường Thoại Ngọc Hầu, Phường Hòa Thạnh, Quận Tân Phú, Tp Hồ Chí Minh",Quận Tân Phú,Phường Hòa Thạnh,"Nhà ngõ, hẻm",Đã có sổ,2,,40,95,Tp Hồ Chí Minh
"248/8/1/2, Đường Lê Thị Riêng, Phường Thới An, Quận 12, Tp Hồ Chí Minh",Quận 12,Phường Thới An,"Nhà ngõ, hẻm",Đang chờ sổ,,2,48,33,Tp Hồ Chí Minh
"Đường 30, Phường Linh Đông, Quận Thủ Đức, Tp Hồ Chí Minh",Quận Thủ Đức,Phường Linh Đông,"Nhà ngõ, hẻm",Đang chờ sổ,,2,48,32,Tp Hồ Chí Minh
"Đường Đông Ngạc, Phường Đông Ngạc, Quận Bắc Từ Liêm, Hà Nội",Quận Bắc Từ Liêm,Phường Đông Ngạc,"Nhà ngõ, hẻm",Đã có sổ,,,55,50,Hà Nội
"Đường Số 3, Phường 9, Quận Gò Vấp, Tp Hồ Chí Minh",Quận Gò Vấp,Phường 9,"Nhà mặt phố, mặt tiền",Đã có sổ,3,5,114,69,Tp Hồ Chí Minh
"Đường Cây Dương, Xã Đức Hòa Hạ, Huyện Đức Hòa, Long An",Huyện Đức Hòa,Xã Đức Hòa Hạ,"Nhà ngõ, hẻm",Đang chờ sổ,,2,28,16,Long An
"Đường Nguyễn Phước Nguyên, Phường An Khê, Quận Thanh Khê, Đà Nẵng",Quận Thanh Khê,Phường An Khê,"Nhà ngõ, hẻm",Đã có sổ,,,39,43,Đà Nẵng
"Đường Quốc Lộ 51, Phường Long Bình Tân, Thành phố Biên Hòa, Đồng Nai",,Phường Long Bình Tân,"Nhà ngõ, hẻm",Giấy tờ khác,4,,56,25,Đồng Nai
"Đường Mai Anh Tuấn, Phường Ô Chợ Dừa, Quận Đống Đa, Hà Nội",Quận Đống Đa,Phường Ô Chợ Dừa,"Nhà ngõ, hẻm",Đã có sổ,3,,30,95,Hà Nội
"Đường Khâm Thiên||377, Phường Khâm Thiên, Quận Đống Đa, Hà Nội",Quận Đống Đa,Phường Khâm Thiên,"Nhà ngõ, hẻm",Đã có sổ,5,,35,88,Hà Nội
"Đường Hoàng Văn Thái, Phường Khương Mai, Quận Thanh Xuân, Hà Nội",Quận Thanh Xuân,Phường Khương Mai,"Nhà ngõ, hẻm",Đã có sổ,5,,45,95,Hà Nội
"Đường Nguyễn Văn Lạc, Phường 19, Quận Bình Thạnh, Tp Hồ Chí Minh",Quận Bình Thạnh,Phường 19,"Nhà ngõ, hẻm",Đã có sổ,,,50,44,Tp Hồ Chí Minh
"Đường Thạch Cầu||1423, Phường Long Biên, Quận Long Biên, Hà Nội",Quận Long Biên,Phường Long Biên,"Nhà ngõ, hẻm",Đã có sổ,4,,41,58,Hà Nội
"Đường Ngọc Thụy, Phường Ngọc Thụy, Quận Long Biên, Hà Nội",Quận Long Biên,Phường Ngọc Thụy,"Nhà ngõ, hẻm",Đã có sổ,6,2,37,54,Hà Nội
"Hoàng Cầu, Phường Ô Chợ Dừa, Quận Đống Đa, Hà Nội",Quận Đống Đa,Phường Ô Chợ Dừa,"Nhà ngõ, hẻm",Đã có sổ,3,4,43,95,Hà Nội
"Đường 13, Phường Linh Đông, Quận Thủ Đức, Tp Hồ Chí Minh",Quận Thủ Đức,Phường Linh Đông,"Nhà mặt phố, mặt tiền",Đã có sổ,1,,150,9,Tp Hồ Chí Minh
"Đường Bãi Cháy, Phường Bãi Cháy, Thành phố Hạ Long, Quảng Ninh",,Phường Bãi Cháy,"Nhà mặt phố, mặt tiền",Giấy tờ khác,5,,150,16,Quảng Ninh
"Đường Trường Sa, Phường Hoà Hải, Quận Ngũ Hành Sơn, Đà Nẵng",Quận Ngũ Hành Sơn,Phường Hoà Hải,"Nhà mặt phố, mặt tiền",Đã có sổ,,1,80,36,Đà Nẵng
"Đường Nguyễn Văn Bứa, Xã Xuân Thới Sơn, Huyện Hóc Môn, Tp Hồ Chí Minh",Huyện Hóc Môn,Xã Xuân Thới Sơn,Nhà phố liền kề,Đã có sổ,1,2,70,7,Tp Hồ Chí Minh
"Đường 3/2, Phường 12, Quận 10, Tp Hồ Chí Minh",Quận 10,Phường 12,"Nhà ngõ, hẻm",Đã có sổ,3,4,53,79,Tp Hồ Chí Minh
"Đường Phúc Lợi, Phường Phúc Lợi, Quận Long Biên, Hà Nội",Quận Long Biên,Phường Phúc Lợi,"Nhà mặt phố, mặt tiền",Đã có sổ,5,,45,76,Hà Nội
"Đường Võ Nguyên Giáp, Phường 7, Thành phố Trà Vinh, Trà Vinh",,Phường 7,"Nhà mặt phố, mặt tiền",Đã có sổ,,,100,15,Trà Vinh
"Đường Đặng Văn Dầy, Phường Bình Thủy, Quận Bình Thủy, Cần Thơ, Phường Bình Thủy, Quận Bình Thuỷ, Cần Thơ",Quận Bình Thủy,Phường Bình Thủy,"Nhà mặt phố, mặt tiền",Đã có sổ,,,102,21,Cần Thơ
"150, Đường Dũng Sĩ Thanh Khê, Phường Thanh Khê Tây, Quận Thanh Khê, Đà Nẵng",Quận Thanh Khê,Phường Thanh Khê Tây,"Nhà ngõ, hẻm",Đã có sổ,3,3,68,51,Đà Nẵng
"Đường Tô Hiến Thành||5421, Phường 14, Quận 10, Tp Hồ Chí Minh",Quận 10,Phường 14,"Nhà ngõ, hẻm",Đã có sổ,2,4,65,183,Tp Hồ Chí Minh
"vĩnh phú 1, Phường Vĩnh Phú, Thị xã Thuận An, Bình Dương",,Phường Vĩnh Phú,"Nhà mặt phố, mặt tiền",Đã có sổ,,,150,11,Bình Dương
"0005, Đường Thân Nhân Trung, Phường Trảng Dài, Thành phố Biên Hòa, Đồng Nai",,Phường Trảng Dài,"Nhà mặt phố, mặt tiền",Giấy tờ khác,1,2,64,19,Đồng Nai
"Đường Nam Cao ||17010, Xã Long Hưng, Thành phố Biên Hòa, Đồng Nai",,Xã Long Hưng,"Nhà mặt phố, mặt tiền",Giấy tờ khác,2,,140,20,Đồng Nai
"Đường Đồng Khởi, Phường Phú Tân, Thành phố Bến Tre, Bến Tre",,Phường Phú Tân,"Nhà mặt phố, mặt tiền",Đã có sổ,,,125,9,Bến Tre
"Đường Lam Sơn, Phường 2, Quận Tân Bình, Tp Hồ Chí Minh",Quận Tân Bình,Phường 2,"Nhà mặt phố, mặt tiền",Đã có sổ,5,,125,278,Tp Hồ Chí Minh
"Đường số 1, Xã Tân Ngãi, Thành phố Vĩnh Long, Vĩnh Long",,Xã Tân Ngãi,"Nhà mặt phố, mặt tiền",Đã có sổ,,,95,31,Vĩnh Long
"Đường D4, Phường An Phú, Thị xã Thuận An, Bình Dương",,Phường An Phú,"Nhà mặt phố, mặt tiền",Đã có sổ,,,95,15,Bình Dương
"Dx70, Phường Định Hoà, Thành phố Thủ Dầu Một, Bình Dương",,Phường Định Hoà,"Nhà mặt phố, mặt tiền",Đã có sổ,,,95,16,Bình Dương
"Dt741, Phường Chánh Phú Hòa, Thị xã Bến Cát, Bình Dương",,Phường Chánh Phú Hòa,"Nhà mặt phố, mặt tiền",Đã có sổ,,,76,9,Bình Dương
"Đường 30/4, Phường Hưng Lợi, Quận Ninh Kiều, Cần Thơ",Quận Ninh Kiều,Phường Hưng Lợi,"Nhà mặt phố, mặt tiền",Đã có sổ,,,49,26,Cần Thơ
"Đường Quốc Lộ 5, Thị trấn Trâu Quỳ, Huyện Gia Lâm, Hà Nội",Huyện Gia Lâm,,"Nhà mặt phố, mặt tiền",Đã có sổ,5,2,24000,33,Hà Nội
"Đường Trường Chinh, Phường Phương Liệt, Quận Thanh Xuân, Hà Nội",Quận Thanh Xuân,Phường Phương Liệt,"Nhà ngõ, hẻm",Đã có sổ,4,,40,81,Hà Nội
"300, Đường Bát Khối, Phường Cự Khối, Quận Long Biên, Hà Nội",Quận Long Biên,Phường Cự Khối,"Nhà ngõ, hẻm",Đã có sổ,5,2,52,76,Hà Nội
"Đường Yên Lộ, Phường Nguyễn Trãi, Quận Hà Đông, Hà Nội",Quận Hà Đông,Phường Nguyễn Trãi,"Nhà mặt phố, mặt tiền",Đã có sổ,5,,65,84,Hà Nội
"Đường Thái Hà, Phường Quang Trung, Quận Đống Đa, Hà Nội",Quận Đống Đa,Phường Quang Trung,"Nhà mặt phố, mặt tiền",Đã có sổ,5,2,42,226,Hà Nội
"Đường Hoàng Hoa Thám, Phường Ngọc Khánh, Quận Ba Đình, Hà Nội",Quận Ba Đình,Phường Ngọc Khánh,"Nhà ngõ, hẻm",Đã có sổ,3,3,45,85,Hà Nội
"Đường Chiến Lược||6405, Phường Tân Tạo, Quận Bình Tân, Tp Hồ Chí Minh",Quận Bình Tân,Phường Tân Tạo,"Nhà mặt phố, mặt tiền",Đã có sổ,1,2,48,20,Tp Hồ Chí Minh
"Đường Âu Dương Lân||4406, Phường 3, Quận 8, Tp Hồ Chí Minh",Quận 8,Phường 3,"Nhà ngõ, hẻm",Đã có sổ,2,4,4056,135,Tp Hồ Chí Minh
"Đường Xa lộ Hà Nội, Phường Hiệp Phú, Quận 9, Tp Hồ Chí Minh",Quận 9,Phường Hiệp Phú,"Nhà ngõ, hẻm",Đã có sổ,,3,4056,21,Tp Hồ Chí Minh
"Đường Cầu Giấy, Phường Yên Hoà, Quận Cầu Giấy, Hà Nội",Quận Cầu Giấy,Phường Yên Hoà,"Nhà ngõ, hẻm",Đã có sổ,4,,30,88,Hà Nội
"Đường Số 6, Phường Tăng Nhơn Phú B, Quận 9, Tp Hồ Chí Minh",Quận 9,Phường Tăng Nhơn Phú B,"Nhà mặt phố, mặt tiền",Đã có sổ,,4,62,80,Tp Hồ Chí Minh
"54 Tân lập, Phường Đông Hòa, Thị xã Dĩ An, Bình Dương, Phường Đông Hòa, Thị xã Dĩ An, Bình Dương",,Phường Đông Hòa,"Nhà mặt phố, mặt tiền",Đang chờ sổ,,2,62,30,Bình Dương
"Đường Suối Dinh, Xã Tây Hoà, Huyện Trảng Bom, Đồng Nai",Huyện Trảng Bom,Xã Tây Hoà,"Nhà mặt phố, mặt tiền",Đã có sổ,,,125,5,Đồng Nai
"Đường Võ Nguyên Giáp, Xã Diên Toàn, Huyện Diên Khánh, Khánh Hòa",Huyện Diên Khánh,Xã Diên Toàn,"Nhà mặt phố, mặt tiền",Đã có sổ,,,200,6,Khánh Hòa
"Đường Quang Trung, Phường 10, Quận Gò Vấp, Tp Hồ Chí Minh",Quận Gò Vấp,Phường 10,"Nhà ngõ, hẻm",Đã có sổ,1,2,46,73,Tp Hồ Chí Minh
"Đường Tỉnh lộ 10A, Xã Phú Xuân, Huyện Phú Vang, Thừa Thiên Huế",Huyện Phú Vang,Xã Phú Xuân,"Nhà mặt phố, mặt tiền",Đã có sổ,,2,104,14,Thừa Thiên Huế
"Đường Hoàng Hoa Thám, Phường Vĩnh Phúc, Quận Ba Đình, Hà Nội",Quận Ba Đình,Phường Vĩnh Phúc,"Nhà ngõ, hẻm",Đã có sổ,4,3,46,83,Hà Nội
"Đường Quan Nhân, Phường Nhân Chính, Quận Thanh Xuân, Hà Nội",Quận Thanh Xuân,Phường Nhân Chính,"Nhà ngõ, hẻm",Đã có sổ,5,1,36,129,Hà Nội
"Đường Quốc Lộ 55B, Thị trấn Tân Nghĩa, Huyện Hàm Tân, Bình Thuận",Huyện Hàm Tân,,"Nhà ngõ, hẻm",Đã có sổ,,,1850,2,Bình Thuận
"Đường Ngọc Hồi, Xã Ngọc Hồi, Huyện Thanh Trì, Hà Nội",Huyện Thanh Trì,Xã Ngọc Hồi,"Nhà ngõ, hẻm",Đã có sổ,,,125,70,Hà Nội
"Đường Man Thiện, Phường Tăng Nhơn Phú A, Quận 9, Tp Hồ Chí Minh",Quận 9,Phường Tăng Nhơn Phú A,"Nhà ngõ, hẻm",Đã có sổ,,,170,57,Tp Hồ Chí Minh
"PHan đình giót, Phường La Khê, Quận Hà Đông, Hà Nội",Quận Hà Đông,Phường La Khê,"Nhà ngõ, hẻm",Đã có sổ,4,1,33,63,Hà Nội
"Đường Đỗ Xuân Hợp, Phường Phước Long B, Quận 9, Tp Hồ Chí Minh",Quận 9,Phường Phước Long B,"Nhà ngõ, hẻm",Đã có sổ,,3,60,10,Tp Hồ Chí Minh
"Đường Đỗ Xuân Hợp, Phường Phước Long B, Quận 9, Tp Hồ Chí Minh",Quận 9,Phường Phước Long B,"Nhà mặt phố, mặt tiền",Đã có sổ,,,206,140,Tp Hồ Chí Minh
"Đường Phan Văn Hớn, Phường Tân Thới Nhất, Quận 12, Tp Hồ Chí Minh",Quận 12,Phường Tân Thới Nhất,"Nhà mặt phố, mặt tiền",Đã có sổ,,2,206,35,Tp Hồ Chí Minh
"Phú lương, Phường Phú Lương, Quận Hà Đông, Hà Nội",Quận Hà Đông,Phường Phú Lương,"Nhà mặt phố, mặt tiền",Đã có sổ,,,43,32,Hà Nội
"Đường Âu Cơ, Phường 10, Quận Tân Bình, Tp Hồ Chí Minh",Quận Tân Bình,Phường 10,"Nhà ngõ, hẻm",Đã có sổ,3,4,55,122,Tp Hồ Chí Minh
"Lĩnh Nam, Phường Mai Động, Quận Hoàng Mai, Hà Nội",Quận Hoàng Mai,Phường Mai Động,"Nhà ngõ, hẻm",Đã có sổ,5,3,34,76,Hà Nội
"Đường Hồ Văn Long, Phường Bình Hưng Hoà B, Quận Bình Tân, Tp Hồ Chí Minh",Quận Bình Tân,Phường Bình Hưng Hoà B,"Nhà mặt phố, mặt tiền",Đã có sổ,3,2,80,95,Tp Hồ Chí Minh
"2b, Phường Long Hòa, Quận Bình Thuỷ, Cần Thơ",Quận Bình Thuỷ,Phường Long Hòa,"Nhà mặt phố, mặt tiền",Đang chờ sổ,,,63,20,Cần Thơ
"Đường Triều Khúc, Xã Tân Triều, Huyện Thanh Trì, Hà Nội",Huyện Thanh Trì,Xã Tân Triều,"Nhà mặt phố, mặt tiền",Đã có sổ,,,33,145,Hà Nội
"Vườn Lài, Phường An Phú Đông, Quận 12, Tp Hồ Chí Minh",Quận 12,Phường An Phú Đông,"Nhà ngõ, hẻm",Đã có sổ,1,,40,63,Tp Hồ Chí Minh
"Đường Lái Thiêu 96, Phường Lái Thiêu, Thị xã Thuận An, Bình Dương",,Phường Lái Thiêu,"Nhà ngõ, hẻm",Đã có sổ,,,96,9,Bình Dương
Đường Đặng Văn Bi,,,"Nhà mặt phố, mặt tiền",Đã có sổ,3,,50,117,#VALUE!
"Đường Lộ Ngân Hàng, Phường An Khánh, Quận Ninh Kiều, Cần Thơ",Quận Ninh Kiều,Phường An Khánh,"Nhà ngõ, hẻm",Đã có sổ,,2,77,31,Cần Thơ
"54 Tân lập, Phường Đông Hòa, Thị xã Dĩ An, Bình Dương, Phường Đông Hòa, Thị xã Dĩ An, Bình Dương",,Phường Đông Hòa,"Nhà ngõ, hẻm",Đang chờ sổ,,,823,23,Bình Dương
"21/49N, Đường Hồng Lạc, Phường 10, Quận Tân Bình, Tp Hồ Chí Minh",Quận Tân Bình,Phường 10,"Nhà ngõ, hẻm",Đang chờ sổ,1,3,60,71,Tp Hồ Chí Minh
"Đường Quốc lộ 1A, Phường An Phú Đông, Quận 12, Tp Hồ Chí Minh",Quận 12,Phường An Phú Đông,"Nhà ngõ, hẻm",Đã có sổ,,,110,32,Tp Hồ Chí Minh
"Đường Chơn Tâm 5, Phường Hòa Khánh Nam, Quận Liên Chiểu, Đà Nẵng",Quận Liên Chiểu,Phường Hòa Khánh Nam,"Nhà ngõ, hẻm",Đã có sổ,,,100,24,Đà Nẵng
"Đường Quốc Lộ 20, Xã Hiệp An, Huyện Đức Trọng, Lâm Đồng",Huyện Đức Trọng,Xã Hiệp An,"Nhà ngõ, hẻm",Đã có sổ,,,1997,2,Lâm Đồng
"Đường Liên Phường, Phường Bần Yên Nhân, Thị xã Mỹ Hào, Hưng Yên",,Đường Liên Phường,"Nhà ngõ, hẻm",Đã có sổ,,,108,27,Hưng Yên
"Đường Giáp Bát, Phường Giáp Bát, Quận Hoàng Mai, Hà Nội",Quận Hoàng Mai,Phường Giáp Bát,"Nhà ngõ, hẻm",Đã có sổ,,1,108,17,Hà Nội
"Đường Đào Tấn, Phường Liễu Giai, Quận Ba Đình, Hà Nội",Quận Ba Đình,Phường Liễu Giai,"Nhà ngõ, hẻm",Đã có sổ,,,50,53,Hà Nội
"Lò Gốm, Phường 9, Quận 6, Tp Hồ Chí Minh",Quận 6,Phường 9,"Nhà ngõ, hẻm",Đã có sổ,,,23,102,Tp Hồ Chí Minh
"Đường Cây Keo, Phường Tam Phú, Quận Thủ Đức, Tp Hồ Chí Minh",Quận Thủ Đức,Phường Tam Phú,"Nhà ngõ, hẻm",Đã có sổ,,,51,66,Tp Hồ Chí Minh
"Đường Nguyễn Văn Trỗi, Phường An Phú, Thị xã Thuận An, Bình Dương",,Phường An Phú,"Nhà ngõ, hẻm",Đã có sổ,,,71,12,Bình Dương
"Đường Xa lộ Hà Nội, Phường Hiệp Phú, Quận 9, Tp Hồ Chí Minh",Quận 9,Phường Hiệp Phú,"Nhà ngõ, hẻm",Đã có sổ,,2,71,24,Tp Hồ Chí Minh
"Đường Xuân La, Phường Xuân La, Quận Tây Hồ, Hà Nội",Quận Tây Hồ,Phường Xuân La,"Nhà ngõ, hẻm",Đã có sổ,5,,35,105,Hà Nội
"613b/21, Đường Ba Đình, Phường 9, Quận 8, Tp Hồ Chí Minh",Quận 8,Phường 9,"Nhà ngõ, hẻm",Đã có sổ,,2,34,54,Tp Hồ Chí Minh
"Đường Trần Khắc Chân, Phường Tân Định, Quận 1, Tp Hồ Chí Minh",Quận 1,Phường Tân Định,"Nhà ngõ, hẻm",Đã có sổ,3,,56,196,Tp Hồ Chí Minh
"Đường Bùi Xương Trạch, Phường Khương Trung, Quận Thanh Xuân, Hà Nội",Quận Thanh Xuân,Phường Khương Trung,"Nhà ngõ, hẻm",Đã có sổ,,2,43,83,Hà Nội
"43, Đường Khương Trung, Phường Khương Trung, Quận Thanh Xuân, Hà Nội",Quận Thanh Xuân,Phường Khương Trung,"Nhà ngõ, hẻm",Đã có sổ,4,2,50,90,Hà Nội
"Đường Tứ Liên, Phường Xuân La, Quận Tây Hồ, Hà Nội",Quận Tây Hồ,Phường Xuân La,"Nhà mặt phố, mặt tiền",Đã có sổ,5,4,48,135,Hà Nội
"Đường Thống Nhất, Phường 16, Quận Gò Vấp, Tp Hồ Chí Minh",Quận Gò Vấp,Phường 16,"Nhà ngõ, hẻm",Đã có sổ,1,2,512,70,Tp Hồ Chí Minh
"Võ Nguyên Giáp, Phường Điện Dương, Thị xã Điện Bàn, Quảng Nam",,Phường Điện Dương,"Nhà ngõ, hẻm",Đang chờ sổ,,,99,11,Quảng Nam
"Đường Số 3, Phường 9, Quận Gò Vấp, Tp Hồ Chí Minh",Quận Gò Vấp,Phường 9,"Nhà mặt phố, mặt tiền",Đã có sổ,3,5,114,69,Tp Hồ Chí Minh
"đường số 10, Phường Hiệp Bình Chánh, Quận Thủ Đức, Tp Hồ Chí Minh",Quận Thủ Đức,Phường Hiệp Bình Chánh,"Nhà mặt phố, mặt tiền",Đang chờ sổ,2,3,114,37,Tp Hồ Chí Minh
"Đường Quốc Lộ 13, Xã Minh Hưng, Huyện Chơn Thành, Bình Phước",Huyện Chơn Thành,Xã Minh Hưng,"Nhà mặt phố, mặt tiền",Đã có sổ,,,434,3,Bình Phước
"Đường Cầu Giấy, Phường Yên Hoà, Quận Cầu Giấy, Hà Nội",Quận Cầu Giấy,Phường Yên Hoà,"Nhà ngõ, hẻm",Đã có sổ,4,2,36,72,Hà Nội
"Tân thụy, Phường Phúc Đồng, Quận Long Biên, Hà Nội",Quận Long Biên,Phường Phúc Đồng,"Nhà mặt phố, mặt tiền",Đã có sổ,5,4,34,64,Hà Nội
"Bùi Tư Toàn., Phường 10, Quận 6, Tp Hồ Chí Minh",Quận 6,Phường 10,"Nhà ngõ, hẻm",Đã có sổ,1,2,30,76,Tp Hồ Chí Minh
"Đường Nguyễn Huệ, Phường Phú Nhuận, Thành phố Huế, Thừa Thiên Huế",,Phường Phú Nhuận,"Nhà ngõ, hẻm",Đã có sổ,,,46,36,Thừa Thiên Huế
Đường Hoàng Hoa Thám,,,"Nhà ngõ, hẻm",Đã có sổ,3,3,51,75,#VALUE!
"lái thiêu 05, Phường Lái Thiêu, Thị xã Thuận An, Bình Dương",,Phường Lái Thiêu,"Nhà ngõ, hẻm",Đã có sổ,,,80,12,Bình Dương
"đường hương lộ 11, Xã Hưng Long, Huyện Bình Chánh, Tp Hồ Chí Minh",Huyện Bình Chánh,Xã Hưng Long,"Nhà ngõ, hẻm",Đã có sổ,,,56,18,Tp Hồ Chí Minh
"Trung Lương 12, Phường Hòa Xuân, Quận Cẩm Lệ, Đà Nẵng",Quận Cẩm Lệ,Phường Hòa Xuân,"Nhà mặt phố, mặt tiền",Đã có sổ,2,3,100,47,Đà Nẵng
"Đường D12, Phường Phú Lợi, Thành phố Thủ Dầu Một, Bình Dương",,Phường Phú Lợi,"Nhà mặt phố, mặt tiền",Đã có sổ,,,100,41,Bình Dương
"Quang Trung, Phường La Khê, Quận Hà Đông, Hà Nội",Quận Hà Đông,Phường La Khê,"Nhà mặt phố, mặt tiền",Đã có sổ,5,1,38,75,Hà Nội
"Số 9, Đường Nguyễn Khoái, Phường 1, Quận 4, Tp Hồ Chí Minh",Quận 4,Phường 1,"Nhà mặt phố, mặt tiền",Đã có sổ,,1,38,50,Tp Hồ Chí Minh
"Đường Giải Phóng, Phường Giáp Bát, Quận Hoàng Mai, Hà Nội",Quận Hoàng Mai,Phường Giáp Bát,"Nhà mặt phố, mặt tiền",Đã có sổ,,,38,14,Hà Nội
"Tô Hiến Thành, Phường Phước Mỹ, Quận Sơn Trà, Đà Nẵng",Quận Sơn Trà,Phường Phước Mỹ,"Nhà mặt phố, mặt tiền",Đã có sổ,2,2,80,98,Đà Nẵng
"bình chuẩn 72, Phường Bình Chuẩn, Thị xã Thuận An, Bình Dương",,Phường Bình Chuẩn,"Nhà ngõ, hẻm",Giấy tờ khác,,3,52,17,Bình Dương
"Đường Nguyễn Thị Minh Khai, Phường Phú Hòa, Thành phố Thủ Dầu Một, Bình Dương",,Phường Phú Hòa,"Nhà ngõ, hẻm",Đã có sổ,,,95,9,Bình Dương
"Đường Số 42, Phường Bình Trưng Tây, Quận 2, Tp Hồ Chí Minh",Quận 2,Phường Bình Trưng Tây,"Nhà ngõ, hẻm",Đã có sổ,2,3,56,107,Tp Hồ Chí Minh
"Trần Hửu Tước, Phường Phước Mỹ, Quận Sơn Trà, Đà Nẵng",Quận Sơn Trà,Phường Phước Mỹ,"Nhà ngõ, hẻm",Đã có sổ,,,56,150,Đà Nẵng
"Đường Ngô Gia Tự, Phường Đức Giang, Quận Long Biên, Hà Nội",Quận Long Biên,Phường Đức Giang,"Nhà mặt phố, mặt tiền",Đã có sổ,3,,145,91,Hà Nội
"Đường Đồng Khởi, Phường Tam Hòa, Thành phố Biên Hòa, Đồng Nai",,Phường Tam Hòa,"Nhà mặt phố, mặt tiền",Đang chờ sổ,,1,145,19,Đồng Nai
"HẺM 150, Đường Nguyễn Thông, Phường An Thới, Quận Bình Thuỷ, Cần Thơ",Quận Bình Thuỷ,Phường An Thới,"Nhà mặt phố, mặt tiền",Đã có sổ,,,64,19,Cần Thơ
"Dt240, Xã Long Nguyên, Huyện Bàu Bàng, Bình Dương",Huyện Bàu Bàng,Xã Long Nguyên,"Nhà mặt phố, mặt tiền",Đã có sổ,,,100,3,Bình Dương
"Đường 3A||23715, Phường An Khánh, Quận Ninh Kiều, Cần Thơ",Quận Ninh Kiều,Phường An Khánh,"Nhà mặt phố, mặt tiền",Đã có sổ,1,3,76,60,Cần Thơ
"54 Tân lập, Phường Đông Hòa, Thị xã Dĩ An, Bình Dương, Phường Đông Hòa, Thị xã Dĩ An, Bình Dương",,Phường Đông Hòa,"Nhà mặt phố, mặt tiền",Đang chờ sổ,,,76,23,Bình Dương
"Đường Tô Hiệu, Phường Hiệp Tân, Quận Tân Phú, Tp Hồ Chí Minh",Quận Tân Phú,Phường Hiệp Tân,"Nhà mặt phố, mặt tiền",Đang chờ sổ,,3,76,35,Tp Hồ Chí Minh
"Đường An Phú Tây, Xã An Phú Tây, Huyện Bình Chánh, Tp Hồ Chí Minh",Huyện Bình Chánh,Xã An Phú Tây,"Nhà mặt phố, mặt tiền",Đã có sổ,1,4,100,13,Tp Hồ Chí Minh
"1037, Đường Đại Lộ Bình Dương, Phường Hiệp An, Thành phố Thủ Dầu Một, Bình Dương",,Phường Hiệp An,"Nhà mặt phố, mặt tiền",Đã có sổ,4,,100,48,Bình Dương
"Đường Lũy Bán Bích, Phường Hòa Thạnh, Quận Tân Phú, Tp Hồ Chí Minh",Quận Tân Phú,Phường Hòa Thạnh,"Nhà mặt phố, mặt tiền",Đã có sổ,,,100,31,Tp Hồ Chí Minh
"Đường Trương Vĩnh Ký, Phường Tân Sơn Nhì, Quận Tân Phú, Tp Hồ Chí Minh",Quận Tân Phú,Phường Tân Sơn Nhì,"Nhà mặt phố, mặt tiền",Đã có sổ,,2,100,28,Tp Hồ Chí Minh
"Đường Cầu Giấy, Phường Yên Hoà, Quận Cầu Giấy, Hà Nội",Quận Cầu Giấy,Phường Yên Hoà,"Nhà ngõ, hẻm",Đã có sổ,4,,31,85,Hà Nội
"Đường Thượng Thanh, Phường Thượng Thanh, Quận Long Biên, Hà Nội",Quận Long Biên,Phường Thượng Thanh,"Nhà ngõ, hẻm",Đã có sổ,2,,63,51,Hà Nội
"Đường Trường Chinh, Phường 15, Quận Tân Bình, Tp Hồ Chí Minh",Quận Tân Bình,Phường 15,"Nhà mặt phố, mặt tiền",Đã có sổ,,,64,273,Tp Hồ Chí Minh
"275/138/22, Đường Quang Trung, Phường 10, Quận Gò Vấp, Tp Hồ Chí Minh",Quận Gò Vấp,Phường 10,"Nhà ngõ, hẻm",Đã có sổ,,,72,68,Tp Hồ Chí Minh
"số 32, số 32 đường Thủy Lợi, Phường Phước Long A, Quận 9, Tp Hồ Chí Minh",Quận 9,Phường Phước Long A,"Nhà ngõ, hẻm",Đang chờ sổ,,2,72,28,Tp Hồ Chí Minh
"Ngọc Đại, Phường Đại Mỗ, Quận Nam Từ Liêm, Hà Nội",Quận Nam Từ Liêm,Phường Đại Mỗ,Nhà phố liền kề,Đã có sổ,5,,90,86,Hà Nội
"Đường Trịnh Thị Miếng, Xã Thới Tam Thôn, Huyện Hóc Môn, Tp Hồ Chí Minh",Huyện Hóc Môn,Xã Thới Tam Thôn,"Nhà mặt phố, mặt tiền",Đã có sổ,,,300,38,Tp Hồ Chí Minh
"N10, Phường 9, Quận 3, Tp Hồ Chí Minh",Quận 3,Phường 9,"Nhà mặt phố, mặt tiền",Đã có sổ,1,,150,6,Tp Hồ Chí Minh
"Trục 16, Xã Thạnh Phú, Huyện Vĩnh Cửu, Đồng Nai",Huyện Vĩnh Cửu,Xã Thạnh Phú,"Nhà mặt phố, mặt tiền",Giấy tờ khác,,,82,5,Đồng Nai
"Đường Cách Mạng Tháng Tám, Phường Phú Cường, Thành phố Thủ Dầu Một, Bình Dương",,Phường Phú Cường,"Nhà ngõ, hẻm",Đã có sổ,,,1115,18,Bình Dương
"Đường Quang Tiến, Phường Đại Mỗ, Quận Nam Từ Liêm, Hà Nội",Quận Nam Từ Liêm,Phường Đại Mỗ,"Nhà mặt phố, mặt tiền",Đã có sổ,4,,31,85,Hà Nội
"Đường Hà Huy Giáp, Phường Thạnh Lộc, Quận 12, Tp Hồ Chí Minh",Quận 12,Phường Thạnh Lộc,Nhà biệt thự,Đã có sổ,2,4,107,55,Tp Hồ Chí Minh
"Đường Số 8, Phường Trường Thạnh, Quận 9, Tp Hồ Chí Minh",Quận 9,Phường Trường Thạnh,Nhà biệt thự,Đã có sổ,,,50,46,Tp Hồ Chí Minh
"Đường Quốc Lộ 50, Xã Quy Đức, Huyện Bình Chánh, Tp Hồ Chí Minh",Huyện Bình Chánh,Xã Quy Đức,"Nhà ngõ, hẻm",Đã có sổ,1,,56,8,Tp Hồ Chí Minh
"Đường HL 610, Thị trấn Lai Uyên, Huyện Bàu Bàng, Bình Dương",Huyện Bàu Bàng,,"Nhà ngõ, hẻm",Đã có sổ,,,500,3,Bình Dương
Đường Vành Đai 4,,,"Nhà ngõ, hẻm",Đã có sổ,,,100,8,#VALUE!
"TĐC SONADZI đường D14, Xã Suối Nghệ, Huyện Châu Đức, Bà Rịa - Vũng Tàu",Huyện Châu Đức,Xã Suối Nghệ,"Nhà ngõ, hẻm",Đã có sổ,,,99,9,Bà Rịa - Vũng Tàu
"Đường Dương Đình Cúc, Xã Bình Chánh, Huyện Bình Chánh, Tp Hồ Chí Minh",Huyện Bình Chánh,Xã Bình Chánh,"Nhà mặt phố, mặt tiền",Đã có sổ,1,3,160,5,Tp Hồ Chí Minh
"Đường Vĩnh Hưng, Phường Vĩnh Hưng, Quận Hoàng Mai, Hà Nội",Quận Hoàng Mai,Phường Vĩnh Hưng,"Nhà ngõ, hẻm",Giấy tờ khác,5,3,22,70,Hà Nội
"Đường ĐT 747A, Phường Thạnh Phước, Thị xã Tân Uyên, Bình Dương",,Phường Thạnh Phước,"Nhà ngõ, hẻm",Đã có sổ,,,369,13,Bình Dương
"Đường Liên Tỉnh 5, Phường 5, Quận 8, Tp Hồ Chí Minh",Quận 8,Phường 5,"Nhà mặt phố, mặt tiền",Đã có sổ,3,4,57,131,Tp Hồ Chí Minh
"Đường ĐT 830, Xã Lương Hòa, Huyện Bến Lức, Long An",Huyện Bến Lức,Xã Lương Hòa,"Nhà mặt phố, mặt tiền",Đã có sổ,,,140,5,Long An
"Đường Tôn Đản, Phường 10, Quận 4, Tp Hồ Chí Minh",Quận 4,Phường 10,"Nhà ngõ, hẻm",Đã có sổ,1,,15,123,Tp Hồ Chí Minh
"Đường Phó Cơ Điều, Phường 4, Quận 11, Tp Hồ Chí Minh",Quận 11,Phường 4,"Nhà ngõ, hẻm",Đã có sổ,3,6,203,41,Tp Hồ Chí Minh
"Đường Phố Vọng, Phường Đồng Tâm, Quận Hai Bà Trưng, Hà Nội",Quận Hai Bà Trưng,Phường Đồng Tâm,"Nhà ngõ, hẻm",Đã có sổ,,,203,13,Hà Nội
"Đường Ngô Thì Nhậm, Phường La Khê, Quận Hà Đông, Hà Nội",Quận Hà Đông,Phường La Khê,"Nhà mặt phố, mặt tiền",Đã có sổ,5,1,36,75,Hà Nội
"Đường Mỹ Đình, Phường Mỹ Đình 1, Quận Nam Từ Liêm, Hà Nội",Quận Nam Từ Liêm,Phường Mỹ Đình 1,"Nhà ngõ, hẻm",Đã có sổ,5,,35,88,Hà Nội
"Đường Huỳnh Văn Nghệ, Phường 15, Quận Tân Bình, Tp Hồ Chí Minh",Quận Tân Bình,Phường 15,"Nhà ngõ, hẻm",Đã có sổ,,,56,66,Tp Hồ Chí Minh
"Đường Lê Tấn Bê, Phường An Lạc, Quận Bình Tân, Tp Hồ Chí Minh",Quận Bình Tân,Phường An Lạc,"Nhà mặt phố, mặt tiền",Đã có sổ,1,2,44,21,Tp Hồ Chí Minh
"Ấp Thanh Dong, Xã Thạnh Đông B, Huyện Tân Hiệp, Kiên Giang",Huyện Tân Hiệp,Xã Thạnh Đông B,"Nhà mặt phố, mặt tiền",Đã có sổ,,,80,2,Kiên Giang
"Đường Nguyễn Chí Thanh, Phường Hiệp Thành, Thành phố Thủ Dầu Một, Bình Dương",,Phường Hiệp Thành,"Nhà mặt phố, mặt tiền",Đã có sổ,,,100,10,Bình Dương
"Đường D, Phường Linh Đông, Quận Thủ Đức, Tp Hồ Chí Minh",Quận Thủ Đức,Phường Linh Đông,"Nhà mặt phố, mặt tiền",Đã có sổ,1,2,150,9,Tp Hồ Chí Minh
"Đường Trần Văn Trà, Phường 3, Thành phố Tây Ninh, Tây Ninh",,Phường 3,"Nhà mặt phố, mặt tiền",Đã có sổ,,,100,4,Tây Ninh
"Đường Xa lộ Hà Nội, Phường Hiệp Phú, Quận 9, Tp Hồ Chí Minh",Quận 9,Phường Hiệp Phú,"Nhà mặt phố, mặt tiền",Đã có sổ,,2,100,20,Tp Hồ Chí Minh
"Đường Ngô Quyền, Phường 6, Quận 10, Tp Hồ Chí Minh",Quận 10,Phường 6,"Nhà ngõ, hẻm",Đã có sổ,2,,34,197,Tp Hồ Chí Minh
"Đường Hưng Long, Xã Hưng Thịnh, Huyện Trảng Bom, Đồng Nai",Huyện Trảng Bom,Xã Hưng Thịnh,"Nhà ngõ, hẻm",Đã có sổ,,,236,7,Đồng Nai
"Đường Nguyễn Trọng Quyền, Phường Tân Thới Hòa, Quận Tân Phú, Tp Hồ Chí Minh",Quận Tân Phú,Phường Tân Thới Hòa,"Nhà ngõ, hẻm",Đã có sổ,,,76,89,Tp Hồ Chí Minh
"Hẻm Gần Ngân Hàng Kiên Long, Phường Phú Khương, Thành phố Bến Tre, Bến Tre",,Phường Phú Khương,"Nhà ngõ, hẻm",Đã có sổ,,,155,10,Bến Tre
"Đường Nguyễn Xiển, Phường Long Thạnh Mỹ, Quận 9, Tp Hồ Chí Minh",Quận 9,Phường Long Thạnh Mỹ,"Nhà mặt phố, mặt tiền",Đã có sổ,1,3,100,59,Tp Hồ Chí Minh
"Đường Âu Cơ, Phường 10, Quận Tân Bình, Tp Hồ Chí Minh",Quận Tân Bình,Phường 10,"Nhà ngõ, hẻm",Đã có sổ,3,4,55,122,Tp Hồ Chí Minh
"Đường Lê Lai, Phường Nguyễn Trãi, Quận Hà Đông, Hà Nội",Quận Hà Đông,Phường Nguyễn Trãi,"Nhà ngõ, hẻm",Đã có sổ,,4,50,108,Hà Nội
"Đường Liên khu 4-5, Phường Bình Hưng Hoà B, Quận Bình Tân, Tp Hồ Chí Minh",Quận Bình Tân,Phường Bình Hưng Hoà B,"Nhà ngõ, hẻm",Đã có sổ,4,,76,4000,Tp Hồ Chí Minh
"Đường Hồ Học Lãm, Phường An Lạc, Quận Bình Tân, Tp Hồ Chí Minh",Quận Bình Tân,Phường An Lạc,"Nhà mặt phố, mặt tiền",Đã có sổ,1,2,56,17,Tp Hồ Chí Minh
"Đường Hùng Vương, Phường Cái Khế, Quận Ninh Kiều, Cần Thơ",Quận Ninh Kiều,Phường Cái Khế,"Nhà ngõ, hẻm",Đã có sổ,,2,45,41,Cần Thơ
"Đường Võ Nguyên Giáp, Phường Mỹ An, Quận Ngũ Hành Sơn, Đà Nẵng",Quận Ngũ Hành Sơn,Phường Mỹ An,"Nhà ngõ, hẻm",Đã có sổ,,,45,305,Đà Nẵng
"Đường Trần Trọng Cung, Phường Tân Thuận Đông, Quận 7, Tp Hồ Chí Minh",Quận 7,Phường Tân Thuận Đông,Nhà biệt thự,Đã có sổ,3,,200,107,Tp Hồ Chí Minh
"Đường Vũ Hữu, Phường Thanh Xuân Bắc, Quận Thanh Xuân, Hà Nội",Quận Thanh Xuân,Phường Thanh Xuân Bắc,Nhà biệt thự,Đang chờ sổ,4,1,200,126,Hà Nội
"Đường Bá Tùng||20218, Phường Hoà Quý, Quận Ngũ Hành Sơn, Đà Nẵng",Quận Ngũ Hành Sơn,Phường Hoà Quý,Nhà biệt thự,Đã có sổ,,,100,21,Đà Nẵng
"Đường Nguyễn Đức Thuận, Phường Hiệp Thành, Thành phố Thủ Dầu Một, Bình Dương",,Phường Hiệp Thành,Nhà biệt thự,Đã có sổ,,,110,25,Bình Dương
"Đường Cầu Giấy, Phường Quan Hoa, Quận Cầu Giấy, Hà Nội",Quận Cầu Giấy,Phường Quan Hoa,"Nhà ngõ, hẻm",Đã có sổ,4,,31,85,Hà Nội
"Đường Đào Tấn, Phường Ngọc Khánh, Quận Ba Đình, Hà Nội",Quận Ba Đình,Phường Ngọc Khánh,Nhà phố liền kề,Đã có sổ,,,26,69,Hà Nội
"Đường Liên Phường, Phường Phước Long B, Quận 9, Tp Hồ Chí Minh",Quận 9,Đường Liên Phường,Nhà phố liền kề,Đang chờ sổ,,2,26,35,Tp Hồ Chí Minh
"Ngõ 562, Đường Nguyễn Văn Linh, Phường Vĩnh Niệm, Quận Lê Chân, Hải Phòng",Quận Lê Chân,Phường Vĩnh Niệm,"Nhà ngõ, hẻm",Giấy tờ khác,3,,42,34,Hải Phòng
"QL1A, Xã Điện Thắng Bắc, Thị xã Điện Bàn, Quảng Nam",,Xã Điện Thắng Bắc,"Nhà ngõ, hẻm",Đã có sổ,,,88,10,Quảng Nam
"Đường Minh Mạng, Phường Thuỷ Xuân, Thành phố Huế, Thừa Thiên Huế",,Phường Thuỷ Xuân,"Nhà ngõ, hẻm",Đã có sổ,,,70,10,Thừa Thiên Huế
"Đường Phạm Thị Liên, Phường Kim Long, Thành phố Huế, Thừa Thiên Huế",,Phường Kim Long,Nhà biệt thự,Đã có sổ,2,3,100,31,Thừa Thiên Huế
"0005, Đường Thân Nhân Trung, Phường Trảng Dài, Thành phố Biên Hòa, Đồng Nai",,Phường Trảng Dài,"Nhà mặt phố, mặt tiền",Giấy tờ khác,1,2,64,19,Đồng Nai
"Đường Hương Lộ 11, Xã Long Thượng, Huyện Cần Giuộc, Long An",Huyện Cần Giuộc,Xã Long Thượng,"Nhà mặt phố, mặt tiền",Đã có sổ,,,100,21,Long An
"Đường Quốc lộ 1A||17403, Xã Tây Hoà, Huyện Trảng Bom, Đồng Nai",Huyện Trảng Bom,Xã Tây Hoà,"Nhà mặt phố, mặt tiền",Đã có sổ,,,742,7,Đồng Nai
"Đường Số 8, Xã Phạm Văn Cội, Huyện Củ Chi, Tp Hồ Chí Minh",Huyện Củ Chi,Xã Phạm Văn Cội,"Nhà mặt phố, mặt tiền",Đã có sổ,,,126,9,Tp Hồ Chí Minh
"Đường Hồng Mai, Phường Bạch Mai, Quận Hai Bà Trưng, Hà Nội",Quận Hai Bà Trưng,Phường Bạch Mai,"Nhà mặt phố, mặt tiền",Đã có sổ,,,126,17,Hà Nội
"Đường Hào Nam, Phường Ô Chợ Dừa, Quận Đống Đa, Hà Nội",Quận Đống Đa,Phường Ô Chợ Dừa,"Nhà ngõ, hẻm",Đã có sổ,5,,48,106,Hà Nội
"Vạn Phúc, Phường Vạn Phúc, Quận Hà Đông, Hà Nội",Quận Hà Đông,Phường Vạn Phúc,"Nhà mặt phố, mặt tiền",Đã có sổ,4,2,43,76,Hà Nội
"Đường Phùng Quán, Phường Thủy Dương, Thị xã Hương Thủy, Thừa Thiên Huế",,Phường Thủy Dương,"Nhà mặt phố, mặt tiền",Đã có sổ,,,100,15,Thừa Thiên Huế
"Đường Võ Nguyên Giáp, Phường Phước Mỹ, Quận Sơn Trà, Đà Nẵng",Quận Sơn Trà,Phường Phước Mỹ,"Nhà mặt phố, mặt tiền",Đã có sổ,,,2600,152,Đà Nẵng
"Đảo Ngọc, Xã Tịnh An, Thành phố Quảng Ngãi, Quảng Ngãi",,Xã Tịnh An,"Nhà mặt phố, mặt tiền",Đã có sổ,,,106,3,Quảng Ngãi
"Đường Số 8, Phường Lái Thiêu, Thị xã Thuận An, Bình Dương",,Phường Lái Thiêu,"Nhà mặt phố, mặt tiền",Đã có sổ,,,100,15,Bình Dương
"nguyễn thượng hiền, Phường 6, Quận Bình Thạnh, Tp Hồ Chí Minh",Quận Bình Thạnh,Phường 6,"Nhà ngõ, hẻm",Đã có sổ,,,40,40,Tp Hồ Chí Minh
"Đường Cầu Giấy, Phường Quan Hoa, Quận Cầu Giấy, Hà Nội",Quận Cầu Giấy,Phường Quan Hoa,"Nhà ngõ, hẻm",Đã có sổ,4,,31,85,Hà Nội
"Đường Trương Vĩnh Nguyên, Phường Phú Thứ, Quận Cái Răng, Cần Thơ",Quận Cái Răng,Phường Phú Thứ,"Nhà ngõ, hẻm",Đã có sổ,,,2902,4,Cần Thơ
"Đường Tỉnh Lộ 10, Xã Phạm Văn Hai, Huyện Bình Chánh, Tp Hồ Chí Minh",Huyện Bình Chánh,Xã Phạm Văn Hai,"Nhà mặt phố, mặt tiền",Đã có sổ,1,2,40,9,Tp Hồ Chí Minh
"Đường Cầu Giấy, Phường Yên Hoà, Quận Cầu Giấy, Hà Nội",Quận Cầu Giấy,Phường Yên Hoà,"Nhà ngõ, hẻm",Đã có sổ,4,,31,85,Hà Nội
"Đường Nguyễn Văn Chính, Phường Thủy Phương, Thị xã Hương Thủy, Thừa Thiên Huế",,Phường Thủy Phương,"Nhà ngõ, hẻm",Đã có sổ,,,80,8,Thừa Thiên Huế
"Đường Số 10A, Xã Bình Chánh, Huyện Bình Chánh, Tp Hồ Chí Minh",Huyện Bình Chánh,Xã Bình Chánh,"Nhà mặt phố, mặt tiền",Đã có sổ,1,3,90,13,Tp Hồ Chí Minh
"Lộc Ngãi, Xã Lộc Ngãi, Huyện Bảo Lâm, Lâm Đồng",Huyện Bảo Lâm,Xã Lộc Ngãi,"Nhà mặt phố, mặt tiền",Đã có sổ,,,107,3,Lâm Đồng
"Lý Tự Trọng, Phường Bình Chuẩn, Thị xã Thuận An, Bình Dương",,Phường Bình Chuẩn,"Nhà mặt phố, mặt tiền",Đã có sổ,,,80,13,Bình Dương
"Đường Thủ Khoa Huân, Phường An Thạnh, Thị xã Thuận An, Bình Dương",,Phường An Thạnh,"Nhà mặt phố, mặt tiền",Đã có sổ,,,90,10,Bình Dương
"Đường Nguyễn Xiển, Phường Long Thạnh Mỹ, Quận 9, Tp Hồ Chí Minh",Quận 9,Phường Long Thạnh Mỹ,"Nhà mặt phố, mặt tiền",Đang chờ sổ,5,2,800,36,Tp Hồ Chí Minh
"Đoàn Nguyễn Tuấn, Xã Hưng Long, Huyện Bình Chánh, Tp Hồ Chí Minh",Huyện Bình Chánh,Xã Hưng Long,"Nhà ngõ, hẻm",Đang chờ sổ,2,2,21,24,Tp Hồ Chí Minh
"K338, đường Hải Phòng, Phường Chính Gián, Quận Thanh Khê, Đà Nẵng",Quận Thanh Khê,Phường Chính Gián,"Nhà ngõ, hẻm",Đang chờ sổ,2,,94,31,Đà Nẵng
"Đường Võ Nguyên Giáp, Xã Diên Toàn, Huyện Diên Khánh, Khánh Hòa",Huyện Diên Khánh,Xã Diên Toàn,"Nhà ngõ, hẻm",Đã có sổ,,,200,6,Khánh Hòa
"Đường Nguyễn Trãi, Phường Kim Giang, Quận Thanh Xuân, Hà Nội",Quận Thanh Xuân,Phường Kim Giang,"Nhà ngõ, hẻm",Đã có sổ,5,2,75,123,Hà Nội
"Mân Quang, Phường Thọ Quang, Quận Sơn Trà, Đà Nẵng",Quận Sơn Trà,Phường Thọ Quang,"Nhà mặt phố, mặt tiền",Đã có sổ,2,3,100,37,Đà Nẵng
"Đường số 18 Royal Park Huế, Xã Thủy Thanh, Thị xã Hương Thủy, Thừa Thiên Huế",,Xã Thủy Thanh,Nhà phố liền kề,Đang chờ sổ,3,3,112,31,Thừa Thiên Huế
"Đường Nguyễn Đình Chiểu, Phường 4, Quận 3, Tp Hồ Chí Minh",Quận 3,Phường 4,"Nhà ngõ, hẻm",Đã có sổ,2,3,60,101,Tp Hồ Chí Minh
"Đường Trường Sa, Phường 14, Quận 3, Tp Hồ Chí Minh",Quận 3,Phường 14,"Nhà ngõ, hẻm",Đã có sổ,4,,56,110,Tp Hồ Chí Minh
"Đường Mẹ Nhu, Phường Thanh Khê Đông, Quận Thanh Khê, Đà Nẵng",Quận Thanh Khê,Phường Thanh Khê Đông,"Nhà ngõ, hẻm",Đã có sổ,,,66,50,Đà Nẵng
"Đường Trịnh Đình Trọng, Phường Phú Trung, Quận Tân Phú, Tp Hồ Chí Minh",Quận Tân Phú,Phường Phú Trung,"Nhà ngõ, hẻm",Đã có sổ,1,,28,105,Tp Hồ Chí Minh
"Đường Cách Mạng Tháng Tám, Thị trấn Dương Đông, Huyện Phú Quốc, Kiên Giang",Huyện Phú Quốc,,"Nhà ngõ, hẻm",Đã có sổ,10,,190,27,Kiên Giang
"nguyễn tất thành, Phường Hòa Hiệp Nam, Quận Liên Chiểu, Đà Nẵng",Quận Liên Chiểu,Phường Hòa Hiệp Nam,"Nhà ngõ, hẻm",Đã có sổ,,,125,14,Đà Nẵng
"D35, Phường Hưng Thạnh, Quận Cái Răng, Cần Thơ",Quận Cái Răng,Phường Hưng Thạnh,"Nhà ngõ, hẻm",Đang chờ sổ,,,85,14,Cần Thơ
"Đường Quốc Lộ 22, Xã Bàu Đồn, Huyện Gò Dầu, Tây Ninh",Huyện Gò Dầu,Xã Bàu Đồn,"Nhà ngõ, hẻm",Đã có sổ,,,90,4,Tây Ninh
"1419, Đường Lê Văn Lương, Xã Phước Kiển, Huyện Nhà Bè, Tp Hồ Chí Minh",Huyện Nhà Bè,Xã Phước Kiển,"Nhà ngõ, hẻm",Đã có sổ,2,4,41,67,Tp Hồ Chí Minh
"tam trinh, Phường Minh Khai, Quận Hai Bà Trưng, Hà Nội",Quận Hai Bà Trưng,Phường Minh Khai,"Nhà ngõ, hẻm",Đã có sổ,6,,35,85,Hà Nội
"227/79, Đường Nguyễn Văn Thoại, Phường Phước Mỹ, Quận Sơn Trà, Đà Nẵng",Quận Sơn Trà,Phường Phước Mỹ,"Nhà ngõ, hẻm",Đã có sổ,6,10,35,24,Đà Nẵng
"Đường Lò Đúc, Phường Đống Mác, Quận Hai Bà Trưng, Hà Nội",Quận Hai Bà Trưng,Phường Đống Mác,"Nhà ngõ, hẻm",Đã có sổ,,3,35,16,Hà Nội
"Binh chuan 61, Phường Tân Phước Khánh, Thị xã Tân Uyên, Bình Dương",,Phường Tân Phước Khánh,"Nhà ngõ, hẻm",Đã có sổ,,,72,13,Bình Dương
"Đường 970, Phường Phú Hữu, Quận 9, Tp Hồ Chí Minh",Quận 9,Phường Phú Hữu,"Nhà ngõ, hẻm",Đã có sổ,,,55,57,Tp Hồ Chí Minh
"496/63/10b, Đường Dương Quảng Hàm, Phường 5, Quận Gò Vấp, Tp Hồ Chí Minh",Quận Gò Vấp,Phường 5,"Nhà ngõ, hẻm",Đã có sổ,,,150,57,Tp Hồ Chí Minh
"Đường Quốc Lộ 13, Phường Bình Hòa, Thị xã Thuận An, Bình Dương",,Phường Bình Hòa,"Nhà ngõ, hẻm",Đã có sổ,40,1,503,30,Bình Dương
"Đường Bến Than, Xã Tân Thạnh Đông, Huyện Củ Chi, Tp Hồ Chí Minh",Huyện Củ Chi,Xã Tân Thạnh Đông,"Nhà ngõ, hẻm",Đã có sổ,,,132,10,Tp Hồ Chí Minh
"Đường Trường Bình, Xã Trường Bình, Huyện Cần Giuộc, Long An",Huyện Cần Giuộc,Xã Trường Bình,"Nhà ngõ, hẻm",Giấy tờ khác,4,1,50,9,Long An
"9, Đường Tăng Thiết Giáp, Phường Cổ Nhuế 2, Quận Bắc Từ Liêm, Hà Nội",Quận Bắc Từ Liêm,Phường Cổ Nhuế 2,"Nhà mặt phố, mặt tiền",Đã có sổ,5,,33,115,Hà Nội
"Đường Máng Nước, Xã An Đồng, Huyện An Dương, Hải Phòng",Huyện An Dương,Xã An Đồng,"Nhà ngõ, hẻm",Đã có sổ,3,1,50,29,Hải Phòng
"tây sơn, Phường Quang Trung, Quận Đống Đa, Hà Nội",Quận Đống Đa,Phường Quang Trung,"Nhà ngõ, hẻm",Đã có sổ,4,,45,77,Hà Nội
"Sân Bia, Phường Phú Tân, Thành phố Bến Tre, Bến Tre",,Phường Phú Tân,"Nhà ngõ, hẻm",Đã có sổ,,,126,4,Bến Tre
"Đường Võ Văn Ngân, Phường Bình Thọ, Quận Thủ Đức, Tp Hồ Chí Minh",Quận Thủ Đức,Phường Bình Thọ,"Nhà ngõ, hẻm",Đã có sổ,,4,65,11,Tp Hồ Chí Minh
"vạn phúc, Phường Vạn Phúc, Quận Hà Đông, Hà Nội",Quận Hà Đông,Phường Vạn Phúc,"Nhà ngõ, hẻm",Đã có sổ,4,2,35,68,Hà Nội
"Tô Ngọc Vân, Phường Thạnh Xuân, Quận 12, Tp Hồ Chí Minh",Quận 12,Phường Thạnh Xuân,"Nhà mặt phố, mặt tiền",Đã có sổ,,,100,30,Tp Hồ Chí Minh
"GH44, Đường Xuân Thủy, Phường Dịch Vọng Hậu, Quận Cầu Giấy, Hà Nội",Quận Cầu Giấy,Phường Dịch Vọng Hậu,"Nhà mặt phố, mặt tiền",Đã có sổ,,2,366,163,Hà Nội
"P501, đơn nguyên 1, Ngõ 15, Đường An Dương Vương, Phường Phú Thượng, Quận Tây Hồ, Hà Nội",Quận Tây Hồ,Phường Phú Thượng,"Nhà mặt phố, mặt tiền",Đã có sổ,7,2,366,22,Hà Nội
"Đường Võ Chí Công, Phường Phú Hữu, Quận 9, Tp Hồ Chí Minh",Quận 9,Phường Phú Hữu,"Nhà mặt phố, mặt tiền",Đã có sổ,22,1,366,28,Tp Hồ Chí Minh
"192 đường Phạm Đức Sơn, phường 16, quận 8",,,"Nhà mặt phố, mặt tiền",Đang chờ sổ,,,366,38,quận 8
"Đường Trần Xuân Soạn, Phường Tân Hưng, Quận 7, Tp Hồ Chí Minh",Quận 7,Phường Tân Hưng,"Nhà mặt phố, mặt tiền",Đang chờ sổ,6,,366,27,Tp Hồ Chí Minh
"Đường Cao tốc Mỹ Phước – Tân Vạn, Phường Thới Hòa, Thị xã Bến Cát, Bình Dương",,Phường Thới Hòa,"Nhà mặt phố, mặt tiền",Đã có sổ,,,150,8,Bình Dương
"1B, Đường Số 5, Phường An Lạc, Quận Bình Tân, Tp Hồ Chí Minh",Quận Bình Tân,Phường An Lạc,"Nhà mặt phố, mặt tiền",Đã có sổ,,2,192,20,Tp Hồ Chí Minh
"Võ Nguyên Giáp, Phường Điện Dương, Thị xã Điện Bàn, Quảng Nam",,Phường Điện Dương,"Nhà mặt phố, mặt tiền",Đang chờ sổ,,,99,11,Quảng Nam
"999, Hồ Trung Quí, Phường Thái Hòa, Thị xã Tân Uyên, Bình Dương",,Phường Thái Hòa,"Nhà mặt phố, mặt tiền",Đang chờ sổ,,2,48,16,Bình Dương
"899, Đường Nguyễn Trung Trực, Phường 3, Thành phố Đà Lạt, Lâm Đồng",,Phường 3,Nhà phố liền kề,Đã có sổ,4,2,96,43,Lâm Đồng
"Đường Thanh Niên 3, Xã Trừ Văn Thố, Huyện Bàu Bàng, Bình Dương",Huyện Bàu Bàng,Xã Trừ Văn Thố,Nhà phố liền kề,Đã có sổ,,,145,3,Bình Dương
"Đường ĐT 741, Phường Mỹ Phước, Thị xã Bến Cát, Bình Dương",,Phường Mỹ Phước,Nhà phố liền kề,Đã có sổ,,,80,8,Bình Dương
"An dương vương, Phường Bình Trị Đông, Quận Bình Tân, Tp Hồ Chí Minh",Quận Bình Tân,Phường Bình Trị Đông,Nhà phố liền kề,Đã có sổ,,,4743,79,Tp Hồ Chí Minh
"Đường Số 22, Phường Linh Đông, Quận Thủ Đức, Tp Hồ Chí Minh",Quận Thủ Đức,Phường Linh Đông,Nhà phố liền kề,Đã có sổ,4,4,501,114,Tp Hồ Chí Minh
"Đường Lê Hồng Phong, Phường 10, Quận Gò Vấp, Tp Hồ Chí Minh",Quận Gò Vấp,Phường 10,"Nhà mặt phố, mặt tiền",Đã có sổ,,,300,5,Tp Hồ Chí Minh
"Yên hòa, Phường Yên Hoà, Quận Cầu Giấy, Hà Nội",Quận Cầu Giấy,Phường Yên Hoà,"Nhà ngõ, hẻm",Đã có sổ,,6,60,88,Hà Nội
"Đường Nguyễn Viết Xuân, Phường Thủy Phương, Thị xã Hương Thủy, Thừa Thiên Huế",,Phường Thủy Phương,"Nhà ngõ, hẻm",Đã có sổ,,,84,9,Thừa Thiên Huế
Đường Phạm Văn Đồng,,,"Nhà mặt phố, mặt tiền",Đã có sổ,3,,60,142,#VALUE!
"113/89, 113/89 Đường An Dương Vương, Phường An Lạc, Quận Bình Tân, Tp Hồ Chí Minh",Quận Bình Tân,Phường An Lạc,"Nhà mặt phố, mặt tiền",Đã có sổ,,2,60,23,Tp Hồ Chí Minh
"Hậu Ái, Xã Vân Canh, Huyện Hoài Đức, Hà Nội",Huyện Hoài Đức,Xã Vân Canh,"Nhà ngõ, hẻm",Đã có sổ,4,1,31,58,Hà Nội
"Đường ĐT 743, Phường Bình Chuẩn, Thị xã Thuận An, Bình Dương",,Phường Bình Chuẩn,"Nhà mặt phố, mặt tiền",Đã có sổ,2,4,80,31,Bình Dương
"ngoc thuy, Phường Ngọc Thụy, Quận Long Biên, Hà Nội",Quận Long Biên,Phường Ngọc Thụy,"Nhà ngõ, hẻm",Đã có sổ,4,,35,77,Hà Nội
"Đường 31, Phường An Phú, Quận 2, Tp Hồ Chí Minh",Quận 2,Phường An Phú,"Nhà mặt phố, mặt tiền",Đã có sổ,2,4,80,187,Tp Hồ Chí Minh
Đường Đào Duy Từ,,,"Nhà ngõ, hẻm",Đã có sổ,2,,86,46,#VALUE!
"Đường Yên Phúc, Phường Văn Quán, Quận Hà Đông, Hà Nội",Quận Hà Đông,Phường Văn Quán,Nhà biệt thự,Đã có sổ,,,216,87,Hà Nội
"Đường Tân Xuân 6, Xã Tân Xuân, Huyện Hóc Môn, Tp Hồ Chí Minh",Huyện Hóc Môn,Xã Tân Xuân,"Nhà ngõ, hẻm",Đã có sổ,,2,36,34,Tp Hồ Chí Minh
"86/34 đường số 14, phường 08, Gò vấp, Phường 3, Quận Gò Vấp, Tp Hồ Chí Minh",Quận Gò Vấp,Phường 3,"Nhà ngõ, hẻm",Đã có sổ,1,2,72,72,Tp Hồ Chí Minh
"Dường Hội Bài-Châu Pha, Xã Tân Hoà, Thị xã Phú Mỹ, Bà Rịa - Vũng Tàu",,Xã Tân Hoà,"Nhà ngõ, hẻm",Đã có sổ,,,140,2,Bà Rịa - Vũng Tàu
"Đường Phan Huy Ích, Phường 15, Quận Tân Bình, Tp Hồ Chí Minh",Quận Tân Bình,Phường 15,"Nhà ngõ, hẻm",Đã có sổ,3,4,69,97,Tp Hồ Chí Minh
"Đường Hoàng Hoa Thám, Phường 10, Thành phố Đà Lạt, Lâm Đồng",,Phường 10,"Nhà ngõ, hẻm",Đã có sổ,,,300,22,Lâm Đồng
"DX, Đường Quốc lộ 14||16824, Thị trấn Chơn Thành, Huyện Chơn Thành, Bình Phước",Huyện Chơn Thành,,"Nhà ngõ, hẻm",Đã có sổ,,,210,2,Bình Phước
"Đường Huỳnh Tấn Phát, Thị trấn Nhà Bè, Huyện Nhà Bè, Tp Hồ Chí Minh",Huyện Nhà Bè,,Nhà phố liền kề,Đã có sổ,4,5,80,68,Tp Hồ Chí Minh
"Đường Bùi Thị Xuân, Phường 2, Thành phố Đà Lạt, Lâm Đồng",,Phường 2,Nhà phố liền kề,Đã có sổ,,,345,92,Lâm Đồng
"đường hẻm ô tô 4 và 7 chổ vào được, Xã Vĩnh Phương, Thành phố Nha Trang, Khánh Hòa",,Xã Vĩnh Phương,"Nhà ngõ, hẻm",Đã có sổ,,,148,7,Khánh Hòa
"Đường Số 980, Phường Phú Hữu, Quận 9, Tp Hồ Chí Minh",Quận 9,Phường Phú Hữu,"Nhà ngõ, hẻm",Đã có sổ,6,,66,54,Tp Hồ Chí Minh
"10, Đường Quốc Lộ 50, Xã Tân Kim, Huyện Cần Giuộc, Long An",Huyện Cần Giuộc,Xã Tân Kim,"Nhà ngõ, hẻm",Đã có sổ,,,100,4,Long An
"số 9 ngõ 169/52, Đường Hoàng Mai, Phường Tân Mai, Quận Hoàng Mai, Hà Nội",Quận Hoàng Mai,Phường Tân Mai,"Nhà ngõ, hẻm",Đã có sổ,5,,30,96,Hà Nội
"Đường Nguyễn Văn Linh, Phường Long Tuyền, Quận Bình Thuỷ, Cần Thơ",Quận Bình Thuỷ,Phường Long Tuyền,"Nhà ngõ, hẻm",Đã có sổ,,,67,22,Cần Thơ
"Đường Quan Hoa, Phường Quan Hoa, Quận Cầu Giấy, Hà Nội",Quận Cầu Giấy,Phường Quan Hoa,"Nhà ngõ, hẻm",Đã có sổ,,5,65,98,Hà Nội
"CHƯƠNG DƯƠNG, Phường Linh Chiểu, Quận Thủ Đức, Tp Hồ Chí Minh",Quận Thủ Đức,Phường Linh Chiểu,"Nhà ngõ, hẻm",Đã có sổ,2,4,64,93,Tp Hồ Chí Minh
"Đường Quang Trung, Phường 12, Quận Gò Vấp, Tp Hồ Chí Minh",Quận Gò Vấp,Phường 12,"Nhà mặt phố, mặt tiền",Đã có sổ,,,38,102,Tp Hồ Chí Minh
"hẻm 246/26, Đường Quốc Lộ 51||17075, Phường Phước Tân, Thành phố Biên Hòa, Đồng Nai",,Phường Phước Tân,"Nhà mặt phố, mặt tiền",Đã có sổ,,,78,12,Đồng Nai
"Số 4, Phường Thới Hòa, Thị xã Bến Cát, Bình Dương",,Phường Thới Hòa,"Nhà mặt phố, mặt tiền",Đã có sổ,,,125,9,Bình Dương
"ngã tư Thiên Đàng, Xã Bình Thạnh, Huyện Bình Sơn, Quảng Ngãi",Huyện Bình Sơn,Xã Bình Thạnh,"Nhà mặt phố, mặt tiền",Đã có sổ,,,730,2,Quảng Ngãi
"Đường Số 36, Phường Hiệp Bình Chánh, Quận Thủ Đức, Tp Hồ Chí Minh",Quận Thủ Đức,Phường Hiệp Bình Chánh,"Nhà mặt phố, mặt tiền",Đã có sổ,2,4,522,115,Tp Hồ Chí Minh
"Tầm Vu, Phường Hưng Lợi, Quận Ninh Kiều, Cần Thơ",Quận Ninh Kiều,Phường Hưng Lợi,"Nhà ngõ, hẻm",Đã có sổ,,3,48,38,Cần Thơ
"Đường Phan Huy Ích, Phường 12, Quận Gò Vấp, Tp Hồ Chí Minh",Quận Gò Vấp,Phường 12,"Nhà ngõ, hẻm",Đã có sổ,2,4,63,122,Tp Hồ Chí Minh
"325, Đường Phú Định, Phường 16, Quận 8, Tp Hồ Chí Minh",Quận 8,Phường 16,"Nhà ngõ, hẻm",Giấy tờ khác,,,39,39,Tp Hồ Chí Minh
"Đường Quang Trung, Phường Vạn Phúc, Quận Hà Đông, Hà Nội",Quận Hà Đông,Phường Vạn Phúc,"Nhà ngõ, hẻm",Đã có sổ,5,,35,85,Hà Nội
"63.14, Đường Vũ Trọng Phụng, Phường Thanh Xuân Trung, Quận Thanh Xuân, Hà Nội",Quận Thanh Xuân,Phường Thanh Xuân Trung,"Nhà ngõ, hẻm",Đã có sổ,,4,40,180,Hà Nội
"Đường Song Hành, Phường An Phú, Quận 2, Tp Hồ Chí Minh",Quận 2,Phường An Phú,"Nhà ngõ, hẻm",Đang chờ sổ,,,40,49,Tp Hồ Chí Minh
"An Sơn, Xã An Sơn, Thị xã Thuận An, Bình Dương",,Xã An Sơn,Nhà biệt thự,Đã có sổ,1,,1203,16,Bình Dương
"35/9 hẻm 9, Đường Nhật Tảo, Phường Lê Bình, Quận Cái Răng, Cần Thơ",Quận Cái Răng,Phường Lê Bình,"Nhà mặt phố, mặt tiền",Đã có sổ,,2,105,21,Cần Thơ
"Đường 3 mặt tiền gần khu địa đạo Lợi Thuận, Xã Lợi Thuận, Huyện Bến Cầu, Tây Ninh",Huyện Bến Cầu,Xã Lợi Thuận,"Nhà mặt phố, mặt tiền",Đã có sổ,,,877,3,Tây Ninh
"T15, Phường An Phú Đông, Quận 12, Tp Hồ Chí Minh",Quận 12,Phường An Phú Đông,"Nhà ngõ, hẻm",Đã có sổ,,3,90,35,Tp Hồ Chí Minh
"Đường Bưng Ông Thoàn, Phường Phú Hữu, Quận 9, Tp Hồ Chí Minh",Quận 9,Phường Phú Hữu,"Nhà ngõ, hẻm",Đã có sổ,,,1586,53,Tp Hồ Chí Minh
"Đường Trần Hưng Đạo, Phường 5, thành phố Vị Thanh, Hậu Giang",,Phường 5,"Nhà ngõ, hẻm",Đã có sổ,,,100,5,Hậu Giang
"Đường 15, Phường Bình Chiểu, Quận Thủ Đức, Tp Hồ Chí Minh",Quận Thủ Đức,Phường Bình Chiểu,"Nhà ngõ, hẻm",Đã có sổ,,,86,15,Tp Hồ Chí Minh
"Đường Nam Hòa, Phường Nam Hải, Quận Hải An, Hải Phòng",Quận Hải An,Phường Nam Hải,"Nhà ngõ, hẻm",Đã có sổ,3,3,55,31,Hải Phòng
"Đường Kim Ngưu, Phường Minh Khai, Quận Hai Bà Trưng, Hà Nội",Quận Hai Bà Trưng,Phường Minh Khai,"Nhà ngõ, hẻm",Đã có sổ,4,,40,91,Hà Nội
"Đường Bùi Hữu Nghĩa, Phường Long Tuyền, Quận Bình Thuỷ, Cần Thơ",Quận Bình Thuỷ,Phường Long Tuyền,"Nhà ngõ, hẻm",Đã có sổ,,,170,7,Cần Thơ
"Hẻm 219, Hẻm 219 Đường số 5, Phường Bình Hưng Hòa, Quận Bình Tân, Tp Hồ Chí Minh",Quận Bình Tân,Phường Bình Hưng Hòa,"Nhà ngõ, hẻm",Đã có sổ,,2,170,26,Tp Hồ Chí Minh
"Đường Hà Huy Giáp, Phường Thạnh Lộc, Quận 12, Tp Hồ Chí Minh",Quận 12,Phường Thạnh Lộc,Nhà phố liền kề,Đã có sổ,2,4,85,53,Tp Hồ Chí Minh
"Đường Nguyễn Duy Năng, Phường Thọ Xương, Thành phố Bắc Giang, Bắc Giang",,Phường Thọ Xương,"Nhà ngõ, hẻm",Đã có sổ,2,,40,12,Bắc Giang
"68, Đường Quang Tiến, Phường Đại Mỗ, Quận Nam Từ Liêm, Hà Nội",Quận Nam Từ Liêm,Phường Đại Mỗ,"Nhà mặt phố, mặt tiền",Đã có sổ,5,,31,112,Hà Nội
"Đường Tỉnh lộ 10A, Xã Phú Xuân, Huyện Phú Vang, Thừa Thiên Huế",Huyện Phú Vang,Xã Phú Xuân,"Nhà mặt phố, mặt tiền",Đã có sổ,,2,104,14,Thừa Thiên Huế
"Đường Mỹ Đình, Phường Mỹ Đình 1, Quận Nam Từ Liêm, Hà Nội",Quận Nam Từ Liêm,Phường Mỹ Đình 1,"Nhà ngõ, hẻm",Đã có sổ,,1,45,122,Hà Nội
"HẺM 534, Phường Hưng Lợi, Quận Ninh Kiều, Cần Thơ",Quận Ninh Kiều,Phường Hưng Lợi,"Nhà ngõ, hẻm",Đã có sổ,,,45,41,Cần Thơ
"Phú Thượng, Phường Phú Thượng, Quận Tây Hồ, Hà Nội",Quận Tây Hồ,Phường Phú Thượng,"Nhà ngõ, hẻm",Đã có sổ,4,,40,60,Hà Nội
"Đường tĩnh 835, Xã Bình Chánh, Huyện Bình Chánh, Tp Hồ Chí Minh",Huyện Bình Chánh,Xã Bình Chánh,"Nhà mặt phố, mặt tiền",Đã có sổ,1,,40,10,Tp Hồ Chí Minh
"Đường D13, Phường Hưng Thạnh, Quận Cái Răng, Cần Thơ",Quận Cái Răng,Phường Hưng Thạnh,"Nhà mặt phố, mặt tiền",Đã có sổ,,,80,30,Cần Thơ
"Đường Ngã Ba Lăn Xi, Phường Tân Định, Thị xã Bến Cát, Bình Dương",,Phường Tân Định,"Nhà mặt phố, mặt tiền",Đã có sổ,,,253,9,Bình Dương
"Đường Lý Thường Kiệt, Phường Dĩ An, Thị xã Dĩ An, Bình Dương",,Phường Dĩ An,"Nhà mặt phố, mặt tiền",Đã có sổ,9,,88,60,Bình Dương
"Đường Xô Viết Nghệ Tĩnh, Phường 25, Quận Bình Thạnh, Tp Hồ Chí Minh",Quận Bình Thạnh,Phường 25,"Nhà ngõ, hẻm",Đã có sổ,2,3,62,116,Tp Hồ Chí Minh
"Đường Phan Thanh Giản, Phường Lái Thiêu, Thị xã Thuận An, Bình Dương",,Phường Lái Thiêu,"Nhà ngõ, hẻm",Đã có sổ,,,102,10,Bình Dương
"Đường Đinh Tiên Hoàng, Phường Tam Thuận, Quận Thanh Khê, Đà Nẵng",Quận Thanh Khê,Phường Tam Thuận,"Nhà mặt phố, mặt tiền",Đã có sổ,3,3,50,114,Đà Nẵng
"Đường Ngô Quyền, Phường 6, Quận 10, Tp Hồ Chí Minh",Quận 10,Phường 6,"Nhà ngõ, hẻm",Đã có sổ,2,,34,197,Tp Hồ Chí Minh
"Đường Quốc Lộ 1, Xã Mỹ Yên, Huyện Bến Lức, Long An",Huyện Bến Lức,Xã Mỹ Yên,"Nhà mặt phố, mặt tiền",Đã có sổ,,,32,6,Long An
"Khu đô thị Geleximco Đường Lê Trọng Tấn, Phường Dương Nội, Quận Hà Đông, Hà Nội",Quận Hà Đông,Phường Dương Nội,"Nhà mặt phố, mặt tiền",Đã có sổ,3,,31,45,Hà Nội
"Đường Võ Văn Kiệt, Phường Định Hoà, Thành phố Thủ Dầu Một, Bình Dương",,Phường Định Hoà,"Nhà mặt phố, mặt tiền",Đã có sổ,1,3,2671,11,Bình Dương
"Đường Hà Nội, Phường Phú Nhuận, Thành phố Huế, Thừa Thiên Huế",,Phường Phú Nhuận,"Nhà ngõ, hẻm",Đã có sổ,2,4,64,49,Thừa Thiên Huế
"Đường Mỹ Phước Tân Vạn, Phường Bình An, Thị xã Dĩ An, Bình Dương",,Phường Bình An,"Nhà ngõ, hẻm",Đã có sổ,,,201,18,Bình Dương
"Đường Phạm Như Xương, Phường Hòa Khánh Nam, Quận Liên Chiểu, Đà Nẵng",Quận Liên Chiểu,Phường Hòa Khánh Nam,"Nhà ngõ, hẻm",Đã có sổ,,2,81,19,Đà Nẵng
"An Phú 05, Phường An Phú, Thị xã Thuận An, Bình Dương",,Phường An Phú,"Nhà ngõ, hẻm",Đã có sổ,,,84,10,Bình Dương
"Đường Số 4, Phường 16, Quận Gò Vấp, Tp Hồ Chí Minh",Quận Gò Vấp,Phường 16,"Nhà ngõ, hẻm",Đã có sổ,1,,30,99,Tp Hồ Chí Minh
"Đường Huỳnh Tấn Phát, Phường Đông Hòa, Thị xã Dĩ An, Bình Dương",,Phường Đông Hòa,"Nhà mặt phố, mặt tiền",Đã có sổ,2,,83,43,Bình Dương
"Đường Yên Duyên, Phường Yên Sở, Quận Hoàng Mai, Hà Nội",Quận Hoàng Mai,Phường Yên Sở,"Nhà ngõ, hẻm",Đã có sổ,4,1,33,69,Hà Nội
"Đường Nguyễn Chế Nghĩa, Phường 13, Quận 8, Tp Hồ Chí Minh",Quận 8,Phường 13,"Nhà ngõ, hẻm",Đã có sổ,,,39,94,Tp Hồ Chí Minh
"Đường Nguyễn Như Hạnh, Phường Hòa Minh, Quận Liên Chiểu, Đà Nẵng",Quận Liên Chiểu,Phường Hòa Minh,"Nhà ngõ, hẻm",Đã có sổ,,3,84,25,Đà Nẵng
"Đường Ngô Sĩ Liên, Phường Đức Thắng, Thành phố Phan Thiết, Bình Thuận",,Phường Đức Thắng,"Nhà mặt phố, mặt tiền",Đã có sổ,2,,100,65,Bình Thuận
"Đường Đại Cồ Việt, Phường Đống Mác, Quận Hai Bà Trưng, Hà Nội",Quận Hai Bà Trưng,Phường Đống Mác,"Nhà mặt phố, mặt tiền",Đã có sổ,,,100,17,Hà Nội
"Đường An Thạnh 8, Phường An Thạnh, Thị xã Thuận An, Bình Dương",,Phường An Thạnh,"Nhà mặt phố, mặt tiền",Đã có sổ,,,120,10,Bình Dương
"Đường Số 13, Phường Long Bình, Quận 9, Tp Hồ Chí Minh",Quận 9,Phường Long Bình,"Nhà mặt phố, mặt tiền",Đã có sổ,,,649,84,Tp Hồ Chí Minh
"Thuận giao 16, Phường Thuận Giao, Thị xã Thuận An, Bình Dương",,Phường Thuận Giao,"Nhà mặt phố, mặt tiền",Đã có sổ,,2,150,9,Bình Dương
"Đường Lệ Mật, Phường Việt Hưng, Quận Long Biên, Hà Nội",Quận Long Biên,Phường Việt Hưng,"Nhà mặt phố, mặt tiền",Đã có sổ,5,,42,95,Hà Nội
"169/52, Đường Hoàng Mai, Phường Hoàng Văn Thụ, Quận Hoàng Mai, Hà Nội",Quận Hoàng Mai,Phường Hoàng Văn Thụ,"Nhà ngõ, hẻm",Đã có sổ,5,,30,96,Hà Nội
"Đường 7B, Phường Mỹ Phước, Thị xã Bến Cát, Bình Dương",,Phường Mỹ Phước,Nhà phố liền kề,Đã có sổ,,,78,12,Bình Dương
"Đường Quốc Lộ 51, Xã Phước Thái, Huyện Long Thành, Đồng Nai",Huyện Long Thành,Xã Phước Thái,Nhà phố liền kề,Đã có sổ,,,100,13,Đồng Nai
"đường Tạ Quang Bửu, Phường 5, Quận 8, Tp Hồ Chí Minh",Quận 8,Phường 5,Nhà phố liền kề,Đã có sổ,,,100,47,Tp Hồ Chí Minh
"Thuan giao 23, Phường Thuận Giao, Thị xã Thuận An, Bình Dương",,Phường Thuận Giao,Nhà phố liền kề,Đang chờ sổ,,,100,19,Bình Dương
"Đường Đại Cồ Việt, Phường Đống Mác, Quận Hai Bà Trưng, Hà Nội",Quận Hai Bà Trưng,Phường Đống Mác,Nhà phố liền kề,Đã có sổ,,,503,17,Hà Nội
"Đường An Thạnh 8, Phường An Thạnh, Thị xã Thuận An, Bình Dương",,Phường An Thạnh,Nhà phố liền kề,Đã có sổ,,,120,10,Bình Dương
"Đường Số 13, Phường Long Bình, Quận 9, Tp Hồ Chí Minh",Quận 9,Phường Long Bình,Nhà phố liền kề,Đã có sổ,,,649,84,Tp Hồ Chí Minh
"Thuận giao 16, Phường Thuận Giao, Thị xã Thuận An, Bình Dương",,Phường Thuận Giao,"Nhà mặt phố, mặt tiền",Đã có sổ,,2,150,9,Bình Dương
"Đường Lệ Mật, Phường Việt Hưng, Quận Long Biên, Hà Nội",Quận Long Biên,Phường Việt Hưng,"Nhà mặt phố, mặt tiền",Đã có sổ,5,,42,95,Hà Nội
"169/52, Đường Hoàng Mai, Phường Hoàng Văn Thụ, Quận Hoàng Mai, Hà Nội",Quận Hoàng Mai,Phường Hoàng Văn Thụ,"Nhà ngõ, hẻm",Đã có sổ,5,,30,96,Hà Nội
"Đường Đào Tông Nguyên, Thị trấn Nhà Bè, Huyện Nhà Bè, Tp Hồ Chí Minh",Huyện Nhà Bè,,"Nhà ngõ, hẻm",Đã có sổ,3,4,51,43,Tp Hồ Chí Minh
"Đường Phan Tứ, Phường Mỹ An, Quận Ngũ Hành Sơn, Đà Nẵng",Quận Ngũ Hành Sơn,Phường Mỹ An,"Nhà ngõ, hẻm",Đã có sổ,,,101,42,Đà Nẵng
"Đường Quốc Lộ 17, Xã Kim Sơn, Huyện Gia Lâm, Hà Nội",Huyện Gia Lâm,Xã Kim Sơn,"Nhà ngõ, hẻm",Đã có sổ,,,50,18,Hà Nội
"long tuyền, Phường Long Tuyền, Quận Bình Thuỷ, Cần Thơ",Quận Bình Thuỷ,Phường Long Tuyền,"Nhà ngõ, hẻm",Đã có sổ,,,73,4,Cần Thơ
"Đường Bằng Liệt, Phường Đại Kim, Quận Hoàng Mai, Hà Nội",Quận Hoàng Mai,Phường Đại Kim,"Nhà ngõ, hẻm",Đã có sổ,5,2,30,101,Hà Nội
"Đường Nguyễn Ái Quốc, Phường Tân Phong, Thành phố Biên Hòa, Đồng Nai",,Phường Tân Phong,"Nhà ngõ, hẻm",Giấy tờ khác,1,,55,10,Đồng Nai
"Đường 10, Phường Phước Hải, Thành phố Nha Trang, Khánh Hòa",,Phường Phước Hải,"Nhà ngõ, hẻm",Đang chờ sổ,,,100,32,Khánh Hòa
"Đường Tân Chánh Hiệp, Phường Thạnh Lộc, Quận 12, Tp Hồ Chí Minh",Quận 12,Phường Thạnh Lộc,"Nhà ngõ, hẻm",Đã có sổ,,,225,3,Tp Hồ Chí Minh
"Đường Nguyễn Văn Quỳ, Phường Phú Thuận, Quận 7, Tp Hồ Chí Minh",Quận 7,Phường Phú Thuận,"Nhà ngõ, hẻm",Đã có sổ,1,,56,21,Tp Hồ Chí Minh
"Đường Nguyễn Oanh, Phường 6, Quận Gò Vấp, Tp Hồ Chí Minh",Quận Gò Vấp,Phường 6,"Nhà mặt phố, mặt tiền",Đã có sổ,3,,60,76,Tp Hồ Chí Minh
"Đường Lâm Quang Ky, Phường Vĩnh Lạc, Thành phố Rạch Giá, Kiên Giang",,Phường Vĩnh Lạc,"Nhà mặt phố, mặt tiền",Đã có sổ,,,4001,12,Kiên Giang
"Đường Hữu Nghị, Phường Bình Hòa, Thị xã Thuận An, Bình Dương",,Phường Bình Hòa,"Nhà mặt phố, mặt tiền",Đang chờ sổ,,2,4001,31,Bình Dương
"102/42, đường 3/2, Phường Hưng Lợi, Quận Ninh Kiều, Cần Thơ",Quận Ninh Kiều,Phường Hưng Lợi,"Nhà ngõ, hẻm",Đã có sổ,,,1237,24,Cần Thơ
"Đường Xa lộ Hà Nội, Phường Bình Thắng, Thị xã Dĩ An, Bình Dương",,Phường Bình Thắng,"Nhà ngõ, hẻm",Đã có sổ,,1,1237,21,Bình Dương
"Đường Lam Sơn, Phường 2, Quận Tân Bình, Tp Hồ Chí Minh",Quận Tân Bình,Phường 2,"Nhà ngõ, hẻm",Đã có sổ,5,,1237,278,Tp Hồ Chí Minh
"Bùi Trang Chước, Phường Hòa Xuân, Quận Cẩm Lệ, Đà Nẵng",Quận Cẩm Lệ,Phường Hòa Xuân,"Nhà ngõ, hẻm",Đã có sổ,,,100,37,Đà Nẵng
"Đường Nơ Trang Long, Phường 11, Quận Bình Thạnh, Tp Hồ Chí Minh",Quận Bình Thạnh,Phường 11,"Nhà ngõ, hẻm",Đã có sổ,2,2,31,90,Tp Hồ Chí Minh
"KIM NGƯU, Phường Thanh Nhàn, Quận Hai Bà Trưng, Hà Nội",Quận Hai Bà Trưng,Phường Thanh Nhàn,"Nhà ngõ, hẻm",Đã có sổ,,,189,66,Hà Nội
"99, đường đoàn thị điểm, Phường Xuân Khánh, Quận Ninh Kiều, Cần Thơ",Quận Ninh Kiều,Phường Xuân Khánh,"Nhà ngõ, hẻm",Đã có sổ,,2,62,46,Cần Thơ
"O CHỢ DỪA, Phường Ô Chợ Dừa, Quận Đống Đa, Hà Nội",Quận Đống Đa,Phường Ô Chợ Dừa,"Nhà mặt phố, mặt tiền",Đã có sổ,4,2,64,445,Hà Nội
"8/8b, Đường Lê Văn Quới, Phường Bình Hưng Hoà A, Quận Bình Tân, Tp Hồ Chí Minh",Quận Bình Tân,Phường Bình Hưng Hoà A,"Nhà ngõ, hẻm",Đã có sổ,2,2,24,110,Tp Hồ Chí Minh
"Đường Đa Mặn 3, Phường Khuê Mỹ, Quận Ngũ Hành Sơn, Đà Nẵng",Quận Ngũ Hành Sơn,Phường Khuê Mỹ,"Nhà mặt phố, mặt tiền",Đã có sổ,2,3,85,43,Đà Nẵng
"Đường Số 8, Phường Mỹ Phước, Thị xã Bến Cát, Bình Dương",,Phường Mỹ Phước,"Nhà mặt phố, mặt tiền",Đã có sổ,,,300,4,Bình Dương
"Đường Quang Trung, Phường 10, Quận Gò Vấp, Tp Hồ Chí Minh",Quận Gò Vấp,Phường 10,"Nhà ngõ, hẻm",Đã có sổ,1,2,44,89,Tp Hồ Chí Minh
"Nội khu dự án Vinhomes Grand Park- đường Nguyễn Xiển, Phường Long Thạnh Mỹ, Quận 9, TP HCM.",Quận 9,Phường Long Thạnh Mỹ,"Nhà ngõ, hẻm",Đang chờ sổ,,2,44,40,TP HCM.
"võ thị nghị, Xã Tân Phú Trung, Huyện Củ Chi, Tp Hồ Chí Minh",Huyện Củ Chi,Xã Tân Phú Trung,"Nhà mặt phố, mặt tiền",Giấy tờ khác,4,,72,13,Tp Hồ Chí Minh
"Đường Cách Mạng Tháng Tám, Phường 15, Quận 10, Tp Hồ Chí Minh",Quận 10,Phường 15,"Nhà ngõ, hẻm",Đã có sổ,2,,25,142,Tp Hồ Chí Minh
"Đường Tỉnh lộ 909, Xã Phú Đức, Huyện Long Hồ, Vĩnh Long",Huyện Long Hồ,Xã Phú Đức,"Nhà ngõ, hẻm",Đã có sổ,,,2274,3,Vĩnh Long
"Đường Bình Chuẩn 17, Phường Bình Chuẩn, Thị xã Thuận An, Bình Dương",,Phường Bình Chuẩn,"Nhà ngõ, hẻm",Đã có sổ,,,80,15,Bình Dương
"Đường Nguyễn Trãi, Phường Lái Thiêu, Thị xã Thuận An, Bình Dương",,Phường Lái Thiêu,"Nhà ngõ, hẻm",Đã có sổ,1,3,80,14,Bình Dương
"Đường Suối Dinh, Xã Tây Hoà, Huyện Trảng Bom, Đồng Nai",Huyện Trảng Bom,Xã Tây Hoà,"Nhà ngõ, hẻm",Đã có sổ,,,125,5,Đồng Nai
"đường số 25, Phường Hiệp Bình Chánh, Quận Thủ Đức, Tp Hồ Chí Minh",Quận Thủ Đức,Phường Hiệp Bình Chánh,"Nhà ngõ, hẻm",Đã có sổ,,,56,6,Tp Hồ Chí Minh
"196, 196 Đường Cao Lỗ, Phường 4, Quận 8, Tp Hồ Chí Minh",Quận 8,Phường 4,"Nhà ngõ, hẻm",Đang chờ sổ,,2,56,25,Tp Hồ Chí Minh
"Đường Bình Hòa 24, Phường Bình Hòa, Thị xã Thuận An, Bình Dương",,Phường Bình Hòa,"Nhà mặt phố, mặt tiền",Đã có sổ,,,250,2,Bình Dương
"Đường Bắc Sơn - Bình Minh, Xã Bình Minh, Huyện Trảng Bom, Đồng Nai",Huyện Trảng Bom,Xã Bình Minh,"Nhà mặt phố, mặt tiền",Đã có sổ,,,107,10,Đồng Nai
"1419, Đường Lê Văn Lương, Xã Phước Kiển, Huyện Nhà Bè, Tp Hồ Chí Minh",Huyện Nhà Bè,Xã Phước Kiển,"Nhà ngõ, hẻm",Đã có sổ,1,3,1095,34,Tp Hồ Chí Minh
"34, Đường Nguyễn Khuyến, Phường Trảng Dài, Thành phố Biên Hòa, Đồng Nai",,Phường Trảng Dài,"Nhà ngõ, hẻm",Giấy tờ khác,1,2,40,31,Đồng Nai
"1419, Đường Lê Văn Lương, Xã Phước Kiển, Huyện Nhà Bè, Tp Hồ Chí Minh",Huyện Nhà Bè,Xã Phước Kiển,"Nhà ngõ, hẻm",Đã có sổ,,,1172,36,Tp Hồ Chí Minh
"LƯƠNG ĐỊNH CỦA, Phường Đồng Tâm, Quận Hai Bà Trưng, Hà Nội",Quận Hai Bà Trưng,Phường Đồng Tâm,"Nhà ngõ, hẻm",Đã có sổ,,1,6100,17,Hà Nội
"4, Đường Quốc Lộ 61C, Xã Nhơn Nghĩa, Huyện Phong Điền, Cần Thơ",Huyện Phong Điền,Xã Nhơn Nghĩa,"Nhà ngõ, hẻm",Đã có sổ,,,115,3,Cần Thơ
"tỉnh lộ9, Xã Mỹ Hạnh Bắc, Huyện Đức Hòa, Long An",Huyện Đức Hòa,Xã Mỹ Hạnh Bắc,"Nhà ngõ, hẻm",Đã có sổ,,,152,7,Long An
"70, Ta 11, Phường Thới An, Quận 12, Tp Hồ Chí Minh",Quận 12,Phường Thới An,"Nhà mặt phố, mặt tiền",Đã có sổ,4,,815,58,Tp Hồ Chí Minh
"Đường Số 1, Phường Long Trường, Quận 9, Tp Hồ Chí Minh",Quận 9,Phường Long Trường,"Nhà ngõ, hẻm",Đã có sổ,1,3,89,42,Tp Hồ Chí Minh
"QUÔC LÔ 55, Xã Thắng Hải, Huyện Hàm Tân, Bình Thuận",Huyện Hàm Tân,Xã Thắng Hải,"Nhà ngõ, hẻm",Đã có sổ,,,3200,2,Bình Thuận
"Thầy Ba Lô, Xã Long An, Huyện Cần Giuộc, Long An",Huyện Cần Giuộc,Xã Long An,"Nhà ngõ, hẻm",Đã có sổ,,,401,6,Long An
"Bùi Tư Toàn., Phường An Lạc, Quận Bình Tân, Tp Hồ Chí Minh",Quận Bình Tân,Phường An Lạc,"Nhà ngõ, hẻm",Đã có sổ,1,2,30,76,Tp Hồ Chí Minh
"ttc, Phường Tân Thới Hiệp, Quận 12, Tp Hồ Chí Minh",Quận 12,Phường Tân Thới Hiệp,"Nhà mặt phố, mặt tiền",Đã có sổ,,,300,6,Tp Hồ Chí Minh
"Đường An phú 18, Phường An Phú, Thị xã Thuận An, Bình Dương",,Phường An Phú,"Nhà mặt phố, mặt tiền",Đã có sổ,,,759,10,Bình Dương
"Đường Nguyễn Thị Lắng, Xã Tân Phú Trung, Huyện Củ Chi, Tp Hồ Chí Minh",Huyện Củ Chi,Xã Tân Phú Trung,"Nhà mặt phố, mặt tiền",Đã có sổ,,,90,14,Tp Hồ Chí Minh
"Khu đô thị Geleximco Đường Lê Trọng Tấn, Phường Dương Nội, Quận Hà Đông, Hà Nội",Quận Hà Đông,Phường Dương Nội,"Nhà ngõ, hẻm",Đã có sổ,3,,33,39,Hà Nội
"Đường 824, Xã Mỹ Hạnh Nam, Huyện Đức Hòa, Long An",Huyện Đức Hòa,Xã Mỹ Hạnh Nam,Nhà biệt thự,Đang chờ sổ,2,4,90,26,Long An
"24, Đường 10/3, Phường Tân Lợi, Thành phố Buôn Ma Thuột, Đắk Lắk",,Phường Tân Lợi,"Nhà ngõ, hẻm",Đã có sổ,4,2,138,4,Đắk Lắk
"Đường Hồ Búng Sáng, Phường An Khánh, Quận Ninh Kiều, Cần Thơ",Quận Ninh Kiều,Phường An Khánh,"Nhà ngõ, hẻm",Đã có sổ,,,546,49,Cần Thơ
"Đường Lê Duẩn, Phường Trung Phụng, Quận Đống Đa, Hà Nội",Quận Đống Đa,Phường Trung Phụng,"Nhà ngõ, hẻm",Đã có sổ,4,,61,98,Hà Nội
"An Lân, Phường Hoà Hải, Quận Ngũ Hành Sơn, Đà Nẵng",Quận Ngũ Hành Sơn,Phường Hoà Hải,"Nhà mặt phố, mặt tiền",Đã có sổ,,,11,45,Đà Nẵng
"Đường Quốc Lộ 61, Xã Hòa An, Huyện Phụng Hiệp, Hậu Giang",Huyện Phụng Hiệp,Xã Hòa An,"Nhà mặt phố, mặt tiền",Đã có sổ,,,879,5,Hậu Giang
Đường Bùi Đình Túy,,,Nhà phố liền kề,Đã có sổ,2,4,50,157,#VALUE!
"Đường Hà Huy Giáp, Phường Thạnh Lộc, Quận 12, Tp Hồ Chí Minh",Quận 12,Phường Thạnh Lộc,"Nhà ngõ, hẻm",Đã có sổ,3,4,55,78,Tp Hồ Chí Minh
"Đường Số 10, Phường Bình An, Quận 2, Tp Hồ Chí Minh",Quận 2,Phường Bình An,"Nhà mặt phố, mặt tiền",Đã có sổ,1,,180,100,Tp Hồ Chí Minh
"Đường Đông Nhì, Phường Lái Thiêu, Thị xã Thuận An, Bình Dương",,Phường Lái Thiêu,"Nhà mặt phố, mặt tiền",Đã có sổ,,,90,10,Bình Dương
"Mân Quang 2, Phường Thọ Quang, Quận Sơn Trà, Đà Nẵng",Quận Sơn Trà,Phường Thọ Quang,"Nhà mặt phố, mặt tiền",Đã có sổ,,3,102,35,Đà Nẵng
"181, Đường Trần Thanh Mại, Phường Tân Tạo A, Quận Bình Tân, Tp Hồ Chí Minh",Quận Bình Tân,Phường Tân Tạo A,"Nhà mặt phố, mặt tiền",Đã có sổ,2,,88,97,Tp Hồ Chí Minh
"Đường Lê Văn Việt, Phường Tăng Nhơn Phú A, Quận 9, Tp Hồ Chí Minh",Quận 9,Phường Tăng Nhơn Phú A,"Nhà mặt phố, mặt tiền",Đã có sổ,,,80,25,Tp Hồ Chí Minh
"Đường Tân Phước Khánh 37, Phường Bình Chuẩn, Thị xã Thuận An, Bình Dương",,Phường Bình Chuẩn,"Nhà mặt phố, mặt tiền",Đã có sổ,,,85,14,Bình Dương
"Đường Dương Quảng Hàm, Phường Quan Hoa, Quận Cầu Giấy, Hà Nội",Quận Cầu Giấy,Phường Quan Hoa,"Nhà ngõ, hẻm",Đã có sổ,4,2,42,83,Hà Nội
"19 tháng 5, Phường Văn Quán, Quận Hà Đông, Hà Nội",Quận Hà Đông,Phường Văn Quán,"Nhà mặt phố, mặt tiền",Đã có sổ,4,3,33,84,Hà Nội
"Đường Quan Nhân, Phường Nhân Chính, Quận Thanh Xuân, Hà Nội",Quận Thanh Xuân,Phường Nhân Chính,"Nhà ngõ, hẻm",Đã có sổ,4,1,43,86,Hà Nội
"204b1, Huỳnh Văn Lũy, Phường Hòa Bình, Thành phố Biên Hòa, Đồng Nai",,Phường Hòa Bình,"Nhà ngõ, hẻm",Đã có sổ,,2,43,17,Đồng Nai
"Đường Đông Tác, Phường Phương Mai, Quận Đống Đa, Hà Nội",Quận Đống Đa,Phường Phương Mai,"Nhà ngõ, hẻm",Đã có sổ,,3,43,14,Hà Nội
"Lưu Hữu Phước, Phường 15, Quận 8, Tp Hồ Chí Minh",Quận 8,Phường 15,"Nhà ngõ, hẻm",Đã có sổ,1,2,29,65,Tp Hồ Chí Minh
"đường số 10, Phường Hiệp Bình Chánh, Quận Thủ Đức, Tp Hồ Chí Minh",Quận Thủ Đức,Phường Hiệp Bình Chánh,"Nhà ngõ, hẻm",Đang chờ sổ,2,3,29,37,Tp Hồ Chí Minh
"Đường 7B, Phường Mỹ Phước, Thị xã Bến Cát, Bình Dương",,Phường Mỹ Phước,Nhà phố liền kề,Đã có sổ,,,80,15,Bình Dương
"Đường Trần Thủ Độ, Xã Tứ Hiệp, Huyện Thanh Trì, Hà Nội",Huyện Thanh Trì,Xã Tứ Hiệp,Nhà phố liền kề,Đã có sổ,3,2,4500,4,Hà Nội
"Đường Đào Tấn, Phường Ngọc Khánh, Quận Ba Đình, Hà Nội",Quận Ba Đình,Phường Ngọc Khánh,"Nhà ngõ, hẻm",Đã có sổ,3,,29,103,Hà Nội
"Đường Số 8, Phường Trường Thọ, Quận Thủ Đức, Tp Hồ Chí Minh",Quận Thủ Đức,Phường Trường Thọ,"Nhà ngõ, hẻm",Đã có sổ,2,3,89,73,Tp Hồ Chí Minh
"Bình chuẩn 68, Phường Bình Chuẩn, Thị xã Thuận An, Bình Dương",,Phường Bình Chuẩn,"Nhà ngõ, hẻm",Đã có sổ,,,100,11,Bình Dương
"Đường Hà Cầu, Phường Hà Cầu, Quận Hà Đông, Hà Nội",Quận Hà Đông,Phường Hà Cầu,Nhà biệt thự,Đã có sổ,4,,170,97,Hà Nội
"Nguyên Văn Bứa, Xã Xuân Thới Sơn, Huyện Hóc Môn, Tp Hồ Chí Minh",Huyện Hóc Môn,Xã Xuân Thới Sơn,Nhà biệt thự,Đã có sổ,,,50,3,Tp Hồ Chí Minh
"Đường Nguyễn Văn Bứa||10015, Xã Xuân Thới Đông, Huyện Hóc Môn, Tp Hồ Chí Minh",Huyện Hóc Môn,Xã Xuân Thới Đông,"Nhà mặt phố, mặt tiền",Đã có sổ,1,,50,5,Tp Hồ Chí Minh
"Đường Tô Hiệu, Phường Tân Thới Hòa, Quận Tân Phú, Tp Hồ Chí Minh",Quận Tân Phú,Phường Tân Thới Hòa,"Nhà ngõ, hẻm",Đã có sổ,5,,55,116,Tp Hồ Chí Minh
"Đường Bùi Hữu Nghĩa, Phường Bình Hòa, Thị xã Thuận An, Bình Dương",,Phường Bình Hòa,"Nhà ngõ, hẻm",Đã có sổ,,,135,26,Bình Dương
"Hẻm Quốc lộ 26, Xã Ea Tu, Thành phố Buôn Ma Thuột, Đắk Lắk",,Xã Ea Tu,"Nhà ngõ, hẻm",Đã có sổ,,,254,2,Đắk Lắk
"Đường Quan Nhân, Phường Nhân Chính, Quận Thanh Xuân, Hà Nội",Quận Thanh Xuân,Phường Nhân Chính,"Nhà ngõ, hẻm",Đã có sổ,5,1,27,101,Hà Nội
"ấp moi, Xã Mỹ Hạnh Nam, Huyện Đức Hòa, Long An",Huyện Đức Hòa,Xã Mỹ Hạnh Nam,"Nhà ngõ, hẻm",Đã có sổ,,,48,12,Long An
"Đường Cầu Kinh Ranh Cách Chợ Tân Bửu Khoảng, Thị trấn Bến Lức, Huyện Bến Lức, Long An",Huyện Bến Lức,,"Nhà ngõ, hẻm",Giấy tờ khác,,,77,2,Long An
"Đường Nguyễn Tư Giản, Phường 12, Quận Gò Vấp, Tp Hồ Chí Minh",Quận Gò Vấp,Phường 12,"Nhà ngõ, hẻm",Đã có sổ,1,3,37,96,Tp Hồ Chí Minh
"Đường Bạch Mai, Phường Bạch Mai, Quận Hai Bà Trưng, Hà Nội",Quận Hai Bà Trưng,Phường Bạch Mai,"Nhà ngõ, hẻm",Đã có sổ,5,1,44,102,Hà Nội
"Đường Võ Thị Sáu, Phường Bình Chuẩn, Thị xã Thuận An, Bình Dương",,Phường Bình Chuẩn,"Nhà ngõ, hẻm",Đã có sổ,,,80,12,Bình Dương
"Đường Lạc Long Quân, Phường Bưởi, Quận Tây Hồ, Hà Nội",Quận Tây Hồ,Phường Bưởi,"Nhà ngõ, hẻm",Đã có sổ,,1,40,93,Hà Nội
"Đường Số 1, Phường Linh Trung, Quận Thủ Đức, Tp Hồ Chí Minh",Quận Thủ Đức,Phường Linh Trung,"Nhà mặt phố, mặt tiền",Đã có sổ,,,117,42,Tp Hồ Chí Minh
"Đường Quốc Lộ 13, Phường Phú Hòa, Thành phố Thủ Dầu Một, Bình Dương",,Phường Phú Hòa,"Nhà mặt phố, mặt tiền",Đã có sổ,,,150,11,Bình Dương
"Đường Lê Hồng Phong, Phường 3, Thành phố Sóc Trăng, Sóc Trăng",,Phường 3,"Nhà mặt phố, mặt tiền",Đã có sổ,,,290,9,Sóc Trăng
"102/42, đường 3/2, Phường Hưng Lợi, Quận Ninh Kiều, Cần Thơ",Quận Ninh Kiều,Phường Hưng Lợi,"Nhà ngõ, hẻm",Đã có sổ,,,1237,24,Cần Thơ
"Đường Thanh Niên 3, Xã Trừ Văn Thố, Huyện Bàu Bàng, Bình Dương",Huyện Bàu Bàng,Xã Trừ Văn Thố,"Nhà ngõ, hẻm",Đã có sổ,,,145,3,Bình Dương
"Đường Trích Sài, Phường Thụy Khuê, Quận Tây Hồ, Hà Nội",Quận Tây Hồ,Phường Thụy Khuê,"Nhà ngõ, hẻm",Đã có sổ,5,2,50,120,Hà Nội
"Đường D13, Phường Hưng Thạnh, Quận Cái Răng, Cần Thơ",Quận Cái Răng,Phường Hưng Thạnh,"Nhà ngõ, hẻm",Đã có sổ,,,80,30,Cần Thơ
"Đường Bùi Thị Xuân, Phường 2, Thành phố Đà Lạt, Lâm Đồng",,Phường 2,"Nhà ngõ, hẻm",Đã có sổ,,,345,92,Lâm Đồng
"Đường Trịnh Thị Miếng, Xã Thới Tam Thôn, Huyện Hóc Môn, Tp Hồ Chí Minh",Huyện Hóc Môn,Xã Thới Tam Thôn,"Nhà ngõ, hẻm",Đã có sổ,4,2,130,23,Tp Hồ Chí Minh
"Đường Quan Nhân, Phường Nhân Chính, Quận Thanh Xuân, Hà Nội",Quận Thanh Xuân,Phường Nhân Chính,"Nhà ngõ, hẻm",Đã có sổ,4,1,43,86,Hà Nội
"Đường Liên Khu 5 - 6, Phường Bình Hưng Hoà B, Quận Bình Tân, Tp Hồ Chí Minh",Quận Bình Tân,Phường Bình Hưng Hoà B,"Nhà mặt phố, mặt tiền",Đã có sổ,1,,25,48,Tp Hồ Chí Minh
"Đường Hồ Học Lãm, Phường An Lạc, Quận Bình Tân, Tp Hồ Chí Minh",Quận Bình Tân,Phường An Lạc,"Nhà ngõ, hẻm",Đã có sổ,1,2,60,22,Tp Hồ Chí Minh
"ấp Phước Hưng 1, Xã Phước Lâm, Huyện Cần Giuộc, Long An",Huyện Cần Giuộc,Xã Phước Lâm,"Nhà ngõ, hẻm",Đã có sổ,,,100,7,Long An
"Đường Phương Mai, Phường Phương Mai, Quận Đống Đa, Hà Nội",Quận Đống Đa,Phường Phương Mai,"Nhà ngõ, hẻm",Đã có sổ,7,,100,18,Hà Nội
"Đường Nguyễn Ngọc Vũ, Phường Trung Hoà, Quận Cầu Giấy, Hà Nội",Quận Cầu Giấy,Phường Trung Hoà,"Nhà ngõ, hẻm",Đã có sổ,4,,75,105,Hà Nội
"đường bê tông 3mét, Xã Bình Đức, Huyện Châu Thành, Tiền Giang",Huyện Châu Thành,Xã Bình Đức,"Nhà ngõ, hẻm",Đã có sổ,,,148,7,Tiền Giang
"Đường Kim Giang, Phường Kim Giang, Quận Thanh Xuân, Hà Nội",Quận Thanh Xuân,Phường Kim Giang,"Nhà ngõ, hẻm",Đã có sổ,2,,48,72,Hà Nội
"Đường Trần Quang Cơ, Phường Phú Thạnh, Quận Tân Phú, Tp Hồ Chí Minh",Quận Tân Phú,Phường Phú Thạnh,"Nhà ngõ, hẻm",Đã có sổ,1,2,60,58,Tp Hồ Chí Minh
"Đường Mã Lò, Phường Bình Hưng Hoà B, Quận Bình Tân, Tp Hồ Chí Minh",Quận Bình Tân,Phường Bình Hưng Hoà B,"Nhà mặt phố, mặt tiền",Đã có sổ,1,2,62,23,Tp Hồ Chí Minh
"TCH 03, Phường Tân Chánh Hiệp, Quận 12, Tp Hồ Chí Minh",Quận 12,Phường Tân Chánh Hiệp,"Nhà ngõ, hẻm",Đã có sổ,,4,60,74,Tp Hồ Chí Minh
"Đường Quang Trung, Phường Quang Trung, Quận Hà Đông, Hà Nội",Quận Hà Đông,Phường Quang Trung,"Nhà ngõ, hẻm",Đã có sổ,5,2,36,101,Hà Nội
"Đường Số 6, Phường Bình An, Quận 2, Tp Hồ Chí Minh",Quận 2,Phường Bình An,"Nhà ngõ, hẻm",Đã có sổ,3,4,56,73,Tp Hồ Chí Minh
"Đường Dương Kỳ Hiệp, Phường 2, Thành phố Sóc Trăng, Sóc Trăng",,Phường 2,"Nhà ngõ, hẻm",Đã có sổ,,,330,5,Sóc Trăng
"Bùi Trang Chước, Phường Hòa Xuân, Quận Cẩm Lệ, Đà Nẵng",Quận Cẩm Lệ,Phường Hòa Xuân,"Nhà ngõ, hẻm",Đã có sổ,,,100,37,Đà Nẵng
"Đường Lý Thường Kiệt, Phường Dĩ An, Thị xã Dĩ An, Bình Dương",,Phường Dĩ An,"Nhà mặt phố, mặt tiền",Đã có sổ,9,,88,60,Bình Dương
"Đường Nguyễn Khuyến, Phường Trảng Dài, Thành phố Biên Hòa, Đồng Nai",,Phường Trảng Dài,"Nhà ngõ, hẻm",Đã có sổ,1,2,90,15,Đồng Nai
"Đường Đoàn Văn Bơ, Phường 16, Quận 4, Tp Hồ Chí Minh",Quận 4,Phường 16,"Nhà ngõ, hẻm",Đã có sổ,2,3,22,115,Tp Hồ Chí Minh
"Đường Bình Chuẩn 31, Phường Tân Phước Khánh, Thị xã Tân Uyên, Bình Dương",,Phường Tân Phước Khánh,"Nhà ngõ, hẻm",Đã có sổ,2,4,22,28,Bình Dương
"207, Xuân Đỉnh, Phường Xuân Đỉnh, Quận Bắc Từ Liêm, Hà Nội",Quận Bắc Từ Liêm,Phường Xuân Đỉnh,"Nhà ngõ, hẻm",Đã có sổ,7,,22,18,Hà Nội
"44/21, Đường Linh Đông, Phường Linh Đông, Quận Thủ Đức, Tp Hồ Chí Minh",Quận Thủ Đức,Phường Linh Đông,"Nhà ngõ, hẻm",Đã có sổ,2,3,80,65,Tp Hồ Chí Minh
"Đường Hoàng Mai, Phường Hoàng Văn Thụ, Quận Hoàng Mai, Hà Nội",Quận Hoàng Mai,Phường Hoàng Văn Thụ,"Nhà ngõ, hẻm",Đã có sổ,5,1,33,93,Hà Nội
"Đường Tân Ba, Phường Tân Phước Khánh, Thị xã Tân Uyên, Bình Dương",,Phường Tân Phước Khánh,"Nhà mặt phố, mặt tiền",Đã có sổ,1,,81,30,Bình Dương
"Đường Dương Thị Hai, Xã Mỹ Lộc, Huyện Cần Giuộc, Long An",Huyện Cần Giuộc,Xã Mỹ Lộc,"Nhà mặt phố, mặt tiền",Đã có sổ,,,90,8,Long An
"Đường Đông Nhì, Phường Lái Thiêu, Thị xã Thuận An, Bình Dương",,Phường Lái Thiêu,"Nhà mặt phố, mặt tiền",Đã có sổ,,,100,9,Bình Dương
"Đường Lạc Long Quân||7481, Phường 10, Quận Tân Bình, Tp Hồ Chí Minh",Quận Tân Bình,Phường 10,"Nhà ngõ, hẻm",Đã có sổ,1,1,23,100,Tp Hồ Chí Minh
"Đường Đại lộ 3, Phường Phước Bình, Quận 9, Tp Hồ Chí Minh",Quận 9,Phường Phước Bình,"Nhà ngõ, hẻm",Đã có sổ,1,,30,53,Tp Hồ Chí Minh
"Đường Huỳnh Bá Chánh||8680, Xã Tân Kiên, Huyện Bình Chánh, Tp Hồ Chí Minh",Huyện Bình Chánh,Xã Tân Kiên,"Nhà mặt phố, mặt tiền",Đã có sổ,1,3,100,9,Tp Hồ Chí Minh
"Đường Đoàn Nguyễn Tuấn||8620, Xã Quy Đức, Huyện Bình Chánh, Tp Hồ Chí Minh",Huyện Bình Chánh,Xã Quy Đức,"Nhà mặt phố, mặt tiền",Đã có sổ,,,350,22,Tp Hồ Chí Minh
"Đỗ Thế Chấp, Phường Phước Mỹ, Quận Sơn Trà, Đà Nẵng",Quận Sơn Trà,Phường Phước Mỹ,"Nhà mặt phố, mặt tiền",Đã có sổ,,,350,300,Đà Nẵng
"Đường K20, Phường Khuê Mỹ, Quận Ngũ Hành Sơn, Đà Nẵng",Quận Ngũ Hành Sơn,Phường Khuê Mỹ,"Nhà ngõ, hẻm",Đã có sổ,3,3,116,26,Đà Nẵng
"Đường Thạnh Xuân 25, Phường Thạnh Xuân, Quận 12, Tp Hồ Chí Minh",Quận 12,Phường Thạnh Xuân,Nhà phố liền kề,Đã có sổ,1,2,24,40,Tp Hồ Chí Minh
"Bình chuẩn 68, Phường Bình Chuẩn, Thị xã Thuận An, Bình Dương",,Phường Bình Chuẩn,Nhà phố liền kề,Đã có sổ,,,100,11,Bình Dương
"Đường Hoàng Thị Loan, Phường Hòa Minh, Quận Liên Chiểu, Đà Nẵng",Quận Liên Chiểu,Phường Hòa Minh,Nhà phố liền kề,Đã có sổ,,,95,30,Đà Nẵng
"Đường Nguyễn Khuyến, Phường Trảng Dài, Thành phố Biên Hòa, Đồng Nai",,Phường Trảng Dài,"Nhà ngõ, hẻm",Giấy tờ khác,1,3,70,19,Đồng Nai
"Đường Ngô Quyền, Phường 6, Quận 10, Tp Hồ Chí Minh",Quận 10,Phường 6,"Nhà ngõ, hẻm",Đã có sổ,2,,34,197,Tp Hồ Chí Minh
"Thôn 2, Xã Suối Rao, Huyện Châu Đức, Bà Rịa - Vũng Tàu",Huyện Châu Đức,Xã Suối Rao,"Nhà ngõ, hẻm",Đã có sổ,,,150,2,Bà Rịa - Vũng Tàu
"Đường D35, Phường Hưng Thạnh, Quận Cái Răng, Cần Thơ",Quận Cái Răng,Phường Hưng Thạnh,"Nhà ngõ, hẻm",Đang chờ sổ,,,85,21,Cần Thơ
"Đường Lê Quang Đạo, Phường Phú Đô, Quận Nam Từ Liêm, Hà Nội",Quận Nam Từ Liêm,Phường Phú Đô,"Nhà ngõ, hẻm",Đã có sổ,5,,55,94,Hà Nội
"hưng long, Xã Hưng Long, Huyện Bình Chánh, Tp Hồ Chí Minh",Huyện Bình Chánh,Xã Hưng Long,"Nhà mặt phố, mặt tiền",Đã có sổ,1,3,70,26,Tp Hồ Chí Minh
"Đường số 1, Phường Bình Thuận, Quận 7, Tp Hồ Chí Minh",Quận 7,Phường Bình Thuận,"Nhà ngõ, hẻm",Đã có sổ,1,2,40,150,Tp Hồ Chí Minh
"Đuồng Hai Bà Trưng Nối Dài, Phường 3, Thành phố Bến Tre, Bến Tre",,Phường 3,"Nhà mặt phố, mặt tiền",Đã có sổ,1,,554,34,Bến Tre
"Đường Cách Mạng Tháng Tám, Phường 5, Quận 10, Tp Hồ Chí Minh",Quận 10,Phường 5,"Nhà ngõ, hẻm",Đã có sổ,2,4,39,126,Tp Hồ Chí Minh
"Đường Dũng Sĩ Thanh Khê, Phường Thanh Khê Đông, Quận Thanh Khê, Đà Nẵng",Quận Thanh Khê,Phường Thanh Khê Đông,"Nhà ngõ, hẻm",Đã có sổ,3,3,68,52,Đà Nẵng
"Đường Nguyễn Khuyến, Phường Văn Quán, Quận Hà Đông, Hà Nội",Quận Hà Đông,Phường Văn Quán,Nhà phố liền kề,Đã có sổ,7,,60,125,Hà Nội
"113/15, Đường Hoàng Văn Thái, Phường Hòa Khánh Nam, Quận Liên Chiểu, Đà Nẵng",Quận Liên Chiểu,Phường Hòa Khánh Nam,"Nhà ngõ, hẻm",Đã có sổ,2,2,70,28,Đà Nẵng
"05, Đống Đa, Phường Thạch Thang, Quận Hải Châu, Đà Nẵng",Quận Hải Châu,Phường Thạch Thang,"Nhà ngõ, hẻm",Giấy tờ khác,,,70,5,Đà Nẵng
"Chợ Gach Cam, Phường Long Tuyền, Quận Bình Thuỷ, Cần Thơ",Quận Bình Thuỷ,Phường Long Tuyền,"Nhà ngõ, hẻm",Đã có sổ,,,209,4,Cần Thơ
"Đường Bùi Thị Xuân, Phường 2, Quận Tân Bình, Tp Hồ Chí Minh",Quận Tân Bình,Phường 2,"Nhà ngõ, hẻm",Đã có sổ,2,2,22,113,Tp Hồ Chí Minh
"Đường Hồ Tùng Mậu, Phường Mai Dịch, Quận Cầu Giấy, Hà Nội",Quận Cầu Giấy,Phường Mai Dịch,"Nhà ngõ, hẻm",Đã có sổ,4,4,55,81,Hà Nội
"368, Đường Kinh Dương Vương||6473, Quận Bình Tân, Tp Hồ Chí Minh",Quận Bình Tân,,"Nhà mặt phố, mặt tiền",Đã có sổ,4,6,45,162,Tp Hồ Chí Minh
"Phố Lụa, Phường Vạn Phúc, Quận Hà Đông, Hà Nội",Quận Hà Đông,Phường Vạn Phúc,"Nhà ngõ, hẻm",Đã có sổ,4,2,33,72,Hà Nội
"Đường 768, Phường Trảng Dài, Thành phố Biên Hòa, Đồng Nai",,Phường Trảng Dài,"Nhà ngõ, hẻm",Giấy tờ khác,4,,85,10,Đồng Nai
"Đường Nguyễn Văn Linh, Phường 7, Quận 8, Tp Hồ Chí Minh",Quận 8,Phường 7,"Nhà ngõ, hẻm",Đã có sổ,1,,85,50,Tp Hồ Chí Minh
"128/10/21, Đường Nguyễn Văn Tiên, Phường Tân Phong, Thành phố Biên Hòa, Đồng Nai",,Phường Tân Phong,"Nhà ngõ, hẻm",Đã có sổ,4,2,120,21,Đồng Nai
"54 Tân lập, Phường Đông Hòa, Thị xã Dĩ An, Bình Dương, Phường Đông Hòa, Thị xã Dĩ An, Bình Dương",,Phường Đông Hòa,"Nhà ngõ, hẻm",Đang chờ sổ,,,23000,23,Bình Dương
"87/9, Đường Trần Quốc Toản, Phường Dĩ An, Thị xã Dĩ An, Bình Dương",,Phường Dĩ An,"Nhà ngõ, hẻm",Đã có sổ,,,244,23,Bình Dương
"Đường Đinh Đức Thiện, Xã Tân Quý Tây, Huyện Bình Chánh, Tp Hồ Chí Minh",Huyện Bình Chánh,Xã Tân Quý Tây,"Nhà mặt phố, mặt tiền",Đã có sổ,,,60,29,Tp Hồ Chí Minh
"Đường Nguyễn Chính, Phường Tân Mai, Quận Hoàng Mai, Hà Nội",Quận Hoàng Mai,Phường Tân Mai,"Nhà ngõ, hẻm",Đã có sổ,4,,25,64,Hà Nội
"Đường Hồ Văn Cống, Phường Tương Bình Hiệp, Thành phố Thủ Dầu Một, Bình Dương",,Phường Tương Bình Hiệp,"Nhà mặt phố, mặt tiền",Đã có sổ,1,3,110,29,Bình Dương
"Đường Bến Phú Định, Phường 16, Quận 8, Tp Hồ Chí Minh",Quận 8,Phường 16,"Nhà ngõ, hẻm",Giấy tờ khác,1,1,20,69,Tp Hồ Chí Minh
"Tân Thới Hiệp 07, Phường Tân Thới Hiệp, Quận 12, Tp Hồ Chí Minh",Quận 12,Phường Tân Thới Hiệp,"Nhà ngõ, hẻm",Đã có sổ,1,2,48,72,Tp Hồ Chí Minh
TL 10,,,Nhà phố liền kề,Đã có sổ,1,,48,8,#VALUE!
"Đường Đinh Đức Thiện, Xã Bình Chánh, Huyện Bình Chánh, Tp Hồ Chí Minh",Huyện Bình Chánh,Xã Bình Chánh,"Nhà mặt phố, mặt tiền",Đã có sổ,1,4,100,13,Tp Hồ Chí Minh
"hẻm 363, Phường Tân Hòa, Thành phố Buôn Ma Thuột, Đắk Lắk",,Phường Tân Hòa,"Nhà ngõ, hẻm",Đã có sổ,,,120,10,Đắk Lắk
"Tân Phước Khánh 37, Phường Tân Phước Khánh, Thị xã Tân Uyên, Bình Dương",,Phường Tân Phước Khánh,"Nhà ngõ, hẻm",Đã có sổ,,,778,11,Bình Dương
"Đường Hưng Định 31, Phường Hưng Định, Thị xã Thuận An, Bình Dương",,Phường Hưng Định,"Nhà ngõ, hẻm",Đã có sổ,,,66,14,Bình Dương
"Đông Thạnh 7-5, Xã Đông Thạnh, Huyện Hóc Môn, Tp Hồ Chí Minh",Huyện Hóc Môn,Xã Đông Thạnh,"Nhà ngõ, hẻm",Đã có sổ,,,2250,8,Tp Hồ Chí Minh
"Đường Đặng Thì Nhường, Phường Long Tuyền, Quận Bình Thuỷ, Cần Thơ",Quận Bình Thuỷ,Phường Long Tuyền,"Nhà mặt phố, mặt tiền",Đã có sổ,,2,82,10,Cần Thơ
"Đường Nông Thôn, Xã Hữu Định, Huyện Châu Thành, Bến Tre",Huyện Châu Thành,Xã Hữu Định,"Nhà ngõ, hẻm",Đã có sổ,,2,90,7,Bến Tre
"Đường Nguyễn Trãi, Phường Lái Thiêu, Thị xã Thuận An, Bình Dương",,Phường Lái Thiêu,"Nhà ngõ, hẻm",Đã có sổ,,,80,15,Bình Dương
"Đường Liên Thôn, Xã Hoa Động, Huyện Thuỷ Nguyên, Hải Phòng",Huyện Thuỷ Nguyên,Xã Hoa Động,"Nhà ngõ, hẻm",Đã có sổ,,,494,9,Hải Phòng
"ấp trạm lac, Xã Mỹ Hạnh Bắc, Huyện Đức Hòa, Long An",Huyện Đức Hòa,Xã Mỹ Hạnh Bắc,"Nhà ngõ, hẻm",Đã có sổ,,,115,11,Long An
"trần đại nghĩa, Phường Thanh Nhàn, Quận Hai Bà Trưng, Hà Nội",Quận Hai Bà Trưng,Phường Thanh Nhàn,"Nhà mặt phố, mặt tiền",Đã có sổ,4,,40,350,Hà Nội
"Dt240, Xã Long Nguyên, Huyện Bàu Bàng, Bình Dương",Huyện Bàu Bàng,Xã Long Nguyên,"Nhà mặt phố, mặt tiền",Đã có sổ,,,100,3,Bình Dương
"Đường Nguyễn Khuyến, Phường Trảng Dài, Thành phố Biên Hòa, Đồng Nai",,Phường Trảng Dài,"Nhà ngõ, hẻm",Giấy tờ khác,1,3,70,19,Đồng Nai
"Đường Điện Biên Phủ, Phường Đa Kao, Quận 1, Tp Hồ Chí Minh",Quận 1,Phường Đa Kao,"Nhà ngõ, hẻm",Đã có sổ,,,101,108,Tp Hồ Chí Minh
"Đường Ngô Thì Nhậm, Phường An Khánh, Quận Ninh Kiều, Cần Thơ",Quận Ninh Kiều,Phường An Khánh,"Nhà mặt phố, mặt tiền",Đã có sổ,2,5,70,58,Cần Thơ
"Đường tĩnh 835, Xã Bình Chánh, Huyện Bình Chánh, Tp Hồ Chí Minh",Huyện Bình Chánh,Xã Bình Chánh,"Nhà mặt phố, mặt tiền",Đã có sổ,1,,40,10,Tp Hồ Chí Minh
"Đường Nông Thôn, Xã Hữu Định, Huyện Châu Thành, Bến Tre",Huyện Châu Thành,Xã Hữu Định,"Nhà ngõ, hẻm",Đã có sổ,,2,90,7,Bến Tre
"Đường Nguyễn Trãi, Phường Lái Thiêu, Thị xã Thuận An, Bình Dương",,Phường Lái Thiêu,"Nhà ngõ, hẻm",Đã có sổ,,,80,15,Bình Dương
"Đường Liên Thôn, Xã Hoa Động, Huyện Thuỷ Nguyên, Hải Phòng",Huyện Thuỷ Nguyên,Xã Hoa Động,"Nhà ngõ, hẻm",Đã có sổ,,,494,9,Hải Phòng
"ấp trạm lac, Xã Mỹ Hạnh Bắc, Huyện Đức Hòa, Long An",Huyện Đức Hòa,Xã Mỹ Hạnh Bắc,"Nhà ngõ, hẻm",Đã có sổ,,,115,11,Long An
"trần đại nghĩa, Phường Thanh Nhàn, Quận Hai Bà Trưng, Hà Nội",Quận Hai Bà Trưng,Phường Thanh Nhàn,"Nhà mặt phố, mặt tiền",Đã có sổ,4,,40,350,Hà Nội
"Phùng Hưng Nối Dài, Phường Tam Phước, Thành phố Biên Hòa, Đồng Nai",,Phường Tam Phước,"Nhà mặt phố, mặt tiền",Đã có sổ,,,100,3,Đồng Nai
"Nhất Chi Mai, Phường 13, Quận Tân Bình, Tp Hồ Chí Minh",Quận Tân Bình,Phường 13,"Nhà ngõ, hẻm",Đã có sổ,3,,44,147,Tp Hồ Chí Minh
"6, Đường Trung Mỹ Tây 13, Phường Trung Mỹ Tây, Quận 12, Tp Hồ Chí Minh",Quận 12,Phường Trung Mỹ Tây,"Nhà mặt phố, mặt tiền",Đã có sổ,3,,120,100,Tp Hồ Chí Minh
"39., Đường Bùi Thị Xuân, Phường 2, Quận Tân Bình, Tp Hồ Chí Minh",Quận Tân Bình,Phường 2,"Nhà ngõ, hẻm",Đã có sổ,3,2,18,122,Tp Hồ Chí Minh
"Đường Quốc Lộ 13, Phường Lái Thiêu, Thị xã Thuận An, Bình Dương",,Phường Lái Thiêu,"Nhà ngõ, hẻm",Giấy tờ khác,,1,18,28,Bình Dương
"Đường Số 40, Phường Bình Trưng Đông, Quận 2, Tp Hồ Chí Minh",Quận 2,Phường Bình Trưng Đông,"Nhà ngõ, hẻm",Đã có sổ,,,876,32,Tp Hồ Chí Minh
"Đường Âu Cơ, Phường 14, Quận Tân Bình, Tp Hồ Chí Minh",Quận Tân Bình,Phường 14,"Nhà ngõ, hẻm",Đã có sổ,1,2,52,19,Tp Hồ Chí Minh
"Đường Vườn Lài, Phường Thạnh Lộc, Quận 12, Tp Hồ Chí Minh",Quận 12,Phường Thạnh Lộc,"Nhà ngõ, hẻm",Đang chờ sổ,,2,52,25,Tp Hồ Chí Minh
"Đường Hà Huy Giáp, Phường Thạnh Lộc, Quận 12, Tp Hồ Chí Minh",Quận 12,Phường Thạnh Lộc,"Nhà mặt phố, mặt tiền",Đã có sổ,1,,24,52,Tp Hồ Chí Minh
"Đường Bình Chuẩn 1, Phường Bình Chuẩn, Thị xã Thuận An, Bình Dương",,Phường Bình Chuẩn,"Nhà mặt phố, mặt tiền",Đã có sổ,,,100,12,Bình Dương
"Đường Làng Tăng Phú, Phường Tăng Nhơn Phú A, Quận 9, Tp Hồ Chí Minh",Quận 9,Phường Tăng Nhơn Phú A,"Nhà mặt phố, mặt tiền",Đã có sổ,,,115,41,Tp Hồ Chí Minh
"Đường Nguyễn Bình, Xã Phú Xuân, Huyện Nhà Bè, Tp Hồ Chí Minh",Huyện Nhà Bè,Xã Phú Xuân,"Nhà mặt phố, mặt tiền",Đã có sổ,,,485,43,Tp Hồ Chí Minh
"Đường Hà Huy Giáp, Phường Thạnh Xuân, Quận 12, Hồ Chí Min",Quận 12,Phường Thạnh Xuân,"Nhà mặt phố, mặt tiền",Đã có sổ,,5,60,76,Hồ Chí Min
"vĩnh phú 1, Phường Vĩnh Phú, Thị xã Thuận An, Bình Dương",,Phường Vĩnh Phú,"Nhà mặt phố, mặt tiền",Đã có sổ,,,150,11,Bình Dương
"Đường Cao Đức Lân, Phường An Phú, Quận 2, Tp Hồ Chí Minh",Quận 2,Phường An Phú,"Nhà mặt phố, mặt tiền",Đã có sổ,,,60,31,Tp Hồ Chí Minh
"tỉnh lộ DT 768, Xã Thạnh Phú, Huyện Vĩnh Cửu, Đồng Nai",Huyện Vĩnh Cửu,Xã Thạnh Phú,"Nhà mặt phố, mặt tiền",Đã có sổ,,,500,5,Đồng Nai
"Đường 22/12, Phường Lái Thiêu, Thị xã Thuận An, Bình Dương",,Phường Lái Thiêu,"Nhà mặt phố, mặt tiền",Đang chờ sổ,,3,500,4,Bình Dương
"Hoàng Phan Thái, Phường An Lạc, Quận Bình Tân, Tp Hồ Chí Minh",Quận Bình Tân,Phường An Lạc,"Nhà mặt phố, mặt tiền",Đã có sổ,1,2,50,19,Tp Hồ Chí Minh
"Đường Tân Phước Khánh 4||15252, Phường Tân Phước Khánh, Thị xã Tân Uyên, Bình Dương",,Phường Tân Phước Khánh,"Nhà mặt phố, mặt tiền",Đã có sổ,,,110,10,Bình Dương
"Đường Tỉnh lộ 43, Phường Bình Hòa, Thị xã Thuận An, Bình Dương",,Phường Bình Hòa,"Nhà ngõ, hẻm",Đã có sổ,1,3,63,41,Bình Dương
"Đường Đoàn Văn Bơ, Phường 14, Quận 4, Tp Hồ Chí Minh",Quận 4,Phường 14,"Nhà ngõ, hẻm",Đã có sổ,2,4,45,87,Tp Hồ Chí Minh
"Đường Giải Phóng, Phường Thanh Trì, Quận Hoàng Mai, Hà Nội",Quận Hoàng Mai,Phường Thanh Trì,"Nhà mặt phố, mặt tiền",Đã có sổ,5,4,32,109,Hà Nội
"Nại Hiên Đông, Phường Nại Hiên Đông, Quận Sơn Trà, Đà Nẵng",Quận Sơn Trà,Phường Nại Hiên Đông,"Nhà mặt phố, mặt tiền",Đã có sổ,2,3,72,44,Đà Nẵng
"Đường Dịch Vọng, Phường Dịch Vọng, Quận Cầu Giấy, Hà Nội",Quận Cầu Giấy,Phường Dịch Vọng,"Nhà mặt phố, mặt tiền",Đã có sổ,5,,31,109,Hà Nội
"82/10A, Đường Đinh Bộ Lĩnh, Phường 26, Quận Bình Thạnh, Tp Hồ Chí Minh",Quận Bình Thạnh,Phường 26,"Nhà ngõ, hẻm",Đã có sổ,,,22,150,Tp Hồ Chí Minh
"đường số 1, Phường Long Trường, Quận 9, Tp Hồ Chí Minh",Quận 9,Phường Long Trường,"Nhà ngõ, hẻm",Đã có sổ,1,4,89,43,Tp Hồ Chí Minh
"Đường Ấp Rừng Dầu, Xã Mỹ Hạnh Bắc, Huyện Đức Hòa, Long An",Huyện Đức Hòa,Xã Mỹ Hạnh Bắc,"Nhà ngõ, hẻm",Đã có sổ,,,125,6,Long An
"Đường Đại Mỗ, Phường Đại Mỗ, Quận Nam Từ Liêm, Hà Nội",Quận Nam Từ Liêm,Phường Đại Mỗ,"Nhà ngõ, hẻm",Đã có sổ,4,,40,65,Hà Nội
"22, Đường Tân Quý, Phường Tân Quý, Quận Tân Phú, Tp Hồ Chí Minh",Quận Tân Phú,Phường Tân Quý,"Nhà ngõ, hẻm",Giấy tờ khác,,,40,2,Tp Hồ Chí Minh
"Đường Thạch Bàn||1422, Phường Thạch Bàn, Quận Long Biên, Hà Nội",Quận Long Biên,Phường Thạch Bàn,"Nhà ngõ, hẻm",Đã có sổ,,,82,48,Hà Nội
"Đường Lê Trọng Tấn, Phường Khương Mai, Quận Thanh Xuân, Hà Nội",Quận Thanh Xuân,Phường Khương Mai,"Nhà mặt phố, mặt tiền",Đã có sổ,4,,60,133,Hà Nội
"Đường Ấp Rừng Dầu, Xã Mỹ Hạnh Bắc, Huyện Đức Hòa, Long An",Huyện Đức Hòa,Xã Mỹ Hạnh Bắc,"Nhà mặt phố, mặt tiền",Đã có sổ,,,120,7,Long An
"Đường Dương Kỳ Hiệp, Phường 2, Thành phố Sóc Trăng, Sóc Trăng",,Phường 2,"Nhà mặt phố, mặt tiền",Đã có sổ,,,330,5,Sóc Trăng
"Đường Đinh Đức Thiện, Xã Long Hòa, Huyện Cần Đước, Long An",Huyện Cần Đước,Xã Long Hòa,Nhà phố liền kề,Đã có sổ,1,2,53,28,Long An
"Đường Bến Than, Xã Tân Thạnh Đông, Huyện Củ Chi, Tp Hồ Chí Minh",Huyện Củ Chi,Xã Tân Thạnh Đông,Nhà phố liền kề,Đã có sổ,,,132,10,Tp Hồ Chí Minh
"Đường Nhân Hòa, Phường Nhân Chính, Quận Thanh Xuân, Hà Nội",Quận Thanh Xuân,Phường Nhân Chính,"Nhà ngõ, hẻm",Đã có sổ,5,,36,83,Hà Nội
"Đường Quang Trung, Phường 10, Quận Gò Vấp, Tp Hồ Chí Minh",Quận Gò Vấp,Phường 10,"Nhà ngõ, hẻm",Đã có sổ,,2,25,112,Tp Hồ Chí Minh
"Đường Dương Quảng Hàm, Phường 5, Quận Gò Vấp, Tp Hồ Chí Minh",Quận Gò Vấp,Phường 5,"Nhà ngõ, hẻm",Đã có sổ,4,,68,80,Tp Hồ Chí Minh
"Đường Đặng Tiến Đông||348, Phường Láng Hạ, Quận Đống Đa, Hà Nội",Quận Đống Đa,Phường Láng Hạ,"Nhà ngõ, hẻm",Đã có sổ,4,,44,189,Hà Nội
"Đường Nguyễn Huy Tưởng, Phường Nhân Chính, Quận Thanh Xuân, Hà Nội",Quận Thanh Xuân,Phường Nhân Chính,"Nhà ngõ, hẻm",Đang chờ sổ,3,,44,122,Hà Nội
"Đường Bà Triệu, Phường Hà Cầu, Quận Hà Đông, Hà Nội",Quận Hà Đông,Phường Hà Cầu,"Nhà mặt phố, mặt tiền",Đã có sổ,1,2,35,82,Hà Nội
"Đường Sài Đồng, Phường Sài Đồng, Quận Long Biên, Hà Nội",Quận Long Biên,Phường Sài Đồng,"Nhà mặt phố, mặt tiền",Đã có sổ,,,75,65,Hà Nội
"ấp giồng lớn, Xã Mỹ Hạnh Nam, Huyện Đức Hòa, Long An",Huyện Đức Hòa,Xã Mỹ Hạnh Nam,"Nhà mặt phố, mặt tiền",Đã có sổ,,,125,5,Long An
"Đường Phạm Văn Đồng, Phường 13, Quận Bình Thạnh, Tp Hồ Chí Minh",Quận Bình Thạnh,Phường 13,"Nhà ngõ, hẻm",Đã có sổ,4,,52,178,Tp Hồ Chí Minh
"Đường Bùi Tư Toàn, Phường An Lạc, Quận Bình Tân, Tp Hồ Chí Minh",Quận Bình Tân,Phường An Lạc,"Nhà ngõ, hẻm",Đã có sổ,,2,52,7,Tp Hồ Chí Minh
"Đường Tân Trụ, Phường 15, Quận Tân Bình, Tp Hồ Chí Minh",Quận Tân Bình,Phường 15,"Nhà ngõ, hẻm",Đã có sổ,3,4,60,103,Tp Hồ Chí Minh
"Đuong Hoang Hoa Tham, Phường 5, Quận Phú Nhuận, Tp Hồ Chí Minh",Quận Phú Nhuận,Phường 5,"Nhà ngõ, hẻm",Đã có sổ,,,50,118,Tp Hồ Chí Minh
"Đường Thới Tam Thôn 12, Xã Thới Tam Thôn, Huyện Hóc Môn, Tp Hồ Chí Minh",Huyện Hóc Môn,Xã Thới Tam Thôn,"Nhà mặt phố, mặt tiền",Giấy tờ khác,,,48,32,Tp Hồ Chí Minh
"Đường Kim Giang, Phường Đại Kim, Quận Hoàng Mai, Hà Nội",Quận Hoàng Mai,Phường Đại Kim,"Nhà ngõ, hẻm",Giấy tờ khác,5,5,58,117,Hà Nội
"11, Ngô Văn Năm, Phường Tân Lợi, Thành phố Buôn Ma Thuột, Đắk Lắk",,Phường Tân Lợi,"Nhà ngõ, hẻm",Đã có sổ,,,165,21,Đắk Lắk
"Đường Bùi Sỹ Lâm, Phường Quảng Thành, Thành phố Thanh Hóa, Thanh Hóa",,Phường Quảng Thành,"Nhà ngõ, hẻm",Đã có sổ,,,96,13,Thanh Hóa
"Đường Số 8, Phường 11, Quận Gò Vấp, Tp Hồ Chí Minh",Quận Gò Vấp,Phường 11,"Nhà ngõ, hẻm",Đã có sổ,,4,52,111,Tp Hồ Chí Minh
"Bùi Trang Chước, Phường Hòa Xuân, Quận Cẩm Lệ, Đà Nẵng",Quận Cẩm Lệ,Phường Hòa Xuân,"Nhà ngõ, hẻm",Đã có sổ,,,100,37,Đà Nẵng
"Đường Thuận Giao 25, Phường Thuận Giao, Thị xã Thuận An, Bình Dương",,Phường Thuận Giao,"Nhà ngõ, hẻm",Đã có sổ,,1,100,19,Bình Dương
"Đường 3A||23715, Phường An Khánh, Quận Ninh Kiều, Cần Thơ",Quận Ninh Kiều,Phường An Khánh,"Nhà mặt phố, mặt tiền",Đã có sổ,1,3,76,60,Cần Thơ
"đường số 25, Phường Hiệp Bình Chánh, Quận Thủ Đức, Tp Hồ Chí Minh",Quận Thủ Đức,Phường Hiệp Bình Chánh,"Nhà mặt phố, mặt tiền",Đã có sổ,,,56,6,Tp Hồ Chí Minh
"Đường Hiền Vương, Phường Phú Thọ Hòa, Quận Tân Phú, Tp Hồ Chí Minh",Quận Tân Phú,Phường Phú Thọ Hòa,"Nhà ngõ, hẻm",Đã có sổ,1,,57,89,Tp Hồ Chí Minh
"123, Đường Trần Văn Trà, Phường Hưng Phú, Quận Cái Răng, Cần Thơ",Quận Cái Răng,Phường Hưng Phú,"Nhà mặt phố, mặt tiền",Đã có sổ,2,4,120,85,Cần Thơ
"Trường sa, Xã Nghĩa Phú, Thành phố Quảng Ngãi, Quảng Ngãi",,Xã Nghĩa Phú,"Nhà mặt phố, mặt tiền",Đã có sổ,,,125,11,Quảng Ngãi
"Đường Trần Hữu Tước, Phường Ô Chợ Dừa, Quận Đống Đa, Hà Nội",Quận Đống Đa,Phường Ô Chợ Dừa,"Nhà ngõ, hẻm",Đã có sổ,4,,69,79,Hà Nội
"Đường Số 33, Phường Bình Trưng Tây, Quận 2, Tp Hồ Chí Minh",Quận 2,Phường Bình Trưng Tây,"Nhà mặt phố, mặt tiền",Đã có sổ,2,3,863,70,Tp Hồ Chí Minh
"Đường Bác Ái, Phường Tân Thành, Quận Tân Phú, Tp Hồ Chí Minh",Quận Tân Phú,Phường Tân Thành,"Nhà ngõ, hẻm",Đã có sổ,,,80,85,Tp Hồ Chí Minh
"B12/21D, Đường Liên Ấp 1-2-3, Xã Vĩnh Lộc B, Huyện Bình Chánh, Tp Hồ Chí Minh",Huyện Bình Chánh,Xã Vĩnh Lộc B,"Nhà ngõ, hẻm",Đã có sổ,,,180,33,Tp Hồ Chí Minh
"D14/379C, Đường Trịnh Quang Nghị, Phường 7, Quận 8, Tp Hồ Chí Minh",Quận 8,Phường 7,"Nhà mặt phố, mặt tiền",Giấy tờ khác,,,24,32,Tp Hồ Chí Minh
"Bình chuẩn, Phường Bình Chuẩn, Thị xã Thuận An, Bình Dương",,Phường Bình Chuẩn,"Nhà mặt phố, mặt tiền",Đã có sổ,,,80,13,Bình Dương
"Đường Phan Tây Hồ, Phường 7, Quận Phú Nhuận, Tp Hồ Chí Minh",Quận Phú Nhuận,Phường 7,"Nhà ngõ, hẻm",Đã có sổ,2,,24,152,Tp Hồ Chí Minh
"Đường ĐT746, Phường Tân Phước Khánh, Thị xã Tân Uyên, Bình Dương",,Phường Tân Phước Khánh,"Nhà ngõ, hẻm",Đã có sổ,,,200,6,Bình Dương
"Đường Phúc Đồng, Phường Phúc Đồng, Quận Long Biên, Hà Nội",Quận Long Biên,Phường Phúc Đồng,"Nhà mặt phố, mặt tiền",Đã có sổ,5,3,33,66,Hà Nội
"Đường Cầu Giấy, Phường Quan Hoa, Quận Cầu Giấy, Hà Nội",Quận Cầu Giấy,Phường Quan Hoa,"Nhà ngõ, hẻm",Đã có sổ,4,,32,82,Hà Nội
"Đường Nguyễn Duy Trinh, Phường Long Trường, Quận 9, Tp Hồ Chí Minh",Quận 9,Phường Long Trường,"Nhà ngõ, hẻm",Đã có sổ,,,80,54,Tp Hồ Chí Minh
"Đường DH8, Xã Hòa Khương, Huyện Hòa Vang, Đà Nẵng",Huyện Hòa Vang,Xã Hòa Khương,"Nhà ngõ, hẻm",Đã có sổ,,,206,4,Đà Nẵng
"Đường Quốc lộ 1A, Thị trấn Cái Tắc, Huyện Châu Thành A, Hậu Giang",Huyện Châu Thành A,,"Nhà ngõ, hẻm",Đã có sổ,,,81,7,Hậu Giang
"Đường Cự Lộc||641, Phường Nhân Chính, Quận Thanh Xuân, Hà Nội",Quận Thanh Xuân,Phường Nhân Chính,"Nhà mặt phố, mặt tiền",Đã có sổ,,,60,136,Hà Nội
"Đường Đại Lộ Bình Dương, Phường Mỹ Phước, Thị xã Bến Cát, Bình Dương",,Phường Mỹ Phước,"Nhà mặt phố, mặt tiền",Đã có sổ,,,300,4,Bình Dương
"Đường Vĩnh Phúc, Phường Vĩnh Phúc, Quận Ba Đình, Hà Nội",Quận Ba Đình,Phường Vĩnh Phúc,"Nhà ngõ, hẻm",Đã có sổ,5,2,47,167,Hà Nội
"Đường Số 7, Phường Linh Trung, Quận Thủ Đức, Tp Hồ Chí Minh",Quận Thủ Đức,Phường Linh Trung,"Nhà mặt phố, mặt tiền",Đã có sổ,4,,92,60,Tp Hồ Chí Minh
"Đường DJ10, Phường Thới Hòa, Thị xã Bến Cát, Bình Dương",,Phường Thới Hòa,"Nhà mặt phố, mặt tiền",Đã có sổ,,,300,5,Bình Dương
"thượng cát, Phường Thượng Cát, Quận Bắc Từ Liêm, Hà Nội",Quận Bắc Từ Liêm,Phường Thượng Cát,"Nhà ngõ, hẻm",Đã có sổ,3,,32,48,Hà Nội
"Đường Số 38, Phường Bình Trị Đông B, Quận Bình Tân, Tp Hồ Chí Minh",Quận Bình Tân,Phường Bình Trị Đông B,"Nhà mặt phố, mặt tiền",Đã có sổ,4,,64,82,Tp Hồ Chí Minh
"🔥Đà_Sơn🔥, Phường Hòa Khánh Nam, Quận Liên Chiểu, Đà Nẵng",Quận Liên Chiểu,Phường Hòa Khánh Nam,"Nhà mặt phố, mặt tiền",Đã có sổ,,,73,20,Đà Nẵng
"khu phố Ninh Đức, Đường Điện Biên Phủ, Phường Ninh Thạnh, Thành phố Tây Ninh, Tây Ninh",,Phường Ninh Thạnh,"Nhà mặt phố, mặt tiền",Đã có sổ,,,56,15,Tây Ninh
"ấp rưng sến, Xã Mỹ Hạnh Bắc, Huyện Đức Hòa, Long An",Huyện Đức Hòa,Xã Mỹ Hạnh Bắc,"Nhà mặt phố, mặt tiền",Đã có sổ,,,640,3,Long An
"Đường Nguyễn Hữu Cảnh, Phường Thủy Phương, Thị xã Hương Thủy, Thừa Thiên Huế",,Phường Thủy Phương,"Nhà mặt phố, mặt tiền",Đã có sổ,,,107,8,Thừa Thiên Huế
"chưa có, Phường Hoà Quý, Quận Ngũ Hành Sơn, Đà Nẵng",Quận Ngũ Hành Sơn,Phường Hoà Quý,"Nhà mặt phố, mặt tiền",Đã có sổ,,,1025,37,Đà Nẵng
"Đường Đại Từ, Phường Đại Kim, Quận Hoàng Mai, Hà Nội",Quận Hoàng Mai,Phường Đại Kim,"Nhà ngõ, hẻm",Đã có sổ,4,,38,89,Hà Nội
"Đường Trương Định, Phường Trương Định, Quận Hai Bà Trưng, Hà Nội",Quận Hai Bà Trưng,Phường Trương Định,"Nhà ngõ, hẻm",Đã có sổ,5,6,36,95,Hà Nội
"Đường Trần Hưng Đạo, Phường 1, Thành phố Đông Hà, Quảng Trị",,Phường 1,"Nhà ngõ, hẻm",Đang chờ sổ,,,36,38,Quảng Trị
"Bát Khối, Phường Long Biên, Quận Long Biên, Hà Nội",Quận Long Biên,Phường Long Biên,"Nhà ngõ, hẻm",Đã có sổ,,,50,45,Hà Nội
"Thạnh Xuân 52, Phường Thạnh Xuân, Quận 12, Tp Hồ Chí Minh",Quận 12,Phường Thạnh Xuân,"Nhà ngõ, hẻm",Đã có sổ,,,51,44,Tp Hồ Chí Minh
"Đt743, Phường Bình Chuẩn, Thị xã Thuận An, Bình Dương",,Phường Bình Chuẩn,"Nhà ngõ, hẻm",Đã có sổ,,,1498,14,Bình Dương
"Đường Bến Vân Đồn, Phường 2, Quận 4, Tp Hồ Chí Minh",Quận 4,Phường 2,"Nhà ngõ, hẻm",Đã có sổ,1,3,65,35,Tp Hồ Chí Minh
"Đường Phan Đăng Lưu, Phường Long Bình, Thành phố Biên Hòa, Đồng Nai",,Phường Long Bình,"Nhà ngõ, hẻm",Đã có sổ,,,500,2,Đồng Nai
"Đường Hải Phòng||22032, Phường Hoà Nghĩa, Quận Dương Kinh, Hải Phòng",Quận Dương Kinh,Phường Hoà Nghĩa,"Nhà ngõ, hẻm",Đã có sổ,,,90,5,Hải Phòng
"Đường Trần Cao Vân, Phường Xuân Hà, Quận Thanh Khê, Đà Nẵng",Quận Thanh Khê,Phường Xuân Hà,"Nhà ngõ, hẻm",Đã có sổ,,,58,36,Đà Nẵng
"Đường Lương Định Của||396, Phường Phương Mai, Quận Đống Đa, Hà Nội",Quận Đống Đa,Phường Phương Mai,"Nhà ngõ, hẻm",Đã có sổ,6,,45,106,Hà Nội
"ymon, Xã Cư ÊBur, Thành phố Buôn Ma Thuột, Đắk Lắk",,Xã Cư ÊBur,"Nhà ngõ, hẻm",Đã có sổ,,,110,7,Đắk Lắk
"An Sơn, Xã An Sơn, Thị xã Thuận An, Bình Dương",,Xã An Sơn,Nhà biệt thự,Đã có sổ,1,,1203,16,Bình Dương
Đường Hồ Sỹ Dương,,,Nhà biệt thự,Đã có sổ,4,,80,19,#VALUE!
"Đường Hem 2, Phường Vĩnh Hòa, Thành phố Nha Trang, Khánh Hòa",,Phường Vĩnh Hòa,"Nhà ngõ, hẻm",Đã có sổ,3,3,112,27,Khánh Hòa
"đường Tạ Quang Bửu, Phường 5, Quận 8, Tp Hồ Chí Minh",Quận 8,Phường 5,"Nhà ngõ, hẻm",Đã có sổ,,,112,47,Tp Hồ Chí Minh
"128/10/21, Đường Nguyễn Văn Tiên, Phường Tân Phong, Thành phố Biên Hòa, Đồng Nai",,Phường Tân Phong,"Nhà ngõ, hẻm",Đã có sổ,4,2,120,21,Đồng Nai
"Đường Lê Thị Lơ, Xã Tân Hiệp, Huyện Hóc Môn, Tp Hồ Chí Minh",Huyện Hóc Môn,Xã Tân Hiệp,"Nhà ngõ, hẻm",Đã có sổ,,2,60,31,Tp Hồ Chí Minh
"351, Xã Đồng Thái, Huyện An Dương, Hải Phòng",Huyện An Dương,Xã Đồng Thái,"Nhà ngõ, hẻm",Đã có sổ,,,50,10,Hải Phòng
"Đường Bế Văn Cấm, Phường Tân Kiểng, Quận 7, Tp Hồ Chí Minh",Quận 7,Phường Tân Kiểng,"Nhà ngõ, hẻm",Đã có sổ,,3,50,39,Tp Hồ Chí Minh
"110/x/x, Đường Hoàng Hoa Thám, Phường Tân Tiến, Thành phố Buôn Ma Thuột, Đắk Lắk",,Phường Tân Tiến,"Nhà ngõ, hẻm",Đã có sổ,,2,90,10,Đắk Lắk
"DT743, Phường An Phú, Thị xã Thuận An, Bình Dương",,Phường An Phú,"Nhà ngõ, hẻm",Đã có sổ,,,68,11,Bình Dương
"quốc lô 55, Xã Thắng Hải, Huyện Hàm Tân, Bình Thuận",Huyện Hàm Tân,Xã Thắng Hải,"Nhà ngõ, hẻm",Đã có sổ,,,2500,4,Bình Thuận
"Đường 20m, Phường Phú Mỹ, Thị xã Phú Mỹ, Bà Rịa - Vũng Tàu",,Phường Phú Mỹ,"Nhà ngõ, hẻm",Đã có sổ,,,1000,3,Bà Rịa - Vũng Tàu
"Đường Kim Ngưu, Phường Vĩnh Tuy, Quận Hai Bà Trưng, Hà Nội",Quận Hai Bà Trưng,Phường Vĩnh Tuy,"Nhà ngõ, hẻm",Đã có sổ,5,3,30,111,Hà Nội
"Đường Thoại Ngọc Hầu, Phường Phú Thạnh, Quận Tân Phú, Tp Hồ Chí Minh",Quận Tân Phú,Phường Phú Thạnh,"Nhà ngõ, hẻm",Đã có sổ,,,73,98,Tp Hồ Chí Minh
"Đường Số 4, Phường Hiệp Bình Phước, Quận Thủ Đức, Tp Hồ Chí Minh",Quận Thủ Đức,Phường Hiệp Bình Phước,"Nhà ngõ, hẻm",Đã có sổ,,2,42,73,Tp Hồ Chí Minh
"Đường Bến Bình Đông, Phường 14, Quận 8, Tp Hồ Chí Minh",Quận 8,Phường 14,"Nhà ngõ, hẻm",Đang chờ sổ,25,2,42,6,Tp Hồ Chí Minh
"Đoàn Nguyễn Tuấn, Phường 6, Quận 8, Tp Hồ Chí Minh",Quận 8,Phường 6,"Nhà mặt phố, mặt tiền",Đã có sổ,,4,100,25,Tp Hồ Chí Minh
"Đường Bùi Xương Trạch, Phường Khương Đình, Quận Thanh Xuân, Hà Nội",Quận Thanh Xuân,Phường Khương Đình,"Nhà ngõ, hẻm",Đã có sổ,,5,45,79,Hà Nội
"Đường Liên khu 4-5, Phường Bình Hưng Hoà B, Quận Bình Tân, Tp Hồ Chí Minh",Quận Bình Tân,Phường Bình Hưng Hoà B,"Nhà mặt phố, mặt tiền",Đã có sổ,1,2,35,37,Tp Hồ Chí Minh
"Đường 48, Phường Hiệp Bình Chánh, Quận Thủ Đức, Tp Hồ Chí Minh",Quận Thủ Đức,Phường Hiệp Bình Chánh,"Nhà mặt phố, mặt tiền",Đã có sổ,,,94,26,Tp Hồ Chí Minh
"Đường Hà Trì 1, Phường Hà Cầu, Quận Hà Đông, Hà Nội",Quận Hà Đông,Phường Hà Cầu,"Nhà mặt phố, mặt tiền",Đã có sổ,5,,40,102,Hà Nội
"Mít Nài, Xã La Ngà, Huyện Định Quán, Đồng Nai",Huyện Định Quán,Xã La Ngà,"Nhà mặt phố, mặt tiền",Đã có sổ,,,140,2,Đồng Nai
"trần đại nghía, Phường Hoà Hải, Quận Ngũ Hành Sơn, Đà Nẵng",Quận Ngũ Hành Sơn,Phường Hoà Hải,"Nhà mặt phố, mặt tiền",Đã có sổ,,,164,4,Đà Nẵng
"Đường Nguyễn Khuyến, Phường Trảng Dài, Thành phố Biên Hòa, Đồng Nai",,Phường Trảng Dài,"Nhà mặt phố, mặt tiền",Đã có sổ,1,2,80,15,Đồng Nai
"Đường Song Hành, Phường An Phú, Quận 2, Tp Hồ Chí Minh",Quận 2,Phường An Phú,"Nhà mặt phố, mặt tiền",Đang chờ sổ,,,503,49,Tp Hồ Chí Minh
"16, Đường Cổ Nhuế, Phường Cổ Nhuế 2, Quận Bắc Từ Liêm, Hà Nội",Quận Bắc Từ Liêm,Phường Cổ Nhuế 2,"Nhà ngõ, hẻm",Đã có sổ,5,,33,80,Hà Nội
"Đường 102, Phường Phước Long A, Quận 9, Tp Hồ Chí Minh",Quận 9,Phường Phước Long A,"Nhà ngõ, hẻm",Đang chờ sổ,,,141,15,Tp Hồ Chí Minh
"Đường Bình Chuẩn 34, Phường Bình Chuẩn, Thị xã Thuận An, Bình Dương",,Phường Bình Chuẩn,"Nhà mặt phố, mặt tiền",Đã có sổ,,,70,34,Bình Dương
"Đường Yên Hòa, Phường Yên Nghĩa, Quận Hà Đông, Hà Nội",Quận Hà Đông,Phường Yên Nghĩa,"Nhà mặt phố, mặt tiền",Đã có sổ,,,31,27,Hà Nội
"Đường Khương Đình, Phường Khương Đình, Quận Thanh Xuân, Hà Nội",Quận Thanh Xuân,Phường Khương Đình,"Nhà ngõ, hẻm",Đã có sổ,4,4,40,83,Hà Nội
"Đường ĐT 825, Xã Tân Mỹ, Huyện Đức Hòa, Long An",Huyện Đức Hòa,Xã Tân Mỹ,"Nhà ngõ, hẻm",Đã có sổ,,,120,3,Long An
"Đường Hương lộ 2, Phường Bình Trị Đông A, Quận Bình Tân, Tp Hồ Chí Minh",Quận Bình Tân,Phường Bình Trị Đông A,"Nhà ngõ, hẻm",Đã có sổ,6,,82,45,Tp Hồ Chí Minh
"Đường Nguyễn Văn Bứa, Xã Xuân Thới Thượng, Huyện Hóc Môn, Tp Hồ Chí Minh",Huyện Hóc Môn,Xã Xuân Thới Thượng,"Nhà ngõ, hẻm",Đã có sổ,,,80,4,Tp Hồ Chí Minh
"Đường Quốc Hương, Quận 2, Tp Hồ Chí Minh",Quận 2,,"Nhà ngõ, hẻm",Đang chờ sổ,,3,80,48,Tp Hồ Chí Minh
"Đường Nguyễn Văn Vỹ, Phường 12, Quận Tân Bình, Tp Hồ Chí Minh",Quận Tân Bình,Phường 12,"Nhà mặt phố, mặt tiền",Đã có sổ,2,,59,31,Tp Hồ Chí Minh
"Đường Đê La Thành, Phường Phương Liên, Quận Đống Đa, Hà Nội",Quận Đống Đa,Phường Phương Liên,"Nhà ngõ, hẻm",Đã có sổ,5,9,60,110,Hà Nội
"Phú Thpj, Phường Phú Thọ Hòa, Quận Tân Phú, Tp Hồ Chí Minh",Quận Tân Phú,Phường Phú Thọ Hòa,"Nhà ngõ, hẻm",Đã có sổ,,,40,105,Tp Hồ Chí Minh
"Đường Trần Phú, Phường Năng Tĩnh, Thành phố Nam Định, Nam Định",,Phường Năng Tĩnh,"Nhà ngõ, hẻm",Đã có sổ,2,2,43,18,Nam Định
"Tân thới Nhất 17, Phường Tân Thới Nhất, Quận 12, Tp Hồ Chí Minh",Quận 12,Phường Tân Thới Nhất,"Nhà ngõ, hẻm",Đã có sổ,,,140,16,Tp Hồ Chí Minh
"Hẻm 6 Nguyễn Trãi, Phường Lê Bình, Quận Cái Răng, Cần Thơ",Quận Cái Răng,Phường Lê Bình,"Nhà ngõ, hẻm",Đã có sổ,,,40,35,Cần Thơ
"Đường Thuận Giao 10, Phường Thuận Giao, Thị xã Thuận An, Bình Dương",,Phường Thuận Giao,"Nhà ngõ, hẻm",Đã có sổ,,,100,18,Bình Dương
"Đường DL10, Phường Thới Hòa, Thị xã Bến Cát, Bình Dương",,Phường Thới Hòa,"Nhà ngõ, hẻm",Đã có sổ,,3,150,12,Bình Dương
"Đường Hữu Nghị, Phường Bình Hòa, Thị xã Thuận An, Bình Dương",,Phường Bình Hòa,"Nhà ngõ, hẻm",Đang chờ sổ,,2,6700,31,Bình Dương
"Khu đô thị Bình Nguyên (Làng Đại Học Quốc Gia), thị xã Dĩ An, TP.Dĩ An, tỉnh Bình Dương., Phường Bình An, Thị xã Dĩ An, Bình Dương",,Phường Bình An,"Nhà ngõ, hẻm",Giấy tờ khác,,,6700,27,Bình Dương
"Đường Số 3, Phường 9, Quận Gò Vấp, Tp Hồ Chí Minh",Quận Gò Vấp,Phường 9,"Nhà mặt phố, mặt tiền",Đã có sổ,3,5,114,69,Tp Hồ Chí Minh
"Đường Phạm Hữu Lầu, Xã Phước Kiển, Huyện Nhà Bè, Tp Hồ Chí Minh",Huyện Nhà Bè,Xã Phước Kiển,"Nhà ngõ, hẻm",Giấy tờ khác,1,2,22,38,Tp Hồ Chí Minh
"9, Cổ Nhuế, Phường Cổ Nhuế 2, Quận Bắc Từ Liêm, Hà Nội",Quận Bắc Từ Liêm,Phường Cổ Nhuế 2,"Nhà ngõ, hẻm",Đã có sổ,3,,30,75,Hà Nội
"Đường Lâm Văn Bền, Phường Tân Kiểng, Quận 7, Tp Hồ Chí Minh",Quận 7,Phường Tân Kiểng,"Nhà mặt phố, mặt tiền",Đã có sổ,2,4,791,122,Tp Hồ Chí Minh
