Mã căn / Mã căn hộ:,,title,Số phòng ngủ:,Tên phân khu/Lô/Block/Tháp:,Giấy tờ pháp lý:,Đặc điểm căn hộ:,Tình trạng bất động sản:,Mã lô:,Loại hình đất:,Diện tích:,Tầng số:,Tổng số tầng:,Chiều dài:,area,location,Chiều ngang:,Số phòng vệ sinh:,price,Hướng ban công:,Loại hình nhà ở:,Diện tích đất:,description,Giá/m2:,Tình trạng nội thất:,Diện tích sử dụng:,Hướng cửa chính:,Loại hình căn hộ:,Đặc điểm nhà/đất:,Loại hình văn phòng:
,,Đất nông nghiệp sổ đỏ xuân trường xuân lộcđô,,,Đã có sổ,,,,Đất nông nghiệp,,,,178 m,- 6.961 m2,"Đường Tỉnh lộ 766, Xã Xuân Trường, Huyện Xuân Lộc, Đồng Nai",40 m,,"1,5 tỷ- 6.961 m2",,,6961 m2,"Đất gần trung tam cã xuan trường 2km.
gần chợ, trường học xã xuan trường 
đường đất chuẩn bị đổ bê tông đã họp dân xong
đường cập nhật trên sổ",215.486 đ/m2,,,,,,
,,Đất TC 6x25m mặt tiền đường nhựa thôn 2 Suối Rao,,,Đã có sổ,,,,Đất thổ cư,,,,25 m,- 150 m2,"Thôn 2, Xã Suối Rao, Huyện Châu Đức, Bà Rịa - Vũng Tàu",6 m,,440 triệu- 150 m2,,,150 m2,"bán lô đất đẹp mặt tiền đường nhựa thôn 2
hình chụp thực tế bên trên
sổ đỏ thực tế bên trên
6x25m có 100m2 đất ở
sổ riêng có sẵn luôn
giá 440 triệu cả lô đất luôn
có 3 lô liền kề, lấy hết thì có giá rẻ hơn nữa
cam kết hình thực, giá thực không đăng ba xạo.
mình chính chủ bán","2,93 triệu/m2",,,Bắc,,,
,,"bán đất thổ cư 4,20x12m 87 đường số 3",,,Đã có sổ,,,,Đất thổ cư,,,,12 m,- 52 m2,"Đường Số 3, Phường Bình Hưng Hòa, Quận Bình Tân, Tp Hồ Chí Minh",4.2 m,,"2,99 triệu- 52 m2",,,52 m2,"Dự án: đất nền
Thông tin chi tiết: Bán đất thổ cư đường số 3 Hẻm 87 đất công nhận 52m Xây dựng một trệt hai lầu sân thượng sát eon Tân Phú Sân bay tân sân nhất 15phút gần bách hóa xanh siêu thị gần trường cấp một cấp hai hay trung tâm tiếp thiện chí",57.500 đ/m2,,,Bắc,,Nở hậu,
,,Đất Chính Chủ Cần Bán Gấp - Giá 37.5 Tỷ,,,Đã có sổ,,,,Đất thổ cư,,,,12 m, GIÁ TỐT,"An dương vương, Phường Bình Trị Đông, Quận Bình Tân, Tp Hồ Chí Minh",4.2 m,,"37,5 tỷ GIÁ TỐT- 474.3 m2",,,474.3 m2,"- Đất thổ cư 100%, 
- Hẻm xe tải vào được, Thuận lợi di chuyển đến trung tâm
- Đất Quy hoạch Khu dân cư hiện hữu
- Xây Dựng tự do hoặc Phù Hợp xây dựng Căn Hộ Mini ...
- Giá 37.5 Tỷ, Liên hệ gấp để xem vị trí đất và sổ .
Bán kính đầy đủ tiện nghi siêu thị, chợ ,trường học...
- Vị trí cực đẹp thuận lơi cho đầu tư .
-> Khu vực này được định giá cực hót trên thị trường Bđs Tp.HCM
☘Nhanh tay liên hệ số điện thoại trên bài để biết thêm thông tin chi tiết về đất.☘️
Xin chân thành cảm ơn !♥️","79,11 triệu/m2",,,Bắc,,Nở hậu,
,,"Dân Cư Đông Đúc,Sát Đà Nẵng,Hỗ trợ vay 50%",,,Đã có sổ,,,,Đất thổ cư,,,,19 m,- 95 m2,"Đường Quốc Lộ 14B, Xã Đại Hiệp, Huyện Đại Lộc, Quảng Nam",5 m,,230 triệu- 95 m2,,,95 m2,"Chính chủ cần bán rẻ lô đất 95m2 
Đất vị trí trung tâm dân cư đông đúc gần chợ ,gần trường, gần khu công nghiệp Đông Phú,Tích Phú Đại Hiệp, Cách Trung tâm TP Đà Nẵng 15km.
- Đường 4m cả lề oto quay đầu 
Giá bán trả trước 230 triệu bao sổ Có hỗ trợ vay 200tr trả góp hằng tháng
-Đất giá rẻ phù hợp cho vợ chồng mới cưới có nhu cầu ra ở riêng, hoặc đầu tư với tầm tài chính hạn chế 
Liên hệ: gặp CC để làm việc","2,42 triệu/m2",,,Bắc,,Mặt tiền,
,,Đường nhựa 12m - Bán lô 110m2 - đón lộc đầu năm,,,Đã có sổ,,,,Đất thổ cư,,,,19 m,- 109 m2,"Duong So D, Phường 5, Thành phố Vĩnh Long, Vĩnh Long",5 m,,830 triệu- 109 m2,,,109 m2,"Diên tích 5,5 x 20

Lô nhựa 12m vi vu

Dân cư sinh sống náo nhiệt

tiện ích cao ngất

Đầu tư đón đầu cầu Thiềng Đức 2 khởi công 

Gia bán chỉ 830 tr mà thôi ( bớt ít lộc)

LH em Duy....biết thêm chi tiết","7,61 triệu/m2",,,Tây Bắc,,Mặt tiền,
,,Bán đất nền trung tâm thành phố Sóc Trăng,,Phân khu 8B,Đã có sổ,,,,Đất thổ cư,,,,40 m,- 239 m2,"Đường Cao Thắng, Phường 8, Thành phố Sóc Trăng, Sóc Trăng",6 m,,900 triệu- 239 m2,,,239 m2,"Bán đất nền Trung tâm Thành phố Sóc Trăng, diện tích ngang 6m x dài 40m thổ cư 150m. Đất cách đường Lê Duẩn khoảng 700m, cách BVĐK khoảng 1,5km, cách Trung tâm TP khoảng 2,5km; đất cách KCN Tân Phú và Chợ Đầu Mối chỉ có 50m rất thuận tiện cho phát triển kinh doanh mua bán hoặc xây nhà trọ. Giá 900 triệu, còn thương lượng và bao tất cả thuế phí","3,77 triệu/m2",,,Nam,,Mặt tiền,
,,NHÀ ĐẸP RỘNG RÃI CÓ CHỖ ĐẬU XE TÔN ĐẢN NỐI DÀI,2 phòng,Phân khu 8B,Đã có sổ,,,,Đất thổ cư,,,,40 m,- 56.7 m2,"Đường Tôn Đản, Phường Hòa Thọ Tây, Quận Cẩm Lệ, Đà Nẵng",6 m,2 phòng,"1,75 tỷ- 56.7 m2",,"Nhà ngõ, hẻm",56.7 m²,"NHÀ ĐẸP RỘNG RÃI CÓ CHỖ ĐẬU XE TÔN ĐẢN NỐI DÀI
Nhà 2 tầng kiệt 3m Tôn Đản Nối Dài
Chào bán căn nhà hướng Tây 2 tầng gồm 2pn 2wc phòng bếp,phòng khách,sân để xe rộng
Liên hệ xem và tìm nhà khu vực cẩm lệ","31,25 triệu/m²",,,Tây,,Mặt tiền,
,,Bán Gấp Nhà Mễ Trì 52m2- KD- Lô Góc - giá 5.7 tỷ,4 phòng,Phân khu 8B,Đã có sổ,,,,Đất thổ cư,,,,40 m,- 52 m2,"Đường Mễ Trì Hạ, Phường Mễ Trì, Quận Nam Từ Liêm, Hà Nội",6 m,4 phòng,"5,7 tỷ- 52 m2",,"Nhà mặt phố, mặt tiền",52 m²,"Bán Gấp Nhà Mễ Trì Hạ - Vị Trí Đắc Địa - Lô Góc - Kinh Doanh Sầm Uất - Giá 5.7 Tỷ Có Thuơng Lượng.
Nhà thiết kế cầu thang giữa tổng 4 ngủ.
Tầng 1 Kinh Doanh.
Đường trước nhà 2 oto tránh. thuận tiện cho việ. đi lại - kinh doanh.
Khu phố sầm uất kinh doanh gì cũng tiện.
Gần trường Tiểu Học Lomonoxop Mễ Trì.
Sổ đỏ chính chủ sẵn sàng giao dịch bất cứ lúc nào.
Liên hệ em Hoàng để xem nhà.","109,62 triệu/m²",,52 m²,Tây,,Mặt tiền,
,,"1 Cặp đường 18m nền MA1-7-28,29 giá tốt chính chủ",4 phòng,Phân khu 8B,Đã có sổ,,,,Đất thổ cư,,,,40 m,- 101 m2,"Đường Quốc Lộ 51, Xã Phước Tân, Biên Hòa, Đồng Nai, Phường Phước Tân, Thành phố Biên Hòa, Đồng Nai",6 m,4 phòng,"1,75 tỷ- 101 m2",,"Nhà mặt phố, mặt tiền",101 m2,"Tôi đang có 1 cặp đường 18m phân khu Mỹ An dự án Biên Hòa New City đã ra sổ giá tốt: 1,750 tỷ/nền đã bao hết thuế phí công chứng.
- Diện tích: 5x20
- Mã nền: MA2-7-28 và MA1-7-29","17,33 triệu/m2",,52 m²,Đông Bắc,,Mặt tiền,
,,BÁN GẤP CĂN NHÀ TÂM HUYẾT 80M2 MẶT TIỀN 20M 1TỶ9,2 phòng,Phân khu 8B,Đã có sổ,,,,Đất thổ cư,,,,20 m,- 80 m2,"An Phú Tây - Hưng Long, Xã An Phú Tây, Huyện Bình Chánh, Tp Hồ Chí Minh",4 m,2 phòng,"1,9 tỷ- 80 m2",,Nhà phố liền kề,80 m²,"Dự án: Nhà đẹp
Thông tin chi tiết: Do có công việc cần phải đi sang nước ngoài gấp, nên tôi muốn để lại căn nhà DT80m2 (ngang 4m dài 20m) 1t1l 2PN, 2WC, tâm huyết do chính tay tôi thiết kế.
Nằm ngay đường An Phú Tây - Hưng Long, sát chợ Thuận Đạt buôn bán kinh doanh thuận tiện
Trong khu dân cư hiện hữu, dân trí cao, an ninh 24/24, đường trước mặt 12m xe hơi ra vô tận nhà.
Thiết kế nội thất trẻ trung, hiện đại, toàn chất liệu châu Âu nhập khẩu, ốp gỗ tự nhiên
Nay tôi cần nhượng lại cho ai có nhu cầu
Giá 1tỷ9 có thương lượng ít cho người có thiện chia, tôi sang tên giấy tờ
Lh tôi đi xem nhà, miễn cò lái, cảm ơn.","23,75 triệu/m²",Nội thất đầy đủ,150 m²,Đông Bắc,,Hẻm xe hơi,
,,NHÀ TRỆT HẺM 305 NGUYỄN VĂN LINH,2 phòng,Phân khu 8B,Đã có sổ,,,,Đất thổ cư,,,,19 m,- 95 m2,"Đường Nguyễn Văn Linh, Phường 2, Thành phố Sóc Trăng, Sóc Trăng",5 m,1 phòng,990 triệu- 95 m2,,"Nhà ngõ, hẻm",95 m²,"NHÀ TRỆT - HẺM 305 - NGUYỄN VĂN LINH.

♻Diện tích: 5m x 19m. Thổ cư: 100%
♻Kết cấu: sân trước, phòng khách, 2 phòng ngủ, bếp, toilét, sân sau.
♻Hướng nhà: Đông Bắc.
♻Giá bán: 990 triệu.
☎Liên hệ: 0789.377.379 gặp #Vấn xem nhà.","10,42 triệu/m²",Nội thất đầy đủ,150 m²,Đông Bắc,,Hẻm xe hơi,
,,"Đất Vàng, Hoàng Cầu, Đống Đa, 115m, 27 tỷ, Ô Tô",3 phòng,Phân khu 8B,Đã có sổ,,,,Đất thổ cư,,,,19 m,- 115 m2,"Đường Hoàng Cầu, Phường Ô Chợ Dừa, Quận Đống Đa, Hà Nội",5 m,1 phòng,27 tỷ- 115 m2,,"Nhà mặt phố, mặt tiền",115 m²,"Mảnh Đất Vàng, Hoàng Cầu, Đống Đa, 115m*MT5m, 27 tỷ, Ô Tô Tránh, Kinh Doanh Đỉnh.
+ Vị trí siêu hiếm - siêu đẹp - siêu rẻ. Trung tâm Đống Đa, sát Quận ủy. Ngõ Hoàng Cầu to hơn phố, đẹp hơn mặt Xã Đàn bởi ô tô 2 chiều, dừng đỗ thoải mái.
+ Mặt phố phát triển cực nhanh, nhiều tòa nhà Văn phòng, khách sạn, trường học, kinh doanh đa ngành rất tốt.
+ Lợi thế lô đất mặt tiền rộng, nở hậu, xây dựng theo ý chủ, sót lại của hiếm Đống Đa.
+ Nhà 2 tầng, xác định bán đất, hiện đang cho thuê 60triệu/tháng. Khách mua xây toà nhà 8-10 tầng đẹp tuyệt vời.
+ Sổ đẹp nở hậu, sang tên nhanh.
Liên hệ: Xuân Quang ( Chuyên nhà đẹp Đống Đa )-( tư vấn và xem nhà miễn phí, 24/24 )","234,78 triệu/m²",Nội thất đầy đủ,150 m²,Đông Bắc,,Hẻm xe hơi,
,,Nhà lầu góc 3 mặt tiền hẻm 278- tầm vu -Hưng lợi,3 phòng,Phân khu 8B,Đã có sổ,,,,Đất thổ cư,,,,12 m,- 60 m2,"Đường Tầm Vu, Phường Hưng Lợi, Quận Ninh Kiều, Cần Thơ",4 m,2 phòng,"1,87 tỷ- 60 m2",,"Nhà ngõ, hẻm",60 m²,"🌹 Nhà lầu đúc mới đẹp - Góc 3 mặt tiền - Số: 22 hẻm 278 Tầm Vu - P.Hưng Lợi - Ninh Kiều - Cần Thơ.
__________________________

• Diện tích: 4 x 12 = 48,2m2 - Hướng: Tây bắc.

• Pháp lý: ODT 100%, nhà đã hoàn công.

• Lộ giới: Trước nhà 2 mét sạch đẹp và không ngập nước.

• Kết cấu: Nhà lầu đúc còn mới thiết kế hiện đại, sang trọng, không gian rộng rãi có 3 phòng ngủ, 1 phòng khách, toilet và bếp + phòng ăn - Nhà nằm góc 3 mặt tiền nên rất thoáng mát và sáng sủa.

• Vị trí: Nhà nằm cách hẻm nhựa 10m, cách đường Tầm Vu 60m hẻm đã nâng cấp sạch sẽ, vị trí rất gần - Khu vực dân cư sung túc, dân trí cao, hạ tầng đã hoàn thiện, vị trí gần và đẹp môi trường sống tuyệt vời, bán kín 500m có đầy đủ các tiện ít sống, rất thuận tiện cho việc cư trú, học tập, kinh online, spa,...
__________________________

• Giá: 1 tỷ 870 triệu (thương lượng)","31,17 triệu/m²",Nội thất đầy đủ,120 m²,Đông Bắc,,Hẻm xe hơi,
,,"BÁN ĐẤT Ở GẦN SÂN BAY HOÀ THẮNG, TP BUÔN MA THUỘT",3 phòng,Phân khu 8B,Đã có sổ,,,,Đất thổ cư,,,,25 m,- 125 m2,"Đường Nguyễn Thái Bình, Xã Hòa Thắng, Thành phố Buôn Ma Thuột, Đắk Lắk",5 m,2 phòng,380 triệu- 125 m2,,"Nhà ngõ, hẻm",125 m2,"GIÁ 380tr
-Diện tích: 5x25
-Thổ cư: 60m2
-Hướng: Tây
-Giá cực rẻ
Lô đất vuông vắn bằng phẳng, nằm cách Quốc Lộ 27 ( Nguyễn Thái Bình ) chỉ 3p.
Sổ sẵn có thể công chứng ngay, cách hồ Cuôr Kắp chỉ 3 phút đi bộ, dân cư hiện hữu, Cách ngã sáu 12km.
Thíc hợp an cư hoặc đầu tư lâu dài và nghĩ dưỡng.","3,04 triệu/m2",Nội thất đầy đủ,120 m²,Tây,,Hẻm xe hơi,
,,"Nhà phố trung tâm 4 tầng chỉ 1,7 tỷ chỉ việc về ở",3 phòng,Phân khu 8B,Đã có sổ,,,,Đất thổ cư,,,,25 m,- 37.75 m2,"Đường Nam Pháp, Phường Lạch Tray, Quận Ngô Quyền, Hải Phòng",5 m,3 phòng,"1,7 tỷ- 37.75 m2",,"Nhà ngõ, hẻm",37.75 m²,"Chính chủ bán nhà ngõ Nam Pháp 1, Đằng Giang, Ngô Quyền Hải Phòng
🌲 DTMB: 37,75 m2
🍄 Hướng: Tây nam
🍀 Sổ đỏ chính chủ
💖💖💖 Nhà xây 4 tầng hiện đại công năng sử dụng cao, nhà nở hậu rất có lộc, nhà sạch đẹp chỉ việc xách đồ về ở.
💰💰💰 Giá: 1,7 tỷ có TT
☎️☎️☎️ alo ngay:","45,95 triệu/m²",Nội thất đầy đủ,120 m²,Tây,,Hẻm xe hơi,
,,Nhà bình hòa thuận an giá rẻ,4 phòng,Phân khu 8B,Đã có sổ,,,,Đất thổ cư,,,3,14 m,- 53 m2,"Đường ĐT 743, Phường Bình Hòa, Thị xã Thuận An, Bình Dương",4 m,4 phòng,"2,8 triệu- 53 m2",,"Nhà ngõ, hẻm",53 m²,"Nhà đẹp ngay vincom 550.
Khu phố đồng an 3. binh hòa,thuận an.Bd 
Dt : 53,1m2.( 4* 14m ) thổ cư full.
Thiết kế : 1 trệt,2 lầu. đúc kiên cố. chắc chắn.
Mặt tiền đường xe hơi 5m .sạch đẹp. cách đường lớn chỉ 50m.
Vị trí : ngay ngã tư 550, tiện ích đầy đủ : chợ,ngân hàng,siêu thị, điện máy..vv. chỉ 500m sở hữu trọn gói.
Phong thủy : hướng chính ĐÔNG mát mẻ.
Gía chỉ : 2,8 tỷ.
Ib : .",52.830 đ/m²,Nội thất đầy đủ,160 m²,Tây,,Hẻm xe hơi,
,,CĂN HỘ ĐẸP GIÁ RẺ TẠI DỰ ÁN IEC THANH TRÌ,2 phòng,Phân khu 8B,Đã có sổ,,Chưa bàn giao,,Đất thổ cư,70 m²,,3,14 m,- 70 m2,"Đường Vành Đai 3, Phường Yên Sở, Quận Hoàng Mai, Hà Nội",4 m,2 phòng,"15,8 triệu- 70 m2",Đông Nam,"Nhà ngõ, hẻm",53 m²,"Dự án: iec tứ hiêp.
Thông tin chi tiết: 𝑰𝑬𝑪 - 𝑻𝒉𝒂𝒏𝒉 𝑻𝒓𝒊̀ - 𝑵𝒉𝒖̛̃𝒏𝒈 𝑪𝒂̆𝒏 𝑪𝒖𝒐̂́𝒊 
Diện Tích căn hộ :
 Căn: 64m2
 Căn: 70m2
Vị Trí: 𝑻𝒂̂̀𝒏𝒈 𝑻𝒓𝒖𝒏𝒈 Đ𝒆̣𝒑 ( 𝑪𝒂̆𝒏 70𝒎2 𝒃𝒂𝒏 𝒄𝒐̂𝒏𝒈 Đ𝒐̂𝒏𝒈 𝒏𝒂𝒎 )
⚡️ Dự án hiện đang hoàn thiện thần tốc để sớm bàn giao đến Quý khách vào tháng 4 năm 2021
:boom: Hiện tại Dự Án chỉ còn vài căn 64m2 & 70m2 Quỹ Mua thẳng cuối cùng !
Quỹ căn Thuê Mua đẹp !!!
Quý khách hãy liên hệ cho em để Mua hoặc Thuê Mua 𝐂𝐚̆𝐧 Đ𝐞̣𝐩 & giá tốt .
:gem: Ngân hàng AgriBank hỗ trợ vay vốn 70% giá trị căn hộ thời hạn 15 trả góp 15 năm với nhiều ưu đãi hấp dẫn.
Phòng Tư Vấn & Tiếp nhận hồ sơ dự án.
Đ/c : Đường Cổ Điển A - Tứ Hiệp - Thanh Trì - Hà nội
Tư vấn, hỗ trợ hồ sơ, thủ tục hoàn toàn miễn phí
ĐT:",225.714 đ/m²,Nội thất đầy đủ,160 m²,Tây Bắc,Chung cư,Hẻm xe hơi,
,,Siêu phâm nhà 4 tầng đường Tôn Đức Thắng Đà Nẵng,4 phòng,Phân khu 8B,Đã có sổ,,Chưa bàn giao,,Đất thổ cư,70 m²,,3,9.8 m,- 65 m2,"Tôn Đức Thắng, Phường Hòa Minh, Quận Liên Chiểu, Đà Nẵng",7 m,4 phòng,"7,2 tỷ- 65 m2",Đông Nam,"Nhà mặt phố, mặt tiền",65 m²,"Bán siêu phẩm toà nhà thương mại 4 tầng ,2 mặt tiền ,đường chính Tôn Đức Thắng ngang 7m, Diện tích đất 65m, đường bên hông 6m ôtô thông ra UBND quận, toà nhà nằm vị trí vô cùng đắc địa sầm uất nguời đông đúc từ sáng đến tối,mở cửa là có tiền,kinh doanh đa ngành nghề,nhà hàng, cafe,áo cưới ,spa,hoặc cho thuê văn phòng, toà nhà có tất cả các tiện ích xung quanh phía trước mặt là chợ hoà khánh, bên phải là 3 trường đại học, phía sau là khu ký túc xá 4000 sinh viên và bên trái là trục 60 đi ra biển chỉ vài trăm mét ,4 tầng ,4 pn,nhà mới xd.
Giá chỉ 7ty2 hơn nhà kiệt oto tý thôi nhanh tay chốt
Liên hệ: Sỹ chuyên nhà đất phố Đà Nẵng","110,77 triệu/m²",Nội thất đầy đủ,240 m²,Tây Bắc,Chung cư,Hẻm xe hơi,
,,"Nhà MT Nguyễn Chí Thanh ( Bình Nhâm , Thuận An)",2 phòng,Phân khu 8B,Đã có sổ,,Chưa bàn giao,,Đất thổ cư,70 m²,,3,21 m,- 103 m2,"nguyễn chí thanh, Phường Bình Nhâm, Thị xã Thuận An, Bình Dương",5 m,2 phòng,"3,75 tỷ- 103 m2",Đông Nam,"Nhà mặt phố, mặt tiền",103 m²,"Chủ gởi bán lô đất tặng nhà mặt tiền Nguyễn Chí Thanh , Thuận An Bình Dương , Kinh doanh buôn bán vạn ngành nghề ....( hạ giá bán gấp để ăn tết)
Diện tích :102m tc 60m
Giá :3t7xx Hỗ trợ ngân hàng tẹt háng","36,41 triệu/m²",Nội thất đầy đủ,240 m²,Tây Bắc,Chung cư,Hẻm xe hơi,
,,"BÁN ĐẤT TẶNG NHÀ HẺM XÔ VIẾT NGHỆ TĨNH 5*18-1,2Tỷ",2 phòng,Phân khu 8B,Đã có sổ,,Chưa bàn giao,,Đất thổ cư,70 m²,,3,18 m,- 90 m2,"Đường Xô Viết Nghệ Tĩnh, Phường Thành Công, Thành phố Buôn Ma Thuột, Đắk Lắk",5 m,2 phòng,"1,2 tỷ- 90 m2",Đông Nam,"Nhà mặt phố, mặt tiền",90 m2,"Dự án: Mua đất tặng nhà nhỏ gác lửng góc 2mt hẻm Xô Viết Nghệ Tĩnh..
 Thông tin chi tiết: 💥Mua đất tặng nhà nhỏ gác lửng góc 2mt hẻm Xô Viết Nghệ Tĩnh. Thế đất cao ráo, vị trí gần chợ, khu dân cư đông đúc, đường betong oto, hẻm cụt an ninh, khu vực trung tâm đầy đủ tiện ích. 
🗾dt 5x18m. 🏫thổ cư 100%. 
☀️hướng đông hơi chếch bắc
💵giá chính chủ 1ty200 ko thương lượng","13,33 triệu/m2",Nội thất đầy đủ,240 m²,Đông Bắc,Chung cư,Mặt tiền,
,,Bán nhà cấp 4 kiên cố,2 phòng,Phân khu 8B,Đã có sổ,,Chưa bàn giao,,Đất thổ cư,70 m²,,3,20 m,- 120 m2,"6/9, Nguyễn Trác, Phường Tân Lợi, Thành phố Buôn Ma Thuột, Đắk Lắk",6 m,1 phòng,"2,8 tỷ- 120 m2",Đông Nam,"Nhà ngõ, hẻm",120 m²,"Nhà hẻm xe oto, cách Nguyễn Khuyến khoản 50m. Gần các tiện ích xã hội, hàng xóm thân thiện, khu vực an ninh. nhà 1 phòng khách, 2 phòng ngủ, 1 bếp, 1 toilet, giếng trời. Thích hợp định cư lâu dài. Nhà chính chủ.","23,33 triệu/m²",Nội thất đầy đủ,120 m²,Đông Nam,Chung cư,Hẻm xe hơi,
,,"Nhà Đẹp Giá Rẻ Cầu Giấy 31m 4 Tầng 2 Thoáng,Nở Hậu",2 phòng,Phân khu 8B,Đã có sổ,,Chưa bàn giao,,Đất thổ cư,70 m²,,4,20 m,- 31 m2,"Đường Cầu Giấy, Phường Quan Hoa, Quận Cầu Giấy, Hà Nội",6 m,1 phòng,"2,65 tỷ- 31 m2",Đông Nam,"Nhà ngõ, hẻm",31 m²,"📣📣Nhà Đẹp Giá Rẻ Cầu Giấy 31m 4 Tầng 2 Thoáng, Nở Hậu Giá 2.65 tỷ.📣📣 
❇Mô tả:❇️
✔️- Thiết kế với 4 tầng cửa sổ thoáng.
+ T1: khách + bếp. 
+ T2+3: 2 ngủ khép kín. 
+ T4: phòng thờ + sân phơi, có thể cải tạo thêm 1 ngủ. 
✔️- Ngõ thông tứ tung, ba gác đỗ cửa.
✔️- Nhà 2 mặt thoáng, đẹp như mới, khách mua về chỉ việc ở. 
📕📕- Sổ riêng biệt, vuông vắn nở hậu. 
☎️☎️LH em Diện miến MG.","85,48 triệu/m²",Nội thất đầy đủ,120 m²,Đông Nam,Chung cư,Nở hậu,
,,Nhà Mặt Tiền Quận 8 Cầu Nguyễn Tri Phương,4 phòng,Phân khu 8B,Đã có sổ,,Chưa bàn giao,,Đất thổ cư,70 m²,,3,10 m,- 45 m2,"Đường Ụ Cây, Phường 10, Quận 8, Tp Hồ Chí Minh",4 m,5 phòng,"5,6 tỷ- 45 m2",Đông Nam,"Nhà mặt phố, mặt tiền",45 m²,"Mặt tiền ngay Chân cầu Nguyễn Tri Phương. Sát chợ Ba Đình - Xóm Củi.
Thuận tiện di chuyển Quận 5 ( qua cầu Nguyễn Tri Phương ), Quận 1, Quận 8, Quận 7, không ngập không kẹt xe, Khu dân cư sầm uất, thông thoáng. Hứa hẹn khu nhà ở phát triển, hiệu quả tài chính, giá trị nhà lên cao.
Có 2 căn cách ngã tư Ụ Cây Hưng Phú 4 - 5 căn Nhìn xéo là chợ xóm củi.
Giá : 5T550 ( còn thương lượng nhẹ)
Doanh Thu 13 Triệu tháng hiện hữu.
Cấu trúc nhà : 1 trệt 2 lầu 1 sân thượng ( 4 phòng ngủ và 4 ban công, cửa sổ đầy đủ mỗi phòng)","124,44 triệu/m²",Nội thất đầy đủ,43 m²,Đông Nam,Chung cư,Nở hậu,
,,BÁN GẤP TRONG 2 NGÀY GIÁ CỰC THƠM,2 phòng,Phân khu 8B,Đã có sổ,,Chưa bàn giao,,Đất thổ cư,70 m²,,3,10 m,- 66 m2,"Đường Phạm Ngũ Lão, Phường An Hòa, Quận Ninh Kiều, Cần Thơ",4 m,1 phòng,"1,75 tỷ- 66 m2",Đông Nam,"Nhà ngõ, hẻm",66 m²,"🤩🤩🤩Kèo thơm ,,, 
(Chủ bể nợ ,,, giá nào cũng bán trong 2 ngày)

Nhà Trệt mới tuyệt đẹp , Ngay trung tâm Tp - Hẻm 43 - Phạm Ngũ Lão 
- Diện tích: 5,15 x 13 = 66m2.
- Hướng: Đông Nam.
- Lộ giới 3m.
- Pháp lí: Thổ cư + hoàn công.

🎁 Tặng Nội Thất gồm: 2 Gường Ngủ, 2 Máy Lạnh,2 Tủ Áo,1 Máy Giặt,1 Tủ lạnh,Bộ bàn ăn,1 Bàn trang điểm,máy nóng lạnh.
- Giá: 1 tỉ 7xxx
☎️☎️ gặp Toàn","26,52 triệu/m²",Nội thất đầy đủ,66 m²,Đông Nam,Chung cư,Nở hậu,
,,Bán Nhà phố Tô Ngọc Vân Quận 12,5 phòng,Phân khu 8B,Đã có sổ,,Chưa bàn giao,,Đất thổ cư,70 m²,,4,15 m,- 60 m2,"Đường Hà Huy Giáp, Phường Thạnh Xuân, Quận 12, Hồ Chí Min",5 m,5 phòng,"4,6 tỷ- 60 m2",Đông Nam,"Nhà mặt phố, mặt tiền",60 m²,"CẦN BÁN NHÀ PHỐ QUẬN 12 – TÔ NGỌC VÂN – PHƯỜNG THẠNH XUÂN – QUẬN 12 – TP HCM

 Diện tích 60 m2

 Giá : 4.6 Tỷ

 Khu vực Quận 12, TP Hồ Chí Minh

Thông tin mô tả
CẦN BÁN NHÀ PHỐ QUẬN 12 – TÔ NGỌC VÂN – PHƯỜNG THẠNH XUÂN – QUẬN 12 – TP HCM

* Cần bán nhà Phố Quận 12, Tô Ngọc vân, Phường Thạnh Xuân, Quận 12 , tp HCM
– Khu nhà Phố lớn nhất quận nằm ngay tại UBND quận 12.
+ Tiện ích: nhà trong khu dân cư yên tĩnh, mới xây cần ưng là dọn đồ và ở luôn.
+ Đường 12m gồm vỉa hè, cây xanh, điện âm.
+ Nằm ở quận 12, Gần trục đường vào Gò Vấp, Thuận tiện đi lại , Sân đậu oto
+ Kết cấu: 1 trệt 1 lửng 3 lầu gồm 2PK, 5PN, 5WC. , có ban công rộng.
+ Số phòng ngủ: 5 Phòng
+ Số phòng vệ sinh: 5phòng
+ Tổng số tầng: 3
* Nhà phố Đẳng Cấp – Sang Trọng – Tinh Tế
* Sổ hồng có sẵn, sang tên nhanh chóng.( Hỗ trợ vay 70% hoặc trả góp dài hạn )
+Chỉ cần Đặt Cọc 1.500.000.000 Là Giao Nhà Ở !Phù hợp cho anh chị mua dọn vào ở luôn
+Quà Tặng : Tặng xe sh 150i ( Quá hấp dẫn )
– Diện tích : 60m2
– Giá bán : 4,6 tỷ ( có thương lượng )
– Địa chỉ: Tô Ngọc Vân, Phường Thạnh Xuân, Quận 12
*Liên hệ : 0933.777.345 ( Mr:Trung )","76,67 triệu/m²",Nội thất đầy đủ,200 m²,Đông Nam,Chung cư,Nở hậu,
,,Đất công viên nghĩa trang Hương An Viên,5 phòng,Phước An,Đã có sổ,,Chưa bàn giao,C,Đất nền dự án,70 m²,,4,4 m,- 16 m2,"đường tránh, Phường Kim Long, Thành phố Huế, Thừa Thiên Huế",4 m,5 phòng,96 triệu- 16 m2,Đông Nam,"Nhà mặt phố, mặt tiền",16 m2,"Bán đất nghĩa trang sinh thái Hương An Viên
-Diện tích: từ 16m2
- Ngang 4m, dài 4m
- Đường vào dự án rộng 16m
- Vị trí cách đường tránh Huế 500m, cách chùa Thiên Mụ 2km
- Dịch vụ tiện ích miễn phí: xe điện đưa đón, an ninh 24/07, chăm sóc cảnh quang, vệ sinh mộ phần, hương khói ngày lễ rằm, nhà chờ nghỉ chân khi đến thăm mộ phần...
- Giá bán đã bao gồm sổ: 96.000.000",6 triệu/m2,Nội thất đầy đủ,200 m²,Nam,Chung cư,Mặt tiền,
,,Nhà 130m2 Gần Chợ & Trường Học Trảng Dài 1.350 Tỷ,2 phòng,Phước An,Đã có sổ,,Chưa bàn giao,C,Đất nền dự án,70 m²,,1,18 m,- 90 m2,"Đường Nguyễn Khuyến, Phường Trảng Dài, Thành phố Biên Hòa, Đồng Nai",5 m,2 phòng,"1,35 tỷ- 90 m2",Đông Nam,"Nhà ngõ, hẻm",90 m²,"- Nhà mới xây y hình, thiết kế 1 trệt 1 lầu đẹp hiện đại.
- Nhà hoàn thiện tỉ mỉ, kết cấu cứng chắc.
- Diện tích: 5x18m.
- Giá: 1.350 tỷ ( thương lượng chính chủ)
- Điện, nước máy, hệ thống thoát nước đầy đủ.
- Nội thất trong nhà bàn giao cơ bản và làm rất đẹp từ kệ tủ phòng khách, tủ bếp, nước sơn và trần được làm tỉ mỉ.
- Nhà gồm: 1 sân (để xe hơi 7 chỗ), 2 phòng ngủ, 2 Wc, 1 nhà bếp và 1 phòng thờ.
- Đường trước nhà 6m, 2 xe hơi đi được, đường thông.
- Nhà không đường cụt, không dốc, không trũng nước, không vực.
- Nhà xây mới dọn vào ở ngày và đủ không gian cho gia đình 5 - 6 người ở. 
- Khu dân cư xung quanh nhà đông đúc và hiện bán với giá 1.8 tỷ trở lên.
- Xung quanh nhà không thiếu bất cứ tiện ích nào như: trường học (200m), chợ (100m), phòng khám (300m), dịch vụ ăn uống (400m), ngân hàng (500m).
- Chỉ cần bỏ ra 1.350 tỷ để sở hữu căn nhà mới cực đẹp, có thể ở ngày hoặc đầu tư cho thuê lại với giá hơn 4triệu/tháng ( chưa nội thất).
- Bảo hành căn nhà trong 2 năm.
- Liên hệ gặp Hùng Anh để được tư vấn và đi xem nhà.",15 triệu/m²,Hoàn thiện cơ bản,130 m²,Nam,Chung cư,Hẻm xe hơi,
,,Đất Thành phố Đà Lạt 345m2 KQH Golf Valley,2 phòng,Khu quy hoạch Golf Valley,Đã có sổ,,Chưa bàn giao,C,Đất thổ cư,70 m²,,1,23 m,- 345 m2,"Đường Bùi Thị Xuân, Phường 2, Thành phố Đà Lạt, Lâm Đồng",15 m,2 phòng,32 tỷ- 345 m2,Đông Nam,"Nhà ngõ, hẻm",345 m2,"CẦN BÁN LÔ ĐẤT BIỆT THỰ KQH GOLF VALLEY _ P2 _ TP ĐÀ LẠT . GIÁ RẺ NHẤT KHU VỰC 
- Diện tích: 345m2 _ full xây dựng ( full thổ cư ) ; 
 Ngang : 15m ; Dài : 23m.
- Hướng : Đông Nam 
- Pháp lý: sổ riêng chính chủ 
- Mô tả: lô đất nằm vị trí vip , gần trung tâm , ra hồ xuân hương 2p đi bộ . Đường xá rộng rãi , có công viên , sân tennis , cách sân Golf Đồi Cừu Đà Lạt 2p đi bộ. Xung quanh nhiều biệt thự sang trọng , nhiều khách sạn lớn đẹp. 
- Cấu trúc: mật độ xây dựng 50% , Biệt Thự Sân Vườn. 
- Giao thông : oto né nhau. 
- Giá :32ti. 
 ----------------------------------------
Mọi thông tin xin liên hệ Hotline : 
 🥰 THỊNH VƯỢNG LAND 🥰","92,75 triệu/m2",Hoàn thiện cơ bản,130 m²,Đông Nam,Chung cư,Mặt tiền,
,,"Nhà đối diện chợ đồng xa,oto đỗ cạnh nhà ,xây 2019",3 phòng,Khu quy hoạch Golf Valley,Đã có sổ,,Chưa bàn giao,C,Đất thổ cư,70 m²,,1,6 m,- 32 m2,"Đường Doãn Kế Thiện, Phường Mai Dịch, Quận Cầu Giấy, Hà Nội",5 m,4 phòng,"5,3 tỷ- 32 m2",Đông Nam,"Nhà mặt phố, mặt tiền",32 m²,"- Mai Dịch- CẦN BÁN GẤP VỀ Ở NGAY ĐÓN TẾT - SỔ ĐỎ CHÍNH CHỦ 
- Nhà Đối diện chợ Đồng Xa.
- Diện tích: 32m2x5 tầng xây dựng năm 2019.Ngõ Trước nhà hơn 3m.oto đỗ cạnh nhà ngày đêm.
Thiết kế Tây Âu, tràn ngập ánh sáng tự nhiên
- Tầng 1: Để xe + phòng bếp + wc + phòng ăn 
- Tầng 2 + 3+4: Mỗi tầng 1 ngủ + WC+ Ban công thoáng mát
- Tầng 5: Phòng thờ + Sân phơi 
☎️HOTLINE : 
👉 Giá chào bán : 5,3 tỷ 
* Hỗ trợ vay vốn ngân hàng tới 70% giá trị nhà với lãi suất cạnh tranh chỉ 0,66%","165,63 triệu/m²",Hoàn thiện cơ bản,33 m²,Tây Bắc,Chung cư,Mặt tiền,
,,Bán đất khu Công Nghiệp phường Tân Lợi,3 phòng,Khu Công Nghiệp,Đã có sổ,,Chưa bàn giao,C,Đất thổ cư,70 m²,,1,24 m,- 123 m2,"Đường Hà Huy Tập, Phường Tân Lợi, Thành phố Buôn Ma Thuột, Đắk Lắk",5 m,4 phòng,"1,195 tỷ- 123 m2",Đông Nam,"Nhà mặt phố, mặt tiền",123 m2,"Đất đối diện cổng KCN Tân An, cách mặt đường Hà Huy Tập 35 m, đất thổ cư vuông vứt bằng phẳng nằm ngay khu vực đang phát triển.","9,72 triệu/m2",Hoàn thiện cơ bản,33 m²,Đông Bắc,Chung cư,Hẻm xe hơi,
,,"Đất xây khách sạn, kho, nhà hàng,....Tp Rạch Giá",3 phòng,Khu Công Nghiệp,Đã có sổ,,Chưa bàn giao,C,Đất thổ cư,70 m²,,1,149 m,- 4.120 m2,"Đường Lâm Quang Ky, Phường An Hòa, Thành phố Rạch Giá, Kiên Giang",26 m,4 phòng,"24,72 tỷ- 4.120 m2",Đông Nam,"Nhà mặt phố, mặt tiền",4120 m2,"Gia đình Chị chủ đi định cư nước ngoài gửi kênh Nhà Đất Hậu Giang bán miếng đất đẹp vị trí trung tâm TP Rạch Giá tỉnh Kiên Giang.
1/ MÔ TẢ VỊ TRÍ:
+ Đất tại: Đường Lâm Quang Ky, An Hòa, TP Rạch Giá, Kiên Giang.
2/ GIÁO DỤC – TIỆN ÍCH:
+ Bán kính 1km các tiện ích điều có như bệnh viện tỉnh, chợ phường,....
+ Cách bến tàu cao tốc Rạch Giá – Phú Quốc khoảng 3km.
+ Rất thuận tiện mua đầu tư cho thuê kho xưởng, phân lô nền, xây khách sạn, mở homestay......
3/ PHÁP LÝ:
+ Diện tích : 4120m2, có 529m2 thổ cư, còn lại cây lâu năm & lúa, mặt tiền 26.5m, dài hơn 149m, nở hậu 36.7m.
+ Pháp lý: Sổ hồng
+ Hướng: Tây Nam
+ Lộ: Xe tải coitainet chạy được.
+ Giá bán: 24.72 tỷ, bình quân giá 6tr/m2.  Cam kết giá chính chủ, không kê nâng giá.
i
Quý khách có nhu cầu mua và cần đi xem thực tế vui lòng liên hệ trước với chúng tôi để được hỗ trợ tốt có thể.
Cảm ơn Quý khách",6 triệu/m2,Hoàn thiện cơ bản,33 m²,Tây Nam,Chung cư,Mặt tiền,
,,"Đất p.Bình Hoà Thuận An, 75m2, giá thương lượng",3 phòng,Khu Công Nghiệp,Đã có sổ,,Chưa bàn giao,C,Đất thổ cư,70 m²,,1,19.25 m,- 75.8 m2,"Bình Hoà 22, Phường Bình Hòa, Thị xã Thuận An, Bình Dương",4 m,4 phòng,1 tỷ- 75.8 m2,Đông Nam,"Nhà mặt phố, mặt tiền",75.8 m2,"TÔI CẦN RA NHANH LÔ ĐẤT Y HÌNH,
Vị trí đẹp cách chợ Bình Hoà 800m trong KDC an ninh
DT 75m2 ngang 4 dài 19
Sổ riêng bao kiểm tra không vướng lộ giới 
GIÁ CHỐT TRƯỚC TẾT 1 TỶ THƯƠNG LƯỢNG
quan tâm liên hệ tôi đi xem đất ngay
Không qua trung gian","13,33 triệu/m2",Hoàn thiện cơ bản,33 m²,Tây Nam,Chung cư,Hẻm xe hơi,
,,Bán nhà ở đs 16 Phạm Văn Đồng ngay GiGaMail,4 phòng,Khu Công Nghiệp,Đã có sổ,,Chưa bàn giao,C,Đất thổ cư,70 m²,,1,13.1 m,- 52 m2,"117/1A4, Đường 16, Phường Hiệp Bình Chánh, Quận Thủ Đức, Tp Hồ Chí Minh",4 m,5 phòng,"5,6 tỷ- 52 m2",Đông Nam,"Nhà ngõ, hẻm",52 m²,"Tôi cần bán nhanh căn nhà ở Đường 16 Phạm Văn Đồng, p Hiệp Bình Chánh q,Thủ Đức,tp HCM

Nhà xây mới chưa qua sử dụng, nằm liền kề dãy nhà đồng bộ 5 căn
VỊ trí thuận tiện cho việc đi lại và ở ngay trung tâm
DT:4x13.2=52m2
Nhà thiết kế công năng đầy đủ: 1 trệt,2 lầu,3pn,4wc sân thượng trước sau
Tặng ngay bình nước nóng lạnh năng lượng mặt trời SƠN HÀ 1000L
Ngân hàng Hỗ trợ vay 70% vốn giá trị sản phẩm
Sổ Hồng hoàn công đầy đủ
Giá:5.6 tỷ có tl cho khách thiện chí
Liên hệ tôi:Nam để được xe nhà","107,69 triệu/m²",Hoàn thiện cơ bản,180 m²,Tây Bắc,Chung cư,Hẻm xe hơi,
,,BÁN CH MARINA TOWER VIEW TẦNG CAO MÁT MẺ 1.68 TỶ.,3 phòng,Khu Công Nghiệp,Đã có sổ,,Đã bàn giao,C,Đất thổ cư,77 m²,,1,13.1 m,- 77 m2,"Đường Quốc lộ 13, Phường Vĩnh Phú, Thị xã Thuận An, Bình Dương",4 m,2 phòng,"1,68 tỷ- 77 m2",Đông Nam,"Nhà ngõ, hẻm",52 m²,"Thông tin căn hộ.
Căn loại E (77m2) 3PN 2WC: 1.68 tỷ (bao ra sổ).
- View Tây Bắc.
- Ban công 10m2.
- Tầng trung cao.
- An ninh tuyệt đối.
- Có nội thất.
- Giao thông thuận lợi: Gần trường học, bệnh viện, siêu thị, TTTM,...

Căn hộ được đầu tư các tiện ích cao cấp như hồ bơi theo chuẩn resort, spa; beautiful salon, khu gym, BBQ, siêu thị tiện ích, khu vui chơi cho trẻ em... Cùng hệ thống cây xanh, An ninh 24/24. Vườn nhiệt đới, vườn cảnh, hồ bơi, phòng tắm nước ngọt, shop thương mại, khu BBq ngoài trời, khu tập gym.

LH mình để xem thực tế căn hộ nha.","21,82 triệu/m²",Hoàn thiện cơ bản,180 m²,Tây Bắc,Chung cư,Hẻm xe hơi,
,,BÁN NHÀ LẦU ĐÚC ĐÃ HOÀN CÔNG HẺM 54 HÙNG VƯƠNG,2 phòng,Khu Công Nghiệp,Đã có sổ,,Đã bàn giao,C,Đất thổ cư,77 m²,,2,15 m,- 45 m2,"HẺM 54 HÙNG VƯƠNG, Phường Thới Bình, Quận Ninh Kiều, Cần Thơ",4 m,2 phòng,"1,87 tỷ- 45 m2",Đông Nam,"Nhà ngõ, hẻm",45 m²,"🎉🎉🎉BÁN NHÀ LẦU ĐÚC MỚI ĐẸP HẺM 54 HÙNG VƯƠNG.
- DT nhà: 4,5 x 10 = 45m2, nhà lầu đúc kiên cố = 86m2, giấy hồng đã hoàn công rồi.
- Nhà gồm: Sân đậu xe, phòng khách, 2 phòng ngủ, ban công, phòng sinh hoạt.
- Nhà nằm chỉ cách lộ nhựa đúng 10m, vị trí gần và đẹp, nhà mới hoàn công xong (bao qui hoạch).
💰💰💰Giá bán: 1 tỉ 870 triệu,
📱📱📱 Liên hệ SĐT/ZALO: gặp Giang","41,56 triệu/m²",Nội thất đầy đủ,86 m²,Tây Bắc,Chung cư,Hẻm xe hơi,
,,Cần tiền trả nợ bán gấp nhà đường Kha Vạn Cân 55m2,3 phòng,Khu Công Nghiệp,Đã có sổ,,Đã bàn giao,C,Đất thổ cư,77 m²,,2,15 m,- 55 m2,"Đường Kha Vạn Cân, Phường Hiệp Bình Chánh, Quận Thủ Đức, Tp Hồ Chí Minh",4 m,2 phòng,660 triệu- 55 m2,Đông Nam,"Nhà mặt phố, mặt tiền",55 m²,"Do đang rất cần tiền trả nợ, tôi bán gấp căn nhà đang ở giá cực kì tốt
Hướng nhà đẹp, sáng, phong thủy làm ăn tốt
Nhà ngang 5 dài 12 55m2
Gần chợ Thủ Đức, bệnh viện, khu kí túc xá sv, trường đại học...
Khu vực đông dân, điện đèn chiếu sáng, camera an ninh quan sát
Gọi để thương lượng giá, ưu tiên anh chị liên hệ đi xem nhà sớm",12 triệu/m²,Nội thất đầy đủ,86 m²,Tây Bắc,Chung cư,Hẻm xe hơi,
,,"Bán gấp nhà Đường Huỳnh Văn Bánh, P12,Q.Phú Nhuận",4 phòng,Khu Công Nghiệp,Đã có sổ,,Đã bàn giao,C,Đất thổ cư,77 m²,,4,12 m,- 40 m2,"Đường Huỳnh Văn Bánh, Phường 12, Quận Phú Nhuận, Tp Hồ Chí Minh",3.6 m,5 phòng,"10,8 tỷ- 40 m2",Đông Nam,"Nhà mặt phố, mặt tiền",40 m²,"- Diện tích 3,4mx12m.
- Nhà mới 4 tầng, dọn vào ở ngay.
- Hẻm nhựa 10m
- Nhà cách đường lớn 20m, trung tâm quận, vị trí đắt địa
- Chủ nhà thiện chí, vui vẻ
- Khu dân trí cao.
- Thích hợp mua ở, làm văn phòng, cho thuê...
- Sổ hồng công chứng ngay.",270 triệu/m²,Nội thất cao cấp,200 m²,Tây Bắc,Chung cư,Hẻm xe hơi,
,,"Nhà Thủ Đức 113.5m2, 2PN, giá 4,6tỷ SHR",2 phòng,Khu Công Nghiệp,Đã có sổ,,Đã bàn giao,C,Đất thổ cư,77 m²,,4,17.5 m,- 113.5 m2,"Đường Tỉnh lộ 43, Phường Bình Chiểu, Quận Thủ Đức, Tp Hồ Chí Minh",6.5 m,1 phòng,"4,6 tỷ- 113.5 m2",Đông Nam,"Nhà ngõ, hẻm",113.5 m²,"Cần tiền nên bán gấp căn nhà cấp 4, 2PN đang cho thuê 6tr/tháng. 
Nhà ngay đường tỉnh lộ 43, ngay sát khu công nghiệp Bình Chiểu và khu công nghiệp Linh Trung Thủ Đức.
Diện tích 113,5m2. Có 2PN, 1 phòng khách 1 NVS
Giá 4 tỷ 6 có bớt chút lộc cho khách nhiệt tình
Liên hệ Thiện để xem sổ và nhà.
Mong gặp người hữu duyên","40,71 triệu/m²",Nội thất đầy đủ,70 m²,Tây Bắc,Chung cư,Hẻm xe hơi,
,,BÁN NHÀ TRONG KDC NAM HÙNG VƯƠNG - BÌNH TÂN 80M2,2 phòng,Khu Công Nghiệp,Đã có sổ,,Đã bàn giao,C,Đất thổ cư,77 m²,,4,20 m,- 90 m2,"Đường Số 4, Phường An Lạc, Quận Bình Tân, Tp Hồ Chí Minh",4.5 m,2 phòng,"2,45 tỷ- 90 m2",Đông Nam,"Nhà mặt phố, mặt tiền",90 m²,"Nhà trong KDC Nam Hùng Vương P An Lạc Q Bình Tân
- DT 4,5x20 ( 3 Tấm ) DTCN 90m2 Sàn 185m2
- Đường nội bộ 6m có vỉa hè , kdc đông đúc yên tĩnh gần trường học Lê Tấn Bê , Phú Lâm , mầm non . Gần Võ Văn Kiệt
- Tặng 1 số nội thất khi giao dịch thành công
- Giá 2,450 tỷ TL ( sổ hồng )
- LH O924 352 545 - Thảo Nguyên để được xem nhà miễn phí

Địa chỉ chi tiết: Đường số 4, Phường An Lạc, Quận Bình Tân, Tp Hồ Chí Minh
Tiện ích: Gần Trường Học
Pháp lý: Sổ hồng chính chủ","27,22 triệu/m²",Nội thất đầy đủ,180 m²,Tây Bắc,Chung cư,Nở hậu,
,,Bán gấp lô đất 90m2 sổ đỏ rõ ràng.,2 phòng,Khu Công Nghiệp,Đã có sổ,,Đã bàn giao,C,Đất thổ cư,77 m²,,4,20 m,- 91 m2,"Duong So 45, Phường 5, Thành phố Vĩnh Long, Vĩnh Long",4.5 m,2 phòng,869 triệu- 91 m2,Đông Nam,"Nhà mặt phố, mặt tiền",91 m2,"💝Vị trí tại Đô thị Minh Linh P5 - Vĩnh Long

Diên tích 4,5 x 20 cất nhà cực ok, xây dưng tự do

Lô ô tô 12m tơi đất

Dân cư đông an ninh cao

💝Lô đẹp không vướng cống cột điện cây xanh...

Giá bán 869 triệu

Liên hê em Duy tận tình nghinh đón nhé!","9,55 triệu/m2",Nội thất đầy đủ,180 m²,Tây Bắc,Chung cư,Nở hậu,
,,"Bán Phố Lê Thanh Nghị Hai Bà Trưng 80m 9T, 15.5 tỷ",7 phòng,Khu Công Nghiệp,Đã có sổ,,Đã bàn giao,C,Đất thổ cư,77 m²,,4,20 m,- 80 m2,"Đường Lê Thanh Nghị, Phường Bách Khoa, Quận Hai Bà Trưng, Hà Nội",4.5 m,5 phòng,"15,5 tỷ- 80 m2",Đông Nam,"Nhà ngõ, hẻm",80 m²,"Bán Nhà Phố Lê Thanh Nghị, Hai Bà Trưng 80m2x9T, MT 7m, Kinh Doanh, Thang Máy, Giá 15.5 tỷ

 Gia chủ cần bán gấp căn nhà Siêu Hiếm trên con Phố Lê Thanh Nghị, quận Hai Bà Trưng do gia đình có nhu cầu bán chia tài sản cho các con.

+ Diện tích nhà rộng 79m2, Mặt tiền quá đẹp 7m, tiện nghi, dân trí tuyệt vời.
+ Đường trước nhà Ôtô tránh, ngõ thông kinh doanh sầm uất ngày đêm.
+ Tiện nghi khu vực đẳng cấp tuyệt vời gần trường Bách Khoa, Kinh Tế Quốc Dân, Xây Dựng, khu vực đông đúc sinh viên làm gì cũng tiện.

+ Pháp lý chuẩn, Sổ đẹp chính chủ.
+ Giá bán 15.5 tỷ, chủ thiện chí.

 Hãy gọi cho chúng tôi 24/7 để được tư vấn, giải đáp thắc mắc về pháp lý, tìm kiếm, lựa chọn…(hoàn toàn miễn phí). 
 Chúng tôi tự hào mang lại giá trị đích thực cho quý khách hàng. 

 Liên hệ Mr Mạnh Nhà Phố","193,75 triệu/m²",Nội thất đầy đủ,180 m²,Tây Bắc,Chung cư,Nở hậu,
,,"Bán nhà mặt phố Quang Trung, KD Đỉnh",3 phòng,Khu Công Nghiệp,Đã có sổ,,Đã bàn giao,C,Đất thổ cư,77 m²,,3,20 m,- 48 m2,"Đường Quang Trung, Phường Yên Nghĩa, Quận Hà Đông, Hà Nội",3.8 m,5 phòng,"6,8 tỷ- 48 m2",Đông Nam,"Nhà mặt phố, mặt tiền",48 m²,"nhà xây kiến cố, thiết kế hiện đại, phù hopwfj vừa ở vừa kd","141,67 triệu/m²",Nội thất đầy đủ,48 m²,Tây Bắc,Chung cư,Hẻm xe hơi,
,,2100m2 Đất View xứ ngàn Hoa Đẹp vô cực,3 phòng,Khu Công Nghiệp,Đang chờ sổ,,Đã bàn giao,C,Đất nông nghiệp,77 m²,,3,70 m,- 2.100 m2,"11, Đường 19/5, Xã Lát, Huyện Lạc Dương, Lâm Đồng",30 m,5 phòng,800 triệu- 2.100 m2,Đông Nam,"Nhà mặt phố, mặt tiền",2100 m2,"Mảnh đất có diện tích 2087m2 lô góc 2 mặt đường.

View hồ, săn mây săn sương lung linh.hoa cúc hoa Mai hoa Dã Quỳ 

 hiện tại thì Hoa Anh Đào nở hồng 1 góc trời thu hút nhiều bạn trẻ chụp hình tò mò thích khám phá.

Đất đẹp hơn trong hình đường xe hơi đến tận nơi.

Pháp lý: Có trích lục. Bao sang sổ hồng cho khách mua và sẵn sàng mua lại sau 6 tháng cộng 10% nếu muốn bán lại.

Do cần tiền nên tớ bán giá vậy.

Ai vui vẻ thì gọi nhé",380.952 đ/m2,Nội thất đầy đủ,48 m²,Tây Bắc,Chung cư,Hẻm xe hơi,
,,Bán nhà góc 2MT Phan Văn Sửu 3 tầng 6.2 tỷ,4 phòng,Khu Công Nghiệp,Đã có sổ,,Đã bàn giao,C,Đất nông nghiệp,77 m²,,3,4 m,- 32 m2,"Đường Phan Văn Sửu, Phường 13, Quận Tân Bình, Tp Hồ Chí Minh",8 m,3 phòng,"6,2 tỷ- 32 m2",Đông Nam,"Nhà mặt phố, mặt tiền",32 m²,"Bán nhà góc 2 mặt tiền Phan Văn Sửu P13 Tân Bình
Dt 8*4m đường 10m và 8m, hết lộ giới, đúc 2 lầu btct 4 phòng ngủ 3wc, cho thuê 16tr/ tháng, cách Cộng Hoà 20m
Giá 6.2 tỷ TL
Liên hệ xem nhà gặp Huy","193,75 triệu/m²",Nội thất đầy đủ,64 m²,Đông,Chung cư,Hẻm xe hơi,
,,NỀN HẺM 388 CẤP PHÉP XÂY DỰNG CHÍNH,4 phòng,Khu Công Nghiệp,Đã có sổ,,Đã bàn giao,C,Đất thổ cư,77 m²,,3,13 m,- 65 m2,"Hẻm 388, Phường An Khánh, Quận Ninh Kiều, Cần Thơ",5 m,3 phòng,"1,63 tỷ- 65 m2",Đông Nam,"Nhà mặt phố, mặt tiền",65 m2,"Nắm chủ
Bán nền thổ cư hẻm 388, An Khánh, NK, Cần Thơ
- Giá 1ty630
- Dt:5x13
- Lộ:3m
- Hướng đông bắc.bao phép chính

Lh Thuỳ Dung","25,08 triệu/m2",Nội thất đầy đủ,64 m²,Đông Bắc,Chung cư,Mặt tiền,
,,MỞ BÁN CHUNG CƯ K2 KIM MÃ_ GẦN NHÀ HÁT CHÈO VN,1 phòng,Khu Công Nghiệp,Đã có sổ,Căn góc,Chưa bàn giao,C,Đất thổ cư,34 m²,,3,13 m,- 34 m2,"Đường Kim Mã, Phường Kim Mã, Quận Ba Đình, Hà Nội",5 m,1 phòng,660 triệu- 34 m2,Đông Nam,"Nhà mặt phố, mặt tiền",65 m2,"Dự án: CHUNG CƯ K2 KIM MÃ.
 Thông tin chi tiết: CHỦ ĐẦU TƯ MỞ BÁN CĂN HỘ CHUNG CƯ MINI KIM MÃ- BA ĐÌNH NHẬN NHÀ Ở NGAY

GẦN NHÀ HÁT CHÈO VIỆT NAM- GẦN NGAY UBND PHƯỜNG KIM MÃ

GẦN HỒ GIẢNG VÕ- LĂNG BÁC- QUỐC TỬ GIÁM

Vị trí tại phố KIM MÃ , ngõ 5m, ô tô đỗ cách 50m, 3 mặt thoáng, vị trí đắc địa. giao thông thuận tiện cạnh các tuyến phố lớn ,Nguyễn Thái Học ,Văn Miếu ,xã Đàn ,Ô Chợ Dừa....

Gần TTTM, bệnh viện và nhiều trường đại học, gần ngã tư giao thông thuận tiện. Có nhiều diện tích để khách hàng lựa chọn.

-Diện tích: 34m2 ,38m2, 45m2, 48m2

-Giá: 650tr - 800tr - 1 tỷ - 1.1 tỷ/căn.

-Giá trên bao gồm toàn bộ chi phi làm sổ ,VAT

-Gồm 1 - 2 - 3 phòng ngủ, phòng khách, bếp, 2wc, sàn gỗ nội thất Châu Âu, có sổ đỏ riêng.

Tòa nhà có 2 tháng máy và 2 thang bộ, hệ thống phòng cháy chữa cháy siêu chuẩn. 

Đèn led tiết kiệm điện, trang bị đầy đủ hệ thống điện, nước, truyền hình cáp, bảo vệ 24/24. 

Tòa nhà xây dựng hoàn thiện 90% đã ốp lát và lắp thiết bị vệ sinh là bàn giao, các căn hộ thiết kế khoa học để không khí và ánh sáng tự nhiên. (Nên xem sớm để chọn mua những căn hộ ưng ý).

- Pháp lý đầy đủ ,tách sổ theo quy định nhà nước

- LH trực tiếp chủ đầu tư để xem nhà, tư vấn miễn phí và mua nhà giá gốc.( Miễn môi giới - trung gian)","19,41 triệu/m²",Nội thất đầy đủ,64 m²,Đông Bắc,Chung cư,Mặt tiền,
,,căn hộ 90m2 3PN tầng trung CC Imperia Garden,3 phòng,Khu Công Nghiệp,Đã có sổ,Căn góc,Đã bàn giao,C,Đất thổ cư,90 m²,,3,13 m,- 90 m2,"203, 203 Đường Nguyễn Huy Tưởng, Phường Thanh Xuân Trung, Quận Thanh Xuân, Hà Nội",5 m,2 phòng,"3,4 tỷ- 90 m2",Đông Nam,"Nhà mặt phố, mặt tiền",65 m2,"Tôi chuyển công tác cần bán lại căn hộ 90m2 3PN tầng trung CC Imperia Garden hình ảnh thực

Tôi chuyển công tác gấp cần bán lại căn hộ 90m2 3PN tầng trung CC Imperia Garden (hình ảnh thực) full nội thất 1 tỷ.
Diện tích: 91m2.
Hướng cửa: Tây Nam, ban công Đông Bắc và Đông Nam.
Tôi chuyển công tác sang Nga với Chồng lên cần bán lại căn hộ tâm huyết của mình, cách thiết kế và setup đồ theo gam mầu tươi sáng, nội thất 100% xịn và nhập khẩu. Vì chồng mình người nước ngoài rất chú trọng cách sắp xếp và đồ đạc, mình đã sắm sửa đầy đủ nội thất như hình ảnh bên trên. Khách mua về chỉ việc mang quần áo và ở.
Phù hợp với người thích cái đẹp và biết quý trọng căn hộ.
Căn hộ gồm 3 phòng ngủ và 2 nhà vệ sinh, các phòng ngủ đều có ánh sáng tự nhiên không bị bí, ban công nhìn ra đường Nguyễn Tuân.
LH trực tiếp O964 )71 698 
ZALO O918 16O 299","37,78 triệu/m²",Nội thất đầy đủ,64 m²,Đông Bắc,Chung cư,Mặt tiền,
,,"Bán Nhà Dương Quảng Hàm - 42m2 ,4T, Gía 3.5 tỷ",4 phòng,Khu Công Nghiệp,Đã có sổ,Căn góc,Đã bàn giao,C,Đất thổ cư,90 m²,,3,13 m,- 42 m2,"Đường Dương Quảng Hàm, Phường Quan Hoa, Quận Cầu Giấy, Hà Nội",5 m,4 phòng,"3,5 tỷ- 42 m2",Đông Nam,"Nhà ngõ, hẻm",42 m²,"+ Chủ chuyển nhà ra phố cần bán gấp nhà ngõ 79 phố Dương Quảng Hàm, gần phố , ngõ trước nhà SH quay đầu

+ Dt: 42m2 x 4 tầng , mặt tiền 3,8m

+ Nhà vuông vắn trước sau như một

+ Nhà xây được vài năm vẫn mới đẹp, chắc chắn, gia đình tự xây tâm huyết không vết nứt, chỉ về việc ở hoặc đầu tư theo mô hình cho thuê

+ Chủ bán nhà mua nhà ra phố , đất lành rất nhiều lộc

+ Sổ đỏ như tờ A4 sẵn sàng giao dịch

+ Gía : 3.5 tỷ có thương lượng

+ Lh: E Trang","83,33 triệu/m²",Nội thất đầy đủ,42 m²,Đông Bắc,Chung cư,Mặt tiền,
402b,,"Sang quán cafe 400m2 lê trọng tấn, tân phú",4 phòng,Khu Công Nghiệp,Đã có sổ,Căn góc,Đã bàn giao,C,Đất thổ cư,400 m²,,3,13 m,- 400 m2,"402b, Đường Lê Trọng Tấn, Phường Tây Thạnh, Quận Tân Phú, Tp Hồ Chí Minh",5 m,4 phòng,385 triệu- 400 m2,Đông Nam,"Nhà ngõ, hẻm",42 m²,"Sang quán cafe 400m2 lê trọng tấn, tân phú
385triệu- 400 m2
402b, Đường Lê Trọng Tấn, Phường Tây Thạnh, Quận Tân Phú, Tp Hồ Chí Minh
Cần sang lại quán cà phê Chính chủ. ( do không có thời gian quản lý)

//CÓ NHẬN CÒ GIỚI THIỆU//

Địa chỉ : Số 402B Lê Trọng Tấn, Phường Tây Thạnh, Q. Tân Phú, HCM.

Vị trí quán vô cùng đắc địa, xung quanh có nhiều hàng quán ăn uống , gần siêu thi AEON Tân Phú, trường đại học công nghiệp thực phẫm và 2 trường trung học phổ thông. được đánh giá là khu sầm uất nhất của con đường . Gần các cơ quan làm việc, văn phòng...
Diện tích : 400m2
Hợp đồng còn 3 năm ( có thể ký lại nếu muốn)
Giá thuê mặt bằng mỗi tháng là 23,5 trieu ( rẻ nhất trong khu vực) Mỗi năm tăng 1,5 triệu cố định

Quán rộng rãi , có không gian sân vườn, trong nhà, phòng lạnh. có 2 phòng có thể ở lại, 2 nhà vệ sinh, 1 nhà tắm và nhà bếp riêng để nấu

Giá sang : 385tr

Quán đang hoạt động bình thường và có lượng khách ổn định .

Mình để lại toàn bộ trang thiết bị bàn ghế , dụng cụ pha chế ( Công thức pha chế nếu cần) và nguyên vật liệu sẵn có . nhân viên sẽ sẵn sàng tiếp tục nếu bạn còn nhu cầu sử dụng.

Để tránh ảnh hưởng tới tâm lý làm việc của nhân viên, anh chị vui lòng đt trước cho mình nếu có nhu cầu đến xem quán nhé.

Anh chị quan tâm vui lòng ib hoặc đt số 0916.16.60.62",962.500 đ/m²,Nội thất đầy đủ,42 m²,Nam,Chung cư,Mặt tiền,Mặt bằng kinh doanh
402b,,Cần tiền xây nhà Thuận An tôi bán căn nhà như hình,nhiều hơn 10 phòng,Khu Công Nghiệp,Đã có sổ,Căn góc,Đã bàn giao,C,Đất thổ cư,400 m²,,3,30 m,- 150 m2,"vĩnh phú 1, Phường Vĩnh Phú, Thị xã Thuận An, Bình Dương",15 m,Nhiều hơn 6 phòng,"1,7 tỷ- 150 m2",Đông Nam,"Nhà mặt phố, mặt tiền",150 m²,"Tôi cần tiền xây nhà ở Thuận An nên cần bán gấp căn trọ 3 dãy như hình ở khu MP3_Bình Dương. 

Vị trí thuộc Khu Hành Chánh mới Bình Dương, chỉ cách KDL Đại Nam 2,5km, dân cư xung quanh đông đúc, các tiện ích xung quanh khu nhà như Trường Học hay Chợ đều có đầy đủ và cách đó ko xa. Khu này còn có Trường Đại Học lớn Miền nam: Đại Học Quốc Tế Việt Đức mới xây xong và bắt đầu tuyển sinh vào đầu năm 2021. Nên anh/chị mua về ở cho con cái đi học sẵn tiện mình có thêm thu nhập hàng tháng.

Diện tích 450m2(15mx30m), tôi xây thành 3 dãy nhà trọ đơn mỗi dãy 150m2 riêng biệt, mỗi căn gồm phía trước là căn nhà ở 2 phòng ngủ+ Gác lửng rộng rãi thoáng mát và 4 phòng trọ cho thuê phía sau, thu nhập 8tr/tháng.

Gía tôi bán là 1,7 tỉ/dãy, Thổ cư 100%, sổ hồng riêng, đầy đủ giấy tờ chứng nhận quyền sử dụng BĐS, giấy phép xây dựng,.. mọi thủ tục pháp lí đều làm tại phòng công chứng (mình chịu toàn bộ mọi chi phí) 

Cần bán gấp nên anh chị đi xem cứ ghé nhà xem sổ sách giấy tờ pháp lí đúng chính xác rồi đi xem luôn cho đỡ mất thời gian đôi bên.","11,33 triệu/m²",Nội thất cao cấp,450 m²,Bắc,Chung cư,Mặt tiền,Mặt bằng kinh doanh
402b,,"ĐẤT 2.400M2 GIÁ 120 TRIỆU, SỔ HỒNG, ĐƯỜNG VÀO 42M",nhiều hơn 10 phòng,Khu Công Nghiệp,Đã có sổ,Căn góc,Đã bàn giao,C,Đất thổ cư,400 m²,,3,60 m,- 2.400 m2,"Đường 32, Xã Minh Hưng, Huyện Chơn Thành, Bình Phước",40 m,Nhiều hơn 6 phòng,120 triệu- 2.400 m2,Đông Nam,"Nhà mặt phố, mặt tiền",2400 m2,"Cần bán lô đất chính chủ ngay khu công nghiệp Nhật - Mỹ, trường học cấp 1,2,3, chợ, Ủy ban nhân dân, khu thương mại,...
+ Diện tích: 40x60=2.400m2 (có đất thổ cư 800m2).
– Sổ hồng riêng, xây dựng tự do (có tổng 3 sổ liền kề)
* Giá tôi bán: 120 triệu/sổ
+ Tiện ích:
– Dân cư ở xung quanh sầm uất, nhà cửa san sát với nhau.
– Tiện ích dịch vụ gần đất gồm chợ, trường học, trạm ý tế, bệnh viện, ngân hàng, siêu thị, UBND, Vincom,...
– Đối diện Khu Công Nghiệp 5.500ha.
– Đường trước đất thông ra quốc lộ 13 là tuyến đường chính nhiều công nhân đi lại hàng ngày.
– Thuận tiện mua ở, kinh doanh, xây dựng nhà trọ, đầu tư, buôn bán,...
* Cần bán gấp mong gặp người thật sự thiện chí !!!
==> Ai thấy phù hợp vui lòng liên hệ Hà. Xin cám ơn !!!",50.000 đ/m2,Nội thất cao cấp,450 m²,Bắc,Chung cư,Mặt tiền,Mặt bằng kinh doanh
402b,,"Bán gấp đất Cao Đức Lân, An Phú,Q2 gần UBND, TTTM",nhiều hơn 10 phòng,Khu Công Nghiệp,Đã có sổ,Căn góc,Đã bàn giao,C,Đất thổ cư,400 m²,,3,12 m,- 60 m2,"Đường Cao Đức Lân, Phường An Phú, Quận 2, Tp Hồ Chí Minh",5 m,Nhiều hơn 6 phòng,"1,89 tỷ- 60 m2",Đông Nam,"Nhà mặt phố, mặt tiền",60 m2,"Đất thổ cư 100%, sổ hồng riêng, tự do xây dựng.
- Cơ sở hạ tầng hoàn thiện,điện, nước,thoát nước,... về đây có thể ở và xây dựng được ngay.
- Ngay công Viên Cao Đức Lân,Gần chợ, y tế, trường học cấp 2 cấp 3, khu mua sắm... Thuận tiện kinh doanh buôn bán.
- Gần UBND phường An Phú
- Đất vị trí đẹp thoáng mát.
- Nằm ngay MT Cao Đức Lân, Phường An Phú, Quận 2.
- Dân cư đông đúc.
- Đường trước 8m thoải mái đi lại di chuyển.
- Nằm trên đường chính liên kết các khu dân cư với nhau.
- Sang tên ngay.","31,5 triệu/m2",Nội thất cao cấp,450 m²,Bắc,Chung cư,Nở hậu,Mặt bằng kinh doanh
402b,,Cần bán đất măng lin full xây dựng,nhiều hơn 10 phòng,Khu Công Nghiệp,Đã có sổ,Căn góc,Đã bàn giao,C,Đất thổ cư,400 m²,,3,15 m,- 205 m2,"Đường Măng Lin, Phường 7, Thành phố Đà Lạt, Lâm Đồng",14 m,Nhiều hơn 6 phòng,"2,5 tỷ- 205 m2",Đông Nam,"Nhà mặt phố, mặt tiền",205 m2,"Bán lô đất xây dựng Biệt Thự khu vực Mănglin full xd cạnh khu resort lý nhã kỳ 

☎️Call/zalo: 
⭕️Giá bán: 2ty5
✅Diện tích: 200m2 , mặt tiền 14m
✅Hướng: Nam
✅Lộ giới : Đường 4m bằng phẳng 
❤️Pháp lý: Sổ hồng riêng đất xây dựng 100%
✅Lô đất bằng phẳng view xung quanh là thông bạt ngàn ... thích hợp xây biệt thự nghỉ dưỡng hoặc đầu tư sinh lời cao","12,2 triệu/m2",Nội thất cao cấp,450 m²,Nam,Chung cư,Hẻm xe hơi,Mặt bằng kinh doanh
402b,,"Lô đất Góc 2 MT KDC đường 12 Tam Đa, 68m2 ngang 9m",nhiều hơn 10 phòng,đường 12 Tam Đa,Đã có sổ,Căn góc,Đã bàn giao,C,Đất thổ cư,400 m²,,3,8 m, GIÁ TỐT,"12 Tam Đa, Phường Trường Thạnh, Quận 9, Tp Hồ Chí Minh",9 m,Nhiều hơn 6 phòng,"2,6 tỷ GIÁ TỐT- 68 m2",Đông Nam,"Nhà mặt phố, mặt tiền",68 m2,"Vị trí: đường 12 Tam Đa, P.Trường Thạnh, Quận 9
- Lô góc 2 MT đường nhựa 8m, điện nước máy đầy đủ
- Vị trí đẹp, khu dân cư đông đúc, hàng xóm thân thiện
- Cạnh đường Vành Đai 3
- Q.9 trở thành Thành Phố Thu Đức, đây là cơ hội cho nhà đầu tư trong thời gian tới
- DT: 68m2 ngang 9m, công nhận đủ, thổ cư, xây tự do
- Hướng: tây tứ trạch
- Pháp lý: sổ hồng riêng
- Giá: 2.6 tỷ, bao sang tên, quá rẻ, giá thị trường 2,9 tỷ
- Ngân hàng hỗ trợ 2 tỷ
- Cam kết: Thông tin chính xác, đúng giá, khỏi mất thời gian đôi bên xin cảm ơn.","38,24 triệu/m2",Nội thất cao cấp,450 m²,Tây Nam,Chung cư,Hẻm xe hơi,Mặt bằng kinh doanh
402b,,Đất Huyện Đắk Mil 1000000m²🥰💰,nhiều hơn 10 phòng,đường 12 Tam Đa,Đã có sổ,Căn góc,Đã bàn giao,C,Đất nông nghiệp,400 m²,,3,8 m,- 1.000.000 m2,"Đường 14, Xã Đắk R'La, Huyện Đắk Mil, Đắk Nông",9 m,Nhiều hơn 6 phòng,250 triệu- 1.000.000 m2,Đông Nam,"Nhà mặt phố, mặt tiền",1e+06 m2,"🍁🍁 Bán 10 hec đất rẫy Dak R La (312) ngân hàng thanh lý giá 250 triệu 1 hec bán lẻ từ 2 héc cách chợ 312 tầm 4km (giá rẻ hơn thị trường 100 triệu /1 mẫu) 
👉👉 Trên đất có trồng các loại cây lâu năm như, tiêu,cfe,cao su ,bơ, có nhà cấp 4 điện nước đầy đủ 
Lh;096.390,8383",250 đ/m2,Nội thất cao cấp,450 m²,Tây Nam,Chung cư,Hẻm xe hơi,Mặt bằng kinh doanh
402b,,Cần tiến bán gấp nhà đẹp giá công nhân,3 phòng,đường 12 Tam Đa,Đã có sổ,Căn góc,Đã bàn giao,C,Đất nông nghiệp,400 m²,,3,20 m,- 200 m2,"Đường ĐT 602, Xã Hòa Sơn, Huyện Hòa Vang, Đà Nẵng",10 m,2 phòng,"1,35 tỷ- 200 m2",Đông Nam,"Nhà ngõ, hẻm",200 m²,"Dự án: khu dân cư hoà sơn
Thông tin chi tiết: 🌹🌹Cần bán nhà đẹp 2 mặt tiền , khu vực hoà sơn
👉đường bê tông ô tô đến nơi, dân cư đông đúc
👉d.tích 200m2 ngang 10m
👉pháp lý sổ hồng, sang tay nhanh gọn
👉nhà đẹp công năng đầy đủ , chỉ việc sách vali vào ở
☎️☎️0705.67.77.67 xem nhà làm việc chính chủ","6,75 triệu/m²",Nội thất cao cấp,111 m²,Đông Nam,Chung cư,Hẻm xe hơi,Mặt bằng kinh doanh
402b,,CẦN BÁN GẤP NHÀ TRUNG TÂM BA ĐÌNH GIÁ 2.65 TỶ.,4 phòng,đường 12 Tam Đa,Đã có sổ,Căn góc,Đã bàn giao,C,Đất nông nghiệp,400 m²,,3,20 m,- 50 m2,"Đường Đào Tấn, Phường Đội Cấn, Quận Ba Đình, Hà Nội",4 m,3 phòng,"2,65 tỷ- 50 m2",Đông Nam,"Nhà ngõ, hẻm",50 m²,"-Địa điểm :Đào Tấn Ba Đình
-Diện tích 50m2x3T Mặt tiền 4m
-Tiện ích xung quanh vô vàn gần trường mầm non, chợ, các siêu thị trung tâm thương mại lớn…
-Nhà thiết kế đẹp chắc chắn.
GÍA 2.65 TỶ 
-SỔ ĐỎ CHÍNH CHỦ SẴN SÀNG GIAO DỊCH.
-Liên hệ E Sơn",53 triệu/m²,Nội thất cao cấp,50 m²,Đông Nam,Chung cư,Hẻm xe hơi,Mặt bằng kinh doanh
402b,,"CC Cần Bán nhà HXTphan huy ích, 3 lầu,5x20m.9ty TL",5 phòng,đường 12 Tam Đa,Đã có sổ,Căn góc,Đã bàn giao,C,Đất nông nghiệp,400 m²,,3,20 m,- 100 m2,"Đường Phan Huy Ích, Phường 12, Quận Gò Vấp, Tp Hồ Chí Minh",5 m,5 phòng,9 tỷ- 100 m2,Đông Nam,Nhà phố liền kề,100 m²,"Gia đình chuyển về Q7 ở nên bán lại căn nhà tuyệt đẹp này cho khách nào cần mua ở (hình sao nhà vậy, mà ở ngoài đẹp hơn nha).

DT: 5x20m, SHR, chính chủ đứng tên.
Kết cấu 3 lầu, 5PN, toilet riêng biệt.

Vị trí đường 2 xe tải tránh nhau, cách mặt tiền Phan Huy Ích 70m, khu đồng bộ cao tầng, nhiều văn phòng, trụ sở công ty đang làm, nếu mua cho thuê sẽ từ 25 - đến 30tr/tháng.
Nhà chính chủ sổ hồng riêng, giao dịch ngay.
Giá: 9 tỷ còn TL 
Khách quan tâm qua xem thực tế sẽ rõ nhé.
LH: gặp Tú để xem nhà.",90 triệu/m²,Nội thất cao cấp,100 m²,Đông Nam,Chung cư,Hẻm xe hơi,Mặt bằng kinh doanh
402b,,"Bán nhà Linh Xuân, đường xe hơi,nhà mới giá 2850",2 phòng,đường 12 Tam Đa,Đã có sổ,Căn góc,Đã bàn giao,C,Đất nông nghiệp,400 m²,,3,11 m,- 50 m2,"Đường Số 8, Phường Linh Xuân, Quận Thủ Đức, Tp Hồ Chí Minh",4.6 m,1 phòng,"2,85 tỷ- 50 m2",Đông Nam,"Nhà ngõ, hẻm",50 m²,"Nhà hẻm ô tô tận nơi, đường 8, Linh Xuân, cách Đại Học Kinh Tế Luật 100m.
$ Giá: 2.85 tỷ bớt lộc
- Diện tích: 50m2 (Ngang 4.6m x dài 11m) vuông vức, hoàn công đầy đủ, sử dụng 76m2
- Hẻm xe ô tô rộng rãi, vô ở liền
- Hướng: Đông Bắc
- Vị trí đẹp, gần khu trường Đại Học Quốc Gia, Sát bên Đại Học Kinh Tế Luật, gần chợ, siêu thị...
* Liên hệ Trinh Nguyễn để xem nhà",57 triệu/m²,Nội thất cao cấp,70 m²,Đông Bắc,Chung cư,Hẻm xe hơi,Mặt bằng kinh doanh
402b,,Bán đất gấp,2 phòng,đường 12 Tam Đa,Giấy tờ khác,Căn góc,Đã bàn giao,C,Đất thổ cư,400 m²,,3,16 m,- 80 m2,"Đường Đinh Quang Ân, Phường Phước Tân, Thành phố Biên Hòa, Đồng Nai",5 m,1 phòng,650 triệu- 80 m2,Đông Nam,"Nhà ngõ, hẻm",80 m2,"Mình cần tiền làm ăn nên bán miếng đất này. Dành dụm mãi mới mua đc nhưng do cần tiền làm nghề nên đành bán vậy. Chính chủ luôn nha cả nhà. Nở hậu. Hai mặt tiền. Đường hông 2,2 m. Chính nhà 5m. Sang năm k có giá này đâu các bác ạh. Cứ ll e rồi đi xem đất thoải mái. Nhìn là thích ngay thôi. Lúc e mua cũng thế. Nhìn là e múc ngay. Thôi e nói đến đây thôi nha. Cứ ll e là biết ngay. E k phải cò đâu mà sợ. Chính chủ luôn.","8,13 triệu/m2",Nội thất cao cấp,70 m²,Đông Bắc,Chung cư,Nở hậu,Mặt bằng kinh doanh
402b,,PHỐ VÍP THÁI HÀ DT48x4T ÔTÔ VÀO NHÀ GIÁ 7.4 tỷ,3 phòng,đường 12 Tam Đa,Giấy tờ khác,Căn góc,Đã bàn giao,C,Đất thổ cư,400 m²,,3,16 m,- 48 m2,"Đường Thái Hà, Phường Trung Liệt, Quận Đống Đa, Hà Nội",5 m,4 phòng,"7,4 tỷ- 48 m2",Đông Nam,"Nhà ngõ, hẻm",48 m²,"CỰC HIẾM - DIỆN TÍCH MỖI TẦNG : 48m2 
+ Pháp lý rõ ràng, sổ đỏ chính chủ sẵn sàng giao dịch
+ Nằm tại vị trí cực kỳ đẹp PHỐ THÁI HÀ
+ Ngõ rộng, thông thoáng, sạch sẽ, Giao thông thuận tiện ra các phố lớn : THÁI HÀ, THÁI THỊNH, TÂY SƠN, HÀO NAM, HOÀNG CẦU, XÃ ĐÀN, LÁNG HẠ .....
+ Hưởng trọn tiện ích khu trung tâm sầm uất, an ninh tốt, dân trí cao rất tiện lợi cho sinh hoạt hàng ngày
+ Nhà thiết kế đẹp, hiện đại chủ tự xây gồm 4 tầng khang trang 3 phòng ngủ rộng phòng nào cũng có cửa sổ thoáng mát, công năng sử dụng hợp lý 
* Tầng 1: GARA + Bếp + Vệ sinh
* Tầng 2: Phòng khách + phòng ngủ rộng + Vệ sinh
* Tầng 3: 2 phòng ngủ rộng + Vệ sinh
* Tầng 4: Phòng thờ + Vườn cây, tiểu cảnh, sân Phơi 
+ Giá bán: 7.4 tỷ
+ Liên hệ : Mr.Tuấn chuyên nhà đất ĐỐNG ĐA để biết nhiều thông tin về các phân khúc nhà khác","154,17 triệu/m²",Nội thất cao cấp,48 m²,Đông Bắc,Chung cư,Nở hậu,Mặt bằng kinh doanh
402b,,Nhà Bên Hông Chợ Sơn Thủy 62.5m2 Giá 1.62 Tỷ,1 phòng,đường 12 Tam Đa,Giấy tờ khác,Căn góc,Đã bàn giao,C,Đất thổ cư,400 m²,,3,12.8 m,- 62.5 m2,"Ngô đến, Phường Vĩnh Phước, Thành phố Nha Trang, Khánh Hòa",4.88 m,1 phòng,"1,62 tỷ- 62.5 m2",Đông Nam,"Nhà ngõ, hẻm",62.5 m²,"- Nhà Bên Hông Chợ Sơn Thủy Ngô Đến Đường hiện Trạng 5m 
- Diện tích: 62,5m2 ngan 4,88m 
- Nhà cấp 4 xây dụng kiên cố gồm sân để xe, Phòng Khách bếp 1 ngủ và 1 wc.
- Giá bán 1 tỷ 620 triệu bớt lộc khách thiện chí.
- Vị trí vừa ở vừa kinh doanh đang cho thuê 2,5 triệu/ tháng
- Liên Hệ: xem sổ xem nhà.","26,13 triệu/m²",Nội thất cao cấp,48 m²,Tây,Chung cư,Nở hậu,Mặt bằng kinh doanh
402b,,HẠ GIÁ BÁN NHANH NHÀ HẺM VÀNH ĐAI 30/4 5*34M-999TR,2 phòng,đường 12 Tam Đa,Đã có sổ,Căn góc,Đã bàn giao,C,Đất thổ cư,400 m²,,3,34 m,- 170 m2,"Đường Vành Đai, Phường Thành Nhất, Thành phố Buôn Ma Thuột, Đắk Lắk",5 m,1 phòng,999 triệu- 170 m2,Đông Nam,"Nhà ngõ, hẻm",170 m²,"Dự án: Nhà TC hẻm vành đai 30/4 chỉ 990tr.
 Thông tin chi tiết: Nhà TC hẻm vành đai 30/4 chỉ 990tr
🚩Dt : 5*34 thổ cư 50m2
🚩Hướng : tây
🚩Nhà c4 kiên cố.gồm sân oto.p khách.2pn.bếp wc.cách vành đai 300m.giá cực tốt thích hợp vừa ở vừa đầu tư sinh lời
💴Giá : 990 tr","5,88 triệu/m²",Nội thất cao cấp,170 m²,Tây,Chung cư,Hẻm xe hơi,Mặt bằng kinh doanh
402b,,Căn hộ 1Pn+ dự án Hausneo,1 phòng,đường 12 Tam Đa,Đã có sổ,Căn góc,Đã bàn giao,C,Đất thổ cư,55 m²,,3,34 m,- 55 m2,"Đường Liên Phường, Phường Phú Hữu, Quận 9, Tp Hồ Chí Minh",5 m,1 phòng,"1,8 tỷ- 55 m2",Đông Nam,"Nhà ngõ, hẻm",170 m²,"- diện tích: 55m2 (1+)
- view thoáng mát
- giá tốt: 1.8 tỷ bao sang tên
Đã có 90% dân cư vào ở với đầy đủ tiện ích, khuôn viên rộng, hồ bơi, gym, siêu thị tiện lợi, nhà trẻ,...

Liên hệ coi nhà sớm, nhận nhà trước Tết.
Ngoài ra em còn có các căn 2pn và 3pn.
Anh chị quan tâm liên hệ em!","32,73 triệu/m²",Nội thất cao cấp,170 m²,Tây,Chung cư,Hẻm xe hơi,Mặt bằng kinh doanh
402b,,"rẻ 2,800m2=38x60 thổ cư 500m2 đường 42m 580 triệu",1 phòng,đường 12 Tam Đa,Đã có sổ,Căn góc,Đã bàn giao,C,Đất thổ cư,55 m²,,3,60 m,- 2.280 m2,"Đường Quốc Lộ 13, Thị trấn Chơn Thành, Huyện Chơn Thành, Bình Phước",38 m,1 phòng,580 triệu- 2.280 m2,Đông Nam,"Nhà ngõ, hẻm",2280 m2,"ĐẤT BA MẸ CHO năm 2007 2300m2 thổ cư chuyển về thủ đức làm việc nên bán sổ riêng chính chủ.

Vị trí: tại TT thị trấn trên đường quôc lộ 42m tại núc giao thông trọng điểm giao thương nam bắc.
Diện tích 38x60=2280m(2,8)sào tách riêng 3 sổ thổ cư.( Bán 580 triệu bao làm sổ) 
Pháp lý: sổ hồng cầm tay chính chủ thổ cư công chứng nhà nước trong ngày .
Hạ tầng : đường nhựa quốc lộ 42m điện nước đầy đủ đối diện kcn lớn việt nam . 
Tiện ích : đối diện trường cấp 2,3 chợ lớn, tt hành chính,bệnh viện,vincom, kcn 5200 mẫu.
 
Đất đẹp bằng phẳng, vuông vức,phù hợp xây nhà hàng quán ăn, khách sạn, xây trọ cho công nhân đối diện kcn 5200 mẫu.",254.385 đ/m2,Nội thất cao cấp,170 m²,Tây,Chung cư,Mặt tiền,Mặt bằng kinh doanh
402b,,Nhà phố Văn Cao 39m2 chỉ 850 triệu,1 phòng,đường 12 Tam Đa,Đã có sổ,Căn góc,Đã bàn giao,C,Đất thổ cư,55 m²,,3,60 m,- 39 m2,"Đường Văn Cao, Phường Lạch Tray, Quận Ngô Quyền, Hải Phòng",38 m,1 phòng,850 triệu- 39 m2,Đông Nam,"Nhà ngõ, hẻm",39 m²,"Bán nhà phố tây. Nhà mới sạch đẹp, chỉ việc xách đồ về ở. 
DTMB: 39m2 x 1,5 tầng sân cổng riêng
Hướng: Tây nam
Bìa đỏ chính chủ
Giá: 850 triệu","21,79 triệu/m²",Nội thất cao cấp,170 m²,Tây,Chung cư,Mặt tiền,Mặt bằng kinh doanh
402b,,CẦN BÁN NHANH NHÀ BÌNH THẠNH-BÙI ĐÌNH TÚY-2TỶ1-SHR,3 phòng,đường 12 Tam Đa,Đã có sổ,Căn góc,Đã bàn giao,C,Đất thổ cư,55 m²,,3,60 m,- 80 m2,"Đường Bùi Đình Túy, Phường 12, Quận Bình Thạnh, Tp Hồ Chí Minh",38 m,3 phòng,"2,1 tỷ- 80 m2",Đông Nam,"Nhà mặt phố, mặt tiền",80 m²,"Cần tiền nên bán gấp căn nhà CHÍNH CHỦ đường Bùi Đình Túy, Phường 12, Quận Bình Thạnh. 

Diện tích: 5 x 16 = 80m2, nhà trệt, 1 lầu. Gồm 3 phòng ngủ, 3WC, sân thượng , ban công.

Pháp lý: SỔ HỒNG RIÊNG, Bao Công Chứng, Sang Tên trong ngày
Giá: 2 TỶ 1
Nằm ngay khu dân cư đông đúc, gần ủy ban, .........
Liên hệ: Hiếu ( miễn cò lái)","26,25 triệu/m²",Nội thất cao cấp,170 m²,Tây,Chung cư,Mặt tiền,Mặt bằng kinh doanh
402b,,Mặt tiền 283 lý thường kiệt dĩ an Tp dĩ an bd,2 phòng,đường 12 Tam Đa,Đã có sổ,Căn góc,Đã bàn giao,C,Đất thổ cư,55 m²,,3,22 m,- 88 m2,"Đường Lý Thường Kiệt, Phường Dĩ An, Thị xã Dĩ An, Bình Dương",4 m,1 phòng,"5,3 tỷ- 88 m2",Đông Nam,"Nhà mặt phố, mặt tiền",88 m²,"Đầu tư dự án khác bán nhà số 283 lý thường kiệt. Con đường sầm uất số 1 dĩ an. Số nhà cũng đẹp luôn￼￼,Diện tích đất 88m ngang 4 dài 22. Thổ cư 76.5m2. 2 bên là nhà Ko có đường hẻm Ko cấn trừ gì nhé. Đang cho thuê 9t/ tháng. Đường ko có dự án Làm xây hết đất ko lo cấn trừ, kinh doanh mọi ngành nghề ok, 
Giá 5ty 3 giá mặt tiền rẻ nhất lý thường kiệt,Công chứng sang tên 1 phút￼. Ngân hàng hỗ trợ 80% bớt Lộc cho Ae thiện chí, ko cần quảng cáo, miễn trung gian.","60,23 triệu/m²",Nội thất cao cấp,88 m²,Tây,Chung cư,Mặt tiền,Mặt bằng kinh doanh
402b,,MỞ BÁN CHUNG CƯ T11 VÕNG THỊ_NGÕ Ô TÔ_ GẦN HỒ TÂY,1 phòng,đường 12 Tam Đa,Đã có sổ,Căn góc,Chưa bàn giao,C,Đất thổ cư,43 m²,,3,22 m,- 43 m2,"Đường Võng Thị, Phường Bưởi, Quận Tây Hồ, Hà Nội",4 m,1 phòng,600 triệu- 43 m2,Đông Nam,"Nhà mặt phố, mặt tiền",88 m²,"Dự án: CHUNG CƯ MINI T11 VÕNG THỊ.
 Thông tin chi tiết: MỞ BÁN CHUNG CƯ MINI SIÊU CAO CẤP VÕNG THỊ HỒ TÂY

Ô TÔ ĐỖ CỬA - CÁCH HỒ TÂY CHỈ 200M

Vị trí đắc địa của quận TÂY HỒ không có vị trí thứ 2.

Phòng thông thoáng, ban công rộng rãi.

-Thiết kế hiện đại, thang máy tốc độ cao, có cả thang bộ.

-Tòa dân cư dân trí cao, hòa đồng thân thiện.

-Đa dạng từng phân khúc từ 1 - 2 - 3 phòng ngủ.

-Diện tích: 30 - 33 - 34 - 40 - 43 - 46 - 48 - 50 - 60m2.

-Giá: Từ 580tr - 1.2 tỷ/căn (có chiết khấu 1 3% giá trị căn hộ).

Nội thất: Thiết bị vệ sinh đầy đủ như: Bệ, vòi hoa sen, bình nóng lạnh, tủ bếp trên dưới, bếp hút mùi, bếp âm, đầu chờ internet, cáp quang..

Pháp lý đầy đủ, tách sổ hồng theo quy định của pháp luật việt nam.","13,95 triệu/m²",Nội thất đầy đủ,88 m²,Tây,Chung cư,Mặt tiền,Mặt bằng kinh doanh
402b,,Nhà 1 trệt 1 lầu đường Xô viết nghệ Tỉnh P21 Bt,2 phòng,đường 12 Tam Đa,Đã có sổ,Căn góc,Chưa bàn giao,C,Đất thổ cư,43 m²,,3,7 m,- 25 m2,"92/117, Đường Xô Viết Nghệ Tĩnh, Phường 21, Quận Bình Thạnh, Tp Hồ Chí Minh",3.4 m,2 phòng,"2,75 tỷ- 25 m2",Đông Nam,"Nhà ngõ, hẻm",25 m²,"Bán nhà đẹp 1 trệt 1 lầu đúc 2pn 2wc hẻm rộng thoáng, nhà mới dọn vào ở ngay, sát Q1 gần cầu thị nghè. Giá thương lượng.",110 triệu/m²,Nội thất đầy đủ,50 m²,Bắc,Chung cư,Mặt tiền,Mặt bằng kinh doanh
402b,,"Bán nhà mới xây đường 3A KDC Thới Nhựt 2, An Khánh",3 phòng,đường 12 Tam Đa,Đã có sổ,Căn góc,Chưa bàn giao,C,Đất thổ cư,43 m²,,1,19 m,- 76 m2,"Đường 3A||23715, Phường An Khánh, Quận Ninh Kiều, Cần Thơ",4 m,3 phòng,"4,6 tỷ- 76 m2",Đông Nam,"Nhà mặt phố, mặt tiền",76 m²,"Bán nhà mới xây đường 3A KDC Thới Nhựt 2, An Khánh, Ninh Kiều. Cổng sau trường cấp 3 An Khánh
- DT 4m x 20m = 80m2 
- Pháp lý: Sổ hồng hoàn công
- Hướng Tây nam
- Lộ 15m
- Nhà 1 trệt 1 lầu gồm sân trước, phòng khách, 3 phòng ngủ, 3 toilet, bếp, phòng sinh hoạt chung 
- Vị trí thuận tiện, gần trường học cấp 1 2 3, chợ, ủy ban phường An Khánh...
- Giá 4 tỷ 600 triệu (bao sang tên)
Liên hệ:1 gặp Hiền","60,53 triệu/m²",Hoàn thiện cơ bản,140 m²,Tây Nam,Chung cư,Hẻm xe hơi,Mặt bằng kinh doanh
402b,,Nhà đẹp cần bán,2 phòng,đường 12 Tam Đa,Đã có sổ,Căn góc,Chưa bàn giao,C,Đất thổ cư,43 m²,,1,11 m,- 39 m2,"Đường Nguyễn Phước Nguyên, Phường An Khê, Quận Thanh Khê, Đà Nẵng",4 m,1 phòng,"1,7 tỷ- 39 m2",Đông Nam,"Nhà ngõ, hẻm",39 m²,"Tôi chính chủ cần bán nhà hai tầng nở hậu,như trong hình, nhà kiệt 2 m rưỡi, nằm vị tri rất đẹp,kiệt thông ra chợ hoa hà huy tập hoặc thông ra đường Nguyễn Phước Nguyen, kiệt gió rất mát, kiệt để xe được nhiều vì nhà nằm sau lung nhà kiệt lớn nên để xe được nhiều ko ảnh đến nhà khác, hàng xóm thân thiện hiền hoà,,để lại tất cả nội thất , có sẵn máy nước nóng, điều hòa,chỉ xách và ly đến là ở , nhà đẹp sạch sẻ,","43,59 triệu/m²",Nội thất đầy đủ,80 m²,Đông Bắc,Chung cư,Nở hậu,Mặt bằng kinh doanh
402b,,"Cặp 332m2 đường 29/3 & Lê Hồng Sơn, Hoà Xuân, ĐN",2 phòng,B1.5,Đã có sổ,Căn góc,Chưa bàn giao,C,Đất nền dự án,43 m²,,1,25 m,- 332 m2,"1111, Đường Bàu Gia Thượng 2, Phường Hòa Xuân, Quận Cẩm Lệ, Đà Nẵng",13 m,1 phòng,"17,5 tỷ- 332 m2",Đông Nam,"Nhà ngõ, hẻm",332 m2,"Gia đình cần tiền bán gấp cặp 29/3 & Lê Hồng Sơn ( Hàng Dừa ) Hoà Xuân, Đảo VIP, Đà Nẵng.
B1.5 - 35,36.



- Cặp gồm 1 lô ống 125m2, 1 lô góc 207m2 = 332m2 
- Hướng Tây Bắc 
- Đường 29/3 đường đôi 15m và đường Lê Hồng Sơn 7m5, lề 5m.
- Cách sông Đô Toả 300m, cách Nguyễn Phước Lan 500m, cách làng Châu Âu 2 500m.
- Dân cư đông đúc , văn minh, giàu có.
- Tiện ích xung quanh như trường học, bệnh viện, trường học đầy đủ...

Pháp lý hoàn chỉnh, đầy đủ.","52,71 triệu/m2",Nội thất đầy đủ,80 m²,Tây Bắc,Chung cư,Mặt tiền,Mặt bằng kinh doanh
402b,,CC cần bán nhà 3 tầng k131 Lý Thái Tổ gần Lê Duẩn,3 phòng,B1.5,Đã có sổ,Căn góc,Chưa bàn giao,C,Đất nền dự án,43 m²,,3,9 m,- 46 m2,"Đường Lý Thái Tổ, Phường Chính Gián, Quận Thanh Khê, Đà Nẵng",5 m,3 phòng,"2,55 tỷ- 46 m2",Đông Nam,"Nhà ngõ, hẻm",46 m²,"Cần bán nhà 3 tầng đúc kiên cố kiệt Lý Thái Tổ gần ngay Lê Duẩn
👉Diện tích : 46m2
👉Hướng : Bắc
👉Nhà gồm : 3 phòng,3 wc,phòng khách,sân để xe rộng rãi.
☎️Liên hệ : 0905 252 786 (Đồng)","55,43 triệu/m²",Hoàn thiện cơ bản,138 m²,Bắc,Chung cư,Nở hậu,Mặt bằng kinh doanh
402b,,Bán nhà Bà Hom Quận 6 80m2 giá chỉ 6tỷ6-Hẻm Xe Tải,3 phòng,B1.5,Đã có sổ,Căn góc,Chưa bàn giao,C,Đất nền dự án,43 m²,,3,18.8 m,- 80 m2,"Đường Bà Hom, Phường 13, Quận 6, Tp Hồ Chí Minh",4.2 m,3 phòng,"6,6 tỷ- 80 m2",Đông Nam,"Nhà ngõ, hẻm",80 m²,"- Diện tích: 4.2x18.8 m2. Công nhận đủ.
- Nhà 1 trệt 1 lầu -sân thượng BTCT chắc chắn
- Hẻm Xe tải trải nhựa rất rộng, cách mặt tiền 40m

- Vị trí trung tâm quận 6 ngay chợ Phú Lâm.
- Khu vực có nhiều trường học: Trường Tiểu Học Công Định, Trường THCS Trần Nhân Tông
- Gần công viên Phú Lâm, Rạp chiếu phim Galaxy Kinh Dương Vương, Chợ cây gõ, CƯ XA PHÚ LÂM
- Sổ hồng vuông vức.Pháp lí rõ ràng, ĐẶC BIỆT KHÔNG LỘ GIỚI.KHÔNG LỖI PHONG THUỶ

- Khách Mua Nhà gặp trực tiếp Chủ thương lượng giá.Cam kết KHÔNG KÊ GIÁ
-Tư vấn xem nhà miễn phí","82,5 triệu/m²",Nội thất đầy đủ,80 m²,Bắc,Chung cư,Hẻm xe hơi,Mặt bằng kinh doanh
402b,,Chung cư Saigonres Plaza 71m² 2PN view landmark,2 phòng,B,Đang chờ sổ,Căn góc,Đã bàn giao,C,Đất nền dự án,71 m²,,3,18.8 m,- 71 m2,"79-81, 79-81 Đường Nguyễn Xí, Phường 26, Quận Bình Thạnh, Tp Hồ Chí Minh",4.2 m,2 phòng,"3,1 tỷ- 71 m2",Đông Nam,"Nhà ngõ, hẻm",80 m²,"Cần bán lại căn hộ saigonres plaza 2pn view sông
Hướng Đông Bắc, căn hộ đã trang bị đầy đủ nội thất
Tầng 10, thiết kế 71m2, view đẹp
Tiện ích: trung tâm thương mại, vincom A, cf, siêu thị..., gần sân bay Tân Sơn Nhất và bến xe
Phí quản lí 6k/m2, an ninh 24/7,
LH Mr. Thạch để đi xem căn hộ, giá bán đã bao gồm tất cả các chi phí sang nhượng.","43,66 triệu/m²",Nội thất đầy đủ,80 m²,Bắc,Chung cư,Hẻm xe hơi,Mặt bằng kinh doanh
402b,,Bảng giá đợt 1 KDC Ia Ring - đất sổ đỏ Gia Lai,2 phòng,B,Đã có sổ,Căn góc,Đã bàn giao,C,Đất thổ cư,71 m²,,3,28.5 m,- 285 m2,"Đường Quốc lộ 14, Xã Ia Tiêm, Huyện Chư Sê, Gia Lai",10 m,2 phòng,324 triệu- 285 m2,Đông Nam,"Nhà ngõ, hẻm",285 m2,"Bán gấp lô đất thuộc KDC Ia Ring - Mở bán bảng hàng đợt 1 
- Vị trí: MT đường 25m kết nối QL 14, liền kề KCN Nam Pleiku
- Mặt tiền đường 25m; 12m2, quy hoạch đồng bộ cây xanh, vỉa hè
- Diện tích: 285m2; 295m2; 333m2 (ngang 10) 
- Giá chỉ từ: 1,2tr/m2
- Sổ đỏ thổ cư 100%, công chứng sang tên ngay
- Xây dựng tự do. Ko ép tiến độ
Liên hệ: (zalo,viber 24/7) Ngân Ngô","1,14 triệu/m2",Nội thất đầy đủ,80 m²,Đông,Chung cư,Hẻm xe hơi,Mặt bằng kinh doanh
402b,,chính chủ cần bán nhanh đất Mt Bàu Lách thổ cư,2 phòng,B,Đã có sổ,Căn góc,Đã bàn giao,C,Đất thổ cư,71 m²,,3,50 m,- 300 m2,"Đường Bàu Lách, Xã Phạm Văn Cội, Huyện Củ Chi, Tp Hồ Chí Minh",6 m,2 phòng,"1,8 tỷ- 300 m2",Đông Nam,"Nhà ngõ, hẻm",300 m2,"Dự án: Chính chủ cần bán nhanh đất mt Bàu Lách thổ cư.
 Thông tin chi tiết: Do cần tiền tôi cần bán nhanh mảnh đất Mặt tiền Bàu Lách
Dt : 6m x 50m = 300m thổ cư hết đất 
dân cư hiện hữu, sổ hông riêng, vị trí nằm cách đường Phạm Văn Cội 50m.dân cư đông mặt tiền kinh doan buôn bán
giá bán 1ty800 lh gặp tôi chính chủ xem đất",6 triệu/m2,Nội thất đầy đủ,80 m²,Đông,Chung cư,Mặt tiền,Mặt bằng kinh doanh
402b,,"CC Opal Riverside 87m² 3PN, Tầng đẹp, view sông",3 phòng,B,Đã có sổ,Căn góc,Đã bàn giao,C,Đất thổ cư,87 m²,,3,50 m,- 87 m2,"đường số 10, Phường Hiệp Bình Chánh, Quận Thủ Đức, Tp Hồ Chí Minh",6 m,2 phòng,"3,4 tỷ- 87 m2",Đông Nam,"Nhà ngõ, hẻm",300 m2,"Do thay đổi nơi làm việc nên chủ nhà cần bán lại căn hộ Cao Cấp Opal Riverside, gần TTTM Giga Mall
- Vị trí: MT đường số 10, P.Hiệp Bình Chánh, Thủ Đức. Cách Phạm Văn Đồng chỉ 3 phút, cách các quận trung tâm Tp.HCM chỉ 15 phút đi xem gắn máy
- Tiện ích: 2 Khu công viên, Hồ bơi Resort, Vinmart, cafe, quán ăn,... Xung quanh có: Trường học các cấp, quán ăn uống, chợ truyền thống, TTTM sầm uất nhất Thủ Đức - GigaMall
- Căn hộ Opalriverside có DT 87m2, gồm 3PN 2WC, 1 PK, Bếp, bancol,.....
- Nội thất: theo CĐT bàn giao và kèm 1 số nội thất dính tường,....
- Chuyển nhượng theo HĐMB có xác nhận từ CĐT Opal Riverside, được nhiều NH cho vay với LS ưu đãi trong 15-20 năm
- Anh/chị có nhu cầu vui lòng liên hệ Mr. Hiền (PKD CĐT Đất Xanh) để xem căn hộ thực tế tại CC Opal riverside","39,08 triệu/m²",Nội thất đầy đủ,80 m²,Đông,Chung cư,Mặt tiền,Mặt bằng kinh doanh
402b,,CHUYÊN MUA BÁN TÌM KIẾM NHẬN KÝ GỬI NHÀ ĐẤT NỀN,3 phòng,B,Đã có sổ,Căn góc,Đã bàn giao,C,Đất nền dự án,87 m²,,3,20 m,- 160 m2,"Đường Dân Sinh, Xã Tiền Phong, Huyện Mê Linh, Hà Nội",8 m,2 phòng,14 triệu- 160 m2,Đông Nam,"Nhà ngõ, hẻm",160 m2,"Chuyên Mua Bán - Tìm Kiếm - Trao Đổi - Nhận Ký Gửi nhà đất thổ cư ,đất nền liền kề, biệt thự khu đô thị HÀ PHONG - CIENCO5 Mê Linh, thủ tục nhanh gọn, pháp lý rõ ràng, chính xác.
Hiện em cần bán: 
+ Khu Hà Phong
- LK E2 - 160m2 giá 1xtr/m2, đường 11m, Đ-N
- LK E7 - 160m2 giá 2x tr/m2, đường 24m, T-B
- LK E4 - 160 m2 giá 2x tr /m2 đường 11m Đ - N.
- LK E 9 - 160 m2 giá 2 x tr /m2 đường 11 m , B.
- LK E 6 - 200 m2 giá 1 x tr /m2 đường 11 m , T- B
- BT B1 - 308 m2 Lô góc giá 15 tr/m, Đông Nam
- BT D3 - 300 m2 giá 15.2 tr/m, Tây Nam.
- BT D11 - 370 m2 giá 18 tr/m2 Tây Bắc 
- BT D 06 - 300 m2 giá 17 tr /m2 Tây Bắc
+ Khu Cienco5
- LK16, 12 , 9 , 10 khu cũ giá 16-17.5tr/m
- LK 1v đường 24 HDGV giá 2x tr/m2
- LK 9 , Đường 24 m giá bán 2x tr m2
Uy Tín Tạo Niềm Tin - Tất Cả Vì Lợi Khách Hàng .",87.500 đ/m2,Nội thất đầy đủ,80 m²,Đông Bắc,Chung cư,Mặt tiền,Mặt bằng kinh doanh
402b,,Giá cực rẻ Đào Tấn 50tr/m Ba Đình 50mx3T 2.65 tỷ,3 phòng,B,Đã có sổ,Căn góc,Đã bàn giao,C,Đất nền dự án,87 m²,,5,20 m,- 50 m2,"Đường Đào Tấn, Phường Ngọc Khánh, Quận Ba Đình, Hà Nội",4 m,2 phòng,"2,65 tỷ- 50 m2",Đông Nam,"Nhà ngõ, hẻm",50 m²,"SIÊU SIÊU RẺ - CỰC HIẾM – DT RỘNG - MT 4M - 50TR/M
+ Mô tả:
- 50 triệu/m2 trung tâm quận Ba Đình, nhà đẹp ở ngay . 
- Nhà thiết kế: 
+ Tầng 1: phòng khách, bếp, wc
+ Tầng 2: 2 ngủ, 1 wc.
+ Tầng 3: 2 ngủ, 1 phòng thờ
- Sổ đỏ chuẩn sẵn sàng giao dịch.
Giá 2.65 tỷ có TL.
LH : Lê Thành",53 triệu/m²,Nội thất đầy đủ,50 m²,Đông Bắc,Chung cư,Mặt tiền,Mặt bằng kinh doanh
402b,,BÁN 810M2 DÃY TRỌ 2 TẦNG SÁT KCN LƯƠNG SƠN. GIÁ RẺ,3 phòng,B,Đã có sổ,Căn góc,Đã bàn giao,C,Đất thổ cư,87 m²,,5,20 m,- 810 m2,"Đường Liên Xã, Xã Hòa Sơn, Huyện Lương Sơn, Hòa Bình",4 m,2 phòng,"5,6 tỷ- 810 m2",Đông Nam,"Nhà ngõ, hẻm",810 m2,"BÁN GẤP DÃY TRỌ 2 TẦNG , 21 PHÒNG SẠCH ĐẸP - GIÁ RẺ TẠI HÒA SƠN - LƯƠNG SƠN

- Đất thuộc Xã Hòa Sơn - Lương Sơn - Hòa Bình, nằm tại khu dân cư sầm uất
- Hiện có 21 phòng trọ, 1 nhà 2 tầng sạch đẹp, rộng rãi
- Liên hệ Mr.Sinh để biết thêm thông tin chi tiết !","6,91 triệu/m2",Nội thất đầy đủ,50 m²,Đông Bắc,Chung cư,Nở hậu,Mặt bằng kinh doanh
402b,,Tôi chính chủ cần bán nhà nhỏ 1T1L hẻm 612binh log,2 phòng,B,Đã có sổ,Căn góc,Đã bàn giao,C,Đất thổ cư,87 m²,,5,20 m,- 28 m2,"Đường Bình Long, Phường Tân Quý, Quận Tân Phú, Tp Hồ Chí Minh",4 m,2 phòng,"2,8 tỷ- 28 m2",Đông Nam,"Nhà ngõ, hẻm",28 m²,"Tôi chính chủ cần bán căn nhà chi tiết như sau :
- Nhà 1 trệt 1 lầu, sổ hồng riêng công chứng sang tên
- Diện tích sàn 56m3
- Nhà tôi để xuyên suốt ko ngăn phòng vì để gia chủ mới vào ở tự do thiết kế . 
- Nhà sạch đẹp , tầm nhìn nhà xa ko bị vướng nhà trc mặt nên đón gió thoáng mát. 
- Cam kết nhà y như hình. 
- Hẻm 2/ và hẻm cụt nội bộ, hẻm sạch sẽ, dân cư xung quanh sống sạch sẽ.
Miễn tiếp quảng cáo đang tin !",100 triệu/m²,Nội thất đầy đủ,56 m²,Đông Bắc,Chung cư,Nở hậu,Mặt bằng kinh doanh
402b,,Bán nhà phan thị nể nhìn sang phương trang,2 phòng,B,Đã có sổ,Căn góc,Đã bàn giao,C,Đất thổ cư,87 m²,,5,16 m,- 81 m2,"Đường Phan Thị Nể, Phường Hòa Minh, Quận Liên Chiểu, Đà Nẵng",5 m,1 phòng,"3,679 tỷ- 81 m2",Đông Nam,"Nhà mặt phố, mặt tiền",81 m²,"Bán nhà gác lửng đúc
Mt phan thị nể.trục thông biển.
ngay khu A1 phương trang
Hướng đông nam. Dt đất 81m2
Giá 3,679.000.000","45,42 triệu/m²",Nội thất đầy đủ,120 m²,Đông Nam,Chung cư,Nở hậu,Mặt bằng kinh doanh
402b,,MARINA TOWER TẦNG CAO MÁT MẺ 1.8TỶ TẶNG NT MỚI MUA,2 phòng,B,Đã có sổ,Căn góc,Đã bàn giao,C,Đất thổ cư,72 m²,,5,16 m,- 72 m2,"Đường Quốc lộ 13, Phường Vĩnh Phú, Thị xã Thuận An, Bình Dương",5 m,2 phòng,"1,8 tỷ- 72 m2",Đông Nam,"Nhà mặt phố, mặt tiền",81 m²,"- Diện tích 72m2.
- Thiết kế: 1 phòng khách, 1 bếp, 2 phòng ngủ, 2 toilet, logia...
- View: View sông mát mẻ.
- Giá bán: 1.8 tỷ đã bao toàn bộ thuế phí. 
- Tặng ngay nội thất xịn

Cách chợ đầu mối nông sản Thủ Đức 3Km.
Cách làng đại học, KCX Linh Trung 2, KCN Vsip, nhà máy Tân Hiệp Phát chỉ 5Km.
2 phút để đến: Bệnh viện Quốc tế Hạnh Phúc.
8 phút để đến: Siêu thị Lotte Mart, Aeon Mall Canary Bình Dương.
25 phút để đến: Trung tâm TP. HCM và Bình Dương.
Đặc biệt, dự án liền kề với các khu dân cư Vĩnh Phú 1, Bình Chiểu 2 sẽ hình thành trong tương lai.
Phong thủy rất đặc biệt hiếm có khó tìm:
* Phía Bắc là mặt tiền đường nội khu dân cư Vĩnh Phú, nhìn về Bình Dương.
* Phía Tây là không gian sinh thái tự nhiên.
* Phía Nam là mặt tiền đường nội khu dân cư Vĩnh Phú, nhìn về TP. HCM.
* Phía Đông giáp với sông xanh.

Anh chị quan tâm vui lòng liên hệ em để xem nhà ạ",25 triệu/m²,Nội thất đầy đủ,120 m²,Đông Nam,Chung cư,Nở hậu,Mặt bằng kinh doanh
402b,,"CH Sunrise Riverside 2PN, 2.7 tỷ Full nội thất",2 phòng,B,Đang chờ sổ,Căn góc,Đã bàn giao,C,Đất thổ cư,56 m²,,5,16 m,- 56 m2,"Đường Nguyễn Hữu Thọ, Xã Phước Kiển, Huyện Nhà Bè, Tp Hồ Chí Minh",5 m,1 phòng,"2,7 tỷ- 56 m2",Đông Nam,"Nhà mặt phố, mặt tiền",81 m²,"Chính chủ cần bán căn hộ Sunrise Riverside.
Căn 2 phòng ngủ.
Tình trạng nhà: Full nội thất chỉ cần xách valy vào ở.
Giá bán: 2.7 tỷ (Giá này đã bao gồm hết tất cả).
Hiện tại Sunrise Riverside có ngân hàng VPBank, TPBank, Vietcombank hỗ trợ vay đến 70% giá trị chuyển nhượng, lãi suất ưu đãi.","48,21 triệu/m²",Nội thất cao cấp,120 m²,Đông Nam,Chung cư,Nở hậu,Mặt bằng kinh doanh
402b,,"CH 2PN Vsip1 TT 220tr CK3%, tặng 6 chỉ vàng,NTCC",2 phòng,Tháp đôi,Đang chờ sổ,Căn góc,Chưa bàn giao,C,Đất thổ cư,60 m²,18,5,16 m,- 60 m2,"Đường 22/12, Phường Thuận Giao, Thị xã Thuận An, Bình Dương",5 m,2 phòng,225 triệu- 60 m2,Tây,"Nhà mặt phố, mặt tiền",81 m²,"Dự án căn hộ cao cấp An Home ngay 22/12, KCN Vsip1, khu dân cư Việt Hương/Đại Ngàn...
Chủ đầu tư: Phương Anh Corp
Nhà thầu uy tín: Hòa Bình Corp
2 tòa tháp 25 tầng với 3 tầng trung tâm mua sắm và nhà hàng, đợt đầu mở bán chỉ hơn 100 căn được sold out
Khuôn viên hơn 6000m2 đẩy đủ tiện ích đa thế hệ: hồ bơi tầng 2, công viên cây xanh, đường chạy marathon, nhà hàng cafe, thư viện, gym...
Loại hình căn hộ: 45-60-76m2 (1PN-3PN)
Nội thất cao cấp full bếp, full WC
Tiến độ thanh toán nhẹ nhàng:
Booking 30tr-chuyển cọc nếu chọn được căn
Vào trước 15% (220tr), đợt sau 1%/ tháng đến khi nhận nhà
Ngân hàng BIDV hỗ trợ vay miễn lãi, miễn gốc đến khi nhận nhà
********* Đặc biệt: quý khách booking sớm trong tháng này sẽ có cơ hội trúng Iphone 12 dù có mua nhà hay không***************
********* Cơ hội bốc thăm trúng 6 giải đặc biệt: mỗi giải 6 chỉ vàng cùng nhiều phần quà hấp dẫn khác*************","3,75 triệu/m²",Nội thất cao cấp,120 m²,Đông,Chung cư,Nở hậu,Mặt bằng kinh doanh
402b,,CHUNG CƯ MINI ĐẠI LỘC_XUÂN ĐỈNH_TÁCH SỔ_NGÕ Ô TÔ,1 phòng,Tháp đôi,Đã có sổ,Căn góc,Chưa bàn giao,C,Đất thổ cư,45 m²,18,5,16 m,- 45 m2,"Đường Xuân Đỉnh, Phường Xuân Đỉnh, Quận Bắc Từ Liêm, Hà Nội",5 m,1 phòng,600 triệu- 45 m2,Tây,"Nhà mặt phố, mặt tiền",81 m²,"Dự án: CHUNG CƯ ĐẠI LỘC_XUÂN ĐỈNH.
 Thông tin chi tiết: MỞ BÁN CHUNG CƯ MINI ĐẠI LỘC- XUÂN ĐỈNH

Ô TÔ ĐỖ CỬA- NHẬN NHÀ Ở NGAY - ĐẦY ĐỦ NỘI THẤT

1. Vị Trí tòa nhà

Chung cư XUÂN ĐỈNH nằm ngay trên trục đường lớn, giao thông thuận lợi, chung cư đã hoàn thiện, về ở luôn, nội thất đầy đủ, chung cư thiết kế mới đẹp, ban công rộng

Tòa nhà nằm gần nhiều trường đại học lớn, trường học cấp 1 2 3, siêu thị, chợ.

2. Quy mô xây dựng:

Gồm 7 tầng căn hộ, mỗi tầng có 4 căn hộ. Với đầy đủ nội thất, chỉ cần dọn về ở

Thang máy, thang bộ thoát hiểm. Hầm để xe, bảo vệ an ninh 24/7

3. Giá bán căn hộ :

Căn 1 ngủ: 31m2 - 33m2 - 35m2 giá từ 600tr - 650tr - 660tr

Căn 2 ngủ: 43m2 - 44m2 - 46m2 - 48m2 - 50m2 giá 800tr - 900tr - HƠN 1 tỷ

Khách hàng không mất thêm bất kỳ chi phí nào khác. Pháp lý đầy đủ và đảm bảo theo quy định của pháp luật

Khách hàng liên hệ trực tiếp chủ đầu tư để mua nhà giá gốc","13,33 triệu/m²",Nội thất đầy đủ,120 m²,Đông,Chung cư,Nở hậu,Mặt bằng kinh doanh
402b,,"Trung Tâm Q.Hà Đông, Mới Đẹp,Ô Tô, 40m2 x5T, MT 4m",3 phòng,Tháp đôi,Đã có sổ,Căn góc,Chưa bàn giao,C,Đất thổ cư,45 m²,18,3,16 m,- 40 m2,"Đường Lê Lợi, Phường Nguyễn Trãi, Quận Hà Đông, Hà Nội",5 m,1 phòng,3 tỷ- 40 m2,Tây,"Nhà mặt phố, mặt tiền",40 m²,"NHÀ BÁN CHỈ 3 TỶ, ĐẸP , , TRUNG TÂM , MUỐN SỞ HỮU HÃY GỌI NGAY 0342 .xxxx

Gia chủ là quan chức bận rộn đã hoàn toàn tin tưởng và ủy thác cho tôi cùng Cộng sự chào bán căn nhà ĐẸP Quận Hà Đông với tầm tài chính 3 tỷ.

Nhà thuộc khu cực hiếm nhà bán, trung tâm Quận Hà Đông, tiện ích xã hội không thiếu thứ gì. 

Nhà mới đẹp lại nhiều mặt thoáng, các phòng ngập tràn ánh sáng tự nhiên, nội ngoại thất xứng đáng là nhà của gia chủ có bề thế.

Để có cơ hội sở hữu anh chị vui lòng liên hệ ngay: 0342xxxx –KHANG – ( Chuyên gia Tư vấn đầu tư mua bán Bất động sản Thổ cư Hà Nội).",75 triệu/m²,Nội thất đầy đủ,120 m²,Đông,Chung cư,Hẻm xe hơi,Mặt bằng kinh doanh
402b,,Đất giá thấp nhất Thạch Bàn chỉ hơn 1 tỷ,3 phòng,Tháp đôi,Đã có sổ,Căn góc,Chưa bàn giao,C,Đất thổ cư,45 m²,18,3,16 m,- 34 m2,"Đường Thạch Bàn, Phường Thạch Bàn, Quận Long Biên, Hà Nội",5 m,1 phòng,"1,4 tỷ- 34 m2",Tây,"Nhà mặt phố, mặt tiền",34 m2,"Diện tích 34.2 đất vuông vắn nở hậu, nằm cạnh Chợ Đồng Dinh. Ngõ ngách thoáng , không lỗi phong thủy.nền đất thổ rất vững chắc, dân cư hàng xóm văn minh. 
Sổ đỏ chính chủ. giao dịch được ngay.","41,18 triệu/m2",Nội thất đầy đủ,120 m²,Đông Bắc,Chung cư,Hẻm xe hơi,Mặt bằng kinh doanh
402b,,Bán nền thổ cư DT 4x14 CPXD 9 MT đường Lê Hồng Nhi,3 phòng,Tháp đôi,Đã có sổ,Căn góc,Chưa bàn giao,C,Đất thổ cư,45 m²,18,3,14 m,- 56 m2,"lê hồng nhi, Phường Lê Bình, Quận Cái Răng, Cần Thơ",4 m,1 phòng,"1,45 tỷ- 56 m2",Tây,"Nhà mặt phố, mặt tiền",56 m2,"🔔🔔🔔 BÁN NỀN THỔ CƯ DT 4x14 (CẤP PHÉP XD 9) MẶT TIỀN ĐƯỜNG LÊ HỒNG NHI - CÁI RĂNG - CẦN THƠ

———— GIÁ BÁN: 1,450 Tỷ ————
• Vị trí : Mặt tiền Lê Hồng Nhi, nằm gần chung cư An Phú, trường THCS Lê Bình, Tiểu Học Lê Bình 2

• Diện Tích: 4m x 14m = 56m2 (thực tế 15m)
• Pháp Lý: Thổ cư 💯. Cấp phép xây dựng chính
• Hướng: Tây Nam
• Lộ Giới: nhựa 8m ôtô đậu trước nền.

• Nền đẹp, vuông vức, đã bo nền bơm cát bằng mặt lộ

💰💰💰 Giá Bán: 1 Tỷ 450 Triệu (Thương lượng nhẹ)
• Hỗ trợ vay ngân hàng với lãi suất ưu đãi
————————————————
📲 𝐋𝐢𝐞̂𝐧 𝐡𝐞̣̂ 𝐒Đ𝐓/𝐙𝐚𝐥𝐨: (𝐌𝐫. 𝐐𝐮𝐚̂𝐧)

=> NHẬN KÝ GỬI NHÀ ĐẤT - CHO THUÊ
=> CAM KẾT BÁN ĐÚNG GIÁ
🙏 CẢM ƠN QUÝ KHÁCH ĐÃ XEM TIN! (167)","25,89 triệu/m2",Nội thất đầy đủ,120 m²,Tây Nam,Chung cư,Nở hậu,Mặt bằng kinh doanh
402b,,Cần tiền bán gấp đất Đông xuân 2 mặt tiền,3 phòng,Tháp đôi,Đã có sổ,Căn góc,Chưa bàn giao,C,Đất thổ cư,45 m²,18,3,67 m,- 736 m2,"Lập Thành, Xã Đông Xuân, Huyện Quốc Oai, Hà Nội",11 m,1 phòng,"4,65 tỷ- 736 m2",Tây,"Nhà mặt phố, mặt tiền",736 m2,"Chính chủ cần tiền bán gấp mảnh đất 2 mặt tiền Đông Xuân, lưng tựa núi mặt hướng cánh đồng cực đẹp. Trong vườn có sẵn một vườn bưởi đang cho thu hoạch. 
Thích hợp để nghỉ dương hoặc đầu tư sinh lời. 
Các bác quan tâm vui lòng liên hệ xem đất. 
Giá chốt nét rẻ hơn khu vực rất nhiều.","6,32 triệu/m2",Nội thất đầy đủ,120 m²,Tây Nam,Chung cư,Mặt tiền,Mặt bằng kinh doanh
402b,,Đất có nhà mặt tiền đường nhựa 20×43 Đức Lập Hạ,3 phòng,Tháp đôi,Đã có sổ,Căn góc,Chưa bàn giao,C,Đất thổ cư,45 m²,18,3,43 m,- 860 m2,"Đường Nhựa, Xã Đức Lập Hạ, Huyện Đức Hòa, Long An",20 m,1 phòng,8 tỷ- 860 m2,Tây,"Nhà mặt phố, mặt tiền",860 m2,"Chính chủ gửi : 
Mặt tiền nhựa bàu sen. Gần nhiều công ty đang hoạt động. Khu vực tìm năng kinh doanh buôn bán.
👉 Vi trí ấp bàu sen, Đức Lập Hạ, Đức Hòa,Long An. 
👉Ngang 20 x 43 đất thổ 💯. Có quán để kinh doanh. Khuôn rào xây sẵn luôn. Rất đẹp. 
💰Giá bán 7ty600 công chứng liền. Còn mua cc chậm giá 8ty.","9,3 triệu/m2",Nội thất đầy đủ,120 m²,Đông Bắc,Chung cư,Nở hậu,Mặt bằng kinh doanh
402b,,"Nhà 3 tầng đường đà nẵng chỉ 1,77 tỷ",3 phòng,Tháp đôi,Đã có sổ,Căn góc,Chưa bàn giao,C,Đất thổ cư,45 m²,18,3,43 m,- 40 m2,"123, Đường Đà Nẵng, Phường Cầu Tre, Quận Ngô Quyền, Hải Phòng",4 m,2 phòng,"1,77 tỷ- 40 m2",Tây,"Nhà ngõ, hẻm",40 m²,"Bán nhà xây mới mặt ngõ đường đà nẵng.
DTMB: 40m2 x 3 tầng
Hướng: bắc
Giá 1.77 tỷ
Nhà nằm trên ngõ thông. Gần trường chợ. Thuận tiện mọi việc.","44,25 triệu/m²",Nội thất đầy đủ,120 m²,Đông,Chung cư,Nở hậu,Mặt bằng kinh doanh
402b,,NỀN HẺM NHÁNH HẺM 150 NGUYỄN THÔNG 4.3X15 THỔ CƯ,3 phòng,Tháp đôi,Đã có sổ,Căn góc,Chưa bàn giao,C,Đất thổ cư,45 m²,18,3,15 m,- 64 m2,"HẺM 150, Đường Nguyễn Thông, Phường An Thới, Quận Bình Thuỷ, Cần Thơ",4.3 m,2 phòng,"1,25 tỷ- 64 m2",Tây,"Nhà ngõ, hẻm",64 m2,"¶¶ HẺM 150 NGUYỄN THÔNG ( Có 2 nền ) 
• DT 4,3mx15m thổ cư, Lộ 4m, Giá 1,25 tỷ
HƯỚNG ĐÔNG NAM
LIÊN HỆ ƯỚC","19,53 triệu/m2",Nội thất đầy đủ,120 m²,Đông Nam,Chung cư,Nở hậu,Mặt bằng kinh doanh
402b,,"Mặt tiền 12m đường ĐT855, thổ 100%, 699 mét vuông",3 phòng,Tháp đôi,Đã có sổ,Căn góc,Chưa bàn giao,C,Đất thổ cư,45 m²,18,3,58 m,- 699 m2,"ĐT 855, Xã Hoà Bình, Huyện Tam Nông, Đồng Tháp",12 m,2 phòng,1 tỷ- 699 m2,Tây,"Nhà ngõ, hẻm",699 m2,"(Không có nhu cầu đăng tin ở các trang khác nên anh chị em làm bên dịch vụ đăng tin quảng cáo khỏi điện để mất thời gian của anh chị)


Đất chính chủ, giá 1 tỷ (đang gấp bán, thương lượng bớt chút ít)
Mặt tiền 12m, mặt sông 12m, dài hơn 58m (trong giấy là 699 m2), có thể xây nhà trọ khách vãng lai, hoặc nhà yến, bãi vật liệu xây dựng....
Mùa lũ nên đất đang bị ngập nước, mùa khô thì không bị ngập, hihi
Giấy tờ rõ ràng, dễ mua bán
Hướng từ Tràm Chim vô Hòa Bình, đất nằm bên tay trái, đầu tuyến dân cư Hòa Bình","1,43 triệu/m2",Nội thất đầy đủ,120 m²,Đông Nam,Chung cư,Mặt tiền,Mặt bằng kinh doanh
402b,,Bán đất Tân Thạnh Đông,3 phòng,3,Đã có sổ,Căn góc,Chưa bàn giao,3,Đất thổ cư,45 m²,18,3,26 m,- 132 m2,"Đường Bến Than, Xã Tân Thạnh Đông, Huyện Củ Chi, Tp Hồ Chí Minh",5 m,2 phòng,"1,45 tỷ- 132 m2",Tây,"Nhà ngõ, hẻm",132 m2,"Bán lô đất #Tân Thạnh Đông củ chi 
Diện tích 132m2
Mặt tiền đường nhựa 
Hai mặt tiền 
Gần trường gần chợ
Giá hữu nghị 1tỷ450
1 lô","10,98 triệu/m2",Nội thất đầy đủ,120 m²,Tây Bắc,Chung cư,Mặt tiền,Mặt bằng kinh doanh
402b,,Đất có sổ hồng sẵn giá rẻ,3 phòng,3,Đã có sổ,Căn góc,Chưa bàn giao,3,Đất thổ cư,45 m²,18,3,25 m,- 125 m2,"Hội Bài Châu Pha, Phường Phú Mỹ, Thị xã Phú Mỹ, Bà Rịa - Vũng Tàu",5 m,2 phòng,450 triệu- 125 m2,Tây,"Nhà ngõ, hẻm",125 m2,"Dự án: Đất Có Sổ Hồng
Thông tin chi tiết: Đất có sổ hồng , gần chợ , trung tâm thương mại
Tiện ích phù hợp ở hoặc kinh doanh
Xây nhà trọ ...vv","3,6 triệu/m2",Nội thất đầy đủ,120 m²,Tây Bắc,Chung cư,Mặt tiền,Mặt bằng kinh doanh
402b,,"Nhà mới xây :73/24 đs 18d p.bhha 3,5*9m đúc 4 tấm",4 phòng,3,Đã có sổ,Căn góc,Chưa bàn giao,3,Đất thổ cư,45 m²,18,3,8 m, GIÁ TỐT,"73/24 Duong 18D, Đường 18D, Phường Bình Hưng Hoà A, Quận Bình Tân, Tp Hồ Chí Minh",3.3 m,3 phòng,"3,48 triệu GIÁ TỐT- 29 m2",Tây,"Nhà ngõ, hẻm",29 m²,"Nhà mới xây :73/24 đs 18d p.bhha 3,5*9m đúc 4 tấm nhà mới xd xong, nội thất cao cấp, hẻm 5m thông. 4pn lót sàn gỗ 3wc phòng thờ sân thượng. 
Giá:3ty480. Thương lượng ( nhà trống + tặng toàn bộ nội thất. Hh 1%",120.000 đ/m²,Nội thất đầy đủ,87 m²,Tây Bắc,Chung cư,Mặt tiền,Mặt bằng kinh doanh
402b,,"Trung Tâm Q.Hà Đông, Mới Đẹp,Ô Tô, 40m2 x5T, MT 4m",3 phòng,3,Đã có sổ,Căn góc,Chưa bàn giao,3,Đất thổ cư,45 m²,18,3,8 m,- 40 m2,"Đường Lê Lợi, Phường Nguyễn Trãi, Quận Hà Đông, Hà Nội",3.3 m,3 phòng,3 tỷ- 40 m2,Tây,"Nhà mặt phố, mặt tiền",40 m²,"NHÀ BÁN CHỈ 3 TỶ, ĐẸP , , TRUNG TÂM , MUỐN SỞ HỮU HÃY GỌI NGAY 0342 .xxxx

Gia chủ là quan chức bận rộn đã hoàn toàn tin tưởng và ủy thác cho tôi cùng Cộng sự chào bán căn nhà ĐẸP Quận Hà Đông với tầm tài chính 3 tỷ.

Nhà thuộc khu cực hiếm nhà bán, trung tâm Quận Hà Đông, tiện ích xã hội không thiếu thứ gì. 

Nhà mới đẹp lại nhiều mặt thoáng, các phòng ngập tràn ánh sáng tự nhiên, nội ngoại thất xứng đáng là nhà của gia chủ có bề thế.

Để có cơ hội sở hữu anh chị vui lòng liên hệ ngay: 0342xxxx –KHANG – ( Chuyên gia Tư vấn đầu tư mua bán Bất động sản Thổ cư Hà Nội).",75 triệu/m²,Nội thất đầy đủ,87 m²,Tây Bắc,Chung cư,Hẻm xe hơi,Mặt bằng kinh doanh
402b,,Đất giá thấp nhất Thạch Bàn chỉ hơn 1 tỷ,3 phòng,3,Đã có sổ,Căn góc,Chưa bàn giao,3,Đất thổ cư,45 m²,18,3,8 m,- 34 m2,"Đường Thạch Bàn, Phường Thạch Bàn, Quận Long Biên, Hà Nội",3.3 m,3 phòng,"1,4 tỷ- 34 m2",Tây,"Nhà mặt phố, mặt tiền",34 m2,"Diện tích 34.2 đất vuông vắn nở hậu, nằm cạnh Chợ Đồng Dinh. Ngõ ngách thoáng , không lỗi phong thủy.nền đất thổ rất vững chắc, dân cư hàng xóm văn minh. 
Sổ đỏ chính chủ. giao dịch được ngay.","41,18 triệu/m2",Nội thất đầy đủ,87 m²,Đông Bắc,Chung cư,Hẻm xe hơi,Mặt bằng kinh doanh
402b,,Bán nền thổ cư DT 4x14 CPXD 9 MT đường Lê Hồng Nhi,3 phòng,3,Đã có sổ,Căn góc,Chưa bàn giao,3,Đất thổ cư,45 m²,18,3,14 m,- 56 m2,"lê hồng nhi, Phường Lê Bình, Quận Cái Răng, Cần Thơ",4 m,3 phòng,"1,45 tỷ- 56 m2",Tây,"Nhà mặt phố, mặt tiền",56 m2,"🔔🔔🔔 BÁN NỀN THỔ CƯ DT 4x14 (CẤP PHÉP XD 9) MẶT TIỀN ĐƯỜNG LÊ HỒNG NHI - CÁI RĂNG - CẦN THƠ

———— GIÁ BÁN: 1,450 Tỷ ————
• Vị trí : Mặt tiền Lê Hồng Nhi, nằm gần chung cư An Phú, trường THCS Lê Bình, Tiểu Học Lê Bình 2

• Diện Tích: 4m x 14m = 56m2 (thực tế 15m)
• Pháp Lý: Thổ cư 💯. Cấp phép xây dựng chính
• Hướng: Tây Nam
• Lộ Giới: nhựa 8m ôtô đậu trước nền.

• Nền đẹp, vuông vức, đã bo nền bơm cát bằng mặt lộ

💰💰💰 Giá Bán: 1 Tỷ 450 Triệu (Thương lượng nhẹ)
• Hỗ trợ vay ngân hàng với lãi suất ưu đãi
————————————————
📲 𝐋𝐢𝐞̂𝐧 𝐡𝐞̣̂ 𝐒Đ𝐓/𝐙𝐚𝐥𝐨: (𝐌𝐫. 𝐐𝐮𝐚̂𝐧)

=> NHẬN KÝ GỬI NHÀ ĐẤT - CHO THUÊ
=> CAM KẾT BÁN ĐÚNG GIÁ
🙏 CẢM ƠN QUÝ KHÁCH ĐÃ XEM TIN! (167)","25,89 triệu/m2",Nội thất đầy đủ,87 m²,Tây Nam,Chung cư,Nở hậu,Mặt bằng kinh doanh
402b,,Cần tiền bán gấp đất Đông xuân 2 mặt tiền,3 phòng,3,Đã có sổ,Căn góc,Chưa bàn giao,3,Đất thổ cư,45 m²,18,3,67 m,- 736 m2,"Lập Thành, Xã Đông Xuân, Huyện Quốc Oai, Hà Nội",11 m,3 phòng,"4,65 tỷ- 736 m2",Tây,"Nhà mặt phố, mặt tiền",736 m2,"Chính chủ cần tiền bán gấp mảnh đất 2 mặt tiền Đông Xuân, lưng tựa núi mặt hướng cánh đồng cực đẹp. Trong vườn có sẵn một vườn bưởi đang cho thu hoạch. 
Thích hợp để nghỉ dương hoặc đầu tư sinh lời. 
Các bác quan tâm vui lòng liên hệ xem đất. 
Giá chốt nét rẻ hơn khu vực rất nhiều.","6,32 triệu/m2",Nội thất đầy đủ,87 m²,Tây Nam,Chung cư,Mặt tiền,Mặt bằng kinh doanh
402b,,Đất có nhà mặt tiền đường nhựa 20×43 Đức Lập Hạ,3 phòng,3,Đã có sổ,Căn góc,Chưa bàn giao,3,Đất thổ cư,45 m²,18,3,43 m,- 860 m2,"Đường Nhựa, Xã Đức Lập Hạ, Huyện Đức Hòa, Long An",20 m,3 phòng,8 tỷ- 860 m2,Tây,"Nhà mặt phố, mặt tiền",860 m2,"Chính chủ gửi : 
Mặt tiền nhựa bàu sen. Gần nhiều công ty đang hoạt động. Khu vực tìm năng kinh doanh buôn bán.
👉 Vi trí ấp bàu sen, Đức Lập Hạ, Đức Hòa,Long An. 
👉Ngang 20 x 43 đất thổ 💯. Có quán để kinh doanh. Khuôn rào xây sẵn luôn. Rất đẹp. 
💰Giá bán 7ty600 công chứng liền. Còn mua cc chậm giá 8ty.","9,3 triệu/m2",Nội thất đầy đủ,87 m²,Đông Bắc,Chung cư,Nở hậu,Mặt bằng kinh doanh
402b,,"Nhà 3 tầng đường đà nẵng chỉ 1,77 tỷ",3 phòng,3,Đã có sổ,Căn góc,Chưa bàn giao,3,Đất thổ cư,45 m²,18,3,43 m,- 40 m2,"123, Đường Đà Nẵng, Phường Cầu Tre, Quận Ngô Quyền, Hải Phòng",4 m,2 phòng,"1,77 tỷ- 40 m2",Tây,"Nhà ngõ, hẻm",40 m²,"Bán nhà xây mới mặt ngõ đường đà nẵng.
DTMB: 40m2 x 3 tầng
Hướng: bắc
Giá 1.77 tỷ
Nhà nằm trên ngõ thông. Gần trường chợ. Thuận tiện mọi việc.","44,25 triệu/m²",Nội thất đầy đủ,120 m²,Đông,Chung cư,Nở hậu,Mặt bằng kinh doanh
402b,,BÁN NỀN THỔ CƯ 100 M2 HẺM 6 BÙI THỊ XUÂN.,3 phòng,3,Đã có sổ,Căn góc,Chưa bàn giao,3,Đất thổ cư,45 m²,18,3,16 m,- 110 m2,"hẻm 6 bùi thị xuân, Phường Thới Bình, Quận Ninh Kiều, Cần Thơ",7 m,2 phòng,"1,99 tỷ- 110 m2",Tây,"Nhà ngõ, hẻm",110 m2,"🎉🎉🎉BÁN NỀN THỔ CƯ NGAY TRUNG TÂM HẺM 6 BÙI THỊ XUÂN.
- DT nền: Trước 5 sau nở hậu 7,24 x 14,6 = 93,8m2.
- DT nền thực tế: 7 x 15,5 = 110m2, thổ cư, H. Tây Nam.
- Nền nằm ngay trung tâm TP, giấy hồng đã hoàn công rồi, khu vực rất an ninh.
💰💰💰Giá bán: 1 tỉ 990 triệu.
📱📱📱 Liên hệ SĐT/ZALO: gặp Giang","18,09 triệu/m2",Nội thất đầy đủ,120 m²,Tây Nam,Chung cư,Nở hậu,Mặt bằng kinh doanh
402b,,Bán nhà mặt tiền đường Nguyễn Thị Minh Khai,4 phòng,3,Đã có sổ,Căn góc,Chưa bàn giao,3,Đất thổ cư,45 m²,18,3,26 m,- 197 m2,"Đường Nguyễn Thị Minh Khai, Phường 7, Thành phố Trà Vinh, Trà Vinh",6 m,3 phòng,"8,6 tỷ- 197 m2",Tây,"Nhà mặt phố, mặt tiền",197 m²,"🎀 Cần Bán căn nhà mặt tiền đường Nguyễn Thị Minh Khai, nhà gồm 01 trệt, 01 lầu, 03 tolet, 04 phòng ngủ (Tầng trệt thiết kế mua bán, tầng 01 gồm 04 phòng ngủ và 02 tolet), bếp..... 
🎀Nhà thiết kế theo kiểu biệt thự mini, kết hợp với buôn bán và gia chủ ở quá tuyệt vời, nhà nằm trên tuyến đường phát triển bậc nhất Trà Vinh. 
🎀Vị trí nhà thuộc khóm 6, phường 7, Thành phố Trà Vinh, thích hợp kinh doanh, buôn bán.... 
🎀Diện tích đất : 197m2 (6*26, dài 16m nở hậu 10*10), diện tích xây dựng 164m2, diện tích sàn 297m2, đất thổ cư 100%.
🎀Giá chính chủ : 8,6 tỷ còn thương lượng với hai vợ chồng rất dễ tính. 
🎀Liên hệ :Hải Triều ☎ dẫn đi xem nhà thực tế. 
👋Cám ơn Ace đã xem tin và ủng hộ BĐS HẢI TRIỀU.","43,65 triệu/m²",Nội thất đầy đủ,197 m²,Tây,Chung cư,Nở hậu,Mặt bằng kinh doanh
402b,,Đất Huyện Đại Lộc 100m² giá 300tr đhwowngf 4m,4 phòng,lk,Đã có sổ,Căn góc,Chưa bàn giao,7,Đất thổ cư,45 m²,18,3,20 m,- 100 m2,"đông phú, Xã Đại Hiệp, Huyện Đại Lộc, Quảng Nam",5 m,3 phòng,300 triệu- 100 m2,Tây,"Nhà mặt phố, mặt tiền",100 m2,"Dự án: đại lộc
Thông tin chi tiết: Cách trung tâm thành phố chỉ 10Km
Cách ngã 3 Đại hiệp 500m
Cách chợ Đại hiệp 400m
Bán kính trong vòng 5km : Uỷ Ban Nhân Dân , Trường C1, C2, C3.
Đất tại Đại Hiệp
Đường 4m
Dt 100
Giá 300tr có hổ trợ vay
Lh xem đất Trang",3 triệu/m2,Nội thất đầy đủ,197 m²,Đông Nam,Chung cư,Nở hậu,Mặt bằng kinh doanh
B22-9,,Chung cư 8X Đầm Sen quận Tân Phú 45.6m2 1PN,1 phòng,B,Đang chờ sổ,Căn góc,Đã bàn giao,7,Đất thổ cư,45.6 m²,9,3,20 m,- 45.6 m2,"75A, Đường Tô Hiệu, Phường Hiệp Tân, Quận Tân Phú, Tp Hồ Chí Minh",5 m,1 phòng,"1,49 tỷ- 45.6 m2",Tây,"Nhà mặt phố, mặt tiền",100 m2,"Dự án: Chung cư 8X Đầm Sen.
Thông tin chi tiết: 
* Tiện ích lợi thế: đội ngũ BQT chất lượng. Ngay mặt tiền đường Tô Hiệu. Hành lang rộng, nhà xe thoáng, công viên rộng, khu vui chơi trẻ em, khu tập thể dục, siêu thị mini coop food, chợ Hiệp Tân, Big C Thoại Ngọc Hầu, Coop Mart, trường học, bệnh viện Tân Phú
* Nội thất: phòng tắm kính, máy nước nóng, hệ thống lọc nước Kagaroo, tủ bếp trên dưới, máy hút mùi, bếp gas, kệ sách, quạt treo trường, điều hòa daikin 1.5HP
* Thời gian bàn giao: giữa tháng 01/2021
* Bao sang tên, ra sổ
* Thời gian xem nhà trực tiếp: T2 - T6: sau 7 giờ tối. T7-CN: giờ nào cũng được. Gọi điện trước khi đến.","33,11 triệu/m²",Nội thất đầy đủ,197 m²,Đông Nam,Chung cư,Nở hậu,Mặt bằng kinh doanh
B22-9,,Đất Xóm 2 Ngọc Anh,1 phòng,B,Đã có sổ,Căn góc,Đã bàn giao,7,Đất nông nghiệp,45.6 m²,9,3,21 m,- 103 m2,"Đường Ngọc Anh, Xã Phú Thượng, Huyện Phú Vang, Thừa Thiên Huế",5 m,1 phòng,"1,29 tỷ- 103 m2",Tây,"Nhà mặt phố, mặt tiền",103 m2,"Đất giá rẻ tại xóm 2 Ngọc Anh (Phạm Văn Đồng)

🌎 Diện tích: 103m2 (Ngang 5m)
🏡 Hướng: Bắc

🌺Vị trí: Xóm 2 Ngọc Anh, khu đường đẹp,thoáng mát .Cạnh khu vực nhà đang xây, dân trí cao và thân thiện. 
Cách đường chính Phạm Văn Đồng 300m

💲Giá chỉ từ: 1 tỷ 290 triệu
Liên hệ ngay để được dẫn đi xem đất","12,52 triệu/m2",Nội thất đầy đủ,197 m²,Bắc,Chung cư,Hẻm xe hơi,Mặt bằng kinh doanh
B22-9,,"BÁN NHÀ MT HẺM PHẠM VĂN ĐỒNG, 60M2, THỦ ĐỨC,SHR",2 phòng,B,Đã có sổ,Căn góc,Đã bàn giao,7,Đất nông nghiệp,45.6 m²,9,3,12 m,- 60 m2,"Đường Phạm Văn Đồng, Phường Hiệp Bình Chánh, Quận Thủ Đức, Tp Hồ Chí Minh",5 m,1 phòng,897 triệu- 60 m2,Tây,"Nhà ngõ, hẻm",60 m²,"Bán gấp trong tuần Nhà đường số 18, phường Hiệp Bình Chánh, quận Thủ Đức
+ Diện tích: 60m2= N5X12m ngang
+ Sổ hồng chính chủ, công nhận đủ, sổ hoàn công cho ac
+ Khu dân cư đông đúc, hai bên đã xây kín nhà
+ Ngõ ô tô con vào được
+ Cách chợ 500m, cách siêu thị- TTTM Gigamall chỉ 1,5km

Đang có nhu cầu cần tiền bán gấp ngay trong tuần.
Giá bán:897tr( Không thương lượng)
Liên hệ gặp Mến xem nhà trực tiếp.
Không môi giới, không tiếp trung gian","14,95 triệu/m²",Nội thất đầy đủ,197 m²,Bắc,Chung cư,Hẻm xe hơi,Mặt bằng kinh doanh
B22-9,,"Bán đất gần BV Bạch Mai CS 2, Liêm Tiết, Hà Nam",2 phòng,B,Đã có sổ,Căn góc,Đã bàn giao,7,Đất nền dự án,45.6 m²,9,3,20.1 m,- 110 m2,"Đường Chùa Khê Lôi, Xã Liêm Tiết, Thành phố Phủ Lý, Hà Nam",5.5 m,1 phòng,"1,705 tỷ- 110 m2",Tây,"Nhà ngõ, hẻm",110 m2,"Chính chủ cần tiền bán gấp lô đất tại trục chính khu đấu giá mặt đường chùa Khê Lôi

Giáp khu quy hoạch nhà ở cho CBNV bệnh viện Bạch Mai cơ sở 2.

Giao thông thuận tiện cách trung tâm TP. Phủ Lý khoảng 3km, cách lối rẽ cao tốc Liêm Tuyền 1km.

Mặt đường liên xã đông người qua lại phù hợp để kinh doanh ngay.

- Diện tích 110 m2 (5,5m x 20,1m).

- Giá 15,5 triệu/m2.

Liên hệ trực tiếp: Ms Thúy","15,5 triệu/m2",Nội thất đầy đủ,197 m²,Tây Bắc,Chung cư,Hẻm xe hơi,Mặt bằng kinh doanh
B22-9,,Bán nhà HXH đường nhựa 6M 2 mặt tiền TMT13-Q12,3 phòng,B,Đã có sổ,Căn góc,Đã bàn giao,7,Đất nền dự án,45.6 m²,9,3,20.25 m,- 85 m2,"Đường Trung Mỹ Tây 13, Phường Trung Mỹ Tây, Quận 12, Tp Hồ Chí Minh",4.2 m,1 phòng,"4,9 tỷ- 85 m2",Tây,"Nhà mặt phố, mặt tiền",85 m²,"Tôi Chính chủ cần bán nhà HXH TMT 13 đường nhựa 6m có 2 mặt tiền hiện hữu 
1 trục thẳng cách MT 30 M
Ngang 4.2 m Dài 20.25 m nhà cấp 4 có chừa sân trước mà sân sau
Xung quanh hiện hữu dân cư đông đúc,chợ,siêu thị ..
Vị trí 2 mặt tiền rất đẹp gần bến xe An Sương 
Công chứng sang tên trong vòng 1 nốt nhạc
Tránh mất thời gian xin phép không tiếp môi giới
Cám ơn rất nhiều","57,65 triệu/m²",Hoàn thiện cơ bản,71.6 m²,Tây Bắc,Chung cư,Hẻm xe hơi,Mặt bằng kinh doanh
B22-9,,"Nhà Góc 2 Mặt tiền 9x8 CN: Đủ. 2 Lầu ST, Giá rẻ",4 phòng,B,Đã có sổ,Căn góc,Đã bàn giao,7,Đất nền dự án,45.6 m²,9,3,8 m,- 78 m2,"Đường Số 9, Phường Hiệp Bình Chánh, Quận Thủ Đức, Tp Hồ Chí Minh",9 m,5 phòng,"7,5 tỷ- 78 m2",Tây,"Nhà mặt phố, mặt tiền",78 m²,"Cần bán gấp căn nhà 2 mặt tiền đường số 9, Hhieepj bình chánh, thủ đức. Nhà mới xây cực đẹp, thiết kế thông minh.
Khu an ninh. Dân cư hoà đồng.
Diện tích: 9x8 cn đủ, không bị quy hoạch
Kết cấu: Trệt 2 lầu sân thượng
Giá rẻ nhất khu: 7,5 tỷ (tl)","96,15 triệu/m²",Hoàn thiện cơ bản,250 m²,Đông Bắc,Chung cư,Hẻm xe hơi,Mặt bằng kinh doanh
B22-9,,"Đất phân lô TĐC Vai Réo, Dt 169m2 giá 13 triệu/m2",4 phòng,TĐC Vai Réo,Đã có sổ,Căn góc,Đã bàn giao,414,Đất thổ cư,45.6 m²,9,3,17 m,- 169 m2,Vai Réo,8.1 m,5 phòng,"2,2 tỷ- 169 m2",Tây,"Nhà mặt phố, mặt tiền",169 m2,"Dự án: Đát nền Hoà Lạc.
 Thông tin chi tiết: Chính chủ cần bán lô đất trong TĐC vai réo tiềm năng tăng giá cực tốt, lại thuận tiện xây phòng trọ cho thuê cho Cán bộ công nhân viên đang làm việc trong Khu Công nghệ cao Hoà Lạc.

Diện tích: 169m2 (mặt tiền 8.1m)
Giá bán: 13 triệu/m2 (có ra lộc cho ai thiện chí)

Cách khu CNC 200m rất tiện xây phòng trọ cho thuê, đi 300m tới Hồ Vai réo.
Cách đại lộ thăng long 1km, Vinhomes hoà lạc 500m, Trường học, chợ ... 400m

Liên hệ xem đất Em Tiến","13,02 triệu/m2",Hoàn thiện cơ bản,250 m²,Tây Bắc,Chung cư,Mặt tiền,Mặt bằng kinh doanh
B22-9,,"Nhà 3 lầu 53m2 mới đẹp gồm 5pn, hẻm xe hơi thông",5 phòng,TĐC Vai Réo,Đã có sổ,Căn góc,Đã bàn giao,414,Đất thổ cư,45.6 m²,9,3,13.2 m,- 53 m2,"Đường Bùi Quang Là, Phường 12, Quận Gò Vấp, Tp Hồ Chí Minh",4 m,3 phòng,"5,6 tỷ- 53 m2",Tây,"Nhà ngõ, hẻm",53 m²,"Cần bán nhà hẻm lớn 1 trệt, 3 lầu, sân thượng, hẻm 49/23/9 Đường Bùi Quang Là, Phường 12, Gò Vấp, Hồ Chí Minh.
- Diện tích 4x13.2m = 52.7m2.
- Diện tích sử dụng = 200m2.
- Gồm chỗ để xe, 1 phòng khách, phòng bếp, 3 WC, 5 phòng ngủ, sân thượng có 1 chuồng cu.
Hẻm rộng rãi thoáng mát, 2 xe ô tô qua lại thoải mái, thông ra các đường lớn Trường Chinh, Cộng Hòa...
- Hàng xóm vui vẻ, văn minh, không có tệ nạn và trộm cướp, an ninh cực tốt.
Liên hệ chính chủ","105,66 triệu/m²",Hoàn thiện cơ bản,200 m²,Đông Bắc,Chung cư,Hẻm xe hơi,Mặt bằng kinh doanh
B22-9,,lô đất 1000m đường Nguyễn Văn Tạo nối dài giá 870,5 phòng,TĐC Vai Réo,Đã có sổ,Căn góc,Đã bàn giao,414,Đất nông nghiệp,45.6 m²,9,3,72 m,- 1.000 m2,"Đường Nguyễn Văn Tạo, Xã Hiệp Phước, Huyện Nhà Bè, Tp Hồ Chí Minh",14 m,3 phòng,870 triệu- 1.000 m2,Tây,"Nhà ngõ, hẻm",1000 m2,"- khách cần tiền bán gấp lô đất đường Nguyễn Văn Tạo, Hiệp Phước Nhà Bè. Cạnh khu Harbour view thuộc Long An Giá tốt.

- Diện tích: 14x72m (1000m2).
- Giá: 870 triệu.
- ngân hàng cho vay 400 triệu
- Sổ đỏ.

- đất trồng lúa(hiện trạng thực tế có 250m đất gò nuôi vịt, và 750m đất ao nuôi cá)

- Vị trí cách đường Nguyễn Văn Tạo khoảng 200m.. Cạnh khu Harbour View. Thích hợp chuyển đổi làm nhà vườn. Cách Q7 khoảng 40 phút đi xe máy.
- Anh chị quan tâm thiện chí đầu tư xin gọi Lộc xem vị trí.
- Trân trọng.",870.000 đ/m2,Hoàn thiện cơ bản,200 m²,Đông Bắc,Chung cư,Hẻm xe hơi,Mặt bằng kinh doanh
B22-9,,Người quen nhờ bán gấp lô đất,5 phòng,TĐC Vai Réo,Đã có sổ,Căn góc,Đã bàn giao,414,Đất thổ cư,45.6 m²,9,3,80 m,- 566 m2,"Đường ĐT753, Xã Tân Hưng, Huyện Đồng Phú, Bình Phước",7 m,3 phòng,550 triệu- 566 m2,Tây,"Nhà ngõ, hẻm",566 m2,"Người quen cần tiền nhờ bán gấp lô dâtd 
Dt 566m2 giá 550tr
100m2 thổ cư 
Đường nhựa 15m",971.731 đ/m2,Hoàn thiện cơ bản,200 m²,Đông Bắc,Chung cư,Nở hậu,Mặt bằng kinh doanh
B22-9,,"nhà trung tâm cần thơ 1.237,2m2 đất tại Cần Thơ",nhiều hơn 10 phòng,TĐC Vai Réo,Đã có sổ,Căn góc,Đã bàn giao,414,Đất thổ cư,45.6 m²,9,3,100 m,- 1.237 m2,"102/42, đường 3/2, Phường Hưng Lợi, Quận Ninh Kiều, Cần Thơ",12 m,Nhiều hơn 6 phòng,30 tỷ- 1.237 m2,Tây,"Nhà ngõ, hẻm",1237 m²,"Cần bán nhà trọ cao cấp tại trung tâm TP. Cần Thơ.
- Nhà trọ: Có nhiều phòng cao cấp, có gác lửng, ốp gạch men trong và ngoài phòng, có vòi tắm, vòi xịt vệ sinh, bàn cầu cao, lavabo, kiếng, kệ kiếng, kệ bếp, xe du lịch đến tận nơi.
-Đất: Trước mặt là hẻm 3m, trên giấy bên hông phải có sẵn đường đi nội bộ 2m, 
-Dự án: Qua năm, sắp mở bờ kè rạch Ngã bát trước mặt nhà trọ.
- Diện tích: 1.237,2 m2 (1.117,7m2 ODT mới lên thổ cư xong +119,5 m2 CLN), đất pháp lý rõ ràng, không bị quy hoạch, không tranh chấp.
- Địa chỉ: 102/42 đường 3/2, P. Hưng Lợi, TP. Cần Thơ (vào hẻm 500m bên trái).
- Doanh thu va lượng khách ổn định 90tr/tháng, giá: 1tr2-1tr6/tháng/phòng.
- Giá: 30 tỷ (24tr24 /m2 luôn 62 phòng trọ và đất)","24,25 triệu/m²",Nội thất đầy đủ,1237 m²,Đông Bắc,Chung cư,Nở hậu,Mặt bằng kinh doanh
B22-9,,"BÁN GẤP NHÀ HXH THIÊN PHƯỚC 7,8 TỶ",4 phòng,TĐC Vai Réo,Đã có sổ,Căn góc,Đã bàn giao,414,Đất thổ cư,45.6 m²,9,3,10 m,- 50 m2,"116, Đường Thiên Phước, Phường 9, Quận Tân Bình, Tp Hồ Chí Minh",5 m,5 phòng,"7,8 tỷ- 50 m2",Tây,"Nhà ngõ, hẻm",50 m²,"Cần bán căn nhà hẻm cực đẹp đường Thiên Phước, P9 Tân Bình.
- Diên tích công nhận 50m2 vuông vức không lộ giới, hiện tại là 3 tầng BTCT kiên cố vào ở ngay
- Hẻm nhựa nội bộ trước nhà 8m, có lề đường cực đẹp. Gần chợ, công viên, nhà thờ, trường học,.. 
- Cần tiền xoay cuối năm nên rao sát giá là 7,8 tỷ và bớt lộc cho chủ sau. Khách có thể tham khảo giá thoải mái trong khu vực.
Các bạn môi giới dắt khách lưu ý giá này chỉ bán trong tháng thôi. Các bạn đăng tin quảng cáo xin đừng làm phiền.
Chi tiết vui lòng liên hệ Thiên Phước O9O1 -(bốn - sáu - bốn ) - O25. 
Xin cảm ơn.",156 triệu/m²,Nội thất đầy đủ,150 m²,Đông Bắc,Chung cư,Hẻm xe hơi,Mặt bằng kinh doanh
B22-9,,"Nhà mới, đẹp 70m đường Thạnh Lộc 52 q12 giá rất rẻ",2 phòng,TĐC Vai Réo,Đã có sổ,Căn góc,Đã bàn giao,414,Đất thổ cư,45.6 m²,9,1,12 m,- 70 m2,"51/4c, Đường Thạnh Lộc 52, Phường Thạnh Lộc, Quận 12, Tp Hồ Chí Minh",6 m,2 phòng,"2,49 tỷ- 70 m2",Tây,"Nhà ngõ, hẻm",70 m²,"😍 Chính chủ cần bán, hình thực tế căn nhà 😍
☘Diện tích: 5,6 x 12.5m. sổ mới, hoàn công 50m 
☘️Nhà 3 PN, 2 VS, 1 phòng khách rộng rãi, thiết kế hiện đại, nhà mới sạch sẽ, thoáng mát, diện tích xây dựng: 70m
☘Vị trí: Đường Thạnh Lộc 52, cách chợ Đường quận 12 300m.
☘Giá: 2.490 thương lượng nhẹ (hỗ trợ vay ngân hàng) 
Giá rẻ còn hơn mua lô đất, chỉ cần xách vali vào ở, ko cần phải sửa chữa gì
Nhà trống, giao ngay, công chứng sang tên ngay trong ngày.","35,57 triệu/m²",Hoàn thiện cơ bản,70 m²,Đông Bắc,Chung cư,Hẻm xe hơi,Mặt bằng kinh doanh
B22-9,,Nhà 130m2 Gần Chợ & Trường Học Trảng Dài 1.350 Tỷ,2 phòng,TĐC Vai Réo,Đã có sổ,Căn góc,Đã bàn giao,414,Đất thổ cư,45.6 m²,9,1,18 m,- 90 m2,"Đường Nguyễn Khuyến, Phường Trảng Dài, Thành phố Biên Hòa, Đồng Nai",5 m,2 phòng,"1,35 tỷ- 90 m2",Tây,"Nhà ngõ, hẻm",90 m²,"- Nhà mới xây y hình, thiết kế 1 trệt 1 lầu đẹp hiện đại.
- Nhà hoàn thiện tỉ mỉ, kết cấu cứng chắc.
- Diện tích: 5x18m.
- Giá: 1.350 tỷ ( thương lượng chính chủ)
- Điện, nước máy, hệ thống thoát nước đầy đủ.
- Nội thất trong nhà bàn giao cơ bản và làm rất đẹp từ kệ tủ phòng khách, tủ bếp, nước sơn và trần được làm tỉ mỉ.
- Nhà gồm: 1 sân (để xe hơi 7 chỗ), 2 phòng ngủ, 2 Wc, 1 nhà bếp và 1 phòng thờ.
- Đường trước nhà 6m, 2 xe hơi đi được, đường thông.
- Nhà không đường cụt, không dốc, không trũng nước, không vực.
- Nhà xây mới dọn vào ở ngày và đủ không gian cho gia đình 5 - 6 người ở. 
- Khu dân cư xung quanh nhà đông đúc và hiện bán với giá 1.8 tỷ trở lên.
- Xung quanh nhà không thiếu bất cứ tiện ích nào như: trường học (200m), chợ (100m), phòng khám (300m), dịch vụ ăn uống (400m), ngân hàng (500m).
- Chỉ cần bỏ ra 1.350 tỷ để sở hữu căn nhà mới cực đẹp, có thể ở ngày hoặc đầu tư cho thuê lại với giá hơn 4triệu/tháng ( chưa nội thất).
- Bảo hành căn nhà trong 2 năm.
- Liên hệ gặp Hùng Anh để được tư vấn và đi xem nhà.",15 triệu/m²,Hoàn thiện cơ bản,130 m²,Đông Bắc,Chung cư,Hẻm xe hơi,Mặt bằng kinh doanh
B22-9,,bán nhà đường số 8 phừơng linh trung thủ đức,3 phòng,TĐC Vai Réo,Đã có sổ,Căn góc,Đã bàn giao,414,Đất thổ cư,45.6 m²,9,1,11 m,- 64 m2,"Đường Số 8, Phường Linh Trung, Quận Thủ Đức, Tp Hồ Chí Minh",6.3 m,2 phòng,"2,9 tỷ- 64 m2",Tây,"Nhà ngõ, hẻm",64 m²,"Chủ chuyển về nơi ở mới cần bán Lại Căn nhà tâm Huyết của gia Đình ! hẻm ba gác đường số 8 linh Trung thủ đức .cách hẻm xe hơi 30 m 

Hiện trạng ngang 6.30 x 11 DTSD 64 m2 hướng Chính nam ,, kết cấu nhà 1 trệt 1 lầu gồm 1 pk 2 pn 2 wc nhà thiết kế rộng rái thoáng mát ,, kế bên khu ẩm thực nai vàng ,, khu dân chí cao cách đường số 8 linh trung 300 m bán kính 500 m tiện ích đầy đủ 
Nhà xây dựng kiên cố nội thất cao cấp . Tặng lại toàn bộ Cho chủ nhân mới !

Pháp lý sổ riêng thổ cư 100 % ưu điểm căn nhà hiện tại đang Nằm trong QH treo cây xanh 1/2000 
 Giá bán 2,9 Tỷ
 AC có nhu cầu xin liên hệ trực tiếp 
 gặp hải được tư vấn thêm","45,31 triệu/m²",Hoàn thiện cơ bản,110 m²,Nam,Chung cư,Nở hậu,Mặt bằng kinh doanh
B22-9,,"Nhà:4*15m đúc 1Lững +3Lầu,KDC,PVC,P9.Q.GV",4 phòng,TĐC Vai Réo,Đã có sổ,Căn góc,Đã bàn giao,414,Đất thổ cư,45.6 m²,9,3,15 m,- 60 m2,"434/79/76, Đường Phạm Văn Chiêu, Phường 9, Quận Gò Vấp, Tp Hồ Chí Minh",4 m,5 phòng,"5,99 tỷ- 60 m2",Tây,Nhà phố liền kề,60 m²,"Dự án: Nhà mới 100% hẻm thông 6m KDC, đường lê văn thọ vào hẻm 434/ thông ra phạm văn chiêu, thông cây - phường 9 Quận gò vấp 
☎️Hotline: 
🔺Diện tích: 4m x 15m ,dt đất cn đủ 
👉🏿kết cấu : nhà đúc ( BTCT ) 1 trệt 1 Lững +3 Lầu. sân thượng trước sau ,1phòng giặt, 1phòng thờ ,riêng biệt. Dưới phòng khách rộng +pbếp +giếng trời lớn ,thông thoáng toàn bộ ngôi nhà ,
-nhà gồm,4 phòng ngủ ,5wc riêng từng phòng đầy đủ giường nệm+ tủ bàn phấn + tủ quần áo+ máy lạnh+ kệ ti vi .tất cả đầy đủ.Mua về là ở 
🔺Vị Trí đẹp - hẻm thông tứ phía oto vào tận nhà 
nhà Gần trường, gần chợ, siêu thị.Nhà thờ ngân hàng..vv. Sung quanh nhiều tiện ích khác
🔺Hướng Chánh nam
🔺Nhà Thiết kế đẹp, xây dựng theo kiến trúc mới hiện đại không gian thông thoáng mát.hợp phong thủy sổ Hồng hoàn công chính chủ bán
💰GIÁ :6 tỷ th lượng nhẹ . ( MTG )&.Q.C","99,83 triệu/m²",Nội thất đầy đủ,216 m²,Nam,Chung cư,Nở hậu,Mặt bằng kinh doanh
B22-9,,Đất chính chủ khu công nghiệp Điện Ngọc,4 phòng,TĐC Vai Réo,Đã có sổ,Căn góc,Đã bàn giao,414,Đất nền dự án,45.6 m²,9,3,15 m,- 199 m2,"Đường Trần Hưng Đạo, Phường Điện Ngọc, Thị xã Điện Bàn, Quảng Nam",8 m,5 phòng,"2,8 tỷ- 199 m2",Tây,Nhà phố liền kề,199 m2,Bán đất chính chủ Trần Thủ Độ diện tích 199m2 ngay khu công nghiệp Điện Nam - Điện Ngọc,"14,07 triệu/m2",Nội thất đầy đủ,216 m²,Nam,Chung cư,Nở hậu,Mặt bằng kinh doanh
B22-9,,"Nhà Phố Trạm 38m x 5T,Xây Mới,nội thất đẹp.3,25 tỷ",3 phòng,TĐC Vai Réo,Đã có sổ,Căn góc,Đã bàn giao,414,Đất nền dự án,45.6 m²,9,5,15 m,- 38 m2,"Đường Phố Trạm, Phường Long Biên, Quận Long Biên, Hà Nội",8 m,4 phòng,"3,25 tỷ- 38 m2",Tây,"Nhà ngõ, hẻm",38 m²,"* Chính chủ Cần Bán gấp Nhà Phố Trạm, Vĩnh Tuy, Quận Long Biên.
+ Nhà Dân Tự Xây ,Mới Đét, thiết kế tỉ mỉ, Vị trí đẹp, nội thất sang trọng.
+ Đường trước nhà ô tô kia đỗ cửa ,Cách 40m ra Mặt phô chính ô tô tải tránh
+ Ngõ thông thoáng ô tô chạy vòng quanh,Đi 2 phút qua trung tâm AEON MALL.
+ Xung quanh có rất nhiều tiện ích gần trường Mầm non, C1,C2 .
+ Đường giao cắt với Cổ Linh, Bát Khối,Đàm Quang Trung...
+ khu vực an ninh rất tốt, Hàng xóm thân thiện
+ Nhà 5 tầng công năng đỉnh gồm 3 phòng ngủ cực rộng rãi thoáng mát.
 
+ Diện Tích: 38m x 5Tầng. MT 4m. 
+ Giá chào : 3,25 Tỷ (có thương lượng )

- Miễn mô giới trung gian, quảng cáo.
+ Sổ đỏ chính chủ, sẵn sàng giao dịch.
+ Nhà đẹp giá rẻ nhất so với xung quanh khu vực.
+ Quý khách quan tâm liên hệ em Chung .
+ Để tư vấn và được xem nhà miễn phí dịch vụ.
+ Cám ơn quý khách đã đọc tin !","85,53 triệu/m²",Nội thất đầy đủ,38 m²,Nam,Chung cư,Nở hậu,Mặt bằng kinh doanh
B22-9,,"Bán Nhà MT HXH Đặng Văn Bi, Q. Thủ Đức- Sổ Hồng",2 phòng,TĐC Vai Réo,Đã có sổ,Căn góc,Đã bàn giao,414,Đất nền dự án,45.6 m²,9,5,15 m,- 55 m2,"Đường Đặng Văn Bi, Phường Trường Thọ, Quận Thủ Đức, Tp Hồ Chí Minh",8 m,1 phòng,845 triệu- 55 m2,Tây,"Nhà ngõ, hẻm",55 m²,"Bán gấp trong tuần NHÀ MT HXH Đặng Văn Bi, Phường Trường Thọ, Quận Thủ Đức

Nhà 1t1l thanh toán vào ở Ngay
+ Diện tích: 5x11= 55m2
+ Sổ hồng chính chủ. Sang tên ngay. 
+ Sổ hoàn công. 
+ Khu dân cư đông đúc, hai bên đã xây kín nhà
+ Ngõ ô tô con vào được
+ Cách chợ 500m, cách siêu thị Bách Hóa Xanh 1,5km
+ Gần trường tiểu học, trung học cơ sở
Đang có nhu cầu cần tiền bán gấp ngay trong tuần 
Giá bán: 845tr( Không thương lượng) 
Liên hệ gặp chính chủ: ….. Lan Chi
Không môi giới, không tiếp trung gian","15,36 triệu/m²",Nội thất đầy đủ,38 m²,Nam,Chung cư,Hẻm xe hơi,Mặt bằng kinh doanh
B22-9,,CHUNG CƯ XUÂN LA-Ô TÔ ĐỖ CỬA - FULL NỘI THẤT,1 phòng,TĐC Vai Réo,Đã có sổ,Căn góc,Chưa bàn giao,414,Đất nền dự án,44 m²,9,5,15 m,- 44 m2,"Đường Xuân La, Phường Xuân Đỉnh, Quận Bắc Từ Liêm, Hà Nội",8 m,1 phòng,560 triệu- 44 m2,Tây,"Nhà ngõ, hẻm",55 m²,"Dự án: CHUNG CƯ MINI XUÂN LA.
 Thông tin chi tiết: MỞ BÁN CHUNG CƯ MINI XUÂN LA- NGOẠI GIAO ĐOÀN- NHẬN NHÀ NGAY ĐÓN TẾT

Ô TÔ ĐỖ CỬA - GẦN CÔNG VIÊN HÒA BÌNH

KHÔNG KHÍ TRONG LÀNH- THOÁNG MÁT

Giá Chỉ 570 triệu /căn ,đầy đủ nội thất 

- Diện tích: 34m2 - 35m2 - 45m2 -48m2- 52m2 - 55m2 - 76m2.

- Giá: 500tr - 630tr - 750tr - 850tr - 950tr - 1,05 tỷ - 1,2 tỷ/ căn.

(Giá trên đã bao gồm phí VAT làm sổ).

- Thiết kế 1 - 2 - 3 phòng ngủ, thoáng đẹp.

- Giấy tờ pháp lý: Sổ đỏ riêng, hợp đồng công chứng nhà nước.
 
- Quý khách mua nhà chỉ việc dọn đến ở mà không phải trả thêm bất kỳ khoản chi phí nào.

* Liên hệ trực tiếp Chủ Đầu Tư (miễn môi giới - Trung gian)","12,73 triệu/m²",Nội thất đầy đủ,38 m²,Nam,Chung cư,Hẻm xe hơi,Mặt bằng kinh doanh
B22-9,,bán nhà mặt phố Triệu Việt Vương 7 tầng 2x.5 tỷ.,7 phòng,TĐC Vai Réo,Đã có sổ,Căn góc,Chưa bàn giao,414,Đất nền dự án,44 m²,9,5,15 m,- 50 m2,"Đường Triệu Việt Vương, Phường Bùi Thị Xuân, Quận Hai Bà Trưng, Hà Nội",8 m,Nhiều hơn 6 phòng,"29,5 tỷ- 50 m2",Tây,"Nhà mặt phố, mặt tiền",50 m²,"Tôi cần bán nhà mặt phố Triệu Việt Vương 7 tầng giá 2x.5 tỷ.
Vị trí đẹp, vỉa hè rộng, ô tô dừng đỗ thoái mái, kinh doanh tốt.
Nhà mặt tiền rộng gần 6m thích hợp mọi loại hình kinh doanh như: kinh doanh nhà nghỉ, khách sạn,phòng khám, văn phòng công ty.
Nhà thiết kế 7 tầng thang máy ngoại nhập, chia phòng vô cùng hợp lý.
Diện tích 50 m, mặt tiền gần 6 m, dài gần 10 m.
Sổ đỏ chính chủ, giao nhà ngay, không tranh chấp.
Giá 2X.5 tỷ.
Liên hệ 943 313 686",590 triệu/m²,Nội thất đầy đủ,50 m²,Nam,Chung cư,Hẻm xe hơi,Mặt bằng kinh doanh
B22-9,,Đât nền giá rẻ khu dân cư Mỹ hạnh hoàng gia,7 phòng,Khu dan cu my hanh hoang gia tran anh,Đã có sổ,Căn góc,Chưa bàn giao,414,Đất nền dự án,44 m²,9,5,17 m,- 85 m2,"Duong So 27 Khu Dan Cu Tran Anh, Xã Mỹ Hạnh Nam, Huyện Đức Hòa, Long An",5 m,Nhiều hơn 6 phòng,850 triệu- 85 m2,Tây,"Nhà mặt phố, mặt tiền",85 m2,"Ðât nên trong khu dân cư, Đã có sổ xây dựng tự do. Gần chợ, trường học và nhiều tien ích khác.",10 triệu/m2,Nội thất đầy đủ,50 m²,Nam,Chung cư,Mặt tiền,Mặt bằng kinh doanh
B22-9,,"Bán nhà mặt ngõ Phạm Văn Đồng giá 4,6 tỷ",4 phòng,Khu dan cu my hanh hoang gia tran anh,Đã có sổ,Căn góc,Chưa bàn giao,414,Đất nền dự án,44 m²,9,5,17 m,- 3 m2,"Đường Phạm Văn Đồng, Phường Cổ Nhuế 1, Quận Bắc Từ Liêm, Hà Nội",5 m,4 phòng,"4,6 tỷ- 3 m2",Tây,"Nhà ngõ, hẻm",3 m²,"+ Mình có ngôi nhà mặt ngõ đang cần bán vì gia đình muốn sang ở cùng con cháu diện tích là 35m2 , nhà 5 tầng với giá chỉ có 4,6 tỷ 
+Nhà rất thuận tiên cho giao thông , ngõ rộng xe máy tránh , gần trường mần non , gần trường câp 1 cách chợ ko xa
+nhà xây chắc chắn , thiêt kế phong cách hiện đại .
-tầng 1 phòng khách , cầu thang nhà bếp ,nhà vệ sinh 
-tầng 2,3,4,5 phòng ngủ nhà vệ sinh sân phơi rộng
-Nội thất sang trọng hiện đại cầu thang gỗ
+sỏ đỏ chính chủ , đất nở hậu 
+Với giá chỉ có 4,6 tỷ (có thương lương )
+ Liên hê với Mr Lâm","1,533333333 tỷ/m²",Nội thất đầy đủ,3 m²,Nam,Chung cư,Nở hậu,Mặt bằng kinh doanh
B22-9,,ĐẤT sổ đỏ ĐƯỜNG SỐ 18 HƯỚNG ĐÔNG NAM 90m2 (4.5X20),4 phòng,Khu dan cu my hanh hoang gia tran anh,Đã có sổ,Căn góc,Chưa bàn giao,414,Đất thổ cư,44 m²,9,5,20 m,- 90 m2,"17A, Phường 5, Thành phố Vĩnh Long, Vĩnh Long",4.5 m,4 phòng,870 triệu- 90 m2,Tây,"Nhà ngõ, hẻm",90 m2,":leaves: Bán Lô Đất Đường Số 17A Lộ Giới 12m KDC Minh Linh P5. 
:leaves: Diện tích 90m2 (4.5x20), vị trí đẹp không vướng cống, trụ điện, hố ga... - 
:leaves: Hướng Đông Nam mát mẻ, (khan hiếm) nhiều người tìm kiếm. - 
:leaves: Giá bán: 870 triệu (thuế ai nấy đóng) 
:leaves::leaves: xem đất liên hệ sđt bên dưới Hữu Phú :leaves::leaves:","9,67 triệu/m2",Nội thất đầy đủ,3 m²,Đông Nam,Chung cư,Mặt tiền,Mặt bằng kinh doanh
B22-9,,Bán đất DT 60 m2 giá 1.020 tỷ tại Đông La,4 phòng,Khu dan cu my hanh hoang gia tran anh,Đã có sổ,Căn góc,Chưa bàn giao,414,Đất thổ cư,44 m²,9,5,15 m,- 60 m2,"Đông la, Xã Đông La, Huyện Hoài Đức, Hà Nội",4 m,4 phòng,"1,02 tỷ- 60 m2",Tây,"Nhà ngõ, hẻm",60 m2,"Bán đất tại Hoài Đức.
+ Diện tích 60 m2.
+ Mặt tiền 4m, hậu nở 4.1 m
+ Hướng TB.
+ Giá bán 17 triệu / m2 (1 tỷ 20 triệu).
+ Đường hiện tại gần 4m, ô tô vào tận nơi.
+ Tại Đông la, Đại Thanh, Hoài Đức, Hà Nội.
+ Liên hệ xem đất: Ms Dung.",17 triệu/m2,Nội thất đầy đủ,3 m²,Tây Bắc,Chung cư,Hẻm xe hơi,Mặt bằng kinh doanh
B22-9,,"542m2 mặt tiền đường 577, giáp KCN Tây Bắc. SHR",4 phòng,Khu dan cu my hanh hoang gia tran anh,Đã có sổ,Căn góc,Chưa bàn giao,414,Đất nông nghiệp,44 m²,9,5,48 m,- 542 m2,"Đường 577, Xã Trung Lập Hạ, Huyện Củ Chi, Tp Hồ Chí Minh",11 m,4 phòng,820 triệu- 542 m2,Tây,"Nhà ngõ, hẻm",542 m2,"mặt tiền đường 577, 12m. Xã Trung Lập Hạ, Củ Chi.
diện tích 11*48.
giá 820 triệu.
sổ sẵn công chứng liền","1,51 triệu/m2",Nội thất đầy đủ,3 m²,Tây Bắc,Chung cư,Mặt tiền,Mặt bằng kinh doanh
B22-9,,"NHÀ PHỐ 1LỮNG+3LẦU, KDC HXH PHAN HUY ÍCH P12 GV",4 phòng,Khu dan cu my hanh hoang gia tran anh,Đã có sổ,Căn góc,Chưa bàn giao,414,Đất nông nghiệp,44 m²,9,3,10.5 m,- 42 m2,"phan huy ichd, Phường 12, Quận Gò Vấp, Tp Hồ Chí Minh",4.1 m,4 phòng,"5,2 tỷ- 42 m2",Tây,Nhà phố liền kề,42 m²,"Dự án: nhà phố dao cấp KDC đường phan huy ích p12 quận gò vấp
Thông tin chi tiết: 💰Giá: 5,2 tỷ còn TL cho khách thiện chí..mua nhà cuối năm. Có hổ trợ vây ngân hàng 

🍃nhà mới 100% chính chủ bán căn nhà tọa lạc trên trục đường Phan Huy Ích P12 Gò Vấp 

👉🏻Diện Tích: 4m x 10.5m dt xây dựng đủ

💥Nhà thiết kế theo phong cách mới đẹp mê luôn
▶Kết cấu nhà đúc ( BTCT ) gồm 1 trệt 1 lửng +3 lầu sân thượng trước sau

🍃 Nhà gồm có phòng khách dưới và 1phòng trên +pbếp, và 4 phòng ngủ rộng rải thoải mát 4wc p giặc 1 p thờ- nhà trang bị đầy đủ tiện nghi- nội thất toàn cao cấp nhập ngoại. Tất full hết nội thất, giá trị trên 500tr vnd nhà chính chủ sổ hồng riêng đang hoàn công đổi sổ 10 ngày nữa là mua bán công chứng ngay và liền ( MTG ) & Q.C","123,81 triệu/m²",Nội thất cao cấp,196 m²,Tây Nam,Chung cư,Nở hậu,Mặt bằng kinh doanh
B22-9,,5000 m2 nhà vườn An Nhơn Tây đường nhựa 10m,4 phòng,Khu dan cu my hanh hoang gia tran anh,Đã có sổ,Căn góc,Chưa bàn giao,414,Đất thổ cư,44 m²,9,3,80 m,- 5.000 m2,"Đường Bùi Thị Ngọn, Xã An Nhơn Tây, Huyện Củ Chi, Tp Hồ Chí Minh",60 m,4 phòng,"4,4 tỷ- 5.000 m2",Tây,Nhà phố liền kề,5000 m2,"Tôi có mảnh đất làm nhà vườn tại xa An Nhơn Tây Củ Chi diện tích 5000m2 (60x80m)trong đó bao gồm : vườn cây ăn trái mít, ổi ,bưởi, đu đủ đã được thu hoạch. Ao cá rộng 1000m2 thả nhiều loại cá...Có nhà chòi mái tôn, wc ..để gia đình về nghỉ ngơi, câu cá vui chơi giải trí, picnic cuối tuần...
Đất nằm ngay mặt tiền đường nhựa 10m(Bùi Thị Ngọn), kết nối ra Tỉnh Lộ 7 chỉ 1.5km, gần ngã tư Nguyễn Thị Rành và tỉnh Lộ 7
Kết nối về trung tâm TP vô cùng thuận lợi
Giá bán chỉ 950 ngàn/m2.( thương lượng với ace thiện chí)",880.000 đ/m2,Nội thất cao cấp,196 m²,Đông Bắc,Chung cư,Mặt tiền,Mặt bằng kinh doanh
B22-9,,Đất mt Hoàng Tăng Bí - cách bến xe trung tâm 100m,4 phòng,Khu dan cu my hanh hoang gia tran anh,Đã có sổ,Căn góc,Chưa bàn giao,414,Đất thổ cư,44 m²,9,3,22 m,- 110 m2,"Đường Hoàng Tăng Bí, Phường Hòa An, Quận Cẩm Lệ, Đà Nẵng",5 m,4 phòng,"3,55 tỷ- 110 m2",Tây,Nhà phố liền kề,110 m2,"💢 Đất mặt tiền Hoàng Tăng Bí - Hòa An - Cẩm Lệ 
🚩Đường 10m5 gần bến xe trung tâm đà nẵng 
Dt 110 m2 . Ngang 5m 
dài 22m 
Hướng tây bắc 
📌 Khu dân cư đông đúc , An ninh , nhà cao tầng , gần trường , Chợ ....
Vị trí xây dựng ở và Kinh doanh quá đẹp 
Giá 3,550 tỷ 
☎️ LH Kiên : xem vị trí","32,27 triệu/m2",Nội thất cao cấp,196 m²,Tây Bắc,Chung cư,Mặt tiền,Mặt bằng kinh doanh
B22-9,,Nhà cấp 4 tiện xây mới 139.5m2 đường Lê Đình Cẩn,3 phòng,Khu dan cu my hanh hoang gia tran anh,Đã có sổ,Căn góc,Chưa bàn giao,414,Đất thổ cư,44 m²,9,1,27.9 m,- 139.5 m2,"Đường Lê Đình Cẩn, Phường Tân Tạo, Quận Bình Tân, Tp Hồ Chí Minh",5 m,2 phòng,7 tỷ- 139.5 m2,Tây,"Nhà ngõ, hẻm",139.5 m²,"Bán nhà cấp 4 129/9A Lê Đình Cẩn, P Tân Tạo, Q Bình Tân.
DT: 5x27.9= 139.5m2
Giá 7 tỷ (còn thương lượng)
LH: Cương (chính chủ)","50,36 triệu/m²",Hoàn thiện cơ bản,196 m²,Tây,Chung cư,Hẻm xe hơi,Mặt bằng kinh doanh
B22-9,,"Nhà trệt lầu DT 32m2, giá 640 Triệu, SHR",2 phòng,Khu dan cu my hanh hoang gia tran anh,Đã có sổ,Căn góc,Chưa bàn giao,414,Đất thổ cư,44 m²,9,1,27.9 m,- 32 m2,"Đường Nguyễn Văn Bứa, Xã Xuân Thới Sơn, Huyện Hóc Môn, Tp Hồ Chí Minh",5 m,2 phòng,640 triệu- 32 m2,Tây,Nhà phố liền kề,32 m²,"Nhà thiết kế 1 trệt 1 lầu, 2 PN, 2WC, nội thất cơ bản, còn thương lượng
- Diện tích: 32m2
- Vị Trí: Nằm cách Cầu Ông Lớn Hóc Môn 500m về phía Long An
- Tiện ích: Đường nhựa 6m nối với đường trục lớn 12m, đường lớn giao thông thuận tiện thông thoáng. Gần KĐT, KDC , KCN, Khu vực đông dân cư, Gần trường học cấp 1,2,3, chợ, Bệnh viện, UBND, BHX...
- Khu vực Chính Phủ đang đầu tư phát triển để lên khu đô thị mới, tương lai sáp nhập TP Hồ Chí Minh.",20 triệu/m²,Hoàn thiện cơ bản,196 m²,Tây,Chung cư,Hẻm xe hơi,Mặt bằng kinh doanh
B22-9,,"Bán nhà đường Nguyễn Trung Trực, P3, TP Đà Lạt",3 phòng,Khu dan cu my hanh hoang gia tran anh,Đã có sổ,Căn góc,Chưa bàn giao,414,Đất thổ cư,44 m²,9,3,14 m,- 98 m2,"Đường Nguyễn Trung Trực, Phường 3, Thành phố Đà Lạt, Lâm Đồng",7 m,3 phòng,"5,8 tỷ- 98 m2",Tây,"Nhà ngõ, hẻm",98 m²,"**Bán Nhà Đường Nguyễn Trung Trực Thành Phố Đà Lạt. 

-View thoáng.
-Diện tích đất: 98m2. Diện tích xây dựng: 52,46m2. Diện tích sàn: 167,79m2
-Một trệt hai lầu, 3 phòng ngủ, 3wc
-Vị trí nằm trong Trung Tâm Thành Phố Đà Lạt, hẻm xe hơi.
-Tình trạng pháp lý: sổ hồng, đất ở đô thị.

**Giá bán 5 tỷ 800 triệu (có thương lượng)","59,18 triệu/m²",Bàn giao thô,167.79 m²,Nam,Chung cư,Hẻm xe hơi,Mặt bằng kinh doanh
B22-9,,bán 174 m đất thổ cư xã qui đức bình chánh tphcm,3 phòng,Khu dan cu my hanh hoang gia tran anh,Đã có sổ,Căn góc,Chưa bàn giao,414,Đất thổ cư,44 m²,9,3,24 m,- 174 m2,"Đường Ấp 3, Xã Quy Đức, Huyện Bình Chánh, Tp Hồ Chí Minh",7 m,3 phòng,"1,7 tỷ- 174 m2",Tây,"Nhà ngõ, hẻm",174 m2,đất nằm trong khu dân cư hiện hữu xây tự do theo ý người mua thuận tiện xây nhà trọ nhà ở đường xe hơi còn thương lượng cho người có thiện chí .,"9,77 triệu/m2",Bàn giao thô,167.79 m²,Đông Nam,Chung cư,Nở hậu,Mặt bằng kinh doanh
B22-9,,"Nhà tx14, Q12 diện tích 4,3*13=55m giá 1,05tỷ",2 phòng,Khu dan cu my hanh hoang gia tran anh,Giấy tờ khác,Căn góc,Chưa bàn giao,414,Đất thổ cư,44 m²,9,3,13 m,- 53 m2,"Đường Thạnh Xuân 14, Phường Thạnh Xuân, Quận 12, Tp Hồ Chí Minh",4.3 m,1 phòng,"1,05 tỷ- 53 m2",Tây,"Nhà ngõ, hẻm",53 m²,"Dự án: Tx14.
 Thông tin chi tiết: Tôi bán căn nhà tx14 ngang 4,3 dài 13 rất đẹp mới sửa chữa, gần chúng cư 4 sao đang xây cách khoàng 100m nhà đẹp thông thoáng dân cư ở kín 1 căn đang cho thuê 3 triệu 1 tháng, giá 1tỷ 50triệu thương lượng nhẹ, sổ đỏ chúng, ccvb.","19,81 triệu/m²",Bàn giao thô,80 m²,Tây,Chung cư,Nở hậu,Mặt bằng kinh doanh
B22-9,,Bán nhà 2 tầng kiệt 2.5m điện biện phủ 3 phòng ngủ,3 phòng,Khu dan cu my hanh hoang gia tran anh,Giấy tờ khác,Căn góc,Chưa bàn giao,414,Đất thổ cư,44 m²,9,3,10 m,- 50 m2,"Đường Điện Biên Phủ, Phường Chính Gián, Quận Thanh Khê, Đà Nẵng",5 m,3 phòng,"2,4 tỷ- 50 m2",Tây,"Nhà ngõ, hẻm",50 m²,"😍😍️ chào bán căn nhà 2 tầng kiệt 2.5m điện biên phủ. Cách đường chính 50m.
‼️Nhà thiết kế cực đẹp.
Công năng : Gồm 3 phòng ngủ. 3 tolet. Phòng thờ. Phòng khách. Sân phơi. (Có phòng ngủ dưới)
-Diện tích : 50m2 
-️ Giá bán : 2 tỉ 400tr thương lượng 
- liên hệ : tín",48 triệu/m²,Bàn giao thô,100 m²,Tây,Chung cư,Nở hậu,Mặt bằng kinh doanh
B22-9,,"Bán Đất 3 mặt tiền xã Hoà Thắng, huyện Bắc Bình",3 phòng,Khu dan cu my hanh hoang gia tran anh,Đã có sổ,Căn góc,Chưa bàn giao,414,Đất nông nghiệp,44 m²,9,3,10 m,- 3.300 m2,"Đường Quốc lộ 1A, Xã Hồng Thái, Huyện Bắc Bình, Bình Thuận",5 m,3 phòng,495 triệu- 3.300 m2,Tây,"Nhà ngõ, hẻm",3300 m2,"Bán đất xã Hoà Thắng, huyện Bắc Bình
- Đất 3 mặt tiền đường, ngay trục đường DT716.
- Diện tích 3300m2.
- Giá bán chỉ: 495 triệu.
- Sát bên là Safari lớn Việt Nam đang xây dựng.
- Cách khu du lịch Bàu Trắng tầm 10p di chuyển trên cung đường đôi đẹp Việt Nam.
- Cách biển 1 - 7km tùy theo từng vị trí lô đất.
- Cách sân bay Phan Thiết 25km.
- Mặt tiền các tuyến đường liên huyện kết nối từ cao tốc ra biển.",150.000 đ/m2,Bàn giao thô,100 m²,Tây,Chung cư,Mặt tiền,Mặt bằng kinh doanh
B22-9,,"Gia đình cần bán lô đất 1000M2, quy hoạch đất ở",3 phòng,Khu dan cu my hanh hoang gia tran anh,Đã có sổ,Căn góc,Chưa bàn giao,414,Đất nông nghiệp,44 m²,9,3,40 m,- 1.000 m2,"Đường Hùng Vương, Xã Vĩnh Thanh, Huyện Nhơn Trạch, Đồng Nai",25 m,3 phòng,"1,35 tỷ- 1.000 m2",Tây,"Nhà ngõ, hẻm",1000 m2,"Lô đất thuộc xã Vĩnh Thanh, đường xe hơi.
Diện tích 1000m2.
Kích thước 25x40m.
Quy hoạch đất thổ cư, xung quanh đã lên thổ cư.

Sát rạch mát mẻ, xe hơi đến đất.
Cách nhà dân 100m, đường rải đá mi.

Lô đất cách đường 25C nối sang sân bay Long Thành chỉ 500m.
Cách đường Cát Lái 1km, tương lai di chuyển về Q2 chỉ 10p.

Lô đất này là lô đất rẻ có đường xe hơi đi đến. Chỉ 1,35 triệu/m2.

Các lô đất trong khu vực đang bán giá từ 1 triệu 8~2 triệu/m2.

Lô đất sổ hồng, pháp lý an toàn, có văn bản thông tin quy hoạch từ phòng tài nguyên môi trường tỉnh.","1,35 triệu/m2",Bàn giao thô,100 m²,Tây,Chung cư,Mặt tiền,Mặt bằng kinh doanh
B22-9,,SAMSORA RIVERSIDE 55M² CĂN GÓC ĐẸP.GIÁ 1TỶ280 .,2 phòng,Khu dan cu my hanh hoang gia tran anh,Đã có sổ,Căn góc,Đã bàn giao,414,Đất nông nghiệp,55 m²,9,3,40 m,- 55 m2,"Đường Xa lộ Hà Nội, Phường Bình Thắng, Thị xã Dĩ An, Bình Dương",25 m,2 phòng,"1,28 tỷ- 55 m2",Tây,"Nhà ngõ, hẻm",1000 m2,"Cần ra hàng căn góc 55m2 view nhìn về Sài gòn
Căn góc đẹp dự án.Nhà đã trang bị máy lạnh,tủ quần áo,rèm cửa.
.Căn 34m giá 800tr
.Căn 38m giá 870tr
.Căn 46m giá 980tr
®®Ngân hàng hỗ vay 70% giá trị căn hộ.
** Hỗ trợ các thủ tục pháp lý miễn phí cho đến khi sang tên qua sổ mới 
Giao thông rất thuân lợi đi đâu cũng gần,
Sát bên bến xe miền đông mới, siêu thị big C, bệnh viện ung bứu..
Bàn giao mới toanh
Dự án đã có sổ
Liên hệ: Em Hoà.(090.262.4585)xem nhà 24/7","23,27 triệu/m²",Bàn giao thô,100 m²,Tây,Chung cư,Mặt tiền,Mặt bằng kinh doanh
B22-9,,Đất Huyện Lâm Hà 1800m²,2 phòng,Khu dan cu my hanh hoang gia tran anh,Đã có sổ,Căn góc,Đã bàn giao,414,Đất thổ cư,55 m²,9,3,50 m,- 1.800 m2,"Chưa có, Đường 27, Xã Nam Hà, Huyện Lâm Hà, Lâm Đồng",35.6 m,2 phòng,"2,8 tỷ- 1.800 m2",Tây,"Nhà ngõ, hẻm",1800 m2,"Dự án: Đất nam hà.
 Thông tin chi tiết: Đất cánh trung tâm xã 300m cách dalat 25km,thế đất cao đẹp, thít hợp làm nhà ở nau dài, nơi nghỉ dưỡng","1,56 triệu/m2",Bàn giao thô,100 m²,Đông Bắc,Chung cư,Mặt tiền,Mặt bằng kinh doanh
B22-9,,"Nhà mới 3 bước ra Kim Mã Thủ Lệ, 48mx5tầng, 5.99tỷ",6 phòng,Khu dan cu my hanh hoang gia tran anh,Đã có sổ,Căn góc,Đã bàn giao,414,Đất thổ cư,55 m²,9,3,50 m,- 48 m2,"Đường Kim Mã, Phường Kim Mã, Quận Ba Đình, Hà Nội",35.6 m,2 phòng,"5,99 tỷ- 48 m2",Tây,"Nhà ngõ, hẻm",48 m²,"Một bước ra Kim Mã, 200m ra Thủ Lệ, nhà mới tinh ở luôn, 48m x 5 tầng, 5.99 tỷ.

Nhà mới đẹp mê ly, chủ xây tâm huyết, chỉ việc xách valy về đón Tết.
Nhà xây theo phong cách tân cổ điển, thoáng trước sau, phòng nào cũng có cửa sổ.
Sàn gỗ nhập khẩu, thiết bị vệ sinh cao cấp, cầu thang gỗ lim, sàn cầu thang lát gỗ.
Vị trí cực hiếm và nhà siêu đẹp, ô tô đỗ ngay trước nhà, ô tô tránh nhau, quay đầu cách nhà có 10m. Đường thông tứ phía, tiện ích xung quanh không thiếu gì.
Diện tích: 48m2 x 5 tầng. Tầng 1: Để xe, phòng khách, bếp. Tầng 2,3,4: mỗi tầng 2 phòng ngủ, tổng 6 phòng ngủ. Tầng 5: Phòng thờ, sân phơi.
Nhà vị trí trung tâm quận Ba Đình, ngay các trục đường lớn Kim Mã, Nguyễn Chí Thanh, Đào Tấn, Văn Cao, La Thành, Giảng Võ,..
Chi tiết liên hệ Ms Ngoan để được tư vấn và dẫn đi xem nhà miễn phí.","124,79 triệu/m²",Nội thất đầy đủ,100 m²,Đông Bắc,Chung cư,Mặt tiền,Mặt bằng kinh doanh
B22-9,,"Căn Hộ Tân Phú 1,8 tỷ/ 66 m2 - View Đầm Sen",2 phòng,Khu dan cu my hanh hoang gia tran anh,Đang chờ sổ,Căn góc,Chưa bàn giao,414,Đất thổ cư,66 m²,9,3,50 m,- 66 m2,"Số 4, Số 4 đường Bùi Cẩm Hổ, Phường Tân Thới Hòa, Quận Tân Phú, Tp Hồ Chí Minh",35.6 m,2 phòng,"1,8 tỷ- 66 m2",Tây,"Nhà ngõ, hẻm",48 m²,"TECCO ĐẦM SEN COMPLEX
=> Vị trí vàng: nằm ngay Lũy Bán Bích – Bùi Cẩm Hổ
=> Không kẹt xe, Không ngập lụt, an ninh 24/24
=> Liền kề Đầm Sen – View cực đẹp, cách Đầm Sen 150m

GIÁ: 1,8 TỶ/ CĂN 2 PHÒNG NGỦ + 2 BAN CÔNG + 2 WC - 66 m2

Gía cực kì rẻ so với thị trường. Hiện tại giá căn hộ chỉ từ 25tr đến 28tr/ m2
còn thị trường Quận Tân Phú hiện tại đã là bình quân 40tr/ m2 

Mua tại thời điểm này quý Khách Hàng sẽ có thể mua được giá rẻ hơn thị trường từ 500tr đến 700tr/ căn

Diện Tích: 65.6 m2, 66 m2, 66.5 m2, 68.5 m2, 69.4 m2, 72.4 m2, 86.3 m2, 100.2 m2


Tiện ích vượt trội:
+ Tiện tích nội và ngoại khu đẳng cấp số 1 tại quận Tân Phú.
+ Hồ bơi tràn bờ, chân mây dành riêng cho cư dân.
+ Quảng trường đi bộ và cafe trên không.
+ Công viên cây xanh.
+ Trung tâm Thương Mại dịch vụ tại tầng 1, 2 và 3
+ Khu vui chơi giải trí ngoài trời.
+ Phòng gym- spa – hồ bơi đầy đủ tiện ích !

VỊ TRÍ CHIẾN LƯỢC :
. Tuyến đường sắt Metro số 6 chỉ 5 phút đi bộ.
. Công viên Đầm Sen: 2 phút.
. Khu hành chánh quận: 5 phút.
. Đi quận 1, quận 3, quận 5: 10 phút.
. Sân bay Tân Sơn Nhất: 10 phút.
. Điện máy xanh, điện máy thiên hòa, FPT, Thế giới di động: 5 phút.

NGÂN HÀNG HỔ TRỢ
=> Ngân hàng BIDV hổ trợ 70% cho khách hàng có nhu cầu muốn vay lãi suất cực kỳ ưu đãi : 8.5%
=> Qúy khách hàng chỉ cần thanh toán trước 30% 
=> Thủ tục vay đơn giãn, dễ dàng

==>> Một cuộc sống đẳng cấp - Gía cả lại cực rẻ - Vị trí lại thuận tiện ==>> Còn gì tuyệt vời hơn ???

LIÊN HỆ NGAY ĐỂ BIẾT MỌI THÔNG TIN CHI TIẾT","27,27 triệu/m²",Nội thất đầy đủ,100 m²,Đông Bắc,Chung cư,Mặt tiền,Mặt bằng kinh doanh
B22-9,,Chỉ cần 250tr mua nhanh đất đại hiệp xây nhà,2 phòng,sl,Đã có sổ,Căn góc,Chưa bàn giao,6,Đất thổ cư,66 m²,9,3,20 m,- 100 m2,"tích phú, Xã Đại Hiệp, Huyện Đại Lộc, Quảng Nam",5 m,2 phòng,250 triệu- 100 m2,Tây,"Nhà ngõ, hẻm",100 m2,"Dự án: tích phú
Thông tin chi tiết: Đất trung tâm Đại Hiệp- KDC mới Hòa Khương cách chợ 200m, khu kinh doanh sầm uất, cam đoan đẹp nhất Đại Hiệp.
Giá 420tr/1 lô
Chỉ cần trả 250tr còn lại ngân hàng hổ trợ lãi suất ưu đãi
Lh em Trang dẫn đi xem đất","2,5 triệu/m2",Nội thất đầy đủ,100 m²,Đông Nam,Chung cư,Nở hậu,Mặt bằng kinh doanh
B22-9,,Nhà visip thuận an giá tốt,2 phòng,sl,Đã có sổ,Căn góc,Chưa bàn giao,6,Đất thổ cư,66 m²,9,1,15 m,- 57 m2,"Đường D38, Phường An Phú, Thị xã Thuận An, Bình Dương",4 m,2 phòng,"1,7 tỷ- 57 m2",Tây,"Nhà ngõ, hẻm",57 m²,"NHÀ VISIP1. AN PHÚ ,THUẬN AN.BD
Gía yêu thương : 1,7 tỷ bớt lộc.
Dt : 57,2m2. thổ cư full.
Mặt tiền đường 5m. Khu dân cư ở kín.
Nhà cấp 4, dân xây ở, kiên cố và chắc chắn.
Ib :.","29,82 triệu/m²",Nội thất đầy đủ,57 m²,Đông Nam,Chung cư,Hẻm xe hơi,Mặt bằng kinh doanh
B22-9,,Nhà bán 40m2 phường 16 quận 8 bao sang tên,4 phòng,sl,Đã có sổ,Căn góc,Chưa bàn giao,6,Đất thổ cư,66 m²,9,1,10 m,- 40 m2,"99 phú định, Phường 16, Quận 8, Tp Hồ Chí Minh",4 m,3 phòng,"3,4 tỷ- 40 m2",Tây,"Nhà ngõ, hẻm",40 m²,"Nhà sổ hồng riêng
Giá còn thương lượng 
Nhà đẹp 
Nhà riêng lẻ",85 triệu/m²,Nội thất đầy đủ,40 m²,Tây,Chung cư,Hẻm xe hơi,Mặt bằng kinh doanh
A12,,Chung cư Thuận An 59.36m² 2PN ParkView Apartment,2 phòng,A,Đang chờ sổ,Căn góc,Chưa bàn giao,6,Đất thổ cư,59.36 m²,10,1,10 m,- 59.36 m2,"Đường Nguyễn Du, Phường Bình Hòa, Thị xã Thuận An, Bình Dương",4 m,2 phòng,"1,438594 tỷ- 59.36 m2",Bắc,"Nhà ngõ, hẻm",40 m²,"Dự án: Parkview Apartment.
Mình cần bán gấp 2 căn hộ 2PN + 2WC, có ban công thoải mái 
Vị trí đẹp, nằm ở tầng 10, giữa Block A11/A12. 
Tốc độ xây rất nhanh, giá tốt nhất trong khu vực bình dương.
10/01/2021 này có HĐMB
Ai có nhu cầu liên hệ trực tiếp cho mình nha.
Giá cả thương lượng, không tiếp sales.","24,38 triệu/m²",Hoàn thiện cơ bản,40 m²,Bắc,Chung cư,Hẻm xe hơi,Mặt bằng kinh doanh
A12,,Đất Thuận An giá bất ngờ,2 phòng,A,Đã có sổ,Căn góc,Chưa bàn giao,6,Đất thổ cư,59.36 m²,10,1,15 m,- 70 m2,"An Phú 20, Phường An Phú, Thị xã Thuận An, Bình Dương",5 m,2 phòng,"1,55 tỷ- 70 m2",Bắc,"Nhà ngõ, hẻm",70 m2,"💖💖💖Lô góc 2 mặt tiền quá đẹp.
🤔Xây nhà ở quá đẹp..hoặc đầu tư thanh khoản tốt.giá tốt thị trường TP Thuận An.
💖💖An Phú.Thuận an.Bd.
💖Vị trí : Ngay ngã 4. Đường nhựa rộng
Tiện kinh doanh buôn bán nhỏ lẽ
💖💖💖Chỉ : 1,550 tỷ
☎️☎️Ib : ..Hoang Long Group","22,14 triệu/m2",Hoàn thiện cơ bản,40 m²,Bắc,Chung cư,Mặt tiền,Mặt bằng kinh doanh
A12,,Nhà mặt tiền - khu thương mại đất vàng Q1,3 phòng,A,Đã có sổ,Căn góc,Chưa bàn giao,6,Đất thổ cư,59.36 m²,10,1,36 m,- 145.5 m2,"Đường Nguyễn Trãi, Phường Bến Thành, Quận 1, Tp Hồ Chí Minh",4 m,3 phòng,100 tỷ- 145.5 m2,Bắc,"Nhà mặt phố, mặt tiền",145.5 m²,"Bán nhà mặt tiền - Khu thương mại đất vàng Q1

Số 76 - Nguyễn Trãi - P Bến Thành Q1

Cách ngã 6 Phù Đổng 200m
Diện tích 4 x 36.6 m 
Nhà cấp 2 - 1 trệt 3 lầu - BTCT
Giá 100 tỷ 

Liên hệ chính chủ - không nhắn tin","689,66 triệu/m²",Nội thất đầy đủ,386.6 m²,Đông,Chung cư,Mặt tiền,Mặt bằng kinh doanh
A12,,BÁN CHUNG CƯ MINI NGUYỄN VĂN HUYÊN-TỪ 630TR/CĂN,1 phòng,A,Đã có sổ,Căn góc,Chưa bàn giao,6,Đất thổ cư,46 m²,10,1,36 m,- 46 m2,"Đường Nguyễn Văn Huyên, Phường Xuân Đỉnh, Quận Bắc Từ Liêm, Hà Nội",4 m,1 phòng,600 triệu- 46 m2,Bắc,"Nhà mặt phố, mặt tiền",145.5 m²,"Dự án: CHUNG CƯ MINI NGUYỄN VĂN HUYÊN.
 Thông tin chi tiết: CHỦ ĐẦU TƯ MỞ BÁN CHUNG CƯ MINI GIÁ RẺ NGUYỄN VĂN HUYÊN - NGOẠI GIAO ĐOÀN

CHỈ TỪ 600tr/Căn 32m2 - 50m2 Nhận nhà đón Tết, Ful nội thất

Ô TÔ ĐỖ CỬA- GẦN NGOẠI GIAO ĐOÀN - GẦN CÔNG VIÊN HÒA BÌNH

I. Vị trí: 

- Gần ngay CV HÒA BÌNH- CÁCH CHỈ 100M

- Gần HC XUÂN ĐỈNH- NGOẠI GIAO ĐOÀN

- Quý khách chỉ mất khoảng 15 phút để lên tới ga Hà Nội và Hồ Gươm. 

II. Diện tích và giá bán

 + Căn 25m2: Giá từ 500tr 

+ Căn 33m2 - 35m2: Giá từ 600tr - 650tr. 

+ Căn 45m2 - 47m2 : Giá từ 880tr - 950tr. 

+ Căn 60m2: Giá từ 1 tỷ - 1 tỷ 290tr 

+ Căn 76m2 : Giá 1 tỷ 450tr Chiết khấu cực khủng.

 III. Nội thất. 

- Chung cư Chùa Bộc - Thái Hà được bàn giao với đầy đủ nội thất từ sàn gạch cao cấp, trần thạch cao, tủ bếp trên dưới, bếp từ, hút mùi, nóng lạnh, thiết bị vệ sinh đầy đủ, hệ thống điện chiếu sáng, các đầu chờ điều hòa, internet, truyền hình cáp,... 

- Quý khách mua nhà chỉ việc dọn đến ở mà không phải trả thêm bất kỳ khoản chi phí nào.

LIÊN HỆ TRỰC TIẾP CHỦ ĐẦU TƯ ĐI XEM CĂN HỘ","13,04 triệu/m²",Nội thất đầy đủ,386.6 m²,Đông,Chung cư,Mặt tiền,Mặt bằng kinh doanh
A12,,"Đất mặt tiền Phú tức 4,5m",1 phòng,A,Đã có sổ,Căn góc,Chưa bàn giao,6,Đất thổ cư,46 m²,10,1,70 m,- 320 m2,"Đường Phú Tức, Phường 2, Thành phố Sóc Trăng, Sóc Trăng",4.5 m,1 phòng,810 triệu- 320 m2,Bắc,"Nhà mặt phố, mặt tiền",320 m2,"Dt 4,5*70
Thổ cư 50 m2
Giá 810 tr
Lộ quy hoạch 17m
Hiện tại lộ nhựa 4m","2,53 triệu/m2",Nội thất đầy đủ,386.6 m²,Tây Nam,Chung cư,Mặt tiền,Mặt bằng kinh doanh
A12,,Nhà SHR cách đường DT 746 50m đường oto,2 phòng,A,Đã có sổ,Căn góc,Chưa bàn giao,6,Đất thổ cư,46 m²,10,1,70 m,- 61 m2,"Dt746, Phường Tân Phước Khánh, Thị xã Tân Uyên, Bình Dương",4.5 m,2 phòng,"1,95 tỷ- 61 m2",Bắc,"Nhà mặt phố, mặt tiền",61 m²,"nhà shr 61m đường oto , cách dt746 50m ,hỗ trợ ngân hàng cho khách","31,97 triệu/m²",Nội thất đầy đủ,386.6 m²,Tây Nam,Chung cư,Mặt tiền,Mặt bằng kinh doanh
A12,,Đất thổ cư mặt tiền giá rẻ quận Bình Thạnh,2 phòng,A,Đã có sổ,Căn góc,Chưa bàn giao,6,Đất thổ cư,46 m²,10,1,12100 m,- 41 m2,"đường só 4, Phường 26, Quận Bình Thạnh, Tp Hồ Chí Minh",3510 m,2 phòng,"6,6 tỷ- 41 m2",Bắc,"Nhà mặt phố, mặt tiền",41 m2,"Bán đất thổ cư mặt tiền đường số 4, Bình Thạnh
DT : 3,51 x 12,1
Khu vực đông dân cư, dân trí cao, phía trước đất có lề đường 2,5m. Khu đất thổ cư không bị dính lộ giới hay quy hoạch, được phép xây full diện tích. Cần bán gấp giá như giá trong hẻm
Giá bán : 6,6 tỷ thương lượng
L.hệ : Nguyên","160,98 triệu/m2",Nội thất đầy đủ,386.6 m²,Tây Nam,Chung cư,Mặt tiền,Mặt bằng kinh doanh
A12,,"Nhà mới đón tết, ngõ ô tô, Mt 3.5M chỉ hơn 2 tỷ",3 phòng,A,Đã có sổ,Căn góc,Chưa bàn giao,6,Đất thổ cư,46 m²,10,1,12100 m,- 31 m2,"Đường Định Công, Phường Định Công, Quận Hoàng Mai, Hà Nội",3510 m,2 phòng,"2,45 tỷ- 31 m2",Bắc,"Nhà ngõ, hẻm",31 m²,"💥💥💥 Cuối năm, nhà cần tiền, cần bán gấp nhà đinh Cồng, Mt 3.5 M, giá 2.45 💥💥💥

💥💥 Đặc biệt nhà mới sơn sửa, chỉ việc về ở. 💥💥
 Vị trí: Ngõ to rộng thoán, gần Cầu Lủ, cách Royal vài phút xe lăn bánh, đi lại rất thuận tiện. 
+ Thiết kế:
- Tầng 1: Phòng khách, bếp, ăn.
- Tầng 2, 3: 3 phòng ngủ rất vừa vặn, phòng thờ và sân phơi.
+ Nhà mặt sau có khe thoáng, nhà ở vị trí xanh sạch đẹp nhất khu. 

SỔ ĐỎ ĐẸP, PHÁP LÝ RÕ RÀNG.

Mọi thông tin chi tiết, xin liên hệ Mr.Đức để được hỗ trợ, tư vấn miễn phí(Miễn môi giới)","79,03 triệu/m²",Nội thất cao cấp,386.6 m²,Tây Nam,Chung cư,Mặt tiền,Mặt bằng kinh doanh
A12,,"QUAN NHÂN, NHÀ ĐẸP Ở LUÔN, 44M2, 3.3 TỶ CTL.",3 phòng,A,Đã có sổ,Căn góc,Chưa bàn giao,6,Đất thổ cư,46 m²,10,1,12100 m,- 44 m2,"quan nhân, Phường Nhân Chính, Quận Thanh Xuân, Hà Nội",3510 m,2 phòng,"3,3 tỷ- 44 m2",Bắc,"Nhà ngõ, hẻm",44 m²,"SÁT MẶT PHỐ - NHÀ ĐẸP - VỀ Ở LUÔN.
Bán nhà Quan Nhân 44m2, 3 tầng, 3.3 tỷ còn thương lượng.
- Vị trí:
+ Nhà gần mặt phố.
+ Gần các trường học các cấp, chợ ngay sát nhà.
+ Hàng xóm thân thiết, an ninh đảm bảo.
+ Nhà thiết kế 3 tầng khung cột chắc chắn lên được 5 tầng.
- Sổ đỏ đẹp chờ giao dịch.
LIÊN HỆ: EM KIỆT",75 triệu/m²,Nội thất cao cấp,386.6 m²,Tây Nam,Chung cư,Hẻm xe hơi,Mặt bằng kinh doanh
A12,,Chính chủ cần giao lưu nền 6×20,3 phòng,Dãn dân đấu mới,Đã có sổ,Căn góc,Chưa bàn giao,6,Đất thổ cư,46 m²,10,1,20 m,- 120 m2,"88, Đường 494, Xã Thanh Hà, Huyện Thanh Liêm, Hà Nam",6 m,2 phòng,6 triệu- 120 m2,Bắc,"Nhà ngõ, hẻm",120 m2,khu đất thanh hải cơ sở hạ tầng đồng bộ thích hợp xây dựng an cư đầu tư sinh lời cao chính chủ cần giao lưu với các huynh đài,50.000 đ/m2,Nội thất cao cấp,386.6 m²,Tây Nam,Chung cư,Mặt tiền,Mặt bằng kinh doanh
A12,,Bán đất Gần Tòa Thánh Tây Ninh Mặt Tiền kinh doanh,3 phòng,Dãn dân đấu mới,Đã có sổ,Căn góc,Chưa bàn giao,6,Đất thổ cư,46 m²,10,1,20 m,- 120 m2,"huỳnh tấn phát, Phường Hiệp Ninh, Thành phố Tây Ninh, Tây Ninh",6 m,2 phòng,"1,05 tỷ- 120 m2",Bắc,"Nhà ngõ, hẻm",120 m2,"Bán đất mặt tiền gần Tòa Thánh tây Ninh
- Nền đẹp sở hửu mặt tiền kinh doanh rộng 27m 

- Diện tích 6*20 (120m2) , đã lên thổ cư 

- Xung quanh dân cư đông đúc , gần chợ phường 3 , chợ Bắp 

- Pháp lý đầy đủ , sang tên công chứng liền tay

- Nay cần bán gấp 1 tỷ05 triệu 
Ai đi xem đất liên hệ tôi số dưới","8,75 triệu/m2",Nội thất cao cấp,386.6 m²,Tây Nam,Chung cư,Mặt tiền,Mặt bằng kinh doanh
A12,,"Sốc quá nhà Phạm Văn Đồng, 36m2, 5 tầng, 3 tỷ.",3 phòng,Dãn dân đấu mới,Đã có sổ,Căn góc,Chưa bàn giao,6,Đất thổ cư,46 m²,10,1,20 m,- 36 m2,"Đường Phạm Văn Đồng, Phường Cổ Nhuế 2, Quận Bắc Từ Liêm, Hà Nội",6 m,4 phòng,3 tỷ- 36 m2,Bắc,"Nhà ngõ, hẻm",36 m²,"-Nhà mới xây giành cho khách về đón tết, nội thất sang sịn chủ tặng , 2 thoáng, ô tô đỗ cửa, cách phố hơn chục mét.Cách trục huyết mạch Tây Thăng Long vài chục mét. 
-Nhà nằm ở vị trí đắc địa của phường Cổ Nhuế 2, khu vực giáp với thành phố giao lưu. Gần các trường đại học, gần siêu thị , chợ, công viên và muôn vàn tiện ích. Khu vực đân cư đông đúc dân trí cao, an ninh tuyệt đối, an sinh cực đỉnh.
-Ngõ rộng thông tứ tung, thiết kế hiện đại tầng 1 phòng,WC, cầu thang góc.
- Diện tích 36m2. Chủ bán nhanh 3 tỷ ( có thương lượng ). Miễn trung gian.
-Sổ đỏ chính chủ, pháp lý sạch.
-Hãy gọi ngay :Mr Vũ chuyên nhà đất Hà Nội để được tư vấn và hỗ trợ.
-Cam kết miễn phí từ khi đi xem đến khi mua xong nhà. Hỗ trợ tận tâm.","83,33 triệu/m²",Nội thất cao cấp,36 m²,Tây Nam,Chung cư,Mặt tiền,Mặt bằng kinh doanh
A12,,Shophouse Quận Tân Phú 160m²,3 phòng,Dãn dân đấu mới,Đã có sổ,Căn góc,Chưa bàn giao,6,Đất thổ cư,160 m²,10,1,20 m,- 160 m2,"68, Đường N1, Phường Sơn Kỳ, Quận Tân Phú, Tp Hồ Chí Minh",6 m,4 phòng,16 tỷ- 160 m2,Bắc,"Nhà ngõ, hẻm",36 m²,"ĐẦU TƯ SHOPHOUSE tại Celadon City KĐT XANH 82ha, cam kết thuê lại lợi nhuận trung bình 6%/ năm, liên tiếp trong 5 năm liền.
Tính Thanh Khoản Cao, Lợi Nhuận Bền Vững Vì:
Là trung tâm các địa điểm vui chơi, mua sắm, giải trí Check in của mọi người dân Tân Phú và người dân các quận liền kề.
 Với hơn 6 nghìn căn hộ sẽ tập trung hơn 25,000 cư dân cùng với bạn bè của cư dân là những khách hàng giàu có và đầy tiềm năng.
Khu Sport Club 5,4ha + công viên 16.4 ha hiện hữu

 5 TRƯỜNG HỌC các cấp công lập và Quốc Tế hiện hữu

Làng văn hóa ẩm thực phong cách phố cổ Hội An 

AEON Mall Tân Phú kế thừa khách hàng có sẵn và bỗ trợ cho nhau.

Với số lượng 68 căn Shophouse, diện tích tối thiểu 160m2, trung bình từ 200-400m2, căn lớn nhất lên đến gần 700m2, dọc trên PHỐ ĐI BỘ rông 62m lớn thứ 3 của TP.HCM. Kiến tạo nên một thiên đường mua sắm sang trọng, thời thượng.

 Những nhà đầu tư tại đây đã và đang kiếm được lợi nhuận hàng chục % đến hàng 100% mỗi năm (thậm chí hơn thế) và vẫn tiếp tục bền vững vì không có đối thủ cạnh tranh tại khu Tây SÀI THÀNH 

PHƯƠNG THỨC THANH TOÁN TỐI ƯU ĐỂ ĐẦU TƯ
Thanh toán 5- 10% ký hợp đồng mua bán trực tiếp với CĐT

Thanh toán từ 10-15% mỗi đợt trong vòng 2 năm. Không quá 50% trước khi nhận Shop
LIÊN HỆ: số điện thoại/ zalo để thông tin chi tiết
Địa chỉ: 68 đường N1, Khu đô thị Celadon City Tân Phú",100 triệu/m²,Nội thất cao cấp,36 m²,Tây Nam,Chung cư,Mặt tiền,Shophouse
A12,,Bán nền 600tr,3 phòng,Dãn dân đấu mới,Đã có sổ,Căn góc,Chưa bàn giao,6,Đất nông nghiệp,160 m²,10,1,17 m,- 85 m2,"Đường Nhật Tảo, Phường Lê Bình, Quận Cái Răng, Cần Thơ",5 m,4 phòng,600 triệu- 85 m2,Bắc,"Nhà ngõ, hẻm",85 m2,"CHỈ 1 NỀN GIÁ 600TR. KHU VỰC NÀY KHÔNG NỀN NÀO RẺ HƠN

BÁN NỀN HẺM NHÀ TRỌ BIBO ĐƯỜNG NHẬT TẢO, P. LÊ BÌNH, CÁI RĂNG, CẦN THƠ.

🦋Diện tích: 5m x 17m = 85m2
🦋Lộ: 4m
🦋Hướng: Tây Nam
🦋Pháp lý: sổ hồng đất vườn 100% 
>> đất sạch ko quy hoạch.
✅HỖ TRỢ VAY NGÂN HÀNG 
🛑Vị trí: sau lưng công an Quận Cái Răng, cách chợ Cái Răng 1km, gần trường học, siêu thị VinMark, Bách Hoá Xanh,.. Cách trung tâm Ninh Kiều 3p chạy xe.. Nền cách đường Nhật Tảo 200m.","7,06 triệu/m2",Nội thất cao cấp,36 m²,Tây Nam,Chung cư,Hẻm xe hơi,Shophouse
A12,,"Bán nhà MT 110m2 Đ Kha Vạn Cân, Thủ Đức",3 phòng,Dãn dân đấu mới,Đã có sổ,Căn góc,Chưa bàn giao,6,Đất nông nghiệp,160 m²,10,1,28 m,- 110 m2,"802 Kha Vạn Cân, Phường Linh Đông, Quận Thủ Đức, Tp Hồ Chí Minh",4 m,2 phòng,"13,5 tỷ- 110 m2",Bắc,"Nhà mặt phố, mặt tiền",110 m²,"Nhà trệt, 1P khách, 3P ngủ, 1 bếp, 2 toilet. Cách chợ Thủ Đức 100m, cách đường Phạm Văn Đồng 500m. LH Chính Chủ.","122,73 triệu/m²",Nội thất cao cấp,91 m²,Tây Bắc,Chung cư,Hẻm xe hơi,Shophouse
A12,,Đất Khu Đô Thị Cát Tường Western Pearl 100m²,3 phòng,Dãn dân đấu mới,Đã có sổ,Căn góc,Chưa bàn giao,6,Đất nền dự án,160 m²,10,1,20 m,- 100 m2,"Đường Trần Hưng Đạo, Phường 5, thành phố Vị Thanh, Hậu Giang",5 m,2 phòng,500 triệu- 100 m2,Bắc,"Nhà mặt phố, mặt tiền",100 m2,"Mở bán block A10 trục đường chính 29m vỉa hè 5m chỉ từ 500tr
Nhận giữ chỗ ngay hôm nay chỉ 5tr đồng không mua trả lại tiền
Cơ sở hạ tầng hoàn thiện
Đã có sổ riêng từng nền
Chính sách thanh toán linh động
Hỗ trợ xe đưa đón miễn phí",5 triệu/m2,Nội thất cao cấp,91 m²,Tây Bắc,Chung cư,Mặt tiền,Shophouse
A12,,Đất Thành phố Đà Lạt 174m2 Mặt tiền đường 16m,3 phòng,Dãn dân đấu mới,Đã có sổ,Căn góc,Chưa bàn giao,6,Đất thổ cư,160 m²,10,1,32 m,- 174 m2,"Đường Nguyên Tử Lực, Phường 8, Thành phố Đà Lạt, Lâm Đồng",6 m,2 phòng,"11,5 tỷ- 174 m2",Bắc,"Nhà mặt phố, mặt tiền",174 m2,"CẦN BÁN NHÀ ĐẤT MẶT TIỀN NGUYÊN TỬ LỰC _ P8 _ TP ĐÀ LẠT, LÔ GẦN NGÃ 3 TRẦN ĐẠI NGHĨA , VÒNG LÂM VIÊN 👉 GIÁ ĐẦU TƯ
- Diện tích: 173,64m2 ( 5,3 × 32,67 ) ; Full xây dựng. 
- Hướng : Đông 
- Pháp lý: sổ riêng xây dựng , tặng giấy phép xây dựng 6 tầng. 
- Mô tả: Nhà mặt tiền đường lơn 16m , ngay ngã ba , ra Hồ Xuân Hương 1km , ra chợ Đà Lạt 3km ,cách trường Đại Học Đà Lạt 1,5km , trường cấp : mẫu giáo , cấp 1 , 2 , 3 chợ bán kình 2km. Đường thông về mọi tuyến đường về tp hay về các tp khác , đường thông về các điểm du lịch. Thích hợp mua đầu tư sinh lời hoặc định cư lâu dài. 
- Cấu trúc: mật độ xd 100% , Thích hợp xây khách sạn , nhà hàng, kinh doanh mọi ngành nghề. Giá bán chỉ 11ti5 còn thương lượng. 
- Giao thông : 16m 
Mọi thông tin xin liên hệ Hotline : 
Thúy Diễm Sale bds Thịnh Vượng.","66,09 triệu/m2",Nội thất cao cấp,91 m²,Đông,Chung cư,Mặt tiền,Shophouse
A12,,BÁN GẤP NHÀ 50m2 x4T GIÁ NHỈNH 2TỶ_LẠC LONG QUÂN,4 phòng,Dãn dân đấu mới,Đã có sổ,Căn góc,Chưa bàn giao,6,Đất thổ cư,160 m²,10,4,32 m,- 50 m2,"Đường Lạc Long Quân, Phường Nghĩa Đô, Quận Cầu Giấy, Hà Nội",6 m,3 phòng,"2,85 tỷ- 50 m2",Bắc,"Nhà ngõ, hẻm",50 m²,"--SIÊU PHẨM CHỐT TRONG TUẦN - NHÀ CỰC CHẤT, XEM LÀ CHỐT - NGÕ RỘNG THOÁNG - HIẾM CÓ CĂN THỨ HAI.
--NHÀ NẰM Ở Vị trí trung tâm của Cầu Giấy, giao thông vô cùng thuận tiện, khu vực cơ sở hạ tầng phát triển mạnh, giá nhà khu vực tăng chóng mặt….
THIẾT KẾ:
T1: Khách, bếp
T2+3: 4PN+ wc
T4: Sân phơi….
Sổ đỏ nở hậu, sẵn sàng giao dịch….
Cam kết thôn tin chuẩn xác---ảnh thật 100%...",57 triệu/m²,Nội thất cao cấp,50 m²,Đông,Chung cư,Nở hậu,Shophouse
A12,,Bán gấp lô đất đảo kim cương quận 9 giá tốt,4 phòng,Dãn dân đấu mới,Đã có sổ,Căn góc,Chưa bàn giao,B18,Đất thổ cư,160 m²,10,4,16 m,- 63 m2,"Đường Long Thuận, Phường Trường Thạnh, Quận 9, Tp Hồ Chí Minh",4 m,3 phòng,"2,65 tỷ- 63 m2",Bắc,"Nhà ngõ, hẻm",63 m2,"Chính chủ cần bán gấp lô đất đảo kim cương quận 9 
Giá 2,65 tỷ/63m 
Hướng Đông Nam 
Mép cột điện 
Lh kiều để biết thêm Thông tin","42,06 triệu/m2",Nội thất cao cấp,50 m²,Đông,Chung cư,Hẻm xe hơi,Shophouse
A12,,Đất Tô Ngọc Vân chợ Tam Hà 70m2 ngang 4.4m hẻm 10m,4 phòng,Dãn dân đấu mới,Đã có sổ,Căn góc,Chưa bàn giao,B18,Đất thổ cư,160 m²,10,4,16 m,- 70 m2,"Đường Tô Ngọc Vân, Phường Linh Đông, Quận Thủ Đức, Tp Hồ Chí Minh",4.4 m,3 phòng,"3,92 tỷ- 70 m2",Bắc,"Nhà ngõ, hẻm",70 m2,"Dự án: Đất Tô Ngọc Vân Tam Bình Linh Đông.
 Thông tin chi tiết: 
Bán gấp lô đất thổ cư Tô Ngọc Vân DT 70m2 ngay trung tâm phường Thủ Đức. Giá chốt: 3.92 Tỷ.
- Diện tích: 4.4m x 16m2 = 70m2.
- Mặt tiền Kinh Doanh đường nhựa 10m thông thoáng 
- Vị trí cách đường Vành Đai 2 chỉ 300m, gần chợ Tam Hà Thủ Đức. Quy hoạch khu dân cư hiện hữu, xây nhà hoàn công ngay, đường trước đất 10m, sổ hồng riêng 
- Liên hệ: Lê Văn Thắm
Cảm ơn",56 triệu/m2,Nội thất cao cấp,50 m²,Đông,Chung cư,Mặt tiền,Shophouse
A12,,Nhà 1 trệt 1 lầu hẻm rộng an ni xe hơi váo đến nhà,2 phòng,Dãn dân đấu mới,Đã có sổ,Căn góc,Chưa bàn giao,B18,Đất thổ cư,160 m²,10,4,82 m,- 27 m2,"29/4k6, Đường Phạm Văn Chiêu, Phường 14, Quận Gò Vấp, Tp Hồ Chí Minh",33 m,2 phòng,"3,8 tỷ- 27 m2",Bắc,"Nhà ngõ, hẻm",27 m²,"Cần tiền bán gấp nhà 1 trệt 1 lầu, diện tích 8,2x3,3m hẻm rộng 4m, khu an ninh yên tịnh hẻm thông 3 đường Pham V Chiêu, Lê V Thọ, Lê Đ Thọ, giá 3.800.000.000. Có thương lượng cho ai có thiện trí.","140,74 triệu/m²",Nội thất cao cấp,27 m²,Đông Bắc,Chung cư,Mặt tiền,Shophouse
A12,,Bán nhà trệt lững DT 5x14 Hoàn Công - ĐS 6 KDC ST,2 phòng,Dãn dân đấu mới,Đã có sổ,Căn góc,Chưa bàn giao,B18,Đất thổ cư,160 m²,10,2,14 m,- 71 m2,"Đường Nguyễn Văn Linh, Phường Long Tuyền, Quận Bình Thuỷ, Cần Thơ",5 m,1 phòng,"1,59 tỷ- 71 m2",Bắc,"Nhà mặt phố, mặt tiền",71 m²,"*** BÁN NHÀ TRỆT LỮNG DT 5X14 - GIÁ CHỈ 1,590 - HOÀN CÔNG - ĐS 6 KDC SƠN THỦY - NGUYỄN VĂN LINH - CẦN THƠ

________ GIÁ BÁN: 1,590 Tỷ ________
✓ Vị Trí: nhà đường số 6 Kdc Sơn Thủy, cách Nguyễn Văn Linh khoảng 150m...

✓ Diện Tích: 5m x 14m = 71m2 (DTSD 80m2)
✓ Pháp Lý: Thổ cư đã HOÀN CÔNG
✓ Hướng Tây Bắc 
✓ Lộ Giới: 4m xe 7 chỗ tới nhà

✓ Kết Cấu: trệt lửng có 1 PN ở dưới 1 PN ở trên, toilet bếp, bên hông có sân 1m đã che tole, 2 phòng sinh hoạt chung 

✓ Nhà thiết kế đẹp sạch sẽ vào ở liền, sàn PN lót gỗ căm xe, 2 máy lạnh, bếp gỗ, cửa gỗ. Tranh ảnh tặng kèm theo nhà 

$$$ Giá Bán: 1 Tỷ 590 Triệu (buông đuôi)
Hỗ trợ vay ngân hàng 1 Tỷ với lãi suất ưu đãi

=> Liên hệ: (Minh Quân) 
 CẢM ƠN QUÝ KHÁCH ĐÃ XEM TIN!

#Đấtnềncầnthơ #datnencantho #đấtnềnmiềntây #datnenmientay #bấtđộngsảncầnthơ #batdongsancantho #nhàđấtcầnthơ #nhadatcantho #Muanhàđấtcầnthơ #muanhadatcantho #Đấtnềndựán #datnenduan #muabannhadat #muabánnhàđất #nhàđấtcầnthơ24h #nhadatcantho24h #nhàđấttâyđô #nhadattaydo #Muanhàđấtcầnthơgiárẻ #muanhadatcanthogiare (21)","22,39 triệu/m²",Nội thất đầy đủ,80 m²,Tây Bắc,Chung cư,Nở hậu,Shophouse
A12,,TÔI CÓ LÔ ĐẤT VƯỜN TẠI CỦ CHI SỔ SẲN ĐƯƠNG 12M,2 phòng,Dãn dân đấu mới,Đã có sổ,Căn góc,Chưa bàn giao,B18,Đất thổ cư,160 m²,10,2,55 m,- 550 m2,"Đường 572, Thị trấn Củ Chi, Huyện Củ Chi, Tp Hồ Chí Minh",10 m,1 phòng,770.000 đ- 550 m2,Bắc,"Nhà mặt phố, mặt tiền",550 m2,"TÔI CÓ LÔ ĐẤT VƯỜN TẠI CỦ CHI SỔ SẲN ĐƯƠNG 12M
Giá : 770 TRIỆU CHO 550m2
Gần : KHU CÔNG NGHIỆP , TRƯỜNG HỌC , CHỢ BÁN KINH 5 PHÚT ĐI XE . 
MUA SANG TEN NGAY . 
QUAN TAM LIEN HE TOI ĐI XEM DAT .",1.400 đ/m2,Nội thất đầy đủ,80 m²,Tây Bắc,Chung cư,Mặt tiền,Shophouse
A12,,Đất Thị xã Bến Cát 500m²,2 phòng,Dãn dân đấu mới,Đã có sổ,Căn góc,Chưa bàn giao,B18,Đất công nghiệp,160 m²,10,2,57 m,- 500 m2,"Đường HL 607, Phường Tân Định, Thị xã Bến Cát, Bình Dương",10 m,1 phòng,650 triệu- 500 m2,Bắc,"Nhà mặt phố, mặt tiền",500 m2,"Nóng hổi ! nóng hổi ! 2 lô đất dân KCN Bàu Bàng sổ riêng 500m2
- Giá rẻ bất ngờ chỉ 2tr/m2
- Sổ sẵn công chứng ngay
- Dân cư sầm uất, đường điện đầy đủ
- Thích hợp xây trọ, an cư và đầu tư lý tưởng.","1,3 triệu/m2",Nội thất đầy đủ,80 m²,Tây Bắc,Chung cư,Hẻm xe hơi,Shophouse
A12,,Bán nhà mới 4x15=60m ở ngã tư Bình Phước q Thủ Đức,4 phòng,Dãn dân đấu mới,Đã có sổ,Căn góc,Chưa bàn giao,B18,Đất công nghiệp,160 m²,10,2,15 m,- 70 m2,"Đường Số 10, Phường Hiệp Bình Phước, Quận Thủ Đức, Tp Hồ Chí Minh",4.5 m,5 phòng,"4,5 tỷ- 70 m2",Bắc,"Nhà ngõ, hẻm",70 m²,"NHÀ MỚI

ĐƯỜNG SỐ 10 , P. HIỆP BÌNH PHƯỚC, TP.THỦ ĐỨC

Diện tích : 70m2
Nhà 1 Trệt 2 Lầu , 3 phòng ngủ , 1 phòng thờ , có sân để xe hơi
Hướng : Tây Bắc
Sổ hồng riêng hoàn công ( bao công chứng sang tên, hỗ trợ vay ngân hàng, vay được 70% giá trị tài sản )
--------------------------
Tiện ích khu vực :
- Gần Bệnh Viện Quốc Tế Hạnh Phúc , Chợ Đầu Mối Thủ Đức , vòng xoay Bình Phước
- Kết nối với Thành phố mới Bình Dương , Quận 12 An Phú Đông, KCN Sóng Thần, Trục Phạm Văn Đồng giao với Bình Thạnh , chỉ mất 5-10p đi xe","64,29 triệu/m²",Nội thất đầy đủ,210 m²,Tây Bắc,Chung cư,Hẻm xe hơi,Shophouse
A12,,bán đất bình nhâm23 84m2 rất đẹp mê ly,4 phòng,Dãn dân đấu mới,Đã có sổ,Căn góc,Chưa bàn giao,B18,Đất thổ cư,160 m²,10,2,21 m,- 84 m2,"bình nhâm 23, Phường Bình Nhâm, Thị xã Thuận An, Bình Dương",4.1 m,5 phòng,"1,75 tỷ- 84 m2",Bắc,"Nhà ngõ, hẻm",84 m2,"mùa dịch bệnh ông anh chuyển nhượng giá rẻ đầu tư khoải chê mua về xây nhà ở thì còn gì bằn 
dt 84m2 (4,10x21) odt 62 m2 
giá : 1tỷ750 tl","20,83 triệu/m2",Nội thất đầy đủ,210 m²,Tây Bắc,Chung cư,Mặt tiền,Shophouse
A12,,"Chính chủ bán 80m2 thổ cư,gần trường tiểu học",4 phòng,Dãn dân đấu mới,Đã có sổ,Căn góc,Chưa bàn giao,B18,Đất thổ cư,160 m²,10,2,20 m,- 80 m2,"Đường Xuân Thới Thượng 18, Xã Xuân Thới Thượng, Huyện Hóc Môn, Tp Hồ Chí Minh",4 m,5 phòng,860 triệu- 80 m2,Bắc,"Nhà ngõ, hẻm",80 m2,"Cuối năm cần vốn làm ăn cần bán gấp nền đất ở đường Xuân Thới Thượng 18.
Khu vực dân cư hiện hữu, không mồ mã..
VÌ cần tiền gấp nên thiện chí bán nhanh bao giấy tờ.
Mấy anh chị mua giới đừng làm phiền giúp e.
Hi vọng sớm gặp người mua hữu duyên.
Cảm ơn đã xem tin.","10,75 triệu/m2",Nội thất đầy đủ,210 m²,Tây Bắc,Chung cư,Hẻm xe hơi,Shophouse
A12,,"CẦN BÁN NHÀ 1/ ĐƯỜNG SỐ 8, P11, GÒ VẤP 51,7m2",4 phòng,Dãn dân đấu mới,Đã có sổ,Căn góc,Chưa bàn giao,B18,Đất thổ cư,160 m²,10,2,11.5 m,- 51.75 m2,"Đường Số 8, Phường 11, Quận Gò Vấp, Tp Hồ Chí Minh",4.5 m,4 phòng,"5,8 tỷ- 51.75 m2",Bắc,"Nhà ngõ, hẻm",51.75 m²,"Cần bán nhà 1/, đường số 8, phường 11, Gò Vấp giá chỉ: 5,8 tỷ
Diện tích: 51,7m2
Nhà có 1 trệt, 2 lầu + sân thượng. 
Hẻm rộng xe hơi ra vô thoải mái, nằm trong khu dân cư an ninh, dân trí cao

Xung quanh là trường học, bách hóa xanh,... rất tiện lợi về ở nơi đây
Sổ sẵn sang tên cho người thiện chí
Môi giới vui lòng k phiền","113,73 triệu/m²",Nội thất đầy đủ,51.7 m²,Nam,Chung cư,Hẻm xe hơi,Shophouse
A12,,Vợ chồng ly thân bán gấp nhà q2 65m2 fix giá mạnh,3 phòng,Dãn dân đấu mới,Đã có sổ,Căn góc,Chưa bàn giao,B18,Đất thổ cư,160 m²,10,2,11.5 m,- 65 m2,"Đường Nguyễn Duy Trinh, Phường Bình Trưng Tây, Quận 2, Tp Hồ Chí Minh",4.5 m,2 phòng,680 triệu- 65 m2,Bắc,"Nhà mặt phố, mặt tiền",65 m²,"Vợ chồng tôi ly thân, cần giải quyết tài sản bán nhanh căn nhà chính chủ đường Nguyễn Duy Trinh q2 65m2
Khu dân trí cao, an ninh. Cây xanh thoáng mát, vỉa hè lát gạch, đường xá đi lại thuận tiện 
Gần chợ Bình Trưng, Công an phường, công ty, trường học
Phong thủy tốt, thích hợp kinh doanh mua bán đầu tư sinh lời
Cần bán gấp giá mềm rồi,ai thiệt chí alo có bớt thêm. Giá này tôi chỉ bán trong tuần.","10,46 triệu/m²",Nội thất đầy đủ,51.7 m²,Nam,Chung cư,Hẻm xe hơi,Shophouse
A12,,Đất HXH đẹp Hoàng Hoa Thám Bình Thạnh 70m² giá rẻ,3 phòng,Dãn dân đấu mới,Đã có sổ,Căn góc,Chưa bàn giao,B18,Đất thổ cư,160 m²,10,2,18 m,- 70 m2,"Đường Hoàng Hoa Thám, Phường 7, Quận Bình Thạnh, Tp Hồ Chí Minh",4 m,2 phòng,"7,199 tỷ- 70 m2",Bắc,"Nhà mặt phố, mặt tiền",70 m2,"Bán đất 70m2 đẹp, còn sót lại. 
Đường trước đất 5m , cách Hoàng Hoa Thám 100m, gần Phan Đăng Lưu, Phan Xích Long, Phú Nhuận, sát Quận 1.
DT 70m2 ngang 4m dài 17.5m. 
Hẻm trước đất 6m, đường vào 4m, cách Hoàng Hoa Thám 150m, cách Phan Đăng Lưu 700m. 
Giá 7.199999 tỷ bớt lộc. 
Xây đc 5 tầng sân thượng, kết hợp ở và cho thuê phòng dịch vụ thu nhập cao. 
Lh Mr Lưu","102,84 triệu/m2",Nội thất đầy đủ,51.7 m²,Nam,Chung cư,Hẻm xe hơi,Shophouse
A12,,Tư Đình Nhà Đẹp Dân Xây 40m2 - 4 Tầng - Mt 4m.,4 phòng,Dãn dân đấu mới,Đã có sổ,Căn góc,Chưa bàn giao,B18,Đất thổ cư,160 m²,10,4,10 m,- 40 m2,"Đường Tư Đình, Phường Long Biên, Quận Long Biên, Hà Nội",4 m,4 phòng,"2,75 tỷ- 40 m2",Bắc,"Nhà mặt phố, mặt tiền",40 m²,"+ Ngõ trước nhà rộng rãi, thoáng sáng vô cùng.
+ Nhà chủ tự xây 4 tầng cực đẹp, KCBT chắc chắn, thiết kế tầng 2 phòng cầu thang giữa.
Tầng 1: Phòng khách, 01 phòng ngủ và vệ sinh.
Tầng 2: 01 phòng ngủ, phòng ăn, bếp, vệ sinh.
Tầng 3: Hai phòng ngủ và vệ sinh.
Tầng 4: Phòng thờ, sân phơi và sân trồng hoa cây cảnh.
+ Sổ đỏ chính chủ, nở hậu nhẹ, giao dịch ngay trong ngày.","68,75 triệu/m²",Nội thất đầy đủ,40 m²,Nam,Chung cư,Hẻm xe hơi,Shophouse
A12,,"Bán nhà kinh doanh tốt phố Nguyễn Thị Định, 6.99tỷ",5 phòng,Dãn dân đấu mới,Đã có sổ,Căn góc,Chưa bàn giao,B18,Đất thổ cư,160 m²,10,4,10 m,- 50 m2,"Đường Nguyễn Thị Định, Phường Trung Hoà, Quận Cầu Giấy, Hà Nội",5.3 m,4 phòng,"6,999 tỷ- 50 m2",Bắc,Nhà phố liền kề,50 m²,"+ NHÀ MẶT NGÕ OTO - LÔ GÓC - KINH DOANH NGÀY ĐÊM : SPA, CAFE, HOTEL, KARAOKE, NHÀ HÀNG, VĂN PHÒNG - THOÁNG 3 MẶT 

Vị trí : Lô góc , nhà đẹp thoáng mát, xanh ngát. Khách ngắm là mê, xem là phê
Mặt tiền rộng 5M, kinh doanh sầm uất cả ngày và đêm. Khu vực trung tâm Cầu Giấy.
Ngõ vào nhà thoáng rộng, oto đỗ cửa, dân trí cao, văn minh và đẳng cấp thượng lưu
Thiết kế : 
T1 : Kinh doanh + Gara oto + Bếp ăn + Wc
T2 : Phòng khách + WC + Phòng ngủ
T3.4 : Mỗi tầng 02 PN + Wc
T5 : Phòng thờ + Sân phơi
Sổ đỏ vuông vắn, sạch sẽ, sẵn giao dịch

+ Chủ nhà thiện chí bán, có thương lượng và tặng lại toàn bộ nội thất sang trọng cho khách hàng thiện chí, để sở hữu nhà mới đẹp, giá rẻ đón chào năm mới 2021.
LH ngay Mr William Thưởng, miễn trung gian môi giới làm phiền.","139,98 triệu/m²",Nội thất đầy đủ,50 m²,Nam,Chung cư,Hẻm xe hơi,Shophouse
A12,,NHÀ ĐỨC GIANG LONG BIÊN-MẶT NGÕ-KINH DOANH -OTO,3 phòng,Dãn dân đấu mới,Đã có sổ,Căn góc,Chưa bàn giao,B18,Đất thổ cư,160 m²,10,5,10 m, GIÁ TỐT,"Đường Đức Giang, Phường Đức Giang, Quận Long Biên, Hà Nội",5.3 m,3 phòng,"3,8 tỷ GIÁ TỐT- 40 m2",Bắc,"Nhà ngõ, hẻm",40 m²,"SIÊU HIẾM NHÀ ĐỨC GIANG LONG BIÊN-MẶT NGÕ-KINH DOANH-ÔTÔ TRÁNH 40M-GIÁ 3.8 TỶ 

LH: khanh

-Mô tả:
Nhà dân xây đẹp 5 tầng được 2 năm bê tông cốt thép,
- Ngõ to như phố, đường trước nhà thông thoáng, nhiều ô tô tránh nhau, rất thích hợp làm spa, văn phòng, kinh doanh các kiểu...

- Vị trí đẹp, cách mặt phố Đức Giang chỉ vài chục met, cách Trường mầm non, Tiểu học Đức Giang, chợ Đức Hoà chỉ vài bước đi bộ... Đặc biệt là thừa hưởng nhiều tiện ích từ khu Shophouse Bình Minh Garden.
-Thiết kế :
T1: kinh doanh-bếp -vs
T2,3,4 mỗi tầng 1 phòng ngủ rộng -vs
T5: phòng thờ- sân phơi 

-sổ đỏ nợ hậu ( thương lượng sâu)",95 triệu/m²,Nội thất đầy đủ,40 m²,Nam,Chung cư,Nở hậu,Shophouse
A12,,Bán đất đại hiệp chỉ cần 200tr sở hữu hổ trợ vay,3 phòng,la,Đã có sổ,Căn góc,Chưa bàn giao,10,Đất thổ cư,160 m²,10,5,20 m,- 100 m2,"tích phú, Xã Đại Hiệp, Huyện Đại Lộc, Quảng Nam",5 m,3 phòng,200 triệu- 100 m2,Bắc,"Nhà ngõ, hẻm",100 m2,"Dự án: đất đại lộc
Thông tin chi tiết: Cần bán gấp lô đất ngay khu dân cư đông đúc, nằm trên trục đường chính Tích Phú rộng 7m
Vị trí: Đại Hiệp
Đường betong 5m
Diện tích 121m2
Giá chỉ 400 triệu + Bao sổ
Liên hệ Trang để dẫn đi xem đất",2 triệu/m2,Nội thất đầy đủ,40 m²,Đông Nam,Chung cư,Nở hậu,Shophouse
A12,,"Bán nhà Tân Triều 33m2,chủ thiện chí bán,cực rẻ",3 phòng,la,Đã có sổ,Căn góc,Chưa bàn giao,10,Đất thổ cư,160 m²,10,3,10 m,- 33 m2,"Đường Tân Triều, Xã Tân Triều, Huyện Thanh Trì, Hà Nội",3.5 m,2 phòng,"1,8 tỷ- 33 m2",Bắc,"Nhà ngõ, hẻm",33 m²,"Nhà đang mới đẹp diện tích 33m2 , hiện trạng 2 ngủ ,ngõ rộng,gần ô tô , yên tĩnh.
Căn nhà phù hợp cho gia đình trẻ ,mua giữ tiền,đầu tư cho thuê,tầm tài chính chỉ 1-2 tỷ.
Nhà tự xây chắc chắn ,ở vài chục năm thoải mái.Nằm ngay gần ĐH Thăng Long,đại đô thị The Menor,Vành đai 3...
Di chuyển dễ dàng qua các quận như : Thanh Xuân,Thanh Trì,Hoàng Mai,Hà Đông......
Sổ đỏ riêng,pháp lý sạch sẽ,chủ nhà tặng nội thất.
Anh chị quan tâm liên hệ Em Thắng","54,55 triệu/m²",Nội thất đầy đủ,100 m²,Đông Nam,Chung cư,Nở hậu,Shophouse
A12,,Bán Nhà Kiệt Tiểu La,4 phòng,la,Đã có sổ,Căn góc,Chưa bàn giao,10,Đất thổ cư,160 m²,10,3,20.2 m,- 105 m2,"K141 H10/12, Đường Tiểu La, Phường Hòa Cường Bắc, Quận Hải Châu, Đà Nẵng",5.2 m,3 phòng,"4,6 tỷ- 105 m2",Bắc,"Nhà ngõ, hẻm",105 m²,"Chính chủ cần bán nhà kiệt tiểu la , nhà cách kiệt ô tô 30 m ,An ninh miễn bàn ,nhà đầy đủ công năng gồm 4 P ngủ ,3WC , 1 P khách rất lớn , Sân Phơi rộng , để lại toàn bộ nội thất ,giá có thương lượng","43,81 triệu/m²",Nội thất đầy đủ,240 m²,Đông Nam,Chung cư,Nở hậu,Shophouse
402b,,"Sang quán cafe 400m2 lê trọng tấn, tân phú",4 phòng,la,Đã có sổ,Căn góc,Chưa bàn giao,10,Đất thổ cư,400 m²,10,3,20.2 m,- 400 m2,"402b, Đường Lê Trọng Tấn, Phường Tây Thạnh, Quận Tân Phú, Tp Hồ Chí Minh",5.2 m,3 phòng,385 triệu- 400 m2,Bắc,"Nhà ngõ, hẻm",105 m²,"Sang quán cafe 400m2 lê trọng tấn, tân phú
385triệu- 400 m2
402b, Đường Lê Trọng Tấn, Phường Tây Thạnh, Quận Tân Phú, Tp Hồ Chí Minh
Cần sang lại quán cà phê Chính chủ. ( do không có thời gian quản lý)

//CÓ NHẬN CÒ GIỚI THIỆU//

Địa chỉ : Số 402B Lê Trọng Tấn, Phường Tây Thạnh, Q. Tân Phú, HCM.

Vị trí quán vô cùng đắc địa, xung quanh có nhiều hàng quán ăn uống , gần siêu thi AEON Tân Phú, trường đại học công nghiệp thực phẫm và 2 trường trung học phổ thông. được đánh giá là khu sầm uất nhất của con đường . Gần các cơ quan làm việc, văn phòng...
Diện tích : 400m2
Hợp đồng còn 3 năm ( có thể ký lại nếu muốn)
Giá thuê mặt bằng mỗi tháng là 23,5 trieu ( rẻ nhất trong khu vực) Mỗi năm tăng 1,5 triệu cố định

Quán rộng rãi , có không gian sân vườn, trong nhà, phòng lạnh. có 2 phòng có thể ở lại, 2 nhà vệ sinh, 1 nhà tắm và nhà bếp riêng để nấu

Giá sang : 385tr

Quán đang hoạt động bình thường và có lượng khách ổn định .

Mình để lại toàn bộ trang thiết bị bàn ghế , dụng cụ pha chế ( Công thức pha chế nếu cần) và nguyên vật liệu sẵn có . nhân viên sẽ sẵn sàng tiếp tục nếu bạn còn nhu cầu sử dụng.

Để tránh ảnh hưởng tới tâm lý làm việc của nhân viên, anh chị vui lòng đt trước cho mình nếu có nhu cầu đến xem quán nhé.

Anh chị quan tâm vui lòng ib hoặc đt số 0916.16.60.62",962.500 đ/m²,Nội thất đầy đủ,240 m²,Nam,Chung cư,Nở hậu,Mặt bằng kinh doanh
402b,,Đất nền homestay Tp Bảo Lộc view suối tự nhiên,4 phòng,la,Đã có sổ,Căn góc,Chưa bàn giao,10,Đất nông nghiệp,400 m²,10,3,33.5 m,- 503 m2,"Đường Lý Thái Tổ, Xã Đạm Bri, Thành phố Bảo Lộc, Lâm Đồng",15 m,3 phòng,850 triệu- 503 m2,Bắc,"Nhà ngõ, hẻm",503 m2,"- Đất vườn TP Bảo Lộc diện tích đa dạng 280m2 - 1200m2.
- Có suối tự nhiên bao quanh, view sườn đồi.
- Đường nội bộ rộng 10m.
- Tổng 70 nền, trong khu vực nội bộ có công viên nội khu, homestay hiện hữu, khu vực nướng BBQ.
- Toàn bộ đường đổ nhựa rải thảm, vỉa hè lát đá.
- Ngay điểm xuống của cao tốc Dầu Giây - Liên Khương.
- Sổ đỏ từng nền.
- Cách thác Đambri 3km.
- Phù hợp: Đầu tư, du lịch, nghỉ dưỡng.","1,69 triệu/m2",Nội thất đầy đủ,240 m²,Nam,Chung cư,Hẻm xe hơi,Mặt bằng kinh doanh
402b,,Đất nền Long Cang đường Nguyễn Trung Trực,4 phòng,la,Đã có sổ,Căn góc,Chưa bàn giao,10,Đất thổ cư,400 m²,10,3,16 m,- 90 m2,"Đường 835, Xã Bình Chánh, Huyện Bình Chánh, Tp Hồ Chí Minh",5 m,3 phòng,900 triệu- 90 m2,Bắc,"Nhà ngõ, hẻm",90 m2,"- Đất nền mặt tiền Nguyễn Trung Trực
- Diện tích : 5x16, 4x20
- Pháp lý hoàn thiện
- Sang tên ngay trong ngày
- Giá bán 900tr/nền
- Thanh toán 450tr ký hợp đồng ngay.
- Kinh doanh nhà trọ, KS, Kios, văn phòng.
- Gần KCN Thuận Đạo, KCN Vĩnh Lộc 2, Cảng Long An, Cảng Buorbon...
- Liên hệ : PKD",10 triệu/m2,Nội thất đầy đủ,240 m²,Nam,Chung cư,Mặt tiền,Mặt bằng kinh doanh
402b,,BÁN NHÀ HẺM 487/41 HUỲNH TẤN PHÁT QUẬN 7,1 phòng,la,Đã có sổ,Căn góc,Chưa bàn giao,10,Đất thổ cư,400 m²,10,3,6 m,- 18 m2,"487/41, Đường Huỳnh Tấn Phát, Phường Tân Thuận Đông, Quận 7, Tp Hồ Chí Minh",3 m,1 phòng,960 triệu- 18 m2,Bắc,"Nhà ngõ, hẻm",18 m²,BÁN NHÀ HẺM 487/41 HUỲNH TẤN PHÁT PHƯỜNG TÂN THUẬN ĐÔNG QUẬN 7 DIỆN TÍCH NGANG 3M DÀI 6M 1 LẦU CÓ BAN CÔNG THOÁNG MÁT (SỔ HỒNG CHUNG CÔNG CHỨNG VI BẰNG) GIÁ 960 TRIỆU CÒN THƯƠNG LƯỢNG LIÊN HỆ ANH MINH CHỦ NHÀ,"53,33 triệu/m²",Nội thất đầy đủ,36 m²,Đông Nam,Chung cư,Mặt tiền,Mặt bằng kinh doanh
402b,,Đất Củ chi Sổ Hồng 530m2 đương rộng 12m chỉ 760tr,1 phòng,la,Đã có sổ,Căn góc,Chưa bàn giao,10,Đất thổ cư,400 m²,10,3,53 m,- 530 m2,"Đường Ba Sa, Xã Nhuận Đức, Huyện Củ Chi, Tp Hồ Chí Minh",10 m,1 phòng,"7,6 triệu- 530 m2",Bắc,"Nhà ngõ, hẻm",530 m2,"Đất Củ chi Sổ Hồng 530m2 đương rộng 12m chỉ 760tr . 
Gần Khu Công nghiêp . Dân cư hiện hữu .",14.339 đ/m2,Nội thất đầy đủ,36 m²,Đông Nam,Chung cư,Nở hậu,Mặt bằng kinh doanh
402b,,Nhà Hẻm Tháp Bà Ponaga 41m2. Giá rẻ: 1tỷ150,2 phòng,la,Đã có sổ,Căn góc,Chưa bàn giao,10,Đất thổ cư,400 m²,10,3,8 m,- 41 m2,"Tháp Bà, Phường Vĩnh Thọ, Thành phố Nha Trang, Khánh Hòa",5 m,1 phòng,"1,15 tỷ- 41 m2",Bắc,"Nhà ngõ, hẻm",41 m²,"🔥🔥 Hot Hot : Nhà gần Tháp Bà 41m2 chỉ 1ty150.
🍀 Gia chủ cần bán nhà Vĩnh Thọ, gần tháp bà Ponagar. Hẻm xe máy đi thông. Cách Biển chỉ 250m.
🍀 Diện tích: 41,46m2. Hướng Đông.
🍀 Kết cấu: 1 trệt 1 lửng, gồm 2 Phòng Ngủ, 1 WC, 1 Phòng Thờ và Bếp.
🍀 Giá bán nhanh: 1tỷ150 ( bao sang tên ).
📱Liên hệ: để đi xem nhà","28,05 triệu/m²",Nội thất đầy đủ,36 m²,Đông,Chung cư,Nở hậu,Mặt bằng kinh doanh
402b,,"Quận 3, Biệt Thự Mi Ni Trần Quang Diệu, 4 tỷ 500",2 phòng,la,Đã có sổ,Căn góc,Chưa bàn giao,10,Đất thổ cư,400 m²,10,3,9 m,- 40 m2,"Đường Trần Quang Diệu, Phường 14, Quận 3, Tp Hồ Chí Minh",4.5 m,2 phòng,"4,5 tỷ- 40 m2",Bắc,Nhà biệt thự,40 m²,"+ Nhà nằm đường Trần Quang Diệu, 1 phút ra trung tâm Quận 1, 5 phút qua quận Phú Nhuận, gần chợ Nguyễn Văn Trỗi
+ Nhà xây dựng chắc chắn, ngang 8m hiếm có, BTCT, thiết kế đẹp mắt, 2 tầng, 2PN, 2WC
+ Hẻm thông thoáng, 2 mặt tiền, thuận tiện đi lại, hàng xóm thân thiện, lối sống văn minh, lành mạnh
+ TẶNG HẾT NỘI THẤT SANG CHẢNH QUÝ KHÁCH CHỈ CẦN MANG QUẦN ÁO VÀO Ở
+ Sổ vuông vức, pháp lý chuẩn, sổ hồng chính chủ, công chứng ngay.
 Liên hệ ngay để được gọi lại miễn phí:
 - Ms. Diễm Sài Gòn (24/7)
 Fanpage: Diễm Nhà Phố","112,5 triệu/m²",Nội thất đầy đủ,80 m²,Đông,Chung cư,Nở hậu,Mặt bằng kinh doanh
10,,"Bán nhà Q7, 1 trệt 2 lầu đúc kiên cố, 94m2, Xe Hơi",3 phòng,A2,Đã có sổ,Căn góc,Chưa bàn giao,10,Đất thổ cư,400 m²,10,3,9 m,- 94 m2,"180, Đường Bùi Văn Ba, Phường Tân Thuận Đông, Quận 7, Tp Hồ Chí Minh",4.5 m,4 phòng,"2,38 tỷ- 94 m2",Bắc,"Nhà ngõ, hẻm",94 m²,"Bán nhà quận 7 đường Bùi Văn Ba, 94m2, 1 trệt 1 lửng 2 lầu 1 sân thượng, xe hơi đến tận nhà, khu dân trí cao, không bị ngập nước, an ninh thoáng mát, cách Phú Mỹ Hưng 2km. Gần chợ, bệnh viện, trường học…Rmit, Tôn Đức Thắng. Giá tốt cho người thiện chí mua ở hoặc đầu tư cho thuê
Miễn tiếp mô giới, quảng cáo.","25,32 triệu/m²",Hoàn thiện cơ bản,94 m²,Đông Nam,Chung cư,Hẻm xe hơi,Mặt bằng kinh doanh
10,,Đất 1ha có 108m mặt tiền đường xe container,3 phòng,A2,Đã có sổ,Căn góc,Chưa bàn giao,10,Đất nông nghiệp,400 m²,10,3,9 m,- 10.690 m2,"Đường Quốc lộ 1A, Xã Xuân Hưng, Huyện Xuân Lộc, Đồng Nai",108 m,4 phòng,"2,25 tỷ- 10.690 m2",Bắc,"Nhà ngõ, hẻm",10690 m2,"Chủ kẹt tiền cần bán gấp 1ha với 108m mặt tiền đường xe cont và điện 3pha đến đất.
Vị trí: ấp 2, xã Xuân Hưng, huyện Xuân Lộc, tỉnh Đồng Nai; đất cách đường nhựa lớn 300m, cách QL1A 2km, gần chùa, nhiều nhà máy xung quanh, đất cách chợ 3km, đất gần khu dân cư đông đúc.
Diện tích: 10690m2 với 108m mặt tiền đường xe cont, điện 3pha, đất trống tiện làm xưởng, nhà máy hoặc tách sào.
Pháp lý: sổ hồng chính chủ sang tên ngay
Giá bán: 2,25tỷ",210.477 đ/m2,Hoàn thiện cơ bản,94 m²,Đông Nam,Chung cư,Mặt tiền,Mặt bằng kinh doanh
10,,Đất sổ đỏ 175m2 (8x22) MTKD Nguyễn Thị Ly Hóc Môn,3 phòng,A2,Đã có sổ,Căn góc,Chưa bàn giao,10,Đất thổ cư,400 m²,10,3,22 m,- 175 m2,"Đường Nguyễn Thị Ly, Xã Xuân Thới Sơn, Huyện Hóc Môn, Tp Hồ Chí Minh",8 m,4 phòng,"4,15 tỷ- 175 m2",Bắc,"Nhà ngõ, hẻm",175 m2,"HOT HOT HOT cần bán gấp giảm giá sau đang từ 4.4 tỷ xuống còn 4.15 tỷ bán đất tặng nhà nát, tiện xây dựng mới, làm kho xưởng, xây nhà trọ , gần khu công nghiệp nhiều công ty, công nhân đông đúc, gần trường học, chợ,....","23,71 triệu/m2",Hoàn thiện cơ bản,94 m²,Tây Nam,Chung cư,Mặt tiền,Mặt bằng kinh doanh
10,,"Bán MT Hoàng Hữu Nam, Long Thạnh Mỹ, Quận 9. 516m2",3 phòng,A2,Đã có sổ,Căn góc,Chưa bàn giao,10,Đất thổ cư,400 m²,10,3,40.6 m,- 516 m2,"Đường Hoàng Hữu Nam, Phường Long Thạnh Mỹ, Quận 9, Tp Hồ Chí Minh",12.7 m,4 phòng,"36,12 tỷ- 516 m2",Bắc,"Nhà ngõ, hẻm",516 m2,"👉Bán Mặt Tiền Hoàng Hữu Nam - P. Long Thạnh Mỹ, Q. 9, khu vực trung tâm sầm uất, tiện kinh doanh buôn bán đa ngành nghề...
— Diện tích: 516m2, MT ngang 12,7m
— Giá bán: 70tr/m cho thổ cư",70 triệu/m2,Hoàn thiện cơ bản,94 m²,Tây,Chung cư,Nở hậu,Mặt bằng kinh doanh
10,,"Bán Vườn Mít 19,2x57m TP Ngã Bảy, Giá: 395 triệu",3 phòng,A2,Đã có sổ,Căn góc,Chưa bàn giao,10,Đất nông nghiệp,400 m²,10,3,57 m,- 1.000 m2,"petong, Xã Hiệp Lợi, Thị xã Ngã Bảy, Hậu Giang",19.2 m,4 phòng,395 triệu- 1.000 m2,Bắc,"Nhà ngõ, hẻm",1000 m2,"ĐC: KV Láng Sen A, P Hiệp Lợi, TP Ngã Bảy, Hậu Giang.
DT: 19,2x57m
Bán 1 công mít đang cho trái, đất cao ráo, mua xong là có thu hoạch liền. khách hàng ở xa mua có thể cho thuê vườn lại ( bán mít lá ) thu nhập rất cao. mua ở hay đầu tư đều ngon.( đầu tư BĐS giá rẻ mà lại có thu nhập hàng tháng + giá tăng BĐS )
Giá: 395 triệu.
Tiếp người thiện chí",395.000 đ/m2,Hoàn thiện cơ bản,94 m²,Tây,Chung cư,Mặt tiền,Mặt bằng kinh doanh
10,,Cần bán Chung cư Blue House Nại Hiên Đông Sơn Trà,2 phòng,A2,Đã có sổ,Căn góc,Đã bàn giao,10,Đất nông nghiệp,51.2 m²,10,3,57 m,- 51.2 m2,"Đường Dương Lâm, Phường Nại Hiên Đông, Quận Sơn Trà, Đà Nẵng",19.2 m,1 phòng,"1,28 tỷ- 51.2 m2",Bắc,"Nhà ngõ, hẻm",1000 m2,"Dự án: Chung Cư Blue House
Thông tin chi tiết: ❤Bán nhà chung cư Blue House Nại Hiên Đông Sơn Trà
👉Dt đất : 51,2 m2
👉Công năng : 2 phòng ngủ ,bếp ,1 wc ,Phòng khách và để lại ít nội thất 
👉Nhà gần chợ ,trường học, khu vực an ninh và dân trí cao
👉Giá : 1.280.000.000 đã có sổ có thể sang tên","25,1 triệu/m²",Hoàn thiện cơ bản,94 m²,Đông Nam,Chung cư,Mặt tiền,Mặt bằng kinh doanh
10,,LẠC LONG QUÂN-VÀO Ở NGAY-35Mx5T-SỔ CC-3.55 TỶ,3 phòng,A2,Đã có sổ,Căn góc,Đã bàn giao,10,Đất nông nghiệp,51.2 m²,10,3,8 m,- 35 m2,"Đường Lạc Long Quân, Phường Bưởi, Quận Tây Hồ, Hà Nội",4 m,3 phòng,"3,55 tỷ- 35 m2",Bắc,"Nhà ngõ, hẻm",35 m²,"📌 Vị trí cực đẹp tại đường Lạc Long Quân. Cách mặt hồ tây vài phút chạy bộ. Khu sầm uất nhất chục đường Lạc Long Quân. Để ở hay cho thuê cũng cực tốt với mức giá 3.55 tỷ.

🩸 Sổ đỏ chính chủ, Vuông thành sắc cạnh. Mặt tiền rộng 3.5m. 

♦️ Thiết kế hiện đại. 
+ Tầng 1: Để xe, phòng khách, bếp, wc.
+ Tầng 2-3-4: Mỗi tầng 1 phòng ngủ 1 wc. 
+ Tầng 5: Phòng thờ, sân phơi, wc.

-------- ẢNH THẬT 100%-----

☎️☎️☎️ Xem nhà","101,43 triệu/m²",Hoàn thiện cơ bản,175 m²,Đông Nam,Chung cư,Nở hậu,Mặt bằng kinh doanh
10,,Đất Thị xã Đồng Xoài 300m² Chính chủ thổ cư 100%,3 phòng,A2,Đã có sổ,Căn góc,Đã bàn giao,10,Đất nông nghiệp,51.2 m²,10,3,8 m,- 300 m2,"Đường ĐT 753, Phường Tân Xuân, Thành phố Đồng Xoài, Bình Phước",4 m,3 phòng,300 triệu- 300 m2,Bắc,"Nhà ngõ, hẻm",300 m²,"Đất gần ngã tư Đồng Xoài, diện tích 100 - 350m2, thổ cư 100%, giá 270 - 550tr, SHR, LH tôi.

Thông tin mô tả.
- Vị trí: Nằm trên đường ĐT 753, cách TTTP Đồng Xoài 4km.

- Diện tích 100m2 (5x20m), 200m2 (10x20m), 300m2 (10x30m) 100% thổ cư.

- Đường nhựa 13m, điện, nước, cơ sở hạ tầng đầy đủ.

- Giá 270tr - 550tr tùy diện tích.

- Mua 3 nền chiết khấu 1.5% và tặng 2 chỉ vàng mỗi lô.

- Nằm giữa 3 KCN Bắc Đồng Phú, KCN Nam Đồng Phú, KCN Hà Mỵ.

- Xung quanh có chợ, trường học, bệnh viện, TT thương mại, siêu thị...

- Hỗ trợ ngân hàng từ 50% đến 70%.",1 triệu/m²,Hoàn thiện cơ bản,175 m²,Đông Nam,Chung cư,Nở hậu,Mặt bằng kinh doanh
10,,MỞ BÁN CĂN HỘ CHUNG CƯ LƯƠNG KHÁNH THIỆN 30-50M2,1 phòng,A2,Đã có sổ,Căn góc,Chưa bàn giao,10,Đất nông nghiệp,36 m²,10,3,8 m,- 36 m2,"Đường Lương Khánh Thiện, Phường Tân Mai, Quận Hoàng Mai, Hà Nội",4 m,1 phòng,600 triệu- 36 m2,Đông Bắc,"Nhà ngõ, hẻm",300 m²,"Dự án: CHUNG CƯ MINI LƯƠNG KHÁNH THIỆN.
 Thông tin chi tiết: CHỦ ĐẦU TƯ MỞ BÁN CĂN HỘ CHUNG CƯ MINI LƯƠNG KHÁNH THIỆN - TÂN MAI

Ô TÔ ĐỖ CỬA - NHẬN NHÀ Ở NGAY - ĐẦY ĐỦ NỘI THẤT

GẦN CÁC TRƯỜNG ĐẠI HỌC BÁCH KHAO KINH TẾ XÂY DỰNG - GẦN BẾN XE GIÁP BÁT

- Tòa chung cư được xây dựng với quy mô 7 tầng, 1 tầng để xe, có hệ thống thang bộ, thang máy, phòng cháy chữa cháy đầy đủ theo quy định.

- Các căn hộ được thiết kế thông minh, tối ưu hóa công năng sử dụng, có phòng ngủ, phòng khách, vệ sinh và ban công riêng biệt với đa dạng 

Diện tích: 30 - 35 - 45 - 48 - 50m2

Giá bán:

- Căn 30 - 35 m2 thiết kế 1 phòng ngủ giá 550 - 650 triệu/căn

- Căn 43 - 45 - 46 - 48m2 thiết kế 2 phòng ngủ giá 800 - 900 - 950 triệu/căn

Khách hàng mua bán ký hợp đồng trực tiếp với CĐT, giấy tờ pháp lý minh bạch, rõ ràng, cam kết tách sổ

Khách hàng mua bán nhanh hưởng chiết khấu lên tới 50 TRIỆU

***LIÊN HỆ TRỰC TIẾP CHỦ ĐẦU TƯ SĐT BÊN DƯỚI ĐỂ ĐƯỢC TƯ VẤN..","16,67 triệu/m²",Nội thất đầy đủ,175 m²,Nam,Chung cư,Nở hậu,Mặt bằng kinh doanh
10,,Nhà mặt tiền Cách mạng tháng 8,nhiều hơn 10 phòng,A2,Đã có sổ,Căn góc,Chưa bàn giao,10,Đất nông nghiệp,36 m²,10,3,8 m,- 129 m2,"Đường Cách Mạng Tháng Tám, Phường An Thới, Quận Bình Thuỷ, Cần Thơ",4 m,Nhiều hơn 6 phòng,25 tỷ- 129 m2,Đông Bắc,"Nhà mặt phố, mặt tiền",129 m²,"☘Nhà mặt tiền trệt 4 lầu CMT8🍀

* Diện tích: 7.2*21.2 = 129m²
* DTSD: 632 m²
* Có 14 phòng, 1 sân rộng để xe, bếp WC...
* Gần trường Cao đẳng nghề, Sát bên trường cảnh sát nhân dân III, lộ lớn, dân cư đông đúc, nhà góc mặt tiền CMT8 và mặt tiền hẻm thoáng mát, phù hợp kinh doanh đa ngành nghề
Giá: 25 tỷ","193,8 triệu/m²",Nội thất đầy đủ,632 m²,Nam,Chung cư,Nở hậu,Mặt bằng kinh doanh
10,,"SIÊU HỜI: nhà Minh Khai 30m2 5tầng gần phố 3,2tỷ",4 phòng,A2,Đã có sổ,Căn góc,Chưa bàn giao,10,Đất nông nghiệp,36 m²,10,3,8 m,- 30 m2,"đường Minh Khai, Phường Minh Khai, Quận Hai Bà Trưng, Hà Nội",4 m,Nhiều hơn 6 phòng,"3,2 tỷ- 30 m2",Đông Bắc,"Nhà ngõ, hẻm",30 m²,"Bán nhà: Minh Khai diện tích 30m2, 5tầng, mặt tiền 4,2m.
XÂY MỚI- MẶT NGÕ- GẦN PHỐ- LÔ GÓC- KINH DOANH NHỎ
Minh Khai 31 5 4,4 3,2 QHBT 3DEN6
* Mô tả:
- Ngõ 2.5m. Nhà cách phố 80m, 3 rẽ đến nhà.
- Nhà xây mới, 3 mặt thoáng.
- Thiết kế nhà:
+ Tầng 1: phòng khách, bếp, vs.
+ Tầng 2,3,4: mỗi tầng 1 phòng 1vs.
+ Tầng 5: 1 phòng, 1 sân phơi.
- Nhà phù hợp để ở, làm văn phòng, kinh doanh nhỏ như tạp hóa, cắt tóc, gội đầu...
-giá 3,3tỷ( có thương lượng)
- liên hệ Phương thổ cư( phục vụ miễn phí tất cả khi chốt nhà…)","106,67 triệu/m²",Nội thất đầy đủ,632 m²,Nam,Chung cư,Nở hậu,Mặt bằng kinh doanh
10,,"Đất có sổ đo 100m( 5*20) Tân Tiến, an dương, hp",4 phòng,A2,Đã có sổ,Căn góc,Chưa bàn giao,10,Đất thổ cư,36 m²,10,3,20 m,- 100 m2,"đường 3, Xã Tân Tiến, Huyện An Dương, Hải Phòng",5 m,Nhiều hơn 6 phòng,880 triệu- 100 m2,Đông Bắc,"Nhà ngõ, hẻm",100 m2,"Gần trường, gần chợ, gần 3 khu công Nghiệp, cách trung tâm thành phố 8 km","8,8 triệu/m2",Nội thất đầy đủ,632 m²,Tây,Chung cư,Mặt tiền,Mặt bằng kinh doanh
10,,"Bán nhà 63m2 Bùi Xương Trạch,Q.Thanh Xuân giá 4tỷ",3 phòng,A2,Đã có sổ,Căn góc,Chưa bàn giao,10,Đất thổ cư,36 m²,10,3,6.7 m,- 63 m2,"Đường Bùi Xương Trạch, Phường Khương Trung, Quận Thanh Xuân, Hà Nội",9.4 m,3 phòng,4 tỷ- 63 m2,Đông Bắc,"Nhà ngõ, hẻm",63 m²,"Diện tích 63 x 3 tầng, mặt tiền 9.4m
Nhà cũ mặt tiền rất rộng ô tô 4 chỗ đỗ cửa, nhà chia đôi 1 bên đã xây 3 tầng và đang cho thuê, nối liền với nhà cấp 4, khu đông dân cư, an ninh tốt. Quanh nhà nhiều tiện ích như chợ, trường học các cấp. Chỉ vài bước chân ra phố Bùi Xương Trạch, vài phút ra đường Nguyễn Trãi, Định Công, Vũ Tông Phan… 
Giá: 4 tỷ - có gia lộc
Liên hệ: Ms Diệp – An Địa Phúc","63,49 triệu/m²",Nội thất đầy đủ,63 m²,Đông,Chung cư,Mặt tiền,Mặt bằng kinh doanh
10,,Nhà chính chủ hẻm 10 đường Hồ Bá Phấn Phước Long A,4 phòng,A2,Đã có sổ,Căn góc,Chưa bàn giao,10,Đất thổ cư,36 m²,10,3,14 m,- 60 m2,"Đường Hồ Bá Phấn, Phường Phước Long A, Quận 9, Tp Hồ Chí Minh",4.5 m,3 phòng,"6,5 tỷ- 60 m2",Đông Bắc,"Nhà ngõ, hẻm",60 m²,"Bán nhà trệt 2 lầu sân thượng , hẻm xe hơi 🚗 Đường Hồ Bá Phấn P. Phước Long A quận 9. gần Tây Hoà.
- Dt: 4,5 x 14m công nhận 58m. diện tích sàn 255m.
- Gồm 4pn , 3 WC , sân thượng , kho 
- Nhà xây ở kiên cố.
- Sổ hồng hoàn công.
- Hướng Tây 
Giá: 6,5tỷ
Liên Hệ Chính Chủ :","108,33 triệu/m²",Nội thất cao cấp,255 m²,Tây Bắc,Chung cư,Hẻm xe hơi,Mặt bằng kinh doanh
10,,Nhà 3 tầng,3 phòng,A2,Đã có sổ,Căn góc,Chưa bàn giao,10,Đất thổ cư,36 m²,10,3,18 m,- 90 m2,"Đường Lê Văn Tâm, Phường Khuê Mỹ, Quận Ngũ Hành Sơn, Đà Nẵng",5 m,3 phòng,"4,8 tỷ- 90 m2",Đông Bắc,"Nhà mặt phố, mặt tiền",90 m²,"Dự án: Khu đô thị hoà Hải .
 Thông tin chi tiết: Nhà ba tầng thiết kế hiện đại 
Mặt tiền đường 7,5m 
Cần bán","53,33 triệu/m²",Nội thất cao cấp,90 m²,Tây Bắc,Chung cư,Hẻm xe hơi,Mặt bằng kinh doanh
10,,"Nhà MẶT TIỀN VẠN XUÂN cách ngã tư chợ 350m: 4,1×16",2 phòng,A2,Đã có sổ,Căn góc,Chưa bàn giao,10,Đất thổ cư,36 m²,10,3,16 m,- 70 m2,"Đường Vạn Xuân, Phường Tân Thành, Thành phố Buôn Ma Thuột, Đắk Lắk",4 m,1 phòng,"1,65 tỷ- 70 m2",Đông Bắc,"Nhà mặt phố, mặt tiền",70 m²,"chủ cần bán nhanh TRƯỚC TẾT căn nhà cấp 4, 2 phòng ngủ, có một gác nhỏ, tọa lạc tại mặt tiền KINH DOANH đường VẠN XUÂN, cách ngã tư CHỢ MAI HẮC ĐẾ, BÁCH HÓA XANH, VINMAT đúng 350m, 

💥diện tích: 4,1×16
💥thổ cư : 100%

🌈GIÁ CHỈ: 1,65 tỷ ( thương lượng với chủ đẹp trai)

🌊nhà thiết kế cơ bản, gồm sân ÔTÔ, phòng khách liền kề bếp, phòng ngủ dưới và trên gác,, 
🌊lợi thế nhỏ là mặt tiền và nơi thiết kế sân ôtô rộng 5,2m
🌊mặt tiền đường nhựa CHÍNH rộng 16m, khu vực có nhiều tuyến đường hẻm cấp 1, nên dân cư tập chung đông đúc, tiềm năng cho buôn bán

quý anh chị THỰC SỰ có thiện chí thì em xin dẫn đi tham khảo","23,57 triệu/m²",Nội thất cao cấp,70 m²,Tây Bắc,Chung cư,Hẻm xe hơi,Mặt bằng kinh doanh
10,,"💥Nhà Mới TC 6*17m,hẻm Tây Sơn,gần Mai Hắc Đế,Hỗ T",2 phòng,A2,Đã có sổ,Căn góc,Chưa bàn giao,10,Đất thổ cư,36 m²,10,3,16 m,- 102 m2,"tây sơn, Phường Tân Thành, Thành phố Buôn Ma Thuột, Đắk Lắk",4 m,2 phòng,"1,58 tỷ- 102 m2",Đông Bắc,"Nhà ngõ, hẻm",102 m²,"💥Nhà Mới TC 6*17m,hẻm Tây Sơn,gần Mai Hắc Đế,Hỗ Trợ Vay,nhiều lô xung quanh

📞 Liên hệ: A Khoa 

Nhà 2 mặt tiền trước sau.
Nhà vị trí gần chợ mai Hắc Đế,
Thế đất bằng phẳng,dân cư đông đúc
Đất Gần chợ Mai Hắc Đế, Siêu thị Vinmast, BÁCH HÓA XANH
Gần các trường Mẫu giáo, cấp 1,2,3 đại học, cao đẵng... bán kính 1 km
Đường thông thoáng,đi ra Trung tâm Thành Phố, .
Đường rộng rãi xe oto di chuyển tốt
👉Nhà bao gồm,1 phóng khách,2 phòng ngủ,bếp,2 wc,phòng Thờ,sân bán tải
Đặc biệt:
*Thích hợp để ở,định cư lâu dài.
🏠Diện tích : 6*17m
🏠Hướng :Nam
🏠Pháp lý : thổ cư 40m2
🏠Giá : 1 tỷ 580tr
💥
🏡Nhà TC 100% Đông,5*22m,giá 1 tỷ 550tr,hẻm 40 vạn xuân
🌳Lô TC 5*26m,Đông,giá 1 tỷ 100tr,hẻm 115 Vạn Xuân
xuân
🌳Lô TC 5*50m,Tây,giá 1 tỷ 200tr,hẻm 165 Vạn Xuân,thông vành đai
🌳Lô TC 5*26m,Đông Nam,giá 920tr,hẻm Phùng Hưng gần chợ Đê
🌳Lô TC 5*20m,Đông Nam,giá 1 tỷ 450tr,Phùng Hưng gần chợ Đê
🌳Lô C4 TC 7*26 1 tỷ 450tr phùng hưng ngay vạn xuân.gía 1 ty 450tr
🌳Lô B5 TC 5*24m,Nam giá 920tr ,Thành Đồng Vạn Xuân
🌳Lô B9 TC 5*24m,Nam giá 1 tỷ 070tr ,Thành Đồng Vạn Xuân
🌳Lô TC C2 5*27m,Tây,giá 1 tỷ 350tr,QH đg còn dài 5*22m,mặt tiền Phùng Hưng,Thành Đồng Vạn Xuân
🌳Lô TC 2 mặt tiền C4 7*26m,Tây,giá 1 tỷ 450tr,mặt tiền Phùng Hưng,Thành Đồng Vạn Xuân
🌳Lô góc 2 mặt tiền 5*22m,Đông, giá 1tỷ 200trThành Đồng Vạn Xuân
🌳Lô TC 40m2 Tây, 5*50m,,giá 1 tỷ 200,,hẻm 167 Vạn Xuân thông vành đ","15,49 triệu/m²",Nội thất cao cấp,70 m²,Đông,Chung cư,Hẻm xe hơi,Mặt bằng kinh doanh
10,,CHÍNH CHỦ BÁN NỀN D7 TIỂU DỰ ÁN NHI ĐỒNG 5X11 LG6M,2 phòng,A2,Đang chờ sổ,Căn góc,Chưa bàn giao,10,Đất thổ cư,36 m²,10,3,11 m,- 56 m2,"D7 TIỂU DỰ ÁN NHI ĐỒNG, Đường Nguyễn Văn Cừ, Phường Bình Thủy, Quận Bình Thuỷ, Cần Thơ",5 m,2 phòng,"1,49 tỷ- 56 m2",Đông Bắc,"Nhà ngõ, hẻm",56 m2,"BÁN NỀN D7-30 TIỂU DỰ ÁN NHI ĐỒNG, ĐỐI DIỆN BV NHI ĐỒNG CẦN THƠ , NGUYỄN VĂN CỪ. 
--------------------------------------------------------------
💲Giá chỉ 1 tỷ 490 (thương lượng) 
_DT: 5m x 11m, TDT: 56m2 ODT. 
_Lộ giới: Lộ nhựa 4m + Lề 2m. 
_Hướng: Đông Nam
_Pháp lý: Biên bản giao nền TĐC Tiểu dự án Nhi Đồng.
_Liên hệ (zalo) Chính Chủ.","26,61 triệu/m2",Nội thất cao cấp,70 m²,Đông Nam,Chung cư,Hẻm xe hơi,Mặt bằng kinh doanh
10,,Bán Nhà Kiệt Tiểu La,4 phòng,A2,Đã có sổ,Căn góc,Chưa bàn giao,10,Đất thổ cư,36 m²,10,3,20.2 m,- 105 m2,"K141 H10/12, Đường Tiểu La, Phường Hòa Cường Bắc, Quận Hải Châu, Đà Nẵng",5.2 m,3 phòng,"4,6 tỷ- 105 m2",Đông Bắc,"Nhà ngõ, hẻm",105 m²,"Chính chủ cần bán nhà kiệt tiểu la , nhà cách kiệt ô tô 30 m ,An ninh miễn bàn ,nhà đầy đủ công năng gồm 4 P ngủ ,3WC , 1 P khách rất lớn , Sân Phơi rộng , để lại toàn bộ nội thất ,giá có thương lượng","43,81 triệu/m²",Nội thất đầy đủ,240 m²,Đông Nam,Chung cư,Nở hậu,Mặt bằng kinh doanh
10,,Chung cư Cầu Giấy. 94m2. Đẹp lung linh. Xem ngay,2 phòng,A2,Đã có sổ,Căn góc,Đã bàn giao,10,Đất thổ cư,94 m²,10,3,20.2 m,- 94 m2,"Đường Thành Thái, Phường Dịch Vọng, Quận Cầu Giấy, Hà Nội",5.2 m,2 phòng,"2,85 tỷ- 94 m2",Tây Bắc,"Nhà ngõ, hẻm",105 m²,"✅ Căn hộ 2 ngủ, 2 wc, Thành Thái, 94m2, nhỉnh 2,8 tỷ. Đẹp lung linh. Xem ngay!!!

📌 Mô tả:
- Diện tích: 94,2 m2, gồm 2 PN , 2 WC, PK, BC .
- Nội thất, thiết bị vệ sinh nhập khẩu.
- Cửa vào hướng Đông Nam, ban công thoáng view công viên Cầu Giấy.

📌 Ưu điểm:
- Tầng đẹp, vị trí Trung tâm Cầu Giấy, thuận tiện đi lại
- Nằm trong khu an ninh tốt, dân trí cao, cán bộ chiến sỹ ở
- Phòng ngủ đều có cửa sổ nên rất thoáng.
- Phòng khách rộng rãi, trang trọng.
- Giá chưa đến 30tr/m2 (Các tòa cùng khu vực > 33tr/m2)

📌 Tiện ích:
- Có tầng hầm để xe máy, ô tô.
- Tầng 1 có vườn hoa và sân chơi, nhà trẻ, siêu thị, chợ, nhà hàng...
- Nhà gần trường cấp 1, 2, 3 Quốc tế và các trường đại học như ĐH Quốc Gia, ĐH Sư phạm, HV Báo chí...
- Cách CV Cầu Giấy 50m, CV Nghĩa Đô 500m.

👉 Giá bán: 2.85 tỷ (Có thương lượng)
☎️ Liên hệ ngay: 091 86 83 288","30,32 triệu/m²",Nội thất cao cấp,240 m²,Đông Nam,Chung cư,Nở hậu,Mặt bằng kinh doanh
10,,Chỉ 300tr Sở hữu ngay căn hộ Cao Cấp Tại BìnhDương,1 phòng,Rigel,Giấy tờ khác,Căn góc,Chưa bàn giao,10,Đất thổ cư,55 m²,10,3,20.2 m,- 55 m2,"Quốc lộ 13, Phường Lái Thiêu, Thị xã Thuận An, Bình Dương",5.2 m,1 phòng,"1,79 tỷ- 55 m2",Tây Bắc,"Nhà ngõ, hẻm",105 m²,"Dự án: Astral City Bình Dương, Quốc Lộ 13, Lái thiêu, Thuận An.
 Thông tin chi tiết: 💥💥Chỉ 300tr Sở hữu ngay căn hộ Cao Cấp Tại Đại Lộ Bình Dương , Liền kề Bệnh Viện Becamex, trường học các cấp
🌞Chiết Khấu cực cao từ 3% - 12% 
🌞Tặng 1 chỉ Vàng cho 10 KH đầu tiên
👉 Tiềm năng sinh lời Cực Cao 👈
🌟Toạ lạc ở Quốc Lộ 13, dễ dàng kết nối giao thông các tuyến QL1A, QL1k, DT 743 và mất 5 phút đến Aeon Mall Bình Dương, Lotte mart Bình Dương
🌟Tận dụng tối đa diện ích, dễ dàng kết nối Trung tâm Thành phố, Sân bay Quốc Tế..
🌟Nằm trong hệ thống cảnh quan không giới hạn cùng với các tiện ích nội khu như Sky bar, hồ bơi vô cực và 4 trung tâm thương mại..
🌟Thiết kế Sang Trọng 
Ngân hàng hỗ trợ vây lên đến 70% trong 20 năm với lãi suất ưu đãi 0% 
Liên hệ: (NVKD) nhận ngay quà tặng 1 chỉ vàng 9999","32,55 triệu/m²",Nội thất cao cấp,240 m²,Đông Nam,Chung cư,Nở hậu,Mặt bằng kinh doanh
10,,Cần bán nhà cấp 4 Tân Phước Khánh - 100m2 950tr,2 phòng,Rigel,Đã có sổ,Căn góc,Chưa bàn giao,10,Đất thổ cư,55 m²,10,3,20 m,- 100 m2,"Đường Võ Thị Sáu, Phường Tân Phước Khánh, Thị xã Tân Uyên, Bình Dương",5 m,1 phòng,950 triệu- 100 m2,Tây Bắc,"Nhà mặt phố, mặt tiền",100 m²,"Cần bán nhanh nhà cấp 4 ở Tân Phước Khánh 
- Nhà mặt tiền 16m .
- 100m2 giá 950Tr. 
- Nằm trong khu dân cư đông dân, an ninh. 
- Cách chợ 600m.
Vui lòng liên hệ để xem nhà trực tiếp các ngày trong tuần.","9,5 triệu/m²",Hoàn thiện cơ bản,70 m²,Đông Nam,Chung cư,Nở hậu,Mặt bằng kinh doanh
10,,VỠ NỢ BÁN GẤP CĂN NHÀ SỔ RIÊNG TP.BIÊN HOÀ GIÁ BÈO,2 phòng,Rigel,Đã có sổ,Căn góc,Chưa bàn giao,10,Đất thổ cư,55 m²,10,2,20 m,- 40 m2,"Đường Nguyễn Văn Tỏ, Phường Long Bình Tân, Thành phố Biên Hòa, Đồng Nai",5 m,1 phòng,915 triệu- 40 m2,Tây Bắc,"Nhà ngõ, hẻm",40 m²,"Tôi có căn nhà sổ riêng thổ cư 100%, vào ở ngay, muốn hạ giá để bán trong đợt này lo tiền hàng dịp tết.

vị trí: cách chợ 500m, cách big c 900m, cách đường trục chính 50m, cạnh ngay khu công nghiệp BIÊN HOÀ 1 và 2.

Đi về khu công nghệ cao mất 15p, đi về ngã 4 thủ đức 20p, sắp tới tuyển metro tàu đường sắt khởi công thì sẽ tiện hơn nữa

- có sổ riêng thổ cư 100% vay được ngân hàng 70%, hỗ trợ cho ký 3 bên nên ai mua chỉ cần 300tr là mua được rồi

- nhà mới tinh, có 2 phòng ngủ, 1 phòng khách, bếp, nhà vệ sinh, tất cả đều mới như trong hình

 Giá trước tôi bán 980tr nay cần tiền bán 915tr tôi thu về có thương lượng nhẹ cho khách thiện chí, xung quanh nếu đất có đường oto cũng bán 2,5 ty rồi nên các ai mua đừng so sánh nhé, với giá rẻ mà có nhà đẹp và có sổ sang tay, tôi cần tiền nên bán, rất mong ai thiện chí mua bán nhanh sẽ có giảm lộc. ai có nhu cầu gọi trực tiếp VÀ XEM NHÀ nhé, chứ nhắn tin tôi ít đọc. 
xin cảm ơn chotot đã duyệt và đăng tin.","22,88 triệu/m²",Hoàn thiện cơ bản,60 m²,Đông Nam,Chung cư,Nở hậu,Mặt bằng kinh doanh
10,,Nhà Nguyễn Khang 35m2 5 tầng Ô tô đỗ cửa,4 phòng,Rigel,Đã có sổ,Căn góc,Chưa bàn giao,10,Đất thổ cư,55 m²,10,5,20 m,- 35 m2,"Đường Nguyễn Khang, Phường Trung Hoà, Quận Cầu Giấy, Hà Nội",3.5 m,1 phòng,"6,1 tỷ- 35 m2",Tây Bắc,"Nhà ngõ, hẻm",35 m²,"Bán Nhà, đường Nguyễn Khang,Q. Cầu Giấy, DT 35m2 x 5 tầng, MT 3.5 m. 50m ra Phố, Ô tô đỗ cửa - Kinh doanh

*** Chủ nhà cần bán trước tết ***
+ Địa chỉ: Đường Nguyễn Khang
+ Diện tích: 35 m2
+ MT : 3.5 m
+ Số tầng: 5
+ Số phòng: 4
+ đường trước nhà: Ô tô đỗ cửa
+ Phù hợp : Ở + cho thuê 
+ Vị trí: Đắc địa, 50m ra mặt phố , nhà đẹp, chắc chắn, 
+Sổ vuông đẹp, Mặt ngõ Kinh doanh 
+Khu vực dân trí cao, ngõ thông Nguyễn Ngọc Vũ, Nguyễn Thị Định, Trần Duy Hưng,....
+ Giá 6.1 tỷ ( Có gia lộc ) 
Pháp lý: Sổ đỏ chính chủ, pháp lý rõ ràng, sẵn sàng giao dịch.
Liên hệ Vũ Minh để được tư vấn và đi xem nhà.","174,29 triệu/m²",Hoàn thiện cơ bản,35 m²,Đông Nam,Chung cư,Hẻm xe hơi,Mặt bằng kinh doanh
10,,Tôi chính chủ cần tiền bán nhanh đất giá rẻ,4 phòng,Rigel,Đã có sổ,Căn góc,Chưa bàn giao,10,Đất thổ cư,55 m²,10,5,189 m,- 938 m2,"Đường 577, Xã Trung Lập Hạ, Huyện Củ Chi, Tp Hồ Chí Minh",5 m,1 phòng,"1,2 tỷ- 938 m2",Tây Bắc,"Nhà ngõ, hẻm",938 m2,"Dự án: Tôi chính chủ cần tiền có việc nên bán gấp đất mặt tiền nhựa 577 xã Trung Lập giá rẻ.
 Thông tin chi tiết: Tôi kẹt tiền bán nhanh đất mặt tiền nhựa 577 xã Trug Lập Hạ
quy hoạch khu dân cư , đường thông suốt, đường nhựa
Gía bán nhanh trong 10 ngày 1ty200 lh tôi chính chủ xem đất làm việc sớm","1,28 triệu/m2",Hoàn thiện cơ bản,35 m²,Đông Nam,Chung cư,Mặt tiền,Mặt bằng kinh doanh
10,,Cần bán dãy trọ hẻm Phước Long hện trạng 12 phòng,nhiều hơn 10 phòng,Rigel,Đã có sổ,Căn góc,Chưa bàn giao,10,Đất thổ cư,55 m²,10,5,13.6 m,- 114.4 m2,"Đường Phước Long, Phường Phước Long, Thành phố Nha Trang, Khánh Hòa",8.4 m,Nhiều hơn 6 phòng,"3,1 tỷ- 114.4 m2",Tây Bắc,"Nhà ngõ, hẻm",114.4 m²,"Cần bán dãy trọ hẻm Phước Long hện trạng 12 phòng full doanh thu ổn định mùa dịch 20 triệu/ tháng giá bán 3,1 tỷ 
- Nhà Trọ 1 Trệt 1 lầu tầng trệt 7 phòng + bãi đậu xe, tầng 2 5 phòng 
- Diện Tích Ngan 8,4m Dài 13,7 m đường đi vào 2m mặt sau hẻm 1m
- Liên Hệ: xem sổ xem nhà thương lượng giá.","27,19 triệu/m²",Hoàn thiện cơ bản,124.4 m²,Đông,Chung cư,Mặt tiền,Mặt bằng kinh doanh
10,,Bán nhà3 tầng 53.9m ngọc lâm long biên.hơn 3ty,3 phòng,Rigel,Đã có sổ,Căn góc,Chưa bàn giao,10,Đất thổ cư,55 m²,10,5,13.6 m,- 53 m2,"Đường Ngọc Lâm, Phường Ngọc Lâm, Quận Long Biên, Hà Nội",8.4 m,3 phòng,"3,35 tỷ- 53 m2",Tây Bắc,"Nhà ngõ, hẻm",53 m²,"Bán nhà 3 tầng 1 tum, vị trí trung tâm đẹp hót.
1 phòng khách, 1 bếp.
3 phòng ngủ.
2 phòng vệ sinh.
1 phòng thờ và sân phơi.
Diện tích: 53.9m2. nở hậu
Rộng: 4.01m.
Dài: 13.10m.
Hướng chính: Bắc
Đường ngõ rộng: 2m, cách đường ô tô 20m
Gần chợ, gần trường, cách mặt phố Ngọc Lâm 150m, cách đường Nguyễn Văn Cừ, cách Mipec 200m, ra cầu Long Biên và Chương Dương rất gần, sang hồ Hoàn Kiếm 5 phút.
Giá bán: 3.35tỷ.
Địa chỉ: Tổ 7, P. Ngọc Lâm, Long Biên, Hà Nội.","63,21 triệu/m²",Hoàn thiện cơ bản,100 m²,Bắc,Chung cư,Mặt tiền,Mặt bằng kinh doanh
10,,"BÁN NHANH NHÀ QUẬN 9, ĐƯỜNG TÂN LẬP 2- 1.8TỶ-SHR",4 phòng,Rigel,Đã có sổ,Căn góc,Chưa bàn giao,10,Đất thổ cư,55 m²,10,5,13.6 m,- 60 m2,"Đường Tân Lập 2, Phường Hiệp Phú, Quận 9, Tp Hồ Chí Minh",8.4 m,3 phòng,"1,8 tỷ- 60 m2",Tây Bắc,"Nhà mặt phố, mặt tiền",60 m²,"Cần bán nhanh căn nhà đường Tân Lập 2 Phường Hiệp Phú, Quận 9 . 
Diện tích : 5 x 12 = 60 m2 , nhà trệt , 2 lầu , mái đúc . Gồm 4 phòng ngủ , 3 wc , sân thượng , ban công . 
Pháp lý : SỔ HỒNG RIÊNG 
Tiện ích: Nằm ngay khu dân cư, ngay ngã tư thủ đức, thuận tiện kinh doanh mua bán 
Hổ trợ vay ngân hàng
Liên hệ: Hiếu ( miễn tiếp cò lái )",30 triệu/m²,Hoàn thiện cơ bản,100 m²,Bắc,Chung cư,Mặt tiền,Mặt bằng kinh doanh
10,,NỀN 2331M MẶT TIỀN LỘ VÀ SÔNG,4 phòng,Rigel,Đã có sổ,Căn góc,Chưa bàn giao,10,Đất thổ cư,55 m²,10,5,90 m,- 2.331 m2,"Lộ Cái Chanh, Xã Đông Thạnh, Huyện Châu Thành, Hậu Giang",25 m,3 phòng,"4,25 tỷ- 2.331 m2",Tây Bắc,"Nhà mặt phố, mặt tiền",2331 m²,"Nền mặt tiền 25.5m, hậu 29m, dài 90m rất phù hợp xây biệt thự nhà vườn dành cho Quý khách nào muốn sống lân cận Cần Thơ chỉ có 10 phút chạy xe hơi là tới nền.
Địa chỉ:  Xã Đông Thạnh, Châu Thành, Hậu Giang (Bệnh viện số 10 vào 4km)
Diện tích: 2331m, trong đó có 200 thổ cư còn lại cây lâu năm
Hướng: Nam
Pháp lý: Sổ hồng
Lộ giới: Lộ nhựa 4m, xe hơi xe tải 5 tấn chạy vi vu, mặt tiền sông sà lan 300 tấn chạy được.
Giá: 4.25 tỷ, cam kết giá của chủ.

Nền đã bơm vào 3000 khối cát, mặt bằng đẹp cao bằng lộ, nền cách chợ Cái Chanh 800m, cách bệnh viện số 10 khoảng 4km, cách trung tâm Cần Thơ 10km.
Nền rất phù hợp xây dựng biệt thự nhà vườn, làm nhà nghỉ, nhà kho xưởng,…
Quý khách xem qua và nên quyết định sớm để có cơ hội sở hữu ngay mãnh đất đẹp.
Cảm ơn Quý khách đã xem qua","1,82 triệu/m²",Hoàn thiện cơ bản,100 m²,Nam,Chung cư,Mặt tiền,Mặt bằng kinh doanh
10,,NHÀ MỚI TOANH Sạch đẹp gần chợ Non nước,3 phòng,Rigel,Đã có sổ,Căn góc,Chưa bàn giao,10,Đất thổ cư,55 m²,10,5,90 m,- 138 m2,"Đường Quán Khái, Phường Hoà Hải, Quận Ngũ Hành Sơn, Đà Nẵng",25 m,3 phòng,"2,9 tỷ- 138 m2",Tây Bắc,"Nhà mặt phố, mặt tiền",138 m²,"Bán nhà 2 mê full nội thất,khu phố chợ non nước, hoà Hải Quận Ngũ hành Sơn 



Vị trí: nằm mặt tiền đường 5m5, khu phố chợ non nước, hoà Hải. Sát chợ, công viên, trường học, dân cư đông đúc, khu an ninh cao, rất thích hợp định cư lâu dài,..



Nhà 2 mê mới xây với công năng đầy đủ, gồm 2p ngủ, 2 toilét, sân phơi, phòng thờ, sân để xe rộng rãi. Nhà mới xây nên ko cần Sơn sửa, mua xong dọn vô ở liền.



Dt 67,5m2.



Hướng đông nam.



Đường nhựa 5m5


.
Lh xem nhà và chốt nhanh.","21,01 triệu/m²",Hoàn thiện cơ bản,100 m²,Nam,Chung cư,Mặt tiền,Mặt bằng kinh doanh
10,,"Chỉ 600tr nhận ngay nhà xây đẹp long lanh, gần Ôto",3 phòng,Rigel,Đã có sổ,Căn góc,Chưa bàn giao,10,Đất thổ cư,55 m²,10,5,90 m,- 32 m2,"Đường Vân Canh, Xã Vân Canh, Huyện Hoài Đức, Hà Nội",25 m,3 phòng,"1,8 tỷ- 32 m2",Tây Bắc,"Nhà ngõ, hẻm",32 m²,"Chính chủ bán nhà xây mới tại trung tâm Vân Canh.
- Chỉ trả trước khoảng 599 triệu là nhận ngay nhà xây mới 4 tầng, đủ nội thất cơ bản về ở ngay.
* Vị trí cực đẹp:
- Gần trường học, gần chợ, ngay trung tâm hành chính xã Vân Canh.
- Từ nhà ra đến điểm cuối đường Trịnh văn Bô đã thông xe chỉ khoảng 300m.
- Chỉ mất khoảng 10 phút là lên tới Mỹ Đình.
* Thiết kế:
- Xây mới 4 tầng mang phong cách hiện đại, công năng sử dụng tối ưu.
- Có 3 phòng ngủ rộng.
- Nhà có khoảng sân để xe và cây cảnh.
- Giá: 1,8 tỷ.[ có gia lộc cho khách thiện chí ]

- Sổ đỏ chính chủ (bao mọi chi phí sang tên).
- Hỗ trợ trả góp: Quý khách hàng chỉ cần trả trước 799 triệu là nhận nhà về ở ngay.

* Bảo hành chất lượng sản phẩm.
* Qúy khách có nhu cầu mua nhà vui lòng liên hệ trực tiếp để được xem và mua nhà chính chủ.
* BĐS Phương Nam Land: Trao uy tín - nhận niềm tin.



Không qua trung gian mua giới.","56,25 triệu/m²",Nội thất đầy đủ,100 m²,Nam,Chung cư,Nở hậu,Mặt bằng kinh doanh
10,,CH THE ART CHỈ 2.3 TỶ FULL NT KHÔNG GIAN YÊN TĨNH.,2 phòng,Rigel,Đã có sổ,Căn góc,Đã bàn giao,10,Đất thổ cư,66 m²,10,5,90 m,- 66 m2,"523A, 523A Đường Đỗ Xuân Hợp, Phường Phước Long B, Quận 9, Tp Hồ Chí Minh",25 m,2 phòng,"2,3 tỷ- 66 m2",Tây Bắc,"Nhà ngõ, hẻm",32 m²,"Thông tin CH:
DT 66m2 2PN 2WC nhà siêu đẹp sạch sẽ và thoáng mát.
Giá chỉ 2,15 tỷ NTCB, có căn full NT cho khách có nhu cầu chỉ 2.3 tỷ.

Tiện ích nội khu:
Có lẽ hiếm có dự án nào mà phần thiết kế được nhà đầu tư chăm chút kỹ lưỡng và đặt lên hàng đầu như thế, cho dù là từng chi tiết nhỏ cũng lột tả được sự tiện ích và tính chuẩn xác. Có các tiện ích như công viên, hồ bơi, sân tennis, khu vực BBQ ngoài trời... Và còn rất nhiều tiện ích.

Tiện ích xung quanh dự án:
Trường cấp 1, 2 Phước Bình.
Trường THPT Phước Long.
Trường ĐH và CĐ.
Chợ Phước Bình, Phước Long.
Đối diện khu Thể dục thể thao Rạch Chiếc.
Bệnh viện quận 9.
Nhà thờ Tân Đức, chùa Thiên Minh.
Đối diện UBND phường Phước Bình.

Nh hỗ trợ vay: MB Bank, Vietin bank, vietcom bank, ab bank...
Lãi suất trung bình 8.5%/1 năm.","34,85 triệu/m²",Nội thất đầy đủ,100 m²,Nam,Chung cư,Nở hậu,Mặt bằng kinh doanh
10,,"Bán đất trồng cây hàng năm xã Hòa Ninh, Đà nẵng.",2 phòng,Rigel,Đã có sổ,Căn góc,Đã bàn giao,10,Đất thổ cư,66 m²,10,5,90 m,- 2.700 m2,"Đường ĐT 602, Xã Hòa Ninh, Huyện Hòa Vang, Đà Nẵng",25 m,2 phòng,850 triệu- 2.700 m2,Tây Bắc,"Nhà ngõ, hẻm",2700 m2,". Bán đất trồng cây hàng năm, xã Hòa Ninh, Đà Nẵng
. gần vườn rau sạch hào ninh
. dt: 2700m, có 950m trong sổ
. 2 mặt tiền đường bê tông
. giá: 850 triệu",314.814 đ/m2,Nội thất đầy đủ,100 m²,Nam,Chung cư,Mặt tiền,Mặt bằng kinh doanh
10,,BÁN ĐẤT KHU 372 NGUYỄN VĂN LINH DN,2 phòng,Rigel,Đã có sổ,Căn góc,Đã bàn giao,10,Đất thổ cư,66 m²,10,5,20 m,- 100 m2,"372, Đường Nguyễn Văn Linh, Phường Hòa Thuận Đông, Quận Hải Châu, Đà Nẵng",5 m,2 phòng,"5,9 tỷ- 100 m2",Tây Bắc,"Nhà ngõ, hẻm",100 m2,"BÁN ĐẤT KHU 372 NGUYỄN VĂN LINH DN 
• DTĐ: 100m2, hướng ĐÔNG NAM, đường 7.5m
• Giá bán: 5.9 tỷ 

BÁN ĐẤT KHU 372 NGUYỄN VĂN LINH DN 
• DTĐ: 100m2, hướng ĐÔNG NAM, đường 7.5m
• Giá bán: 5.9 tỷ",59 triệu/m2,Nội thất đầy đủ,100 m²,Đông Nam,Chung cư,Mặt tiền,Mặt bằng kinh doanh
10,,"Nhà mới đẹp,Phúc Lợi- LB, 34m, 5T,MT4.5,chỉ 2.15tỷ",3 phòng,Rigel,Đã có sổ,Căn góc,Đã bàn giao,10,Đất thổ cư,66 m²,10,5,20 m,- 34 m2,"Đường Phúc Lợi, Phường Phúc Lợi, Quận Long Biên, Hà Nội",4.5 m,4 phòng,"2,15 tỷ- 34 m2",Tây Bắc,"Nhà mặt phố, mặt tiền",34 m²,"Nhà mới cực đẹp 34m2, mặt tiền rộng 4.5m. Xây 5 tầng chắc chắn. Oto đỗ cửa.
- thiết kế công năng cực kỳ hợp lý
- ban công cảnh quan rộng đẹp tha hồ ngắm cảnh quan vinhome riverside mộng mơ, nhà thoáng mát, ánh sáng tran hòa.Tràn ngập sinh khí.
- nhà gần sát đường lớn Phúc Lợi, ngõ rộng sạch đẹp, đi đâu cũng tiện. Oto đỗ cửa.
- Cách 100m có trường học cấp 2, 200m có trường mầm non. Bán kính 1km chợ, trường, trạm đủ cả. 

Chủ nhà đang cần tiền gấp, xả giá sập sàn chỉ còn 2,15tỷ. 

Em chân dài này rất rất ngon, nên sẽ nhanh bay lắm. Hãy liên hệ Dũng ngay để chớp lấy cơ hội có 102 này nhé. ( Mình là Dũng đã trung tuổi nên Lv rất trung thực và trách nhiệm)","63,24 triệu/m²",Nội thất đầy đủ,34 m²,Đông Nam,Chung cư,Nở hậu,Mặt bằng kinh doanh
10,,Bán đất phước lâm shr dt 81m giá 450 tr,3 phòng,Rigel,Đã có sổ,Căn góc,Đã bàn giao,10,Đất thổ cư,66 m²,10,5,163 m,- 81 m2,"20, Phước Hưng, Xã Phước Lâm, Huyện Cần Giuộc, Long An",5 m,4 phòng,450 triệu- 81 m2,Tây Bắc,"Nhà mặt phố, mặt tiền",81 m²,bán lô đất cần giuộc xã phước lâm .khu dân cư .giá mềm cho khách tc ít.100% thổ cư .5x16.5 .giá 450 tr .tiện ích có đủ .lh minh anh xem đất,"5,56 triệu/m²",Nội thất đầy đủ,34 m²,Đông Nam,Chung cư,Hẻm xe hơi,Mặt bằng kinh doanh
10,,nhà bán 800tr,2 phòng,Rigel,Giấy tờ khác,Căn góc,Đã bàn giao,10,Đất thổ cư,66 m²,10,2,4 m,- 1 m2,"Đường Cao Lỗ, Phường 4, Quận 8, Tp Hồ Chí Minh",3 m,1 phòng,800 triệu- 1 m2,Tây Bắc,"Nhà ngõ, hẻm",1 m²,"nhà bán 800tr đường cao lỗ 
nhà 2 lầu 2 phòng 
nhà gần chợ gần trường",800 triệu/m²,Bàn giao thô,34 m²,Tây Bắc,Chung cư,Hẻm xe hơi,Mặt bằng kinh doanh
10,,Nhà đẹp ngõ 100 Hoàng Quốc Việt vỉa hè ô tô tránh.,4 phòng,Rigel,Đã có sổ,Căn góc,Đã bàn giao,10,Đất thổ cư,66 m²,10,6,4 m,- 46 m2,"Đường Hoàng Quốc Việt, Phường Nghĩa Đô, Quận Cầu Giấy, Hà Nội",4.6 m,4 phòng,"10,4 tỷ- 46 m2",Tây Bắc,"Nhà ngõ, hẻm",46 m²,"Nhà nằm trong ngõ 100 Hoàng Quốc Viêt ( Nay là phố Nghĩa Đô ). Vị trí cực đẹp, cách mặt phố Nguyễn Văn Huyên kéo dài 30m.
+ Diện tích 46m2, mặt tiền 4.6m. Nhà xây gần 3 năm, 6 tầng thang máy.
+ Đường trước nhà ô tô tránh, vỉa hè 2m. Chủ để lại toàn bộ nội thất cho Khách mua.
+ Giá 10.6 tỷ ( Thương lượng )
+ Sổ vuông đẹp. Chủ cần bán gấp.","226,09 triệu/m²",Bàn giao thô,46 m²,Tây Bắc,Chung cư,Hẻm xe hơi,Mặt bằng kinh doanh
10,,"Bán nhà hxh 6m Trần Hưng Đạo Q1, trệt 3 lầu st.",3 phòng,Rigel,Đã có sổ,Căn góc,Đã bàn giao,10,Đất thổ cư,66 m²,10,5,10 m,- 30 m2,"Đường Trần Hưng Đạo, Phường Cầu Kho, Quận 1, Tp Hồ Chí Minh",3.1 m,4 phòng,"7,8 tỷ- 30 m2",Tây Bắc,"Nhà ngõ, hẻm",30 m²,"-Chính chủ cần bán gấp nhà hẻm nhựa 6m xe hơi vô tận nhà hẻm thông,gần đường nguyễn văn cừ ,an dương vương ,nguyễn trãi ,lê hồng phong giao thông thuận tiện đi lại dễ dàng qua các quận ,5,4,7,10,nhà mới đẹp kiên cố chắc chắn dọn vào ở liền ,có 1 phòng khách,1 bếp,3 phòng ngủ rộng lớn ,1 phòng thờ sân phơi,diện tích 140m2,rất phù hợp cho nhu cầu ac mua ở sinh sống và làm việc tại trung tâm tp hoặc có thể làm spa,tiệm nail,phòng khám tại nhà,và đầu tư cho thuê được giá cao.
- Hiện trạng: 1 trệt lửng 2 lầu sân thượng.

- Sổ hồng chính chủ pháp lý đầy đủ mua bán công chứng nhanh.

- Giá bán: 7.8 tỷ bớt lộc cho khách thiện chí.

- Cam kết mọi Thông tin thật 100% (hỗ trợ tận tình AC từ khi mua bán đến kết thúc giao dịch).

- Liên hệ xem nhà: Thu (Miễn TG - MG).",260 triệu/m²,Bàn giao thô,140 m²,Tây Bắc,Chung cư,Hẻm xe hơi,Mặt bằng kinh doanh
10,,"Nhà MT TMT05,đường nhựa 10m,4,5x23,Trung Mỹ Tây",1 phòng,Rigel,Đã có sổ,Căn góc,Đã bàn giao,10,Đất thổ cư,66 m²,10,5,23 m,- 87.8 m2,"TMT 05, Phường Trung Mỹ Tây, Quận 12, Tp Hồ Chí Minh",4.5 m,1 phòng,"5,57 tỷ- 87.8 m2",Tây Bắc,"Nhà mặt phố, mặt tiền",87.8 m²,"- Nhà mặt tiền đường Trung Mỹ Tây 05, đường song song Nguyễn Ảnh Thủ
- Diện tích 4,5x23, nhà cấp 4 mới xây đang cho thuê làm quán cafe
- Đường rộng xe container vào được
- Hỗ trợ vay vốn ngân hàng","64,02 triệu/m²",Bàn giao thô,100 m²,Tây Bắc,Chung cư,Hẻm xe hơi,Mặt bằng kinh doanh
10,,"Bán lô đất 60m2 Đường Bưng Ông Thoàn, Phú Hữu, Q.9",1 phòng,Rigel,Đã có sổ,Căn góc,Đã bàn giao,10,Đất thổ cư,66 m²,10,5,13 m,- 60 m2,"Đường Bưng Ông Thoàn, Phường Phú Hữu, Quận 9, Tp Hồ Chí Minh",4.38 m,1 phòng,"2,98 tỷ- 60 m2",Tây Bắc,"Nhà mặt phố, mặt tiền",60 m2,"Chủ cần bán gấp các nền trong khu dân cư samsungvilage, Phường Phú Hữu, Quận 9.
DT: 60m2 Hướng Đông Nam. Đường 10m. Giá 2 tỷ 980 
DT: 61.8m2 Hướng Tây Nam. Đường 8m Giá 3tỷ 100
DT: 64.7m2 Hướng Tây Nam. Đường 9m Giá 3tỷ 150 
DT: 62.8m2 Hướng Tây Bắc. Đường 10m Giá 2 tỷ 980 
DT: 99,2m2 (lô góc) hướng Tây Nam- Đông Nam.Giá 4tỷ 600
Tiện ích: Nằm sát khu công nghệ cao, đi quận 1 chỉ 20', gần trường ĐH FPT, ĐH Hutech, Nguyễn Tất Thành, ...., có khu trung tâm thương mại đông sài gòn đang xây, lượng người thuê nhà ở cực đông, giá thuê rất cao, 12m2 giá 2,5tr/th.
Liên hệ xem đất: - gặp Khúc","49,67 triệu/m2",Bàn giao thô,100 m²,Đông Nam,Chung cư,Hẻm xe hơi,Mặt bằng kinh doanh
10,,Nhà trệt 200tr tại bình dương,2 phòng,Rigel,Đã có sổ,Căn góc,Đã bàn giao,10,Đất thổ cư,66 m²,10,5,16.5 m,- 78 m2,"Đường 7B, Phường Mỹ Phước, Thị xã Bến Cát, Bình Dương",4 m,1 phòng,1 tỷ- 78 m2,Tây Bắc,Nhà phố liền kề,78 m²,"Tháng 12 này tập đoàn Huỳnh gia là chủ đầu tư có đợt ưu đãi cho khách hàng mua nhà chỉ cần 200tr là bạn đã sở hữu nhà trệt 78m2. Tiến độ thanh toán linh hoạt . Pháp lý rõ ràng , sổ Hồng riêng từng căn. Địa chỉ khu đô thị happy home thị trấn Mỹ Phước thị xã bến cát bình dương","12,82 triệu/m²",Bàn giao thô,70 m²,Đông Bắc,Chung cư,Hẻm xe hơi,Mặt bằng kinh doanh
10,,Thanh toán 900trieu nhận ngay nhà phố 4 tầng,4 phòng,Rigel,Đã có sổ,Căn góc,Đã bàn giao,10,Đất thổ cư,66 m²,10,5,17 m,- 70 m2,"Đường Nguyễn Văn Tuôi, Thị trấn Bến Lức, Huyện Bến Lức, Long An",5 m,4 phòng,900 triệu- 70 m2,Tây Bắc,"Nhà mặt phố, mặt tiền",70 m²,"Nhà phố ven Sông vàm cỏ đông, mặt tiền Nguyễn Văn Tuôi Thị trấn Bến Lức.
Ngân Hàng hỗ trợ 30%, Ân hạng gốc 24 tháng đầu, Chủ Đầu tư hỗ trợ lãi suất 2 năm đầu.
Nhà Xây thiết kế 1 trệt 2 lầu 1 sân thượng, bãi đậu oto
Đường nhựa trước nhà 11m_ Lòng đường 6m
Pháp lý chuẩn chỉnh, tiến độ xây dựng, bàn gia, nhận nhà, nhận sổ nhanh chóng.
Hình thật, giá trên đã có hỗ trợ ngân hàng. Cảm ơn chợ tốt duyệt tin","12,86 triệu/m²",Bàn giao thô,150 m²,Đông Nam,Chung cư,Hẻm xe hơi,Mặt bằng kinh doanh
10,,CHÍNH CHỦ CẦN BÁN GẤP NHÀ CUỐI ĐƯỜNG NGUYỄN OANH,4 phòng,Rigel,Đã có sổ,Căn góc,Đã bàn giao,10,Đất thổ cư,66 m²,10,4,15 m,- 75 m2,"Đường Nguyễn Oanh, Phường 17, Quận Gò Vấp, Tp Hồ Chí Minh",4.5 m,5 phòng,"4,6 tỷ- 75 m2",Tây Bắc,"Nhà mặt phố, mặt tiền",75 m²,"_______ CHÍNH CHỦ CẦN BÁN GẤP CĂN NHÀ TÂM HUYẾT_______
Vị trí: cuối đường Nguyễn Oanh
Nằm ngay mặt tiền đường lớn 12m.
Nhà 1 trệt 1 lửng 3 lầu 4 phòng ngủ, 5 toilet, nhà hoàn thiện theo mẫu nhà tân cổ Châu Âu. Phòng khách, bếp, phòng ăn, sân phơi, phòng giặt riêng, sân đậu xe hơi... Diện tích: 5x15m.Khu dân cư sầm uất tiện kinh doanh mọi ngành nghề.
Camera an ninh 24/24 với nhiều tiện ích xung quanh: Chợ, trường học các cấp,ủy ban, bệnh viện…
Xây dựng kiên cố, có đơn vị uy tín xây dựng cam kết bảo hành đến 10 năm.
Pháp lý đảm bảo tuyệt đối,
Cam kết đúng giá: 4,6 tỷ.giá thật 100% có thương lượng cho khách thiện chí
Ngân hàng hỗ trợ vay từ 5 năm lên đến 20 năm.
Thông tin pháp lý: Sổ hồng hoàn công sang tên công chứng trong ngày","61,33 triệu/m²",Bàn giao thô,250 m²,Đông Nam,Chung cư,Nở hậu,Mặt bằng kinh doanh
10,,Đất Đường Gò Lăng 150m2,4 phòng,Khu TDC Hòa Nhơn,Đã có sổ,Căn góc,Đã bàn giao,10,Đất thổ cư,66 m²,10,4,20 m,- 150 m2,"Gò Lăng 5, Xã Hòa Nhơn, Huyện Hòa Vang, Đà Nẵng",75 m,5 phòng,"1,6 tỷ- 150 m2",Tây Bắc,"Nhà mặt phố, mặt tiền",150 m2,"Bán Đất TDC Đường Gò Lăng 5, Xã Hòa Nhơn
DT7,5X20
Đường 5.5m, lề 3m
Thiện chí gọi điện thoại","10,67 triệu/m2",Bàn giao thô,250 m²,Đông Nam,Chung cư,Mặt tiền,Mặt bằng kinh doanh
10,,Chỉ từ 600tr có thể sở hữu lô đất tại Hòa Lạc,4 phòng,Khu TDC Hòa Nhơn,Đã có sổ,Căn góc,Đã bàn giao,10,Đất thổ cư,66 m²,10,4,15 m,- 75 m2,"Bãi Dài, Xã Tiến Xuân, Huyện Thạch Thất, Hà Nội",5 m,5 phòng,"1,1 tỷ- 75 m2",Tây Bắc,"Nhà mặt phố, mặt tiền",75 m2,"Chỉ từ 600tr anh chị có thể sở hữu lô đất đẹp tại Khu đô thị sinh thái Hòa Lạc
Mặt đường 24m mở rộng 
Gần khu Làng đại học, Khu nghỉ dưỡng sinh thái Xanh Villas và Công nghệ cao Hòa Lạc
Gần Đại lộ Thăng Long, Ga đường sắt đô thị Metro số 5, QL 21
Diện tích từ 75m2 đến 100m2 full thổ cư.
Ngân hàng hỗ trợ vay vốn lên tới 50% giá trị lô đất, Ân hạn nợ gốc 0% năm đầu tiên.
Đầu tư sinh lời tối thiểu 20-30% 1 năm","14,67 triệu/m2",Bàn giao thô,250 m²,Đông Nam,Chung cư,Mặt tiền,Mặt bằng kinh doanh
10,,Bán nhà nhỏ 3*8m,1 phòng,Khu TDC Hòa Nhơn,Đã có sổ,Căn góc,Đã bàn giao,10,Đất thổ cư,66 m²,10,4,15 m,- 22 m2,"Đường Lý Chiêu Hoàng, Phường 10, Quận 6, Tp Hồ Chí Minh",5 m,1 phòng,"2,25 tỷ- 22 m2",Tây Bắc,"Nhà ngõ, hẻm",22 m²,"Nhà hẻm 3m, DT 3*8. 1 trệt 1 gác suốt. Đầu hẻm vô cạn. Hẻm sạch sẽ ko ngập nước. Gần trường học các cấp, ubnd...sổ hồng. 2ty250","102,27 triệu/m²",Bàn giao thô,44 m²,Đông Bắc,Chung cư,Mặt tiền,Mặt bằng kinh doanh
10,,Đất kiệt Ô tô Võ Văn Kiệt 100m2 p.Thủy Xuân.,1 phòng,Khu TDC Hòa Nhơn,Đã có sổ,Căn góc,Đã bàn giao,10,Đất thổ cư,66 m²,10,4,11 m,- 100 m2,"Đường Võ Văn Kiệt, Phường Thuỷ Xuân, Thành phố Huế, Thừa Thiên Huế",9 m,1 phòng,"1,55 tỷ- 100 m2",Tây Bắc,"Nhà ngõ, hẻm",100 m2,"Cận tết bán nhanh lô đất kiệt Ôtô p.Thủy Xuân bên cạnh trục đường chính Võ Văn Kiệt 100m2, đất ở đô thị 100%.
---------------------------------------------------------------------------
* Khu vực dân cư hiện hữu hiền lành,, không khí thoáng mát an sinh rất tốt, chỉ cách đường chính Võ Văn Kiệt 50m,, Cây xăng Cầu Lim ft đường Thiên Thai chỉ 500m.
* Diện tích: 9*11=100m2(khổ đất 2 mặt tiền,, vuông vắn).
* Hướng: Tây - Bắc.
* Đường: 5m(bê tông sạch sẽ).
* Pháp lý: sổ đỏ chính chủ.
* Giá bán: 16 triệu/m2(thương lượng).
* Rất phù hợp để an cư lâu dài,, hay đầu tư sinh lời.
---------------------------------------------------------------------------
* Liên hệ: 09-1800-1553 gặp Sang hỗ trợ xem đất !","15,5 triệu/m2",Bàn giao thô,44 m²,Tây,Chung cư,Hẻm xe hơi,Mặt bằng kinh doanh
10,,"SIÊU RẺ: nhà Bạch Mai 31m2 5tầng kinh doanh 3,2tỷ",4 phòng,Khu TDC Hòa Nhơn,Đã có sổ,Căn góc,Đã bàn giao,10,Đất thổ cư,66 m²,10,4,11 m,- 31 m2,"phố bạch mai, Phường Bạch Mai, Quận Hai Bà Trưng, Hà Nội",9 m,1 phòng,"3,2 tỷ- 31 m2",Tây Bắc,"Nhà mặt phố, mặt tiền",31 m²,"Bán nhà: Bạch Mai diện tích 31m2, 5tầng, mặt tiền 4,4m.
XÂY MỚI- MẶT NGÕ- GẦN PHỐ- LÔ GÓC- KINH DOANH NHỎ
Bạch Mai 31 5 4,4 3,2 QHBT 3DEN6
* Mô tả:
- Ngõ 2.5m. Nhà cách phố 80m, 3 rẽ đến nhà.
- Nhà xây mới, 3 mặt thoáng.
- Thiết kế nhà:
+ Tầng 1: phòng khách, bếp, vs.
+ Tầng 2,3,4: mỗi tầng 1 phòng 1vs.
+ Tầng 5: 1 phòng, 1 sân phơi.
- Nhà phù hợp để ở, làm văn phòng, kinh doanh nhỏ như tạp hóa, cắt tóc, gội đầu...
-giá 3,3tỷ( có thương lượng)
- liên hệ Phương thổ cư( phục vụ miễn phí tất cả khi chốt nhà…)","103,23 triệu/m²",Bàn giao thô,44 m²,Tây,Chung cư,Hẻm xe hơi,Mặt bằng kinh doanh
10,,"Nhà Đường La Thành, Ba Đình, 42m² x 5T, MT 8.5m",3 phòng,Khu TDC Hòa Nhơn,Đã có sổ,Căn góc,Đã bàn giao,10,Đất thổ cư,66 m²,10,5,5 m,- 42 m2,"Đường La Thành, Phường Ngọc Khánh, Quận Ba Đình, Hà Nội",8.5 m,4 phòng,"4,8 tỷ- 42 m2",Tây Bắc,"Nhà ngõ, hẻm",42 m²,"Bán nhà Đường La Thành, Ba Đình, Hà Nội.
+ Diện tích sổ 31m2, từ tầng 2 đua 42m2, 5 Tầng, Mặt tiền 8.5m.
+ Nhà thuộc khu vực trung tâm quận Ba Đình, an ninhtốt, dân trí cao, thuận lợi cho cuộc sống và công việc.
+ Đường trước nhà rộng hơn 2m, đi bộ vài bước ra đường ô tô thông.
+ Nhà thiết kế hiện đại, chăm chút tỉ mỉ đến từng viên gạch, ở rất có lộc. Tặng toàn bộ nội thất xịn xò cho khách thiện chí.

- Tầng 1: Bếp ăn, wc.
- Tầng 2: Phòng khách, 1 phòng ngủ, wc.
- Tầng 3: Phòng ngủ, phòng lưu niệm, wc.
- Tầng 4: Phòng ngủ, phòng quần áo, wc.
- Tầng 5: Phòng thờ, sân phơi.

+ Sổ đỏ đẹp sẵn sàng giao dịch.
+ Giá: 4.8 tỷ có thương lượng.
+ Liên hệ: Mr. Đại (094-285-88-92 or 03-344-125-03 zalo) miễn mọi hình thức TG & MG, chỉ gặp người mua trực tiếp.","114,29 triệu/m²",Nội thất cao cấp,200 m²,Tây,Chung cư,Hẻm xe hơi,Mặt bằng kinh doanh
10,,Nền thổ cư hẻm 135/19 Đồng Văn Cống,3 phòng,Khu TDC Hòa Nhơn,Đã có sổ,Căn góc,Đã bàn giao,10,Đất thổ cư,66 m²,10,5,8.5 m,- 49 m2,"Đường Đồng Văn Cống, Phường An Thới, Quận Bình Thuỷ, Cần Thơ",5.8 m,4 phòng,"1,27 tỷ- 49 m2",Tây Bắc,"Nhà ngõ, hẻm",49 m2,"BÁN NỀN HẺM 235 ĐỒNG VĂN CỐNG, P AN THỚI, CẤP PHÉP XD CHÍNH 
• Giá thương lượng cho khách có thiện chí
• DT 5,8mx8,5m 49m2 thổ cư 100%
• Lộ Giới 4m, Xe 7 chỗ tới nền
• Hướng đông nam, Khu dân cư đông đúc, xây nhà được ngay","25,92 triệu/m2",Nội thất cao cấp,200 m²,Đông Nam,Chung cư,Hẻm xe hơi,Mặt bằng kinh doanh
10,,"Đất 2 MT đg Cầu Xây 2, Tân Phú, Quận 9. 301m2",3 phòng,Khu TDC Hòa Nhơn,Đã có sổ,Căn góc,Đã bàn giao,10,Đất thổ cư,66 m²,10,5,26.6 m,- 301 m2,"Đường Cầu Xây 2, Phường Tân Phú, Quận 9, Tp Hồ Chí Minh",11.3 m,4 phòng,15 tỷ- 301 m2,Tây Bắc,"Nhà ngõ, hẻm",301 m2,"Bán 2 lô đất liền kề đường Cầu Xây 2, P. Tân Phú, Quận 9. Thuận tiện kinh doanh đa ngành nghề...
- Diện tích công nhận: 301m2 
- Giá cực rẻ chỉ 50tr/m2 cho thổ cư (còn thương lượng)","49,83 triệu/m2",Nội thất cao cấp,200 m²,Đông Nam,Chung cư,Nở hậu,Mặt bằng kinh doanh
10,,đất chính chủ 2 mặt tiền,3 phòng,Khu TDC Hòa Nhơn,Đã có sổ,Căn góc,Đã bàn giao,10,Đất thổ cư,66 m²,10,5,20 m,- 100 m2,"Đường Mimosa, Phường 10, Thành phố Đà Lạt, Lâm Đồng",5 m,4 phòng,300 triệu- 100 m2,Tây Bắc,"Nhà ngõ, hẻm",100 m2,"đường 11m, khu dân cư hiện hữu
view đồi thông, mặt hướng thủy
xây dựng tự do 
liên hệ:",3 triệu/m2,Nội thất cao cấp,200 m²,Đông Nam,Chung cư,Nở hậu,Mặt bằng kinh doanh
10,,Đất Đông vĩnh 65m² 720tr,3 phòng,45,Đã có sổ,Căn góc,Đã bàn giao,405,Đất thổ cư,66 m²,10,5,10 m,- 65 m2,"Đường Trần Nhật Duật, Phường Đông Vĩnh, Thành phố Vinh, Nghệ An",6.5 m,4 phòng,720 triệu- 65 m2,Tây Bắc,"Nhà ngõ, hẻm",65 m2,"Dự án: Đông vĩnh
Thông tin chi tiết: Cần bán nhanh lô đất 65m2 hướng đông bắc đường thông 5m gáng trường mần non, trường tiểu học đông vĩnh. Ai quan tâm liên hệ","11,08 triệu/m2",Nội thất cao cấp,200 m²,Đông Bắc,Chung cư,Nở hậu,Mặt bằng kinh doanh
10,,Đất đại lộc 125m² kề lô góc giá 355tr hổ trợ vay 0,3 phòng,o,Đã có sổ,Căn góc,Đã bàn giao,19,Đất thổ cư,66 m²,10,5,25 m,- 125 m2,"Đường Quốc Lộ 14B, Xã Đại Hiệp, Huyện Đại Lộc, Quảng Nam",5 m,4 phòng,355 triệu- 125 m2,Tây Bắc,"Nhà ngõ, hẻm",125 m2,"Dự án: đại lộc
Thông tin chi tiết: Khu này cách cụm công nghiệp 500m á anh, cụm công nghiệp sắp mở đã đền bù đất ruộng cho người dân,Đường này là 1 trong 2 con đường lớn Đại hiệp nên lượng hàng nó khan hiếm lắm. Hiện trên này tách thửa cũng khó vì đã có quy hoạch cụm công nghiệp rồi.
Tranh thủ mua chứ qua năm đất nó ít mà giá cả chắc sẽ cao hơn
Từ chỗ này e đi vô Ub và trạm Y Tế chỉ có 700m
Trường Mầm non thì cách đó 700m
Nên con đường này sau này sẽ là trung tâm kết nối Ccoong nghiệp và tỉnh lộ 609b đi Ái Nghĩa. Hiện tại thì bên em còn vài lô anh chị tranh thủ đi xem sớm hoặc để lại sdt em sẽ tư vấn thêm nhé !","2,84 triệu/m2",Nội thất cao cấp,200 m²,Tây Nam,Chung cư,Nở hậu,Mặt bằng kinh doanh
10,,BÁN 290M BIỆT THỰ SẴN TẠI HỒ YÊN BÀI CỰC ĐẸP,3 phòng,o,Đã có sổ,Căn góc,Đã bàn giao,19,Đất thổ cư,66 m²,10,5,25 m,- 290 m2,"Đường Quốc Lộ 414, Xã Yên Bài, Huyện Ba Vì, Hà Nội",5 m,4 phòng,4 tỷ- 290 m2,Tây Bắc,"Nhà ngõ, hẻm",290 m2,"- BÁN BIỆT THỰ SẴN 290M2 TẠI HỒ YÊN BÀI

- Nằm trong quần thể những khu homestay, biệt thự của đại gia Hà Nội
- Tổng diện tích 290m2
- Đường xá giao thông thuận tiện, ô tô 45 chỗ vào thoải mái
- Sẵn biệt thự khang trang, bể bơi riêng, bếp...
- Sổ sách pháp lí rõ ràng
- Khuôn viên rộng đẹp, sạch sẽ, có đường dạo xung quanh đất
- Liên hệ _ Đỗ Sinh để biết thêm thông tin chi tiết !","13,79 triệu/m2",Nội thất cao cấp,200 m²,Tây Nam,Chung cư,Nở hậu,Mặt bằng kinh doanh
10,,Nhà K20,2 phòng,o,Đã có sổ,Căn góc,Đã bàn giao,19,Đất thổ cư,66 m²,10,5,25 m,- 86 m2,"K20, Phường Hoà Hải, Quận Ngũ Hành Sơn, Đà Nẵng",5 m,1 phòng,"3,4 tỷ- 86 m2",Tây Bắc,"Nhà mặt phố, mặt tiền",86 m²,"Bán nhanh nhà đẹp mặt tiền đường K20,
Diện tích: 86m2, ngang 5m, đường 5m5
Nhà đẹp, mặt tiền. Phù hợp vừa ở vừa kinh doanh
Giá bán: 3 tỷ 4","39,53 triệu/m²",Nội thất cao cấp,200 m²,Tây Nam,Chung cư,Nở hậu,Mặt bằng kinh doanh
10,,1 Căn - Mới Xây Đầu Năm -cạnh KDC Tên Lửa,3 phòng,o,Đã có sổ,Căn góc,Đã bàn giao,19,Đất thổ cư,66 m²,10,5,20 m,- 90 m2,"Đường Nguyễn Cửu Phú, Phường Tân Tạo A, Quận Bình Tân, Tp Hồ Chí Minh",4.5 m,3 phòng,"4,95 tỷ- 90 m2",Tây Bắc,"Nhà mặt phố, mặt tiền",90 m²,"- Tôi Tuấn môi giới Bình Tân cần bán gấp Nhà 1 trệt - 2 lầu, mặt tiền đường lớn, cách Aeon Mall Bình Tân chỉ 8 phút đi xe máy

- Có 4 căn, đã giao dịch mua bán 3 căn, chỉ còn 1 căn như hình.

- Diện tích: 4.5m x 20m. Xây dựng kiên cố 3.5 Tấm

- Khu vực An Ninh, có camera quan sát, đồn công an.

- Trong bán kính 300m có chợ, bách hóa xanh, tgdd, bệnh viện,...

Vị trí: Nguyễn Cửu Phú, Tân Tạo A, quận Bình Tân

- Nhà xây dựng kiên cố MÓNG ÉP CỌC BÊ TÔNG.

- Tặng nội thất trong nhà:
1. Màn Rèm cao cấp hai lớp, von + lụa.
2. Máy nước nóng năng lượng mặt trời cao cấp 160 Lít.
3. Hai tủ quần áo cao cấp
4. Thiết bị vệ sinh (Sen cây, Vòi nước nóng lạnh, Lavabo)
5. Tủ bếp gỗ trên, tủ bếp.

- Nhà hoàn thiện tất cả có 3 Phòng, 3Toilet riêng, Phòng giặt, Sân thượng.

- Gía chốt : 4.95 tỷ (Bao tất cả các chi phí, sang tên cho khách hàng).

Xem Nhà ngay hôm nay: gặp Tuấn.",55 triệu/m²,Nội thất cao cấp,270 m²,Nam,Chung cư,Nở hậu,Mặt bằng kinh doanh
10,,"BÁN NHÀ HẺM THÔNG XE HƠI HOÀNG HỮU NAM,Q9, SHR",2 phòng,o,Đã có sổ,Căn góc,Đã bàn giao,19,Đất thổ cư,66 m²,10,5,20 m,- 55 m2,"Đường Hoàng Hữu Nam, Phường Long Thạnh Mỹ, Quận 9, Tp Hồ Chí Minh",5 m,1 phòng,725 triệu- 55 m2,Tây Bắc,"Nhà ngõ, hẻm",55 m²,"Bán nhà 1 trệt 1 lầu đường Hoàng Hữu Nam, Q9 gần BXMĐ mới.

Nhà mới ac chỉ cần thanh toán dọn vào ở ngay.
- Diện tích: 55m2, bề ngang 5m. công nhận đủ.
 - Nhà hẻm nhựa 4m, thông thoáng- không ngập úng.
- nằm trong khu dân cư mới, chợ, trường học nằm trong bán kính 3km
- Pháp lý: Sổ hồng riêng, sang tên trong ngày
- gần bách hóa xanh, chợ, tiện cho ac kinh doanh và cho thuê.
>>> Liên hệ Mến để trao đổi rõ hơn, giá có thể thương lượng, Không tiếp môi giới <<<","13,18 triệu/m²",Nội thất cao cấp,270 m²,Nam,Chung cư,Hẻm xe hơi,Mặt bằng kinh doanh
10,,"20M Ô TÔĐỖ,CỰC HIẾM, 20M2, 1.9TỶ,THỊNH HÀO,ĐỐNG ĐA",2 phòng,o,Đã có sổ,Căn góc,Đã bàn giao,19,Đất thổ cư,66 m²,10,5,10 m,- 20 m2,"đường thịnh hào, Phường Hàng Bột, Quận Đống Đa, Hà Nội",2 m,3 phòng,"1,9 tỷ- 20 m2",Tây Bắc,"Nhà ngõ, hẻm",20 m²,"CỰC HIẾM, NHÀ MỚI ĐẸP, NỘI THẤT ĐẸP, 20M Ô TÔ ĐỖ, THỊNH HÀO, TRUNG TÂM ĐỐNG ĐA,GẦN Ô TÔ, GẦN PHỐ. 

Mô tả:
- Nhà xây 4 tầng mới đẹp, khung cột bê tông, vô cùng chắc chắn, thiết kế nội thất đẹp, hiện đại với đầy đủ công năng sử dụng, khách mua chỉ việc xách vali về ở ngay. Xung quanh vô vàn tiện ích như: Gần chợ, vinmart, trường học câc cấp, ngân hàng, gần phố cổ....các tuyến xe buýt công cộng, giao thông đi lại thuận tiện.
- Thiết kế cơ bản gồm:
+ Tầng 1: Khách + Bếp + WC.
+ Tầng 2, 3: Mỗi tầng 1 PN + WC.
+ Tầng 4: Phòng thờ + Sân phơi.
+ DT: 20m2 x 4T x MT2m, giá: 1.9 tỷ",95 triệu/m²,Nội thất cao cấp,20 m²,Nam,Chung cư,Hẻm xe hơi,Mặt bằng kinh doanh
10,,"3 tỷ/ nền. Ưng nền nào nhận nền đấy, Ko ngập",2 phòng,o,Đã có sổ,Căn góc,Đã bàn giao,19,Đất thổ cư,66 m²,10,5,23 m,- 92 m2,"Đường Tỉnh Lộ 10, Phường Tân Tạo A, Quận Bình Tân, Tp Hồ Chí Minh",4 m,3 phòng,3 tỷ- 92 m2,Tây Bắc,"Nhà ngõ, hẻm",92 m2,"- Chuỗi sản phẩm Đất Nền quận Bình Tân cần tìm chủ gấp . Liền kề AEON BÌNH TÂN.

- Diện tích: 8m x 23m ( 4m x 23m/ nền )

- Chỉ 3 tỷ nhận nền ngay ( còn thương lượng ). Nếu tài chính chưa đủ thì chỉ 1.5 tỷ cũng sở hữu được ( VIB cho vay 50% - 8% lãi suất )
- Gía trên đã bao gồm chi phí Sổ sách sang tên

- Hướng: Tây ( Tây Tứ Trạch ), hỗ trợ giấy phép xây dựng

- Măt tiền đường lớn, dân cư xung quanh đông đúc

- Tiện ích xung quanh như :Chợ, siêu thị coopmart, trường học cấp 1,2,3, Ngân Hàng,...

- Thuận tiện xây ở,kinh doanh,cho thuê, đầu tư lướt sóng

- Tìm khách thiện chí mua , ko tiếp cò lái, quảng cáo

-Xem sổ sách + vị trí:gặp Mr Tuấn","32,61 triệu/m2",Nội thất cao cấp,20 m²,Tây,Chung cư,Mặt tiền,Mặt bằng kinh doanh
10,,Nhà nát góc 2mặt tiền đường số 38. 4x16m,1 phòng,o,Đã có sổ,Căn góc,Đã bàn giao,19,Đất thổ cư,66 m²,10,5,16 m,- 64 m2,"Đường Số 38, Phường Bình Trị Đông B, Quận Bình Tân, Tp Hồ Chí Minh",4 m,1 phòng,"5,3 tỷ- 64 m2",Tây Bắc,"Nhà mặt phố, mặt tiền",64 m²,"Chủ gửi bán gấp căn nhà nát góc 2 mặt tiền đường số 38.
Vị trí góc 2 mặt tiền thoáng, rất đẹp. Xây dựng được 4 tấm.
Hiện trạng nhà cấp 4.
Kinh doanh buôn bán mở cf rất tốt.
Giá chủ gửi chỉ có 5 tỷ 3 thương lượng chốt nhanh.","82,81 triệu/m²",Nội thất cao cấp,43.4 m²,Tây,Chung cư,Mặt tiền,Mặt bằng kinh doanh
10,,"BÁN NHÀ 22/4/20 ĐS 21,QUANG TRUNG, P8, GÒ VẤP",1 phòng,o,Đã có sổ,Căn góc,Đã bàn giao,19,Đất thổ cư,66 m²,10,1,14 m,- 46 m2,"22/4/20, Đường Số 21, Phường 8, Quận Gò Vấp, Tp Hồ Chí Minh",3.5 m,1 phòng,"3,75 tỷ- 46 m2",Tây Bắc,"Nhà ngõ, hẻm",46 m²,"BÁN NHÀ 22/4/20 ĐƯỜNG SỐ 21,QUANG TRUNG P8, GÒ VẤP
+ Diện tích : 3.5 * 14 (CN 46m2,dc xây dựng full diện tích)
+ Hẻm 4m , xe hơi đậu trước nhà, khu vực dân trí cao an ninh yên tĩnh, 
+ Vị trí cách Quang Trung - Tân Sơn 100m, đầy đủ các tiện ích xung quanh BV Gò vấp, trường học các cấp, siêu thị ,chợ Hạnh Thông Tây
+ Hướng Đông Nam
 
Liên hệ Mr Khang chính chủ","81,52 triệu/m²",Nội thất cao cấp,46 m²,Đông Nam,Chung cư,Hẻm xe hơi,Mặt bằng kinh doanh
10,,"nhà trung tâm cần thơ 1.237,2m2 đất tại Cần Thơ",nhiều hơn 10 phòng,o,Đã có sổ,Căn góc,Đã bàn giao,19,Đất thổ cư,66 m²,10,1,100 m,- 1.237 m2,"102/42, đường 3/2, Phường Hưng Lợi, Quận Ninh Kiều, Cần Thơ",12 m,Nhiều hơn 6 phòng,30 tỷ- 1.237 m2,Tây Bắc,"Nhà ngõ, hẻm",1237 m²,"Cần bán nhà trọ cao cấp tại trung tâm TP. Cần Thơ.
- Nhà trọ: Có nhiều phòng cao cấp, có gác lửng, ốp gạch men trong và ngoài phòng, có vòi tắm, vòi xịt vệ sinh, bàn cầu cao, lavabo, kiếng, kệ kiếng, kệ bếp, xe du lịch đến tận nơi.
-Đất: Trước mặt là hẻm 3m, trên giấy bên hông phải có sẵn đường đi nội bộ 2m, 
-Dự án: Qua năm, sắp mở bờ kè rạch Ngã bát trước mặt nhà trọ.
- Diện tích: 1.237,2 m2 (1.117,7m2 ODT mới lên thổ cư xong +119,5 m2 CLN), đất pháp lý rõ ràng, không bị quy hoạch, không tranh chấp.
- Địa chỉ: 102/42 đường 3/2, P. Hưng Lợi, TP. Cần Thơ (vào hẻm 500m bên trái).
- Doanh thu va lượng khách ổn định 90tr/tháng, giá: 1tr2-1tr6/tháng/phòng.
- Giá: 30 tỷ (24tr24 /m2 luôn 62 phòng trọ và đất)","24,25 triệu/m²",Nội thất đầy đủ,1237 m²,Đông Nam,Chung cư,Nở hậu,Mặt bằng kinh doanh
10,,Bán nhà 56m2 đẹp như hình chỉ 450 tr- Đức Hoà Hạ,2 phòng,o,Đang chờ sổ,Căn góc,Đã bàn giao,19,Đất thổ cư,66 m²,10,1,7 m,- 28 m2,"Đường Cây Dương, Xã Đức Hòa Hạ, Huyện Đức Hòa, Long An",4 m,1 phòng,450 triệu- 28 m2,Tây Bắc,"Nhà ngõ, hẻm",28 m²,"Cần bán nhà như hình diện tích đất 28m2(4m -7m), dtsd 56m2 gồm trệt+lầu, 02 phòng ngủ, 01 toi let. Khu dân cư đông đúc thuộc ấp Bình Tiền 2, Đức Hoà Hạ, cách KCN Tân Đức 500m, khu dân cư đông đúc. Sổ hồng chung","16,07 triệu/m²",Nội thất đầy đủ,56 m²,Tây Bắc,Chung cư,Hẻm xe hơi,Mặt bằng kinh doanh
10,,"Nhà Hẻm 273 Tân Hòa Đông, Bình Trị Đông, Bình Tân",1 phòng,o,Đã có sổ,Căn góc,Đã bàn giao,19,Đất thổ cư,66 m²,10,1,13 m,- 58 m2,"Một Phần 273/1, Đường Tân Hòa Đông, Phường Bình Trị Đông, Quận Bình Tân, Tp Hồ Chí Minh",5 m,1 phòng,"4,1 tỷ- 58 m2",Tây Bắc,"Nhà ngõ, hẻm",58 m²,"Dự án: Nhà Hẻm 273 Tân Hòa Đông, Bình Trị Đông, Bình Tân (*VIP* COVID).
 Thông tin chi tiết: ---- Ra khơi mùa COVID vẫn chưa vào được bờ, cần lắm phao cứu sinh ----
---- 1% Hoa Hồng cho môi giới ----
---- Chính chủ liên lạc không qua môi giới, tặng ngay Iphone 12 PRO MAX ----
--------------------------------------------------------------------------------------------------------
Diện tích Công Nhận: 5x11.6 = 58m2
- Tiện ích xung quanh đầy đủ siêu thị, chợ, trường học, Thế giới di dộng.
- Thuận tiện di chuyển 5p - 10p có thể đến [Quận 5, Quận 6, Aeon Bình Tân, Bệnh viện quốc tế, Tân Phú...
- Hẻm hiện hữu 4.18m, xe hơi vào tận nơi. Tương lai mở rộng hẻm 8m
- Nhà cấp 4, tiện việc xây dựng, sửa chữa, đầu tư.
- Chính chủ mua bán, sang tên công chứng trong ngày, bao hồ sơ giấy tờ.","70,69 triệu/m²",Nội thất đầy đủ,65 m²,Tây Bắc,Chung cư,Hẻm xe hơi,Mặt bằng kinh doanh
10,,Ngay KCN bàu bàng-550m2-thích hợp đầu tư trọ,1 phòng,o,Đã có sổ,Căn góc,Đã bàn giao,19,Đất thổ cư,66 m²,10,1,55 m,- 550 m2,"Đường HL 610, Thị trấn Lai Uyên, Huyện Bàu Bàng, Bình Dương",10 m,1 phòng,995 triệu- 550 m2,Tây Bắc,"Nhà ngõ, hẻm",550 m2,">Siêu phẩm được tung ra thị trường tuần này hứa hẹn là sản phẩm nóng khu vực Bàu Bàng. Chỉ 11 nền duy trong KCN và đô thị Bàu Bàng<
-Diện tích: 5x55, 5,5x100, 10x60,... thổ cư.
-Đường đá 6m sắp trải nhựa, thông QL13
-Giá chỉ 995tr/550m2 (ngân hàng cho vay 50%)
-Cơ sở hạ tầng: Hệ thống điện, nước, ...
-Xung quanh dân cư đông hiện hữu.
-Sổ hồng công chứng ngay.
Nhanh tay để có vị trí đẹp và giá tốt.
Liên hệ: gặp Vinh (quản lí sản phẩm).
Chủ nhật có hỗ trợ xe 7 chỗ đưa đón quý khách tham quan miễn phí.
Tặng hoa hồng cho người giới thiệu.","1,81 triệu/m2",Nội thất đầy đủ,65 m²,Tây Bắc,Chung cư,Mặt tiền,Mặt bằng kinh doanh
10,,Bán mảnh vườn xã HOÀI ĐỨC 18.000m2,1 phòng,o,Đã có sổ,Căn góc,Đã bàn giao,19,Đất thổ cư,66 m²,10,1,300 m,- 18.000 m2,"Xã Hoài Đức, Xã Hoài Đức, Huyện Lâm Hà, Lâm Đồng",300 m,1 phòng,"2,7 tỷ- 18.000 m2",Tây Bắc,"Nhà ngõ, hẻm",18000 m2,"cần bán gấp 18.000m2 đất,tại xã Hoài Đức,Lâm Hà,Lâm Đồng.
-Trên đất đang trồng cafe cây dâu nuôi tằm,cây maca,cây bơ 034.
- Chính chủ cần bán gấp.Đất bằng đẹp.view sông Đồng Nai.
- Giá bán 2 tỷ 700tr 
- Liên hệ.",150.000 đ/m2,Nội thất đầy đủ,65 m²,Tây Bắc,Chung cư,Mặt tiền,Mặt bằng kinh doanh
10,,"NHÀ PHỐ 3 LẦU ,KDC CÂY TRÂM P8.GV DT:4,50 x 12,5m",4 phòng,o,Đã có sổ,Căn góc,Đã bàn giao,19,Đất thổ cư,66 m²,10,3,125 m,- 54 m2,"Đường Nguyễn Văn Khối||7124, Phường 8, Quận Gò Vấp, Tp Hồ Chí Minh",45 m,3 phòng,"4,9 tỷ- 54 m2",Tây Bắc,Nhà phố liền kề,54 m²,"Dự án: KDC, đường Nguyễn văn khối phường 8 Q.GòVấp
Thông tin chi tiết: CẦN BÁN NHÀ ĐẸP. CHÍNH CHỦ XÂY Ở TOẠ LẠC TRÊN TRỤC ĐƯỜNG NGUYỄN VĂN KHỐI ( CÂY TRÂM CỦ ) - P8- Q.Gò Vấp - Tp.HỒ CHÍ MINH 
-căn nhà đẹp xây kiên cố 
-diện tích ngang : 4,50m x 12.5m đúc ,3lầu st trước sau, nhà góc 2 Mặt tiền hẻm Thông thoáng 
- gồm 1 trệt+3 lầu, sân thượng trước sau, 
hẻm xe hơi tới cửa 
- Nhà cách đường cây Trâm 50m, phạm văn chiêu 100m, cách công viên làng hoa 500m, gần trường. Gần chợ. Siêu Thi. Nhà thờ. ! bán kính 1km là trung tâm hành chính quận gò vấp.tiện ích đầy đủ

- Giá bán chỉ : 4 9 tỷ thương lượng cho khách có thiện chí mua ở 
- Nhà gồm : 4pn ,4wc pk+pb rộng rãi.nội thất đầy đủ cao cấp nhập ngoại . Nhà góc 2 mặt tiền hẻm nên rất Thông thoáng mát rượi cả ngày 
- Sổ hồng chính chủ ,hoàng công đầy đủ.
- khu An ninh tốt, giao thông đi lại thuận tiện,
Pháp lý nhà sổ Hồng riêng chính chủ hoàn công đầy đủ. Chính chủ bán bao sang tên từ A> Z ( MTG )& Q.C","90,74 triệu/m²",Hoàn thiện cơ bản,187 m²,Tây Nam,Chung cư,Nở hậu,Mặt bằng kinh doanh
10,,Cần tiền trả nợ nên bán gấp nhà ở Thủ Đức giá mềm,3 phòng,o,Đã có sổ,Căn góc,Đã bàn giao,19,Đất thổ cư,66 m²,10,3,125 m,- 70 m2,"Đường Số 2, Phường Trường Thọ, Quận Thủ Đức, Tp Hồ Chí Minh",45 m,2 phòng,670 triệu- 70 m2,Tây Bắc,"Nhà mặt phố, mặt tiền",70 m²,"Cần tiền trả nợ nên bán gấp nhà ở Trường Thọ quận Thủ Đức 
- Diện tích 70m2
- Nhà gần chợ , trường học , các cửa hàng tiện lợi thuận tiện cho anh chị đi lại 
- Điện âm nước máy đầy đủ 
- Sổ hồng riêng 
- Nhà đẹp hẻm rộng kh lo bị ngập nước , hẻm trước nhà 7m 
- Bán gấp giá mềm cho anh chị nào thiện chí 
Liên hệ trực tiếp hoặc để lại sđt để biết thêm chi tiết","9,57 triệu/m²",Hoàn thiện cơ bản,187 m²,Tây Nam,Chung cư,Hẻm xe hơi,Mặt bằng kinh doanh
10,,"Bán đất mặt tiền tỉnh lộ 4 quảng lợi, quảng điền.",3 phòng,o,Đã có sổ,Căn góc,Đã bàn giao,19,Đất thổ cư,66 m²,10,3,20 m,- 200 m2,"Tỉnh Lộ 4, Xã Quảng Lợi, Huyện Quảng Điền, Thừa Thiên Huế",10 m,2 phòng,610 triệu- 200 m2,Tây Bắc,"Nhà mặt phố, mặt tiền",200 m2,"cần bán 197,4 m2 đất mặt tiền tỉnh lộ 4, hà lạc quảng lợi, quảng điền","3,05 triệu/m2",Hoàn thiện cơ bản,187 m²,Tây Nam,Chung cư,Mặt tiền,Mặt bằng kinh doanh
10,,"SIÊU RẺ - Trung tâm Ba Đình 50m x 3 tầng, mt 4m",3 phòng,o,Đã có sổ,Căn góc,Đã bàn giao,19,Đất thổ cư,66 m²,10,3,20 m,- 50 m2,"Đường Đào Tấn, Phường Ngọc Khánh, Quận Ba Đình, Hà Nội",10 m,3 phòng,"2,65 tỷ- 50 m2",Tây Bắc,"Nhà ngõ, hẻm",50 m²,"Nhà nằm ở trung tâm Quận Ba Đình, Diện tích 50m x 3 tầng, mặt tiền 4m.
✔️ Thiết kế mỗi tầng 2 phòng ngủ + WC. Đầy đủ công năng.
✔️ Vị trí giao thông thuận tiện, ô tô cách 30m. Đầy đủ tiện ích xung quanh, gần công viên Thủ Lệ, TTTM Lotte, trường học, chợ .... 
✔️ Sổ đỏ chính chủ",53 triệu/m²,Hoàn thiện cơ bản,50 m²,Tây Nam,Chung cư,Mặt tiền,Mặt bằng kinh doanh
10,,nhà bán 1ty350tr,2 phòng,o,Đã có sổ,Căn góc,Đã bàn giao,19,Đất thổ cư,66 m²,10,3,7 m,- 1 m2,"Đường Cao Lỗ, Phường 4, Quận 8, Tp Hồ Chí Minh",3 m,1 phòng,"1,35 tỷ- 1 m2",Tây Bắc,"Nhà ngõ, hẻm",1 m²,"nhà bán 1ty350tr đường cao lỗ 
nhà 1 lầu 2 phòng 
nhà gần chợ gần trường","1,35 tỷ/m²",Hoàn thiện cơ bản,50 m²,Đông,Chung cư,Mặt tiền,Mặt bằng kinh doanh
10,,"Bán nhà gấp Đại Mỗ 35m2,5 tầng,2.9 tỷ, ô tô đỗ cửa",3 phòng,o,Đã có sổ,Căn góc,Đã bàn giao,19,Đất thổ cư,66 m²,10,3,7 m,- 35 m2,"Đường Đại Mỗ, Phường Đại Mỗ, Quận Nam Từ Liêm, Hà Nội",3 m,4 phòng,"2,9 tỷ- 35 m2",Tây Bắc,"Nhà mặt phố, mặt tiền",35 m²,"Mô tả:
+ Nhà mới xây đẹp lung linh, thiết kế chắc chắn tỉ mỉ và hiện đại.
+ Ngõ rộng ô tô đỗ cửa, đường thông các ngả, giao thông thuận tiện.
+ Nhà nằm gần các khu đô thị, biệt thự liền kề, tiện ích đủ cả.
+ Hàng xóm của Vin City, AEON Hà Đông…
+ Nhà nằm trong khu dân trí cao, an sinh tuyệt vời.
+ Thiết kế:
- Tầng 1: Gara + PK + Bếp + WC
- Tầng 2: 1 phòng ngủ + wc
- Tầng 3,4: 2 PN +wc
- Tầng 5: phòng thờ + sân phơi rộng rãi
+ Sổ đỏ vuông vắn. 
---------Liên hệ chủ Mr Hoàng ---------","82,86 triệu/m²",Hoàn thiện cơ bản,35 m²,Đông,Chung cư,Mặt tiền,Mặt bằng kinh doanh
10,,Nhà 3 lầu Bình Tân 80m² chỉ 4.3 tỷ,4 phòng,o,Đã có sổ,Căn góc,Đã bàn giao,19,Đất thổ cư,66 m²,10,3,20 m,- 80 m2,"Đường Số 10, Phường Bình Hưng Hoà B, Quận Bình Tân, Tp Hồ Chí Minh",4.2 m,3 phòng,"4,3 tỷ- 80 m2",Tây Bắc,"Nhà ngõ, hẻm",80 m²,"Nhà đẹp đường Số 10 - P. Bình Hưng Hòa B - Q. Bình Tân - HCM.
Diện tích: 4.2 x 20m, hướng Đông Bắc.
Kết cấu: 1 Trệt + 2 lầu, 6PN...
Tầng trệt trống suốt, sân để xe hơi rộng rãi.
Khu sang trọng, dân trí cao.
Vị trí 1 sẹc ngắn đường Số 10.
Giá bán: 4,3 tỷ TL.","53,75 triệu/m²",Hoàn thiện cơ bản,240 m²,Đông,Chung cư,Mặt tiền,Mặt bằng kinh doanh
10,,"Bán đất đường nhựa 5m KDC Vip 137m2 giá 3,220 tỷ",4 phòng,o,Đã có sổ,Căn góc,Đã bàn giao,19,Đất thổ cư,66 m²,10,3,21 m,- 137 m2,"Đường Bình Nhâm 88, Phường Bình Nhâm, Thị xã Thuận An, Bình Dương",7 m,3 phòng,"3,22 tỷ- 137 m2",Tây Bắc,"Nhà ngõ, hẻm",137 m2,"- Ông anh cần bán gấp lô đất nở hậu đẹp khu dân cư Lâu Đài Vàng, đường Bình Nhâm 88 cách chợ Lái Thiêu 500m
- Diện tích:5,9x21m nở hậu 7,29m, thổ cư 115m2
- Đất đẹp, cao ráo, nằm trong KDC Vip An Ninh nhất Lái Thiêu- Bình Nhâm, tiện ích không thiếu thứ gì, thích hợp an cư lạc nghiệp...
- Giá bán : 3 tỷ 220 triệu thương lượng nhẹ
- Liên hệ:0777. Gặp Đỉnh","23,5 triệu/m2",Hoàn thiện cơ bản,240 m²,Tây Bắc,Chung cư,Nở hậu,Mặt bằng kinh doanh
10,,"BÁN NHÀ RIÊNG 1T1L HXH ĐỖ XUÂN HỢP, Q9-SHR",2 phòng,o,Đã có sổ,Căn góc,Đã bàn giao,19,Đất thổ cư,66 m²,10,3,21 m,- 56 m2,"Đường Đỗ Xuân Hợp, Phường Phước Long B, Quận 9, Tp Hồ Chí Minh",7 m,1 phòng,873 triệu- 56 m2,Tây Bắc,"Nhà ngõ, hẻm",56 m²,"Gia đình cần xoay tiền nhanh bán Gấp nhà nhỏ đường Đỗ Xuân Hợp, Q9

Nhà tôi ở ngăn nắp, sạch nên AC ở ngay
- Đường trước nhà 4m, không ngập. Thông
-Nhà đựoc 2pn, wc, ban công phơi đồ. 
- Mới quét sơn nên sạch 
- Vì cần 1 số tiền Gấp nên mong gặp Ac Thiện chí. 
- Sổ hồng sang tên ngay. 
LH: CHI xem trong nhà và có sổ. 
CÔNG CHỨNG TẠI VP CÔNG CHỨNG
- Không làm qua cò lái liên hệ trực tiếp sdt","15,59 triệu/m²",Hoàn thiện cơ bản,240 m²,Tây Bắc,Chung cư,Hẻm xe hơi,Mặt bằng kinh doanh
10,,"siêu ngon: nhà Trương Định 29m2 5tầng lô góc 3,3tỷ",4 phòng,o,Đã có sổ,Căn góc,Đã bàn giao,19,Đất thổ cư,66 m²,10,3,21 m,- 29 m2,"đường Trương định, Phường Trương Định, Quận Hai Bà Trưng, Hà Nội",7 m,1 phòng,"3,333333 tỷ- 29 m2",Tây Bắc,"Nhà mặt phố, mặt tiền",29 m²,"Bán nhà: Trương Định diện tích 29m2, 5tầng, mặt tiền 4,3m.
XÂY MỚI- MẶT NGÕ- GẦN PHỐ- LÔ GÓC- KINH DOANH NHỎ
Trương Định 29 5 4.3 3.3 QHBT 3DEN6
* Mô tả:
- Ngõ 2.5m. Nhà cách phố 80m, 3 rẽ đến nhà.
- Nhà xây mới, 3 mặt thoáng.
- Thiết kế nhà:
+ Tầng 1: phòng khách, bếp, vs.
+ Tầng 2,3,4: mỗi tầng 1 phòng 1vs.
+ Tầng 5: 1 phòng, 1 sân phơi.
- Nhà phù hợp để ở, làm văn phòng, kinh doanh nhỏ như tạp hóa, cắt tóc, gội đầu...
-giá 3,3tỷ( có thương lượng)
- liên hệ Phương thổ cư( phục vụ miễn phí tất cả khi chốt nhà…)","114,94 triệu/m²",Hoàn thiện cơ bản,240 m²,Tây Bắc,Chung cư,Hẻm xe hơi,Mặt bằng kinh doanh
10,,"Nhà 1lững 2Lầu,góc 2 MT.KD.cách PVC,20m,p14 gv",3 phòng,o,Đã có sổ,Căn góc,Đã bàn giao,19,Đất thổ cư,66 m²,10,2,10 m,- 40 m2,"Đường Phạm Văn Chiêu, Phường 14, Quận Gò Vấp, Tp Hồ Chí Minh",3.8 m,3 phòng,"3,7 tỷ- 40 m2",Tây Bắc,"Nhà mặt phố, mặt tiền",40 m²,"Dự án: nhà 1 lững 2 Lầu, sân thượng ts-vi trí đẹp mặt tiền kinh danh buôn bán đa ngành nghề
Thông tin chi tiết: Cuối năn gđ chuyển chỗ ở.Nên cần bán căn nhà ngay trên trục đường phạm văn chiều vào đúng 25m, vị trí đẹp chỉ sau căn MT pvc, tiện ở kinh danh buôn bán. Mở tiện tóc các kiểu đều tốt vì căn nhà là căn góc hai mặt tiền hẻm bên hông 3m, xấy dựng hết đất . Vào bên trong 50m là chợ nhỏ. Đối diện hẻm là trường cấp 2 phạm văn chiêu và cấp 1 an hội. Nên rất tiện ở buôn bán hoặc cho thuê rất đc giá 
Dt căn nhà ngang :3,8m dài 10m, đc xd hết 
Kết cấu nhà đúc ( BTCT ) gồm 1 trệt 1 lững 2 lầu, sân thượng trước sau.gồm 3 p ngủ 3 wc pbep p khách rộng. Nhà chính chủ sổ hồng riêng chính chủ bán : 3,7 tỷ có tl nhẹ. Ưu tiện người thiện chí mua nhanh . Ko tiếp môi giới và Q.C","92,5 triệu/m²",Hoàn thiện cơ bản,126 m²,Đông Bắc,Chung cư,Nở hậu,Mặt bằng kinh doanh
10,,Bán Đất Thổ Cư Đã Có Sổ. (80m2),3 phòng,o,Đã có sổ,Căn góc,Đã bàn giao,19,Đất thổ cư,66 m²,10,2,16 m,- 80 m2,"Quốc Lộ 91c, Thị trấn Mái Dầm, Huyện Châu Thành, Hậu Giang",5 m,3 phòng,645 triệu- 80 m2,Tây Bắc,"Nhà mặt phố, mặt tiền",80 m2,"Cần Bán Nền:

- Diện Tích: 5×16=80m2
- Pháp lí: Thổ Cư (ODT) 
- Lộ nhựa: 7m
- Hướng: Tây Bắc, Đông Nam

- Tiện ích: Gần khu công nghiệp, gần nhà máy giấy, gần chợ, gần trường học, gần công viên, ...","8,06 triệu/m2",Hoàn thiện cơ bản,126 m²,Đông Bắc,Chung cư,Hẻm xe hơi,Mặt bằng kinh doanh
10,,BÁN CH RICHMOND CITY- 2PN DT (66M2) BLOCK G VÀ R,2 phòng,o,Đã có sổ,Căn góc,Đã bàn giao,19,Đất thổ cư,66 m²,10,2,16 m,- 66 m2,"Số 207, Số 207 Đường Nguyễn Xí, Phường 26, Quận Bình Thạnh, Tp Hồ Chí Minh",5 m,2 phòng,3 tỷ- 66 m2,Tây Bắc,"Nhà mặt phố, mặt tiền",80 m2,"Giá bán cập nhật mới . 

Căn 2PN, 2WC giá: 3tỷ diện tích: 66-71m2. 
Căn 3PN, 2WC giá: 4tỷ diện tích: 89m2. 
Giá đã bao tất cả chi phí chuyển nhượng và ra sổ sang tên. 

Ngân hàng hỗ trợ vay mua nhà. 
Ngân hàng TP BANK hỗ trợ 70% giá trị căn hộ theo HĐMB. 
- Hồ sơ cần chuẩn bị: Bảng sao kê lương 6 tháng gần , CMND, hộ khẩu, các hồ sơ tài liệu liên quan đến BĐS và các giấy tờ chứng minh thu nhập khác (nếu có). 

Bạn sẽ được mình tư vấn trực tiếp thủ tục vay mua nhà cùng với nhân viên chăm sóc của ngân hàng hỗ trợ trực tiếp cho bạn trong các thao tác chuẩn bị hồ sơ kỹ lưỡng. 


Tiện ích vị trí. 
Từ Richmond City chỉ cách Q.1 khoảng 10 phút, cách đại lộ Phạm Văn Đồng chưa tới 1 phút, nhanh chóng đến các quận trọng điểm lân cận khác. Đồng thời,dự án ngay khu dân cư hiện hữu, kinh doanh sầm uất nên các tiện ích tại khu vực vô cùng đầy đủ và đa dạng. 

Tiện ích nội khu. 
- Hồ bơi, gym, các shophouse bên dưới, khu thương mại, công viên xung quanh. 

Các thủ tục hỗ trợ bạn miễn phí. 
- Tìm kiếm nhà phù hợp nhu cầu của bạn. 
- Thương lượng giúp bạn giá rẻ . 
- Soạn thảo hợp đồng chặt chẽ. 
- Đăng ký tạm trú tạm vắng. 
- Đăng ký thủ tục khác để bạn trở thành cư dân chính thức. 
- Hướng dẫn bạn các dịch vụ liên quan chất lượng. 

Bạn có thể xem nhà 24/7, khi đến bạn có thể gọi trước mình SĐT 
Để được hướng dẫn và chăm sóc tốt bạ","45,45 triệu/m²",Hoàn thiện cơ bản,126 m²,Đông Bắc,Chung cư,Hẻm xe hơi,Mặt bằng kinh doanh
10,,Chính chủ cần bán nhanh lô đất Mt 490 full thổ cư,2 phòng,o,Đã có sổ,Căn góc,Đã bàn giao,19,Đất thổ cư,66 m²,10,2,51 m,- 256 m2,"Đường 490||9155, Xã Phạm Văn Cội, Huyện Củ Chi, Tp Hồ Chí Minh",5 m,2 phòng,"1,35 tỷ- 256 m2",Tây Bắc,"Nhà mặt phố, mặt tiền",256 m2,"Dự án: Chính chủ cần bán nhanh đất thổ cư.
 Thông tin chi tiết: Chính chủ cần bán nhanh lô đất mặt tiền 490 xã Phạm Văn Cội Củ Chi
Dt 5x51=256m thổ cư hết đất 100%.
vị trí nằm cách đường pHẠM vĂN Cội 70m là tới đất.
bán kính 1km đầy đủ trương học chợ,...
giá bán nhanh 1ty350 LH sđt gặp tôi trưc tiếp xem đất.xin cảm ơn","5,27 triệu/m2",Hoàn thiện cơ bản,126 m²,Đông Bắc,Chung cư,Mặt tiền,Mặt bằng kinh doanh
10,,Nhà 1 lầu-MẶT TIỀN KINH DOANH- P. LÁI THIÊU,3 phòng,o,Đã có sổ,Căn góc,Đã bàn giao,19,Đất thổ cư,66 m²,10,2,19 m,- 70 m2,"Khu Phố Bình Hòa, Phường Lái Thiêu, Thị xã Thuận An, Bình Dương",4 m,3 phòng,"5,999 tỷ- 70 m2",Tây Bắc,"Nhà mặt phố, mặt tiền",70 m²,"Em có căn nhà 1 trệt 1 lầu, muốn bán đi để xây biệt thự.
nhà mặt tiền kinh doanh đa ngành nghề
lúc nào cũng đông đúc","85,7 triệu/m²",Hoàn thiện cơ bản,200 m²,Đông Bắc,Chung cư,Hẻm xe hơi,Mặt bằng kinh doanh
10,,"Đất nền gần trường học ,dân cư đông kín .giá rẽ",3 phòng,o,Đã có sổ,Căn góc,Đã bàn giao,19,Đất thổ cư,66 m²,10,2,40 m,- 200 m2,"Đường D1, Thị trấn Lai Uyên, Huyện Bàu Bàng, Bình Dương",5 m,3 phòng,490 triệu- 200 m2,Tây Bắc,"Nhà mặt phố, mặt tiền",200 m2,"_______Hot hot hot_____
Đất nền giá rẽ ngay gần quốc lộ 
Dân cư đông đúc 
Diện nưoc đầy đủ 
Đèn đưong chiếu sáng 
DT 5x40 giá chỉ 690tr 
Ngân hàng hổ trợ 50%
LH c phương","2,45 triệu/m2",Hoàn thiện cơ bản,200 m²,Đông Bắc,Chung cư,Hẻm xe hơi,Mặt bằng kinh doanh
10,,Bán nhà 3 lầu mới hẻm ô tô thông,4 phòng,o,Đã có sổ,Căn góc,Đã bàn giao,19,Đất thổ cư,66 m²,10,3,10 m,- 40 m2,"Đường Huỳnh Thị Hai, Phường Tân Chánh Hiệp, Quận 12, Tp Hồ Chí Minh",4 m,4 phòng,"3,5 tỷ- 40 m2",Tây Bắc,"Nhà ngõ, hẻm",40 m²,"cần bán nhà 1 trệt 2 lầu đúc 3 tấm hem 4,5m thông đường tch13 phường tân chánh hiệp ,quận 12. tiện ích gần 3 trường đại hoc, chợ siêu thị và trường cấp 1,2,3.., trung tâm quận 12 đi về gò
 vấp rất thuận tiện.
nhà gồm 4 phòng ngủ, 4 wc, sân phơi, sân xe, pk vag bếp .
với giá 3,5 tỉ là được căn nhà như ý
quý khách có nu cầu xin liên hệ.","87,5 triệu/m²",Hoàn thiện cơ bản,114 m²,Đông Nam,Chung cư,Nở hậu,Mặt bằng kinh doanh
10,,"Bán 2 lô đất Mã Lò, 4x17m sổ hồng riêng chính chủ",4 phòng,o,Đã có sổ,Căn góc,Đã bàn giao,19,Đất thổ cư,66 m²,10,3,17 m,- 65 m2,"Đường Mã Lò, Phường Bình Hưng Hoà A, Quận Bình Tân, Tp Hồ Chí Minh",4 m,4 phòng,"3,5 tỷ- 65 m2",Tây Bắc,"Nhà ngõ, hẻm",65 m2,"Chính chủ cần bán 2 lô đất đường Mã Lò, Bình Tân
- DT mỗi lô 4x17m. 
- Vị trí cách 1 lô ra mặt tiền đường, hẻm xe tải thông tứ hướng.
- Sổ hồng riêng mỗi lô, bao sang tên.
- Giá: 3,5 tỷ thương lượng, hỗ trợ vay ngân hàng.
Hoa hồng 1% cho người giới thiệu.","53,85 triệu/m2",Hoàn thiện cơ bản,114 m²,Đông Nam,Chung cư,Hẻm xe hơi,Mặt bằng kinh doanh
10,,Đất Khu Đô Thị Cát Tường Western Pearl 100m²,4 phòng,o,Đã có sổ,Căn góc,Đã bàn giao,19,Đất nền dự án,66 m²,10,3,20 m,- 100 m2,"Đường Trần Hưng Đạo, Phường 5, thành phố Vị Thanh, Hậu Giang",5 m,4 phòng,500 triệu- 100 m2,Tây Bắc,"Nhà ngõ, hẻm",100 m2,"Mở bán block A10 trục đường chính 29m vỉa hè 5m chỉ từ 500tr
Nhận giữ chỗ ngay hôm nay chỉ 5tr đồng không mua trả lại tiền
Cơ sở hạ tầng hoàn thiện
Đã có sổ riêng từng nền
Chính sách thanh toán linh động
Hỗ trợ xe đưa đón miễn phí",5 triệu/m2,Hoàn thiện cơ bản,114 m²,Đông Nam,Chung cư,Mặt tiền,Mặt bằng kinh doanh
10,,"Biệt thự mini Phúc An City 6x15 giá 2,42 tỷ",4 phòng,o,Đang chờ sổ,Căn góc,Đã bàn giao,19,Đất nền dự án,66 m²,10,2,15 m,- 90 m2,"Đường 824, Xã Mỹ Hạnh Nam, Huyện Đức Hòa, Long An",6 m,5 phòng,"2,42 tỷ- 90 m2",Tây Bắc,Nhà biệt thự,90 m²,"Dự án: Biệt thự Phúc An City - 6m x15m - hai lầu 4 PN.
 Thông tin chi tiết: Biệt thự Phúc An City, 6x15, 2 lầu, giá 2,42 tỷ
- 90 m² giáp Hóc Môn, Bình Chánh
🚘🚕🚘Nhà thiết kế theo phong cách Châu Âu 1 trệt 2 lầu, gồm 4PN+ 5WC+ Pk+ Bếp+ sân trước+ sân sau.
💜Tiện ích nội khu: công viên, hồ bơi, khu vui chơi trẻ em, công viên nước, phố đi bộ, trung tâm thương mại, chợ,....
💛Ngoại khu trong bán kính 1 Km có đầy đủ chợ, bệnh viện, trường học,...
Pháp lý: sổ hồng riêng.
Giá : 2,420,000,000đ ( bao gồm cả VAT)
Liên hệ : A.Phong để biết thêm thông tin.
Cảm ơn đã đọc tin !","26,89 triệu/m²",Hoàn thiện cơ bản,90 m²,Tây Nam,Chung cư,Mặt tiền,Mặt bằng kinh doanh
10,,"Bán Nhà xưởng 162,6m2 quận Tân Bình",1 phòng,o,Đã có sổ,Căn góc,Đã bàn giao,19,Đất nền dự án,66 m²,10,2,20 m,- 162.6 m2,"Luỹ Bán Bích, Phường 8, Quận Tân Bình, Tp Hồ Chí Minh",8 m,1 phòng,"16,2 tỷ- 162.6 m2",Tây Bắc,"Nhà ngõ, hẻm",162.6 m²,"Cần bán căn nhà xưởng diện tích 162,6m2; ngang 8m dài 20 m. Đường trước nhà 6m, cách mặt tiền Lũy Bán Bích 100m. Gần UBND Quận Tân Phú, bên cạnh NH ACB. Giá 16,2 tỷ.",100 triệu/m²,Hoàn thiện cơ bản,162.6 m²,Tây Nam,Chung cư,Hẻm xe hơi,Mặt bằng kinh doanh
10,,ĐẤT MẶT TIỀN TRUNG TÂM CỦ CHI SHR CẦU VƯỢT CỦ CHI,1 phòng,o,Đã có sổ,Căn góc,Đã bàn giao,19,Đất thổ cư,66 m²,10,2,40 m,- 273 m2,"Đường Hà Văn Lao||9327, Thị trấn Củ Chi, Huyện Củ Chi, Tp Hồ Chí Minh",5 m,1 phòng,"3,9 tỷ- 273 m2",Tây Bắc,"Nhà ngõ, hẻm",273 m2,"Cần bán gấp đất mặt tiền đường hà văn lao, nằm ngay trung tâm củ chi, cầu vượt củ chi vào tầm 250 - 300m ( Kế quán cafe Ery ) đường lớn 12m mới nâng cấp 2 xe tải tránh nhau. Mặt tiền ngang 5 x 39.7m nở hậu 9.87m (272.8m2) công nhận hết đất. đất vào 9m là nở hậu cực rộng, xây nhà hay biệt thự sân vườn là hết ý nhé. Trong bán kính 500m có tất cả mọi thứ như trung tâm hành chính, trung tâm văn hóa, ngân hàng, bến xe, bệnh viện, siêu thị, chợ.... Sổ hồng chính chủ ko tranh chấp, ko phải ng mua bán, sang tên nhanh chóng.
Có TL cho người mua thiện chí
Có HH cho người giới thiệu
Xin cám ơn!","14,29 triệu/m2",Hoàn thiện cơ bản,162.6 m²,Đông Nam,Chung cư,Nở hậu,Mặt bằng kinh doanh
10,,Bán đất Tân Thạnh Đông,1 phòng,3,Đã có sổ,Căn góc,Đã bàn giao,3,Đất thổ cư,66 m²,10,2,26 m,- 132 m2,"Đường Bến Than, Xã Tân Thạnh Đông, Huyện Củ Chi, Tp Hồ Chí Minh",5 m,1 phòng,"1,45 tỷ- 132 m2",Tây Bắc,"Nhà ngõ, hẻm",132 m2,"Bán lô đất #Tân Thạnh Đông củ chi 
Diện tích 132m2
Mặt tiền đường nhựa 
Hai mặt tiền 
Gần trường gần chợ
Giá hữu nghị 1tỷ450
1 lô","10,98 triệu/m2",Hoàn thiện cơ bản,162.6 m²,Tây Bắc,Chung cư,Mặt tiền,Mặt bằng kinh doanh
10,,"Đất sổ đỏ 1000m(23.3×43.3) đường bắc đuông ,",1 phòng,3,Đã có sổ,Căn góc,Đã bàn giao,3,Đất thổ cư,66 m²,10,2,43 m,- 1.000 m2,"Nguyễn Trọng Quyền, Xã Trung Thạnh, Huyện Cờ Đỏ, Cần Thơ",23 m,1 phòng,"3,7 tỷ- 1.000 m2",Tây Bắc,"Nhà ngõ, hẻm",1000 m2,"đất thổ cư gần chợi bắc đuông, khu dân cư mới thành lập cách cầu bắc đuông 100m,gần chợ,","3,7 triệu/m2",Hoàn thiện cơ bản,162.6 m²,Tây Bắc,Chung cư,Mặt tiền,Mặt bằng kinh doanh
10,,"Nhà Sổ Hồng 32m2, Ấp 4 Hưng Long Bình Chánh",2 phòng,3,Đã có sổ,Căn góc,Đã bàn giao,3,Đất thổ cư,66 m²,10,1,8 m,- 32 m2,"825, đường hương lộ 11, Xã Hưng Long, Huyện Bình Chánh, Tp Hồ Chí Minh",4 m,2 phòng,600 triệu- 32 m2,Tây Bắc,"Nhà ngõ, hẻm",32 m²,"Giá còn thương lượng
Nhà sổ hồng bao sang tên
Nhận mua bán - kí gửi nhà 
Nhà - kho - đất từ quận 8 tới bình chánh long an mình có rất nhiều liên hệ để biết thêm","18,75 triệu/m²",Hoàn thiện cơ bản,32 m²,Đông,Chung cư,Mặt tiền,Mặt bằng kinh doanh
10,,Bán đất view hồ bằng đẹp gần qlo14a.điện wf đầy đủ,2 phòng,3,Đã có sổ,Căn góc,Đã bàn giao,3,Đất nông nghiệp,66 m²,10,1,300 m,- 9.000 m2,"Đường Quốc lộ 14, Xã Nâm N'Jang, Huyện Đắk Song, Đắk Nông",300 m,2 phòng,1 tỷ- 9.000 m2,Tây Bắc,"Nhà ngõ, hẻm",9000 m2,bán diện tích 9sào view hồ cách qlo14a 700. đường bê tông 200m đường đất bằng như sân view đẹp .điện nhà wf đầy đủ .xã nâm jang huyện đăk song.cách gia nghĩa 27km,111.111 đ/m2,Hoàn thiện cơ bản,32 m²,Đông,Chung cư,Hẻm xe hơi,Mặt bằng kinh doanh
1,,Bán Nhà Đẹp Khách Mua Nhà Đón Tết Liên Hệ Em,3 phòng,Khu Phố 3,Giấy tờ khác,Căn góc,Đã bàn giao,3,Đất nông nghiệp,66 m²,10,1,18 m,- 82 m2,"12, Đường Tỉnh Lộ 768, Phường Trảng Dài, Thành phố Biên Hòa, Đồng Nai",4 m,2 phòng,"1,68 tỷ- 82 m2",Tây Bắc,"Nhà mặt phố, mặt tiền",82 m²,"➖Bán Nhà Mặt Tiền 1 Lầu 1 Trệt KP3 Trảng Dài Gần Chợ Quang Thắng ( Hướng Tây )
➖Diên Tích 4x18 Sổ Chung Nhà Có Sân Xe Hơi Phòng Khách,Bếp,3 Phòng Ngủ,2 Toilets,Giếng Trời,Ban Công, Đường Trước Nhà Xe Hơi Né Nhau
➖Nhà Mặt Tiền Kinh Doanh Mở Salon Tóc, Văn Phòng,OK Hết Nhélqq Nằm Ngày Trung Tâm,Các Tiện ích Sung Quanh,Cách Nhà Chỉ 1km Nhà Chủ Đang ở Xây Chắc Chắn Kiên Cố
➖ Tặng Một Số Nội Thất Nếu Khách Thiện Chí Mua Nhanh
➖Giá 1tỷ680 Bớt Lộc
➖LH 0946.087.678 Để Xem Nhà Nhé","20,49 triệu/m²",Nội thất đầy đủ,148 m²,Tây,Chung cư,Hẻm xe hơi,Mặt bằng kinh doanh
1,,Đất sạch Bà Bang Nhãn,3 phòng,Khu Phố 3,Đã có sổ,Căn góc,Đã bàn giao,3,Đất thổ cư,66 m²,10,1,18 m,- 160 m2,"Đường Lê Văn Hiến, Phường Hoà Hải, Quận Ngũ Hành Sơn, Đà Nẵng",4 m,2 phòng,"2,7 tỷ- 160 m2",Tây Bắc,"Nhà mặt phố, mặt tiền",160 m2,"Cần bán nhanh lô đất đẹp rộng kiệt đường Bà Bang Nhãn
Diện tích: 160m2, Ngang 5m, Kiệt đường 3m
Phù hợp đầu tư, xây nhà ở, xây dãy trọ
Giá bán: 2 tỷ 7 có thương lượng","16,88 triệu/m2",Nội thất đầy đủ,148 m²,Đông Nam,Chung cư,Hẻm xe hơi,Mặt bằng kinh doanh
1,,Bán nhà lầu 1 triệt 1 lầu,2 phòng,Đất mặt tiền,Đã có sổ,Căn góc,Đã bàn giao,3,Đất thổ cư,66 m²,10,1,34 m,- 340 m2,"251/13A, Đường 251, Xã Tân Thạnh Đông, Huyện Củ Chi, Tp Hồ Chí Minh",10 m,2 phòng,"4,2 tỷ- 340 m2",Tây Bắc,"Nhà mặt phố, mặt tiền",340 m²,"1 phòng khách, 2 phòng ngủ, 2 toilet, 1 bếp","12,35 triệu/m²",Nội thất đầy đủ,340 m²,Tây Bắc,Chung cư,Hẻm xe hơi,Mặt bằng kinh doanh
1,,Bán đất 2 mặt tiền kinh doanh đường B Trưng Trắc,2 phòng,Đất mặt tiền,Đã có sổ,Căn góc,Đã bàn giao,3,Đất thổ cư,66 m²,10,1,20 m,- 100 m2,"Đường Trưng Trắc B, Phường Hiệp Bình Chánh, Quận Thủ Đức, Tp Hồ Chí Minh",5 m,2 phòng,"12,2 tỷ- 100 m2",Tây Bắc,"Nhà mặt phố, mặt tiền",100 m2,"Bán đất MT Kinh Doanh góc 2 mặt tiền 5x20 đường B Trưng Trắc, KDC Sông Đà Thủ Đức
12,2 tỷ - 96 m²
Thủ Đức, Hồ Chí Minh

BÁN ĐẤT GÓC 2 MẶT TIỀN 5X20 ĐƯỜNG B TRƯNG TRẮC KHU DÂN CƯ SÔNG ĐÀ, PHƯỜNG HIỆP BÌNH CHÁNH
Vị trí: mặt tiền đường B Trưng Trắc 
Cách Đường Hiệp Bình, Chợ Hiệp Bình chỉ 300m
Cách Quốc Lộ 13 – 700m
Là trục chính khu dân cư SÔNG ĐÀ + BÌNH DÂN
Đường thông, mật độ phương tiện qua lại rất đông

Diện tích đất: 95,5m2 ( 5x20)
Hướng: Tây Nam 
Thích hợp kinh doanh mọi ngành nghề 
Đặc biệt mở văn phòng công ty đại diện, cửa hàng ăn, café, spa làm đẹp…
Pháp lý: sổ hồng riêng, công chứng ngay 
Có hỗ trợ ngân hàng cho khách hàng có nhu cầu vay 
Hỗ trợ mọi thủ tục sang tên, công chứng…
Nhanh tay nhé quý anh chị, chỉ còn 1 nền 2 mặt tiền , cuối cùng giá tốt",122 triệu/m2,Nội thất đầy đủ,340 m²,Tây Nam,Chung cư,Hẻm xe hơi,Mặt bằng kinh doanh
1,,"LK 82,5x 4T, mt 4.5m thô, kđt An Hưng 7.5 tỷ",6 phòng,Đất mặt tiền,Đã có sổ,Căn góc,Đã bàn giao,3,Đất thổ cư,66 m²,10,1,20 m,- 82.5 m2,"Đường Tố Hữu, Phường Dương Nội, Quận Hà Đông, Hà Nội",4.5 m,4 phòng,"7,5 tỷ- 82.5 m2",Tây Bắc,Nhà phố liền kề,82.5 m²,"LK 82,5x 4T, mt 4.5m xây thô, hoàn thiện mặt ngoài, đường 11m, khu LK An Hưng – Dương Nội, 7.5 tỷ. LH mr Tâm","91,46 triệu/m²",Nội thất đầy đủ,300 m²,Tây Nam,Chung cư,Hẻm xe hơi,Mặt bằng kinh doanh
1,,Bán Nhanh Nền TT Thương Mại,6 phòng,Đất mặt tiền,Đã có sổ,Căn góc,Đã bàn giao,3,Đất nền dự án,66 m²,10,1,15 m,- 75 m2,"Đường ĐT 943, Thị trấn Núi Sập, Huyện Thoại Sơn, An Giang",5 m,4 phòng,665 triệu- 75 m2,Tây Bắc,Nhà phố liền kề,75 m2,"Nền view kênh 5x15 gần khu thương mại dịch vụ.
Chỉ thanh toán 285triệu đã sở hữu nền đẹp.","8,87 triệu/m2",Nội thất đầy đủ,300 m²,Tây Nam,Chung cư,Mặt tiền,Mặt bằng kinh doanh
1,,"Đất 63,4m nhà 1 trệt 1 lầu .sổ hồng chính chủ bán",2 phòng,Đất mặt tiền,Đã có sổ,Căn góc,Đã bàn giao,3,Đất nền dự án,66 m²,10,2,15 m,- 63.4 m2,"109/43, Huỳnh Thị Hai, Phường Tân Chánh Hiệp, Quận 12, Tp Hồ Chí Minh",5 m,2 phòng,"3,3 tỷ- 63.4 m2",Tây Bắc,"Nhà ngõ, hẻm",63.4 m²,"nhà 1 trệt 1 lầu . diện tích đất 63,4m. diện tích sàn ở 111,4m. sổ hồng chính chủ.bán 3,3tỷ thương lượng nhẹ. 1% cho môi giới.","52,38 triệu/m²",Nội thất đầy đủ,111.4 m²,Tây,Chung cư,Nở hậu,Mặt bằng kinh doanh
1,,Nhà SHR An Phú 57m tc 100% đường oto,2 phòng,Đất mặt tiền,Đã có sổ,Căn góc,Đã bàn giao,3,Đất nền dự án,66 m²,10,2,12 m,- 57 m2,"Đường D38, Phường An Phú, Thị xã Thuận An, Bình Dương",5 m,1 phòng,"1,699999999 tỷ- 57 m2",Tây Bắc,"Nhà mặt phố, mặt tiền",57 m²,"Hàng thơm về trong đêm 
Nhà SHR sát bên bệnh viện An Phú (trong KDC vietsing) đường oto sát nách visip1 
Diện tích :57m tc 100%
Giá :1t6xxx (hỗ trợ ngân hàng tẹt ga)","29,82 triệu/m²",Nội thất đầy đủ,58 m²,Tây,Chung cư,Hẻm xe hơi,Mặt bằng kinh doanh
1,,"Bán Gấp Nhà Đường Thống Nhất, GV, DT 42M2 Giá 3.15",2 phòng,Đất mặt tiền,Đã có sổ,Căn góc,Đã bàn giao,3,Đất nền dự án,66 m²,10,2,11 m,- 42 m2,"thống nhất, Phường 16, Quận Gò Vấp, Tp Hồ Chí Minh",3.8 m,2 phòng,"3,15 tỷ- 42 m2",Tây Bắc,"Nhà ngõ, hẻm",42 m²,"+ Chủ Gấp Bán, Mong Muốn Chốt Sớm Giảm Ngay Từ 3,5 Tỷ Xuống Còn 3,15 Tỷ, DT 42m Trung Tâm Gò Vấp.
Mô tả:

+ Kết cấu 1 trệt 1 lửng tổng 2 phòng ngủ, có phòng dưới trệt, phòng khách, phòng bếp, san để xe.

+ Hẻm ba gác sạch sẽ, cách 3 bước ra xe hơi.

+ Vị trí nhà ngay Công viên Làng Hoa, Chợ Hạnh Thông Tây, Bệnh viện Gò Vấp, Tiểu học - THCS - THPT, Lotte Nguyễn Văn Lượng, Vincom Quang Trung,..

+ Khu vực an ninh, yên tĩnh, dân trí cao.

+ Sổ vuông đẹp, hoàn công, không lỗi phong thuỷ, công chứng ngay.",75 triệu/m²,Nội thất đầy đủ,65 m²,Tây,Chung cư,Hẻm xe hơi,Mặt bằng kinh doanh
1,,NHÀ MẶT TIỀN KINH DOANH GẦN CHỢ TRUNGTÂM THANH KHÊ,3 phòng,Đất mặt tiền,Đã có sổ,Căn góc,Đã bàn giao,3,Đất nền dự án,66 m²,10,2,11 m,- 78 m2,"Đường Cù Chính Lan, Phường Hòa Khê, Quận Thanh Khê, Đà Nẵng",3.8 m,3 phòng,"6,8 tỷ- 78 m2",Tây Bắc,"Nhà mặt phố, mặt tiền",78 m²,"NHÀ MẶT TIỀN KINH DOANH GẦN CHỢ TRUNGTÂM THANH KHÊ
MẶT TIỀN CÙ CHÍNH LAN NHÀ 3 TẦNG THIẾT KẾ HIỆN ĐẠI,KINH DOANH CỰC TỐT 🏆🏆🏆
- diện tích : 78,6 m2 (5x15,7)
- Hướng : ĐÔNG NAM
- mặt tiền Cù Chính Lan 5m5 ngay đoạn sầm uất nhất 
- công năng : 3 tầng
- Tầng 1 thông suốt ( cho thuê mặt bằng tầng 1 thoải mái) 
- Tầng 2 : 2 phòng ngủ , 2Wc , 1 phòng sinh hoạt chung. 
- Tầng 3: 1pn ,1 phòng thờ,sân thượng và sân phơi
Liên hệ xem nhà và làm việc","87,18 triệu/m²",Nội thất đầy đủ,65 m²,Đông Nam,Chung cư,Hẻm xe hơi,Mặt bằng kinh doanh
1,,Bán Đất KDC Tứ Hiệp Đường 13m Giá Rẻ,3 phòng,Đất mặt tiền,Đã có sổ,Căn góc,Đã bàn giao,3,Đất thổ cư,66 m²,10,2,16 m,- 88 m2,"Đường Phạm Nhữ Tăng, Phường An Mỹ, Thành phố Tam Kỳ, Quảng Nam",5.5 m,3 phòng,"1,65 tỷ- 88 m2",Tây Bắc,"Nhà mặt phố, mặt tiền",88 m2,"Dự án: Bán Đất KDC Tứ Hiệp Đường 13m Giá Rẻ.
 Thông tin chi tiết: Bán lô đất mặt tiền đường đường nhựa kdc Tứ Hiệp
Diện Tích: 5,5 x 16 
Hướng Tây Bắc
Khu dân cư đông đúc, tiện ích xung quanh đầy đủ, không ngập lụt.
Giá Rẻ: 1ty650","18,75 triệu/m2",Nội thất đầy đủ,65 m²,Tây Bắc,Chung cư,Mặt tiền,Mặt bằng kinh doanh
1,,"Siêu phẩm 4.5x13 3lầu, hẻm 8m thông, tặng nội thất",5 phòng,Đất mặt tiền,Đã có sổ,Căn góc,Đã bàn giao,3,Đất thổ cư,66 m²,10,4,13 m,- 58 m2,"Đường Lê Văn Thọ, Phường 8, Quận Gò Vấp, Tp Hồ Chí Minh",4.5 m,5 phòng,"6,3 tỷ- 58 m2",Tây Bắc,"Nhà mặt phố, mặt tiền",58 m²,"💞💞 SIÊU PHẨM MỚI TRÌNH LÀNG!!
———————
- Nhà phố Quang Trung _ P.8!! Hẻm 8m xe hơi tránh nhau thoải mái.

- DT: 4.5m x 13m đúc lửng 3lầu, tặng nội thất đẹp.

- Gần sát trường Nguyễn Công Trứ, đối diện Mersidec Quang Trung, hẻm thông,..

- Hướng: Tây Nam (tây tứ trạch)

 ♨️ Giá bán: 6.3 tỷ TL
 ♨️ Linh Toni: 0.9.1.9.2.6.2.9.7.8","108,62 triệu/m²",Nội thất cao cấp,178 m²,Tây Bắc,Chung cư,Nở hậu,Mặt bằng kinh doanh
1,,"NGÂN HÀNG THANH LÝ NHÀ Ở CUỐI NĂM,SỔ HỒNG ĐẦY ĐỦ",3 phòng,Đất mặt tiền,Đã có sổ,Căn góc,Đã bàn giao,3,Đất thổ cư,66 m²,10,4,17 m,- 85 m2,"Đường Quốc Lộ 50, Phường 11, Quận 8, Tp Hồ Chí Minh",5 m,2 phòng,"1,45 tỷ- 85 m2",Tây Bắc,"Nhà mặt phố, mặt tiền",85 m²,"Khách vay thế chấp không khả năng chi trả nên Ngân hàng tịch thu nhà. Cuối năm hoàn vốn nên thanh lý nhanh nhà 1 trệt 1 lầu, 3 phòng ngủ, tolet, phòng khách, ban công. Thủ tục nhanh gọn sang tên khi nhận đủ tiền.","17,06 triệu/m²",Nội thất đầy đủ,170 m²,Tây Bắc,Chung cư,Nở hậu,Mặt bằng kinh doanh
1,,"BÁN NHÀ CHỈ VIỆC MANG VA LI LÀ VỀ Ở LUÔN 50m2 1,7",4 phòng,Đất mặt tiền,Đã có sổ,Căn góc,Đã bàn giao,3,Đất thổ cư,66 m²,10,4,17 m,- 50 m2,"Đường Phú Lãm, Phường Phú Lãm, Quận Hà Đông, Hà Nội",3.8 m,4 phòng,"1,7 tỷ- 50 m2",Tây Bắc,"Nhà ngõ, hẻm",50 m²,"Nhà đẹp xây mới kiên cố chắc chắn 50m2 4 tầng, mặt ngõ rộng thông thoáng
Gần chợ, trường cấp 1,2 phú lãm,cách bến xê yên nghĩa 500m 
Tầng 1;khách+bếp+để xe,wc, tầng 2; 2 +3 phòng ngủ +wc
Tầng 4 phòng thờ, sân phơi,
Đông dân cư, an ninh tốt,mọi tiện ích thuận tiện,để ở là quá tuyệt vời thoáng mát, 
Sáng dậy mở cửa ra hít 1 hơi thôi đã thấy sảng thoái và thoải mái, 
Để bắt đầu 1 ngày làm việc thật hiệu quả ,chỉ cần thế thôi đã thấy thích rồi,
Sổ đỏ vuông vắn đẹp ( LH tú anh Miễn TG QC)",34 triệu/m²,Nội thất đầy đủ,50 m²,Tây Bắc,Chung cư,Hẻm xe hơi,Mặt bằng kinh doanh
1,,Bán nhà cấp 4 gần VINCOME đường Trường Chinh,2 phòng,Đất mặt tiền,Đã có sổ,Căn góc,Đã bàn giao,3,Đất thổ cư,66 m²,10,4,20 m,- 200 m2,"Đường Nguyễn Chí Thanh, Phường 3, Thành phố Tây Ninh, Tây Ninh",10 m,2 phòng,320 triệu- 200 m2,Tây Bắc,"Nhà mặt phố, mặt tiền",200 m²,"Bán nhà cấp 4 mặt tiền đường Trường chinh cũ 
Cách Vincom Tây Ninh, chợ phường 3 tầm 5 phút đi xe
Diện tích sử dụng 200m2 ( đất thổ cư) 
Nhà 2 phòng ngủ 
2 nhà vệ sinh có, sân đậu ô tô 
Sổ Hồng Riêng 
Gía 320 Triệu","1,6 triệu/m²",Nội thất đầy đủ,200 m²,Tây Bắc,Chung cư,Hẻm xe hơi,Mặt bằng kinh doanh
1,,Nhà mê mặt tiền kinh doanh Nguyễn Chí Thanh,3 phòng,Đất mặt tiền,Đã có sổ,Căn góc,Đã bàn giao,3,Đất thổ cư,66 m²,10,4,15 m,- 60 m2,"Đường Nguyễn Chí Thanh, Phường Tân An, Thành phố Buôn Ma Thuột, Đắk Lắk",4 m,2 phòng,"2,9 tỷ- 60 m2",Tây Bắc,"Nhà mặt phố, mặt tiền",60 m²,"🌼Nhà mặt tiền Nguyễn Chí Thanh 1 mê🌼

-Dt: 4x15m
-Thổ cư 100% 
Giá 2ty9
Liên hệ:☎️ gặp Oanh","48,33 triệu/m²",Nội thất đầy đủ,60 m²,Tây Bắc,Chung cư,Hẻm xe hơi,Mặt bằng kinh doanh
1,,Đất trục công viên KDC Song Phương.100m2 giá 1ty35,3 phòng,Đất mặt tiền,Đã có sổ,Căn góc,Đã bàn giao,3,Đất thổ cư,66 m²,10,4,20 m,- 100 m2,"Đường Quốc Lộ 51, Xã Phước Thái, Huyện Long Thành, Đồng Nai",5 m,2 phòng,"1,35 tỷ- 100 m2",Tây Bắc,"Nhà mặt phố, mặt tiền",100 m2,"Cuối năm cần bán gấp lô đất nằm trong KDC Song Phương, Phước Thái, tt Long Thành.
Nằm trên trục đường công viên, vỉa hè 2 bên, đường nhựa 6m.
Khu dân cư đông đúc, đối diện trung tâm hành chính xã Phước Thái, trường học, chợ...
Diện tích: 5x20 m2, sổ hồng riêng, thổ cư 100%.
Giá bán 1 tỷ 350. 
Vị trí cách QL 51 chỉ 100m, hệ thống cơ sở hạ tầng hoàn thiện, điện, đèn đường, cây xanh, vỉa hè....
Nằm gần sân bay QT Long Thành, cao tốc Bến Lức - Long Thành, cao tốc Biên Hòa - Vũng Tàu ( 1,5 km).
Hệ thống giao thông công cộng, giá rẻ cho các nhà đầu tư.
XUng quanh là các cụm KCN Lớn: KCN Phước Bình, cụm KCN Long phước, KCN Gò Dầu, cty Vedan, ....
Vị trí tiềm năng, cơ hội đầu tư hấp dẫn.","13,5 triệu/m2",Nội thất đầy đủ,60 m²,Đông Bắc,Chung cư,Hẻm xe hơi,Mặt bằng kinh doanh
1,,6x25 đất cây lâu năm thành phố bạc liêu.,3 phòng,Đất mặt tiền,Đã có sổ,Căn góc,Đã bàn giao,3,Đất nông nghiệp,66 m²,10,4,25 m,- 150 m2,"Lộ Đal, Xã Hiệp Thành, Thành phố Bạc Liêu, Bạc Liêu",6 m,2 phòng,130 triệu- 150 m2,Tây Bắc,"Nhà mặt phố, mặt tiền",150 m2,"Cần bán nền đất xóm lẫm, hiệp thành, thành phố bạc liêu, đã lên nền cao ráo, không chủng vào cất nhà ngay, đất trồng cây lâu năm lên thổ cư được, đất không nằm trong quy hoạch. thích hợp cho các bạn trẻ ra riêng, đầu tư sinh lời, 6x25 có 130tr đất thành phố bạc liêu. mấy thánh hứa hẹn tha dùm em. cám ơn đã xem tin.",866.666 đ/m2,Nội thất đầy đủ,60 m²,Đông,Chung cư,Mặt tiền,Mặt bằng kinh doanh
1,,ĐẤT sổ đỏ ĐƯỜNG SỐ 18 HƯỚNG ĐÔNG NAM 90m2 (4.5X20),3 phòng,Đất mặt tiền,Đã có sổ,Căn góc,Đã bàn giao,3,Đất thổ cư,66 m²,10,4,20 m,- 90 m2,"đường số 18, Phường 5, Thành phố Vĩnh Long, Vĩnh Long",4.5 m,2 phòng,870 triệu- 90 m2,Tây Bắc,"Nhà mặt phố, mặt tiền",90 m2,"🍃 Bán Lô Đất Đường Số 18 Lộ Giới 12m KDC Minh Linh P5.
 - Diện tích 90m2 (4.5x20), vị trí đẹp không vướng cống, trụ điện, hố ga...
- Hướng Đông Nam mát mẻ, (khan hiếm) nhiều người tìm kiếm.
 - Giá bán: 870 triệu (thuế ai nấy đóng) 
 🍃🍃 xem đất liên hệ sđt bên dưới (gặp Tài) 🍃🍃","9,67 triệu/m2",Nội thất đầy đủ,60 m²,Đông Nam,Chung cư,Mặt tiền,Mặt bằng kinh doanh
1,,CHÍNH CHỦ BÁN NỀN D7 TIỂU DỰ ÁN NHI ĐỒNG 5X11 LG6M,3 phòng,Đất mặt tiền,Đang chờ sổ,Căn góc,Đã bàn giao,3,Đất thổ cư,66 m²,10,4,11 m,- 56 m2,"D7 TIỂU DỰ ÁN NHI ĐỒNG, Đường Nguyễn Văn Cừ, Phường Bình Thủy, Quận Bình Thuỷ, Cần Thơ",5 m,2 phòng,"1,49 tỷ- 56 m2",Tây Bắc,"Nhà mặt phố, mặt tiền",56 m2,"BÁN NỀN D7-30 TIỂU DỰ ÁN NHI ĐỒNG, ĐỐI DIỆN BV NHI ĐỒNG CẦN THƠ , NGUYỄN VĂN CỪ. 
--------------------------------------------------------------
💲Giá chỉ 1 tỷ 490 (thương lượng) 
_DT: 5m x 11m, TDT: 56m2 ODT. 
_Lộ giới: Lộ nhựa 4m + Lề 2m. 
_Hướng: Đông Nam
_Pháp lý: Biên bản giao nền TĐC Tiểu dự án Nhi Đồng.
_Liên hệ (zalo) Chính Chủ.","26,61 triệu/m2",Nội thất đầy đủ,60 m²,Đông Nam,Chung cư,Mặt tiền,Mặt bằng kinh doanh
1,,BÁN NHÀ 2 LẦU CAO CẤP - HẺM 66 ĐƯỜNG NG VĂN CỪ,4 phòng,Đất mặt tiền,Đã có sổ,Căn góc,Đã bàn giao,3,Đất thổ cư,66 m²,10,2,20.8 m,- 85 m2,"Đường Nguyễn Văn Cừ, Phường An Hòa, Quận Ninh Kiều, Cần Thơ",4.4 m,5 phòng,"4,7 tỷ- 85 m2",Tây Bắc,"Nhà ngõ, hẻm",85 m²,"Nhà 2 lầu đúc - Vị trí & Nhà tuyệt đẹp. 
- Nhà nằm ngay đầu hẻm 66A - Nguyễn Văn Cừ.

- Hẻm 66A, nằm kế Đèn Đỏ Nguyễn Văn Cừ và Trần Việt Châu - vào hẻm thì tới nhà liền.
- Diện tích: 4,4 x 20,8 = 85m2, nhà 2 lầu đúc kiên cố = 223m2, thổ cư, giấy hồng đã hoàn công, H. Tây Nam.
- Nhà có: Sân đậu xe hơi, 2 phòng khách, 4 phòng ngủ, 5 WC, phòng sinh hoạt chung, nhà bếp, sân phơi, ban công, giếng Trời.
- Nhà vị trí đẹp, nhà rất lợi mở: VP, CT, phòng mạch, hoặc KD mua bán,...
- Giá: 4 tỉ 700 triệu
🎁 Khuyến mãi toàn bộ nội mới 100% hiện có trong nhà: Dàn rèn cửa, 3 máy lạnh, 2 bộ sofa, 3 tủ quần áo, bếp gỗ treo, bàn ăn, 4 giường ngủ, 3 tủ quần áo, tủ lạnh, máy giặt,...)","55,29 triệu/m²",Nội thất đầy đủ,223 m²,Tây Nam,Chung cư,Hẻm xe hơi,Mặt bằng kinh doanh
1,,Chung cư era town q7.161m.3pn.3wc . View đẹp,3 phòng,Đất mặt tiền,Đã có sổ,Căn góc,Đã bàn giao,3,Đất thổ cư,161 m²,10,2,20.8 m,- 161 m2,"Đường 15B, Phường Phú Mỹ, Quận 7, Tp Hồ Chí Minh",4.4 m,3 phòng,"2,45 tỷ- 161 m2",Tây Bắc,"Nhà ngõ, hẻm",85 m²,"Bán gấp căn hộ era town q7.161m,3pn,3wc nhà có nội thất , view đẹp . Giá rẽ 2ty 450tr lh để xem căn hộ thực tế","15,22 triệu/m²",Nội thất đầy đủ,223 m²,Tây Nam,Chung cư,Hẻm xe hơi,Mặt bằng kinh doanh
1,,"Bán việt hưng 75m2, mt 4.5, 2.3 tỉ.",2 phòng,Đất mặt tiền,Đã có sổ,Căn góc,Đã bàn giao,3,Đất thổ cư,161 m²,10,2,20.8 m,- 75 m2,"Việt hưng, Phường Việt Hưng, Quận Long Biên, Hà Nội",4.5 m,1 phòng,"2,3 tỷ- 75 m2",Tây Bắc,"Nhà mặt phố, mặt tiền",75 m²,"Mua ngay keod lỡ
Gần riverside, bigc, cầu đông trù","30,67 triệu/m²",Nội thất đầy đủ,75 m²,Tây Nam,Chung cư,Hẻm xe hơi,Mặt bằng kinh doanh
1,,bán lô đất 25 b2.18 và b2 .20,2 phòng,Đất mặt tiền,Đã có sổ,Căn góc,Đã bàn giao,lo 15 b2. 20,Đất nền dự án,161 m²,10,2,20 m,- 100 m2,"03, Hoài An 21 và 23, Phường Hòa An, Quận Cẩm Lệ, Đà Nẵng",5 m,1 phòng,"2,45 tỷ- 100 m2",Tây Bắc,"Nhà mặt phố, mặt tiền",100 m2,chính chủ cần bán hai lô đât khu đô thi phước lý 2 phường hòa an cẩm lê trung tâm thành phố Đà Nẵng dân cư hiên hữu dân trí văn minh giá bán chuẩn theo thi trường ko tiếp cò lái .Tiếp người thiên chí mua ở bán nhanh chịu lổ 800 triêu ko kỳ kèo thương lương bao xổ,"24,5 triệu/m2",Nội thất đầy đủ,75 m²,Tây Nam,Chung cư,Hẻm xe hơi,Mặt bằng kinh doanh
1,,"Nhà 5x24 gần chợ Thanh Hoá, đường Nguyễn Thái Học",1 phòng,Đất mặt tiền,Giấy tờ khác,Căn góc,Đã bàn giao,lo 15 b2. 20,Đất nền dự án,161 m²,10,2,24 m,- 120 m2,"Đường Nguyễn Thái Học, Phường Trảng Dài, Thành phố Biên Hòa, Đồng Nai",5 m,2 phòng,960 triệu- 120 m2,Tây Bắc,"Nhà ngõ, hẻm",120 m²,"🔥🔥BÁN NHÀ 5X24 GẦN CHỢ THANH HOÁ - ĐƯỜNG NGUYỄN THÁI HỌC KHU DÂN CƯ ĐÔNG PHÁT TRIỂN THUỘC KP4 - PHƯỜNG TRẢNG:
👉Diện tích 5m x 24m, đất sạch không dính quy hoạch. Hẻm bê tông 7m cực sáng cực thoáng!!
👉Nhà gồm phòng ngủ, phòng khách, bếp, toilet và nhà tắm riêng, sân trước cực rộng rãi, thoáng mát!! Nhà xây để ở nên rất chắc chắn, điện nước máy đầy đủ, dọn vào ở ngay!!
👉Pháp lý: nhà sổ chung, mua bán ký văn phòng luật sư, chính chủ nhà ký bán!!
💵💵Giá bán: 960 triệu (bớt chút lộc)
**Tặng bộ bàn ghế gỗ phòng khách!!
📞📞Hotline: Đức Tâm",8 triệu/m²,Nội thất đầy đủ,120 m²,Đông Nam,Chung cư,Nở hậu,Mặt bằng kinh doanh
1,,"Đất 1/ đường Bưng Ông Thoàn, Phú Hữu, Quận 9. 58m2",1 phòng,Đất mặt tiền,Đã có sổ,Căn góc,Đã bàn giao,lo 15 b2. 20,Đất thổ cư,161 m²,10,2,14.5 m,- 58 m2,"Đường Bưng Ông Thoàn, Phường Phú Hữu, Quận 9, Tp Hồ Chí Minh",4 m,2 phòng,"2,9 tỷ- 58 m2",Tây Bắc,"Nhà ngõ, hẻm",58 m2,"Hẻm VIP 1/ đường Bưng Ông Thoàn, P. Phú Hữu, Quận 9. Hẻm 6m ôtô quay đầu.
⚡️Diện tích: 58m2 (ngang 4m, vuông vức).
⚡️Giá bán: 2,9 Tỷ bớt lộc.
⚡️KDC hiện hữu, xây dựng tự do đủ đất. Gần đường cao tốc kết nối các Quận trung tâm.",50 triệu/m2,Nội thất đầy đủ,120 m²,Tây Nam,Chung cư,Nở hậu,Mặt bằng kinh doanh
1,,Bán đất biệt thự 300m nam đầm vạc vĩnh yên,1 phòng,Đất mặt tiền,Đã có sổ,Căn góc,Đã bàn giao,lo 15 b2. 20,Đất nền dự án,161 m²,10,2,20 m,- 200 m2,"lý nam đế, Phường Khai Quang, Thành phố Vĩnh Yên, Vĩnh Phúc",10 m,2 phòng,"3,7 tỷ- 200 m2",Tây Bắc,"Nhà ngõ, hẻm",200 m2,"Cần bán lô đất nam đầm vạc khu B, đường 13,5m, vị trí cực đẹp, đã có bìa đỏ (cách đường Lý Nam Đế 50m), DT 200m: 10x20 , giá bán 18,5tr/m. Liên hệ","18,5 triệu/m2",Nội thất đầy đủ,120 m²,Tây Nam,Chung cư,Mặt tiền,Mặt bằng kinh doanh
1,,"Bán Nhà 3x6,1 lầu,SHC,1 tỷ 3 tl,Lê Thị Riêng.Q12",2 phòng,Đất mặt tiền,Đã có sổ,Căn góc,Đã bàn giao,lo 15 b2. 20,Đất nền dự án,161 m²,10,2,6 m,- 18 m2,"Đường Lê Thị Riêng, Phường Thới An, Quận 12, Tp Hồ Chí Minh",3 m,1 phòng,"1,3 tỷ- 18 m2",Tây Bắc,"Nhà ngõ, hẻm",18 m²,"Cần Bán Nhà,
. Đường Thới An 16.Q12
Cách Lê Văn khương 100m-Lê thị Riêng 100m.
( ĐỐI DIỆN CAFE OSAKA )
Dt:3x6 1 lầu , 2 phòng ngủ , 1 toilet , ban công . 
Đường 6m xe hơi.
🌏Vị Trí đẹp(,Nhà Như hình)
📕Pháp Lý : Sổ chung 3 căn,kdc 100%,(Giấy Tờ đầy đủ,(Bao huy hoạch)

Giá: 1tỷ300tr( thương lượng )
Lh:CG","72,22 triệu/m²",Nội thất đầy đủ,36 m²,Đông,Chung cư,Nở hậu,Mặt bằng kinh doanh
1,,Mảnh 720m2 có 100m đất ở mặt tiền 20m,2 phòng,Đất mặt tiền,Đã có sổ,Căn góc,Đã bàn giao,lo 15 b2. 20,Đất thổ cư,161 m²,10,2,34 m,- 720 m2,"Đường 88, Xã Xuân Sơn, Thị xã Sơn Tây, Hà Nội",20 m,1 phòng,"1,2 tỷ- 720 m2",Tây Bắc,"Nhà ngõ, hẻm",720 m2,"mảnh 720m2 có 100m đất ở mặt tiền 20m mảnh đất vuông vắn đã có tường bao kiên cố cách đường tỉnh lộ 413 500m ngay gần mặt đường vành đai 5 
đường ô tô tránh nhau thông thoáng","1,67 triệu/m2",Nội thất đầy đủ,36 m²,Đông,Chung cư,Mặt tiền,Mặt bằng kinh doanh
1,,Đất Đất Nền Thị Xã Sơn Tây 1.000m²,2 phòng,Đất mặt tiền,Đã có sổ,Căn góc,Đã bàn giao,lo 15 b2. 20,Đất thổ cư,161 m²,10,2,28 m,- 1.000 m2,"vân khê, Xã Xuân Sơn, Thị xã Sơn Tây, Hà Nội",35 m,1 phòng,"1,8 tỷ- 1.000 m2",Tây Bắc,"Nhà ngõ, hẻm",1000 m2,"Dự án: Đất Nền Thị Xã Sơn Tây
Thông tin chi tiết: Diện tích lô 1000m2
200m thổ cư
35m mặt tiền , 
Đường hai ô tô tránh nhau, 
Cách ql413 có 400m , 
Đường thông , 
Giá đầu đầu tư có 1,8tr/m2","1,8 triệu/m2",Nội thất đầy đủ,36 m²,Tây Nam,Chung cư,Nở hậu,Mặt bằng kinh doanh
1,,Cần tiền nên bán lô đất để xoay sở công việc,2 phòng,Đất mặt tiền,Đã có sổ,Căn góc,Đã bàn giao,lo 15 b2. 20,Đất thổ cư,161 m²,10,2,23 m,- 113 m2,"B05, Đường Lê Thiện Tri, Phường Hoà Hải, Quận Ngũ Hành Sơn, Đà Nẵng",5 m,1 phòng,"2,9 tỷ- 113 m2",Tây Bắc,"Nhà ngõ, hẻm",113 m2,"như tiêu đề cần tiền bán lô đất để giải quyết công việc, cần bán nhanh, ai thiên chí gọi điện thoại để trực tiếp làm việc, bán nhanh ra công chứng ,","25,66 triệu/m2",Nội thất đầy đủ,36 m²,Tây Nam,Chung cư,Nở hậu,Mặt bằng kinh doanh
1,,Đất mặt đường Bãi Dài mở 24m giá nhỉnh 1 tỷ,2 phòng,Đất mặt tiền,Đã có sổ,Căn góc,Đã bàn giao,lo 15 b2. 20,Đất thổ cư,161 m²,10,2,20 m,- 100 m2,"Bãi Dài, Xã Tiến Xuân, Huyện Thạch Thất, Hà Nội",5 m,1 phòng,"1,2 tỷ- 100 m2",Tây Bắc,"Nhà ngõ, hẻm",100 m2,"Diện tích 75m2 đến 130m2 full thổ cư
Hạ tầng đường nhựa nội khu 6-8m, công viên, cây xanh, khu đi bộ
Gần Xanh Villas, Hồ Cố Đụng, Suối Ngọc Vua Bà
Giao thông thuận tiện gần Đại lộ Thăng Long, Đường sắt đô thị số 5 Hòa Lạc Văn Cao, Sân bay Hòa Lạc
Cách Làng ĐH Quốc Gia chỉ 3 phút lái xe.
Giá đầu tư cực tốt",12 triệu/m2,Nội thất đầy đủ,36 m²,Tây Nam,Chung cư,Mặt tiền,Mặt bằng kinh doanh
1,,NỀN CLN GIÁ RẺ RẠCH MIỄU ÔNG-BÙI HỮU NGHĨA,2 phòng,Đất mặt tiền,Đã có sổ,Căn góc,Đã bàn giao,lo 15 b2. 20,Đất thổ cư,161 m²,10,2,11 m,- 53 m2,"Đường Bùi Hữu Nghĩa, Phường Long Tuyền, Quận Bình Thuỷ, Cần Thơ",5 m,1 phòng,240 triệu- 53 m2,Tây Bắc,"Nhà ngõ, hẻm",53 m2,"🔈🔉🔊 NỀN GIÁ RẺ LỘ 5M RẠCH MIỄU ÔNG- LONG TUYỀN BÌNH THỦY.
-----------------------------------
📍Nền 1: 5 x 11 (53m2) 💥giá 240tr
📍Nền 2: 5 x 11.8 (57m2) 💥giá 250tr
📍Nền 3: 5 x 12.5 (60m2) 💥giá 260tr
📍Nền 4: 5 x 13 (64m2) 💥giá 270tr
📍Nền 5: 5 x 14 (68m2) 💥giá 290tr
📍Nền 6: 5 x 15 (73m2)💥giá 290tr
📍Nền 8: 5 x 16 (81m2) 💥giá 320tr
⭐ Cơ sở hạ tầng hoàn chỉnh, điện nước có đủ, đất cây lâu năm đợi lên thổ.
⭐Thích hợp đầy tư sinh lời.
⭐ Có giá tốt khi mua 1 cặp hay mua hết 4 nền.
⭐Lộ 5m ôtô quay đầu. Cách chợ Miễu Ông, UBND, trường học Long Tuyền 900m, khu vực dân cư đông đúc, không quy hoạch. 
-----------------------------------------
📲📲📲 Liên hệ: Mr Vạn","4,53 triệu/m2",Nội thất đầy đủ,36 m²,Đông Nam,Chung cư,Hẻm xe hơi,Mặt bằng kinh doanh
1,,Nhà Phố 2 tầng 4p ngủ 1p khách Full Nội thất,4 phòng,Đất mặt tiền,Đã có sổ,Căn góc,Đã bàn giao,lo 15 b2. 20,Đất thổ cư,161 m²,10,2,13 m,- 50 m2,"Đường Hiệp Bình, Phường Hiệp Bình Phước, Quận Thủ Đức, Tp Hồ Chí Minh",4 m,5 phòng,"5,7 tỷ- 50 m2",Tây Bắc,"Nhà ngõ, hẻm",50 m²,"Sếp em có ngôi nhà cần bán gấp , nhà chính chủ, Nằm trong Khu Dân Cư Hồng Long Thủ Đức, 
Không dính quy hoạch
Diện tích : 50m2 ( 4 x 13) Có 4 phòng ngủ và 1 Phòng khách. Nội thất sang trọng. Cách QL 13 chỉ 100m,
Khu dân cư Hồng Long nằm trên đường Hiệp Bình , Hiệp Bình Phước Quận THủ ĐỨc. rất gần cầu Bình Triệu.
Giá trả trước 2 tỷ 5 là có thể vào ở, ngân hàng hỗ trợ 50% còn lại.
Chính chủ đang xây nhà mới nên có thể thuê ở 20tr / tháng , thanh toán 1 năm tiền thuê. .
Sổ Hồng chính chủ, Đã Hoàn công, Vui lòng liên hệ trực tiếp sdt trang này chính chủ. Chấp nhận các a môi giới,",114 triệu/m²,Nội thất cao cấp,50 m²,Bắc,Chung cư,Hẻm xe hơi,Mặt bằng kinh doanh
1,,Bán nhà hẻm 5m đường ấp chiến lược dt4x10 nhà đúc,2 phòng,Đất mặt tiền,Đã có sổ,Căn góc,Đã bàn giao,lo 15 b2. 20,Đất thổ cư,161 m²,10,2,13 m,- 40 m2,"Đường Ấp Chiến Lược, Phường Bình Hưng Hoà A, Quận Bình Tân, Tp Hồ Chí Minh",4 m,2 phòng,"2,65 tỷ- 40 m2",Tây Bắc,"Nhà ngõ, hẻm",40 m²,"Cần tiền bán nhà hẻm 5m đường ấp chiến lược dt 4x10 nhà đúc 1 tấm , khu dân trí cao ,an ninh tốt yên tĩnh . Sổ hồng giấy tờ đầy đủ .bao sang tên giá bán 2ty650 tr . Khách thiện chí mua nhà đất lh chị hằng","66,25 triệu/m²",Nội thất cao cấp,50 m²,Bắc,Chung cư,Hẻm xe hơi,Mặt bằng kinh doanh
1,,M3-Đấu giá Nguyên Khê-270m-Xây Biệt Thự-Kinh doanh,2 phòng,Đất mặt tiền,Đã có sổ,Căn góc,Đã bàn giao,lo 15 b2. 20,Đất thổ cư,161 m²,10,2,18 m,- 270 m2,"Đường Lê Hữu Tựu, Xã Nguyên Khê, Huyện Đông Anh, Hà Nội",15 m,2 phòng,"8,55 tỷ- 270 m2",Tây Bắc,"Nhà ngõ, hẻm",270 m2,"Dự án: Đấu Giá Nguyên Khê.
 Thông tin chi tiết: Bán Lô đất đấu giá Nguyên Khê, thửa đất vuông, đẹp, mặt tiền rộng.
* Vị trí thuận tiện làm nhà hàng, dịch vụ, spa, trung tâm chăm sóc, gara....
* Đầu tư sinh lời chỉ trong 1 năm tới.
* Cạnh đó là trường cấp 1-2, các nhà hàng, cà phê, trung tâm đăng kiểm xe cơ giới. Trạm Y tế, UBND xã và các cơ quan công quyền của Nguyên Khê.
* Giao thông thuận tiện, xe tải tránh trước mặt, vỉa hè rộng. Mật độ xây dựng xung quanh ngày càng đông đúc.
* 270m2-15m mặt tiền, xây biệt thự tuyệt đẹp.
* Hơn 31tr/m2
* Liên hệ xem đất trực tiếp call Hiệp Đông Anh

Chủ gửi thêm mảnh Khê Nữ cạnh đường gom lên Võ Nguyên Giáp, 20m ra đường Lê Hữu Tựu.
* 105m2-7.5m mặt tiền, nở hậu 1cm
* Giá 34tr/m2.","31,67 triệu/m2",Nội thất cao cấp,50 m²,Bắc,Chung cư,Hẻm xe hơi,Mặt bằng kinh doanh
1,,Đất vườn mặt kênh đường bêtông 10m giá 1.1tr/m2,2 phòng,Đất mặt tiền,Đã có sổ,Căn góc,Đã bàn giao,lo 15 b2. 20,Đất thổ cư,161 m²,10,2,50 m,- 1.000 m2,"Kênh Đức Lập, Xã Trung Lập Hạ, Huyện Củ Chi, Tp Hồ Chí Minh",20 m,2 phòng,"1,1 tỷ- 1.000 m2",Tây Bắc,"Nhà ngõ, hẻm",1000 m2,"Tôi cần bán lô đất vườn mặt tiền đường kênh đức lập 10m ra tỉnh lộ 7 chỉ 1.5km
Vườn đất cao ráo , đã trồng cây ăn trái được thu hoạch như dừa, mít, đu đủ, xoài...có sẵn nhà chòi nghỉ mát và ao câu cá
ace có thể xem hình ảnh thực tế để cảm nhận
Tôi bán giá ưu đãi cho ace thiện chí 1.1triêu/m","1,1 triệu/m2",Nội thất cao cấp,50 m²,Đông Nam,Chung cư,Nở hậu,Mặt bằng kinh doanh
1,,"BÁN ĐẤT TẶNG NHÀ C4 MẶT TIỀN 7M5, BẾN XE TT",1 phòng,Đất mặt tiền,Đã có sổ,Căn góc,Đã bàn giao,lo 15 b2. 20,Đất thổ cư,161 m²,10,2,22.7 m,- 113.5 m2,"ngô thế lân, Phường Hòa An, Quận Cẩm Lệ, Đà Nẵng",5 m,1 phòng,"2,94 tỷ- 113.5 m2",Tây Bắc,"Nhà mặt phố, mặt tiền",113.5 m²,"B.Á.N LÔ ĐẤT NGÔ THẾ LÂN - HÒA AN - ĐÀ NẴNG
THÔNG TIN:
- Diện tích: 113.5m2
- Hướng: Tây nam
- Đường: 7m5 ( Lề 3m )
- Không dinh cống, sạch đẹp
- Hiện tại lô đất có nhà cấp 4
- Tiện tích: Gần bến xe trung tâm, Gần trục Yên Thế - Bắc Sơn, mẩu giáo khánh an, trường cấp 2","26,02 triệu/m²",Nội thất đầy đủ,60 m²,Tây Nam,Chung cư,Nở hậu,Mặt bằng kinh doanh
1,,Bán nhà 5 tầng Tái Đinh Cư Phú Diễn,8 phòng,Đất mặt tiền,Đã có sổ,Căn góc,Đã bàn giao,lo 15 b2. 20,Đất thổ cư,161 m²,10,2,10 m,- 40 m2,"Đường 32, Phường Phú Diễn, Quận Bắc Từ Liêm, Hà Nội",4 m,5 phòng,"5,5 tỷ- 40 m2",Tây Bắc,"Nhà mặt phố, mặt tiền",40 m²,"Chuyển nhà cần bán nhà 5 tầng Tái định cư Phú Diễn.

- Diện tích 40m2, mặt tiền 3,5m.

- Đường trước nhà 6m, vỉa hè 2,5m

- Nhà thiết kế hiện đại, tầng 2 phòng ngủ rộng thoáng.

- T1 P khách + bếp, T2,3,4 mỗi tầng 2 ngủ T5 Thờ + ngủ 

- Cách đường 32 cầu diễn , Đại Học Tài Nguyên Môi Trường 500m.

- Giá 5,5 tỷ. thương lượng trực tiếp với chủ nhà.","137,5 triệu/m²",Nội thất đầy đủ,200 m²,Tây Nam,Chung cư,Hẻm xe hơi,Mặt bằng kinh doanh
1,,đất trồng cây lâu năm 280m xã hưng long tphcm,8 phòng,Đất mặt tiền,Đã có sổ,Căn góc,Đã bàn giao,lo 15 b2. 20,Đất nông nghiệp,161 m²,10,2,40 m,- 280 m2,"Đường Cả Cường, Xã Hưng Long, Huyện Bình Chánh, Tp Hồ Chí Minh",7 m,5 phòng,"1,8 tỷ- 280 m2",Tây Bắc,"Nhà mặt phố, mặt tiền",280 m2,đất nằm trên trục đường nhựa 6 m dân cư đông đúc gần đường cao tốc bến lức long thành nối liền 2 xã hưng long và qui đức cách quốc lộ 50 1km thuận tiện cho khách nhu cầu làm nhà vườn kho bãi,"6,43 triệu/m2",Nội thất đầy đủ,200 m²,Nam,Chung cư,Mặt tiền,Mặt bằng kinh doanh
6,,Nhà gần ngay chợ bến cát Bình Dương,2 phòng,D,Đã có sổ,Căn góc,Đã bàn giao,lo 15 b2. 20,Đất nông nghiệp,161 m²,10,2,18 m,- 90 m2,"18, Đường Hùng Vương, Phường Mỹ Phước, Thị xã Bến Cát, Bình Dương",5 m,2 phòng,720 triệu- 90 m2,Tây Bắc,"Nhà mặt phố, mặt tiền",90 m²,"Dự án mới: bến cát 
thị xa bến cát
Thông tin chi tiết: ra gấp căn nhà cách chợ bến cát 500m
diện tích 5x18 
thổ cư 100%
có ngân hàng hỗ trợ trả góp 
giao nhà hoàn thiện",8 triệu/m²,Hoàn thiện cơ bản,90 m²,Tây Nam,Chung cư,Nở hậu,Mặt bằng kinh doanh
6,,"Nhà Hẻm 273 Tân Hòa Đông, Bình Trị Đông, Bình Tân",1 phòng,D,Đã có sổ,Căn góc,Đã bàn giao,lo 15 b2. 20,Đất nông nghiệp,161 m²,10,2,13 m,- 58 m2,"Một Phần 273/1, Đường Tân Hòa Đông, Phường Bình Trị Đông, Quận Bình Tân, Tp Hồ Chí Minh",5 m,1 phòng,"4,1 tỷ- 58 m2",Tây Bắc,"Nhà ngõ, hẻm",58 m²,"Dự án: Nhà Hẻm 273 Tân Hòa Đông, Bình Trị Đông, Bình Tân (*VIP* COVID).
 Thông tin chi tiết: ---- Ra khơi mùa COVID vẫn chưa vào được bờ, cần lắm phao cứu sinh ----
---- 1% Hoa Hồng cho môi giới ----
---- Chính chủ liên lạc không qua môi giới, tặng ngay Iphone 12 PRO MAX ----
--------------------------------------------------------------------------------------------------------
Diện tích Công Nhận: 5x11.6 = 58m2
- Tiện ích xung quanh đầy đủ siêu thị, chợ, trường học, Thế giới di dộng.
- Thuận tiện di chuyển 5p - 10p có thể đến [Quận 5, Quận 6, Aeon Bình Tân, Bệnh viện quốc tế, Tân Phú...
- Hẻm hiện hữu 4.18m, xe hơi vào tận nơi. Tương lai mở rộng hẻm 8m
- Nhà cấp 4, tiện việc xây dựng, sửa chữa, đầu tư.
- Chính chủ mua bán, sang tên công chứng trong ngày, bao hồ sơ giấy tờ.","70,69 triệu/m²",Hoàn thiện cơ bản,65 m²,Tây Nam,Chung cư,Hẻm xe hơi,Mặt bằng kinh doanh
6,,"Bán nhà mặt đường Nguyễn Văn Hới, Hải An",2 phòng,D,Đã có sổ,Căn góc,Đã bàn giao,lo 15 b2. 20,Đất nông nghiệp,161 m²,10,2,35 m,- 150 m2,"123, Đường Nguyễn Văn Hới, Phường Thành Tô, Quận Hải An, Hải Phòng",4 m,1 phòng,"3,55 triệu- 150 m2",Tây Bắc,"Nhà mặt phố, mặt tiền",150 m²,"Cần bán nhà mặt đường Nguyễn Văn Hới
Nhà cấp 4 coi như tính đất, hiện đang cho thuê
Diện tích đất thực tế 150m2, trên sổ 95m2 với 55m2 lưu không mở đường
Thông tin: Ngang 4m dài 36m, hướng Tây Nam
Sổ hồng, đỏ chính chủ, sang tên nhanh gọn
Mặt đường, vị trí đẹp thuận tiện giao thông, buôn bán đi lại
Giá bán 3.55 tỷ
Ai có nhu cầu mua liên hệ chính chủ nhà.",23.666 đ/m²,Nội thất đầy đủ,95 m²,Tây Nam,Chung cư,Hẻm xe hơi,Mặt bằng kinh doanh
6,,NỀN HẺM NHÁNH HẺM 150 NGUYỄN THÔNG 4.3X15 THỔ CƯ,2 phòng,D,Đã có sổ,Căn góc,Đã bàn giao,lo 15 b2. 20,Đất thổ cư,161 m²,10,2,15 m,- 64 m2,"HẺM 150, Đường Nguyễn Thông, Phường An Thới, Quận Bình Thuỷ, Cần Thơ",4.3 m,1 phòng,"1,25 tỷ- 64 m2",Tây Bắc,"Nhà mặt phố, mặt tiền",64 m2,"¶¶ HẺM 150 NGUYỄN THÔNG ( Có 2 nền ) 
• DT 4,3mx15m thổ cư, Lộ 4m, Giá 1,25 tỷ
HƯỚNG ĐÔNG NAM
LIÊN HỆ ƯỚC","19,53 triệu/m2",Nội thất đầy đủ,95 m²,Đông Nam,Chung cư,Hẻm xe hơi,Mặt bằng kinh doanh
6,,Khu đô thị phương toàn phát.. golden city,2 phòng,D,Đã có sổ,Căn góc,Đã bàn giao,lo 15 b2. 20,Đất thổ cư,161 m²,10,2,15 m,- 70 m2,"Dt741, Phường Chánh Phú Hòa, Thị xã Bến Cát, Bình Dương",5 m,1 phòng,450 triệu- 70 m2,Tây Bắc,"Nhà mặt phố, mặt tiền",70 m2,"Dự án mới: khu đô thi phương toàn phát. golden city
Thông tin chi tiết: 💢 Sở hữu #Đất_nền VSIP2 chỉ với 450tr

♻️TIỀM NĂNG SINH LỜI TỐI ĐA
⚡️Nằm ngay tam giác KCN lớn : VSIP2, 2A , KCN Tân Bình , KCN Mỹ Phước 1,2,3. Dễ dàng khai thác kinh doanh: nhà hàng, quán ăn, cửa hàng thời trang, tiệm tạp hoá… 
⚡️Sản phẩm an toàn về pháp lý: Đã có 1/500
⚡️ Bán kính 2km là Chợ , Trường học cấp 1 , 2 , 3 và TT Hành Chính
🗾 Diện tích đa dạng: 65 – 120m2.
🏡 Thổ cư 💯, sổ riêng từng nền
💥💥 ĐẶC BIỆT 💥💥
🌼 Chiết khấu 10 CHỈ VÀNG chào đón năm mới
🌸 Thanh toán linh hoạt theo đợt, có ngân hàng hỗ trợ
Tham quan và tư vấn MIỄN PHÍ","6,43 triệu/m2",Nội thất đầy đủ,95 m²,Đông Nam,Chung cư,Hẻm xe hơi,Mặt bằng kinh doanh
6,,"BÁN NHÀ GIẢNG VÕ, 100M2 28.5 TỶ, KINH DOANH",4 phòng,D,Đã có sổ,Căn góc,Đã bàn giao,lo 15 b2. 20,Đất thổ cư,161 m²,10,2,15 m,- 100 m2,"Đường Giảng Võ, Phường Giảng Võ, Quận Ba Đình, Hà Nội",5 m,1 phòng,"28,5 tỷ- 100 m2",Tây Bắc,"Nhà mặt phố, mặt tiền",100 m²,"Với vị thế minh đường sáng, kinh doanh sầm uất nhất phố, bất chấp tất cả các loại hình dịch vụ.
Trung tâm Giảng Võ, vị trí đẳng cấp nhất Giảng Võ, kinh doanh đa ngành, thu lợi nhuận khủng
Với đường 2 làn với đủ các loại xe chạy ầm ầm ngày đêm.
Toạ lạc tại vị trí cực kỳ đắc địa ngay đầu phố, kinh doanh các thể loại đều tốt.
Kinh doanh: Spa như cũ khách đông lắm. KD Khách sạn. KD thời trang, Salon Hear….
Căn nhà đang cho thuê làm Spa 60 triệu/ tháng, hợp đồng còn dài hạn, giá thuê tăng 2 năm/ lần 10%.
Vừa tầm tiền mà được sở hữu căn nhà mặt phố tiếp giáp giữ Đống Đa với Ba Đình khu vực cực đẹp.
Diện tích: 100m2, 6 tầng, mặt tiền 4.5m.
Địa chỉ tài sản: Phố Giảng Võ, Phường Giảng Võ, Quận Ba Đình, Hà Nội.
Giá: 28.5 tỷ (giá cả có thể thương lượng)
Xin chân thành cảm ơn..",285 triệu/m²,Nội thất đầy đủ,95 m²,Đông Nam,Chung cư,Hẻm xe hơi,Mặt bằng kinh doanh
6,,NhÀ tỉnh lộ 15,2 phòng,D,Đã có sổ,Căn góc,Đã bàn giao,lo 15 b2. 20,Đất thổ cư,161 m²,10,2,15 m,- 190 m2,"Đường Tỉnh lộ 15, Xã Tân Thạnh Đông, Huyện Củ Chi, Tp Hồ Chí Minh",6 m,2 phòng,"5,8 tỷ- 190 m2",Tây Bắc,"Nhà mặt phố, mặt tiền",190 m²,"Nhà mặt tiền tỉnh lộ 15 huyện củ chi , gần công ty xí nghiệp , chợ. Trường học , .....","30,53 triệu/m²",Nội thất đầy đủ,190 m²,Đông Nam,Chung cư,Hẻm xe hơi,Mặt bằng kinh doanh
6,,Bán Nhà 1 Trệt 1 Lầu 2 Mặt Hẻm Huyện Nhà Bè,3 phòng,D,Đã có sổ,Căn góc,Đã bàn giao,lo 15 b2. 20,Đất thổ cư,161 m²,10,2,13.85 m,- 69 m2,"Đường Huỳnh Tấn Phát, Xã Phú Xuân, Huyện Nhà Bè, Tp Hồ Chí Minh",5 m,2 phòng,"2,95 tỷ- 69 m2",Tây Bắc,"Nhà ngõ, hẻm",69 m²,"Bán Nhà 1 Trệt 1 Lầu 2 Mặt Hẻm Xã Phú Xuân Huyện Nhà Bè.id282276

- Diện tích nhà:5x13.85m2, diện tích đất 69.2m2, diện tích sử dụng 94m2. Nhà có kết cấu 1 trệt 1 lầu, gồm 3 phòng ngủ 2 nhà vệ sinh, bếp và phòng khách, ban công thoáng mát, sân mặt trước nhà rộng rãi để xe, lối đi sau nhà. Nhà ở trong khu dân cư yên tĩnh, an toàn. Đường Huỳnh Tấn Phát được nâng lên cao ráo, thoáng mát, dễ đi vào trung tâm thành phố.

-Vị trí thuận lợi qua các tuyến đường: Huỳnh Tấn Phát, Phạm Hữu lầu , Nguyễn Hữu thọ, Nguyễn Lương Bằng, Nguyễn Văn Linh Khu Phú Mỹ Hưng và các quận 1,2,4,8,7

-Xung quanh có các tiện ích như: Trường học Mầm non, Trường Cấp 1 , cấp 2 , Ngân Hàng ACB ,sacombank, BIDV, Agribank , Vietcombank .... Trạm Y tế Thị Trấn Nhà Bè , UBND, công an, phòng công chứng, Bưu điện ,Thế Giới di động , FPT shop , trung Tâm văn Hoá Thể dục thể Thao , chợ Phú xuân , Bách Hoá xanh ..vv...., cùng với nhiều tiện ích vui chơi giải trí khác

- Mua nhà chủ tặng lại vài nội thất, mua vào ở liền.

- Thích hợp gia đình mua ở lâu dài hoặc đầu tư.

Sổ Hồng Riêng, chính chủ, mua vào ở ngay, giao dịch an toàn.","42,75 triệu/m²",Nội thất đầy đủ,94 m²,Tây Nam,Chung cư,Hẻm xe hơi,Mặt bằng kinh doanh
2E,,Cần bán nhà MẶT TIỀN đường TRƯƠNG PHƯỚC PHAN,4 phòng,D,Đã có sổ,Căn góc,Đã bàn giao,lo 15 b2. 20,Đất thổ cư,161 m²,10,3,19 m,- 62 m2,"2E, Đường Trương Phước Phan, Phường Bình Trị Đông, Quận Bình Tân, Tp Hồ Chí Minh",4.3 m,6 phòng,"11,8 tỷ- 62 m2",Tây Bắc,"Nhà mặt phố, mặt tiền",62 m²,"Bán Nhà Mặt Tiền Đường Trương Phước Phan - Quận Bình Tân
Vị trí nằm ngay ngã 3 sầm uất giao giữa Tân Hoà Đông ...
 Diện tích 4.3* 19 ( nở hậu 4.5)

Nhà mới tiện xách valy vào ở ngay , thiết kế hiện đại , nội thất cao cấp, có máy năng lượng mặt trời ...
Kết cấu 1 trệt 3 lầu gồm 4phog ngủ - 1phòg thờ - sân phơi , 6 tolet ...

Xung quanh đầy đủ các tiện ích, gần trường học các cấp , siêu thị , chợ.... thuận tiện đi các quận lân cận như Q6,Q11...

Giá bán : 11ty 800 ( TL)
Có huê hồng cho a/e môi giới !!!
Cảm ơn Chợ Tốt đã duyệt tin 

Miễn tiếp đăng tin quảng cáo , cảm ơn !","190,32 triệu/m²",Nội thất đầy đủ,228 m²,Đông,Chung cư,Nở hậu,Mặt bằng kinh doanh
2E,,kinh Doanh Đỉnh 2 Mặt Thoáng TT14 KĐT Văn Quán,4 phòng,D,Đã có sổ,Căn góc,Đã bàn giao,lo 15 b2. 20,Đất thổ cư,161 m²,10,5,19 m,- 72 m2,"Đường 19/5, Phường Văn Quán, Quận Hà Đông, Hà Nội",4.3 m,4 phòng,"10,5 tỷ- 72 m2",Tây Bắc,Nhà phố liền kề,72 m²,"kinh Doanh Đỉnh 2 Mặt Thoáng TT14 Khu Đô Thị Văn Quán 

Hướng ; TTM
Diện tích 72
nhà 5 Tầng 
mặt tiền 4.2m
giá 10.5 tỷ
Mô tả :
- Nhà xây 5 tầng, còn mới đẹp, kiên cố chắc chắn. Nằm trong khu đô thị đẳng cấp Văn Quán, vị trí vô cùng đắc địa để kinh doanh, mặt trước ô tô tránh, vỉa hè để xe thoải mái, sau nhà là ngõ ô tô tránh, mở cửa đi lại kinh doanh thoải mái.
+ Tầng 1 thông sàn kinh doanh, gala ô tô.
+ Tầng 2: 1 phòng khách, bếp
+ Tầng 3,4 mỗi tầng 2 phòng ngủ rộng, phòng nào cũng có cửa sổ thoáng mát, nhà còn rất đẹp, tầng 5 phòng thờ và sân phơi.
- Gần Hồ, Bic C, Coopmart, Đại học Kiến Trúc, Học viện An Ninh, đường Chiến Thắng, chợ Đầu Mối....
- Sổ đỏ chính chủ, vuông đẹp.
alo hoạc để lại sdt để được tư vấn","145,83 triệu/m²",Nội thất đầy đủ,72 m²,Đông Bắc,Chung cư,Nở hậu,Mặt bằng kinh doanh
2E,,Nhà trệt lầu sử dụng 80 m phuòng Tân thuận Đông qu,2 phòng,D,Đã có sổ,Căn góc,Đã bàn giao,lo 15 b2. 20,Đất thổ cư,161 m²,10,5,125 m,- 40 m2,"Đường Huỳnh Tấn Phát, Phường Tân Thuận Đông, Quận 7, Tp Hồ Chí Minh",4 m,2 phòng,"3,65 tỷ- 40 m2",Tây Bắc,"Nhà ngõ, hẻm",40 m²,"Bán nhà hẻm 3 m , phuòng Tân thuận Đông q7 dt 4 x 12.5 xây dụng 1 lầu , vị trí tuyệt đẹp cách Huỳnh Tấn Phát 25 m buôn bán kinh doanh đều ok .Nhà đang cho thuê 7 tr một tháng năm giữa hẻm 391 với Võ thị Nhờ giá chốt 3.65 ty , bớt lộc khách thiên tri","91,25 triệu/m²",Nội thất đầy đủ,80 m²,Nam,Chung cư,Nở hậu,Mặt bằng kinh doanh
2E,,"Nhà P.Bửu Hòa, 70m², Ngay Chợ Đồn, SHR, Đường Rộng",3 phòng,D,Đã có sổ,Căn góc,Đã bàn giao,lo 15 b2. 20,Đất thổ cư,161 m²,10,2,16 m,- 70 m2,"Đường Bùi Hữu Nghĩa, Phường Bửu Hòa, Thành phố Biên Hòa, Đồng Nai",5 m,2 phòng,"2,15 tỷ- 70 m2",Tây Bắc,"Nhà mặt phố, mặt tiền",70 m²,"Bán nhà mới Phường Bửu Hòa.
- Cần bán căn nhà 1 trệt 1 lầu.
- Ngang 4,6m, dài 15m.
- Tổng 70m2.
- Nhà có sân, PK rộng, phòng thờ, 3PN, bếp, 2WC, sân phơi.
- Sổ hồng riêng, thổ cư 100%.
- Đường xe hơi ra vào thoải mái.
- Hỗ trợ vay ngân hàng tối đa.
- Giá bán 2,15 tỷ có thương lượng.
- Nhà sạch đẹp chỉ việc vào ở thôi, ko quy hoạch.","30,71 triệu/m²",Nội thất cao cấp,140 m²,Tây Nam,Chung cư,Nở hậu,Mặt bằng kinh doanh
2E,,Cần ra 4 nền đất sổ đỏ chợ Cái Sắn TP Long Xuyên.,3 phòng,Chợ Cái Sắn,Đã có sổ,Căn góc,Đã bàn giao,"L1,L3",Đất nền dự án,161 m²,10,2,18 m,- 80 m2,"Đường Trần Hưng Đạo, Phường Mỹ Thạnh, Thành phố Long Xuyên, An Giang",5 m,2 phòng,"1,15 tỷ- 80 m2",Tây Bắc,"Nhà mặt phố, mặt tiền",80 m2,"Dự án: Cái Sắn Newtown
Thông tin chi tiết: Đất nền chợ lớn nhất lớn nhất P.Mỹ Thạnh,Tp Long Xuyên,Tỉnh An Giang.
- Đã có sổ riêng
- Xây dựng tự do
- Lộ giới 12m
- Khu dân cư đông đúc","14,38 triệu/m2",Nội thất cao cấp,140 m²,Tây Nam,Chung cư,Hẻm xe hơi,Mặt bằng kinh doanh
2E,,Nhà lầu trệt +7 phòng trọ,2 phòng,Chợ Cái Sắn,Đã có sổ,Căn góc,Đã bàn giao,"L1,L3",Đất nền dự án,161 m²,10,2,36.6 m,- 214 m2,"võ thị sáu, Phường Đông Hòa, Thị xã Dĩ An, Bình Dương",6 m,2 phòng,"5,5 tỷ- 214 m2",Tây Bắc,"Nhà mặt phố, mặt tiền",214 m²,"Nhà Đông Hoà- Khu phố Tây A
-Diện tích 214m(6 x 36)
Nhà lầu trệt,phía sau có 7 phòng trọ đang cho thuê kín.Đường nhựa 8m thông 8 hướng,buôn bán vạn ngành nghề.
- Giá: 5 tỷ rưỡi thương lượng 
Lh Nhà Đất- Thuận Nguyễn xem nhà","25,7 triệu/m²",Nội thất cao cấp,428 m²,Bắc,Chung cư,Hẻm xe hơi,Mặt bằng kinh doanh
2E,,Bán nhà tân Triều 3 tầng 35m2 3 ngủ dưới 2 tỷ,3 phòng,Chợ Cái Sắn,Đã có sổ,Căn góc,Đã bàn giao,"L1,L3",Đất nền dự án,161 m²,10,2,9 m,- 33 m2,"Đường Tân Triều, Xã Tân Triều, Huyện Thanh Trì, Hà Nội",3.6 m,3 phòng,"1,9 tỷ- 33 m2",Tây Bắc,"Nhà ngõ, hẻm",33 m²,"cần bán nhà Tân Triều Thanh Trì 
diện tích : 33m2
xây dựng : 3 tầng 3 ngủ đủ công năng để ở cho 1 gia đình trẻ
+ Nhà nhiều chấm nhưng gần đường lớn,ngõ 83 là ngõ ô tô thông với phố Tân Triều Mới.
+ nhà vẫn cực tốt nhưng xây dựng khung cột kiên cố, diện tích thực tế là 36m² từ tầng 1.
+Tầng 1: Phòng khách, 1 phòng ngủ + Bếp + vệ sinh.
+Tầng 2: 1 khách ( có thể làm Phòng ngủ ) + vệ sinh.
+Tầng 3: phòng ngủ, sân phơi, kho để đồ.
sổ đỏ chính chủ riêng biệt ko chung
Giá bán : 1,9 tỷ (50 tr/m2 (thương lượng khách thiện trí mua )","57,58 triệu/m²",Nội thất cao cấp,33 m²,Bắc,Chung cư,Hẻm xe hơi,Mặt bằng kinh doanh
A9,,Căn hộ sổ riêng Hưng Ngân Garden 69m² 2PN,2 phòng,A,Đã có sổ,Căn góc,Đã bàn giao,"L1,L3",Đất nền dự án,69 m²,9,2,9 m,- 69 m2,"đường Tân Chánh Hiệp 21, Phường Tân Chánh Hiệp, Quận 12, Tp Hồ Chí Minh",3.6 m,2 phòng,"1,6 tỷ- 69 m2",Nam,"Nhà ngõ, hẻm",33 m²,"Tình trạng căn hộ: Như mới.

LH Đại Phong (call/FB/Zalo) .

+ Nội thất: Hai bộ giường tủ; hai bộ máy lạnh, một ti vi, hai quạt, một máy giặt, một bình nóng lạnh, một tủ lạnh, một bộ salon, bàn nước, một kệ tivi phòng khách, bếp, hút mùi, dây phơi thông minh, Hai bộ rèm cửa, tranh và bình hoa.

* Đã có sẵn tủ bếp trên và dưới, rèm cửa, hệ thống điện, đèn chiếu sáng, hệ thống máy lạnh.

* Đã lắp sẵn Internet cáp quang và truyền hình tốc độ cao.

+ Tiện ích ngoại khu:

* Vị trí ngay tiếp giáp Q12 và Gò Vấp, đi đến trung tâm Q12 (5 phút), trung tâm Q. Gò Vấp (10 phút).

* Đi Metro (5 phút), Coop Mart/ Citimart/ Vinmart (5 phút).

* Ngã tư An Sương (5 phút), bệnh viện quận 12 (ngay đối diện).

* Trường mẫu giáo, các trường THCS và THPT trọng điểm của Q12 và Gò Vấp.

* Ngay công viên phần mềm Quang Trung - một trong những mảng xanh trong lành lớn TPHCM.

* Cách trung tâm hành chính quận 12 2km.

+ Tiện ích nội khu:

* Dịch vụ bảo vệ 24/24 và hệ thống thang máy hiện đại (thẻ từ) giúp cho căn hộ thêm an ninh.

* Hầm để xe lớn, rộng rãi.

* Khuôn viên rộng lớn tách biệt với đường nội bộ, thông thoáng là nơi vui chơi cho trẻ em và cả gia đình sau 1 ngày làm việc.

* Hồ bơi (đang xây dựng).

* Phòng gym, shop thời trang, coffee.

* Vinmart/ trường mẫu giáo.

* Sân thượng tòa nhà sử dụng riêng cho cư dân, có thể tổ chức BBQ, ngắm cảnh toàn TP.

* Cư dân hầu hết là các gia đình trẻ, tri thức, thường xuyên tổ chức các chương trình cho thiếu nhi và các ngày lễ Noel, tết...","23,19 triệu/m²",Nội thất cao cấp,33 m²,Bắc,Chung cư,Hẻm xe hơi,Mặt bằng kinh doanh
A9,,Bán nhà phố ba la 120m 6 T MT 4.5m có 12.5 tỷ,nhiều hơn 10 phòng,A,Đã có sổ,Căn góc,Đã bàn giao,"L1,L3",Đất nền dự án,69 m²,9,6,9 m,- 120 m2,"Đường Ba La, Phường Phú La, Quận Hà Đông, Hà Nội",5 m,Nhiều hơn 6 phòng,"12,5 tỷ- 120 m2",Nam,"Nhà mặt phố, mặt tiền",120 m²,"bán nhà phố ba la 120m 6.T, Mt 4.5 tỷ có 12.5 tỷ cho thuê 40tr. /m2 kinh doanh đỉnh một tầng 4 phòng an ninh tốt khu VIP hà đông tương lai ngời sáng. LH chị Bẩy","104,17 triệu/m²",Nội thất cao cấp,33 m²,Bắc,Chung cư,Hẻm xe hơi,Mặt bằng kinh doanh
A9,,"Bán bồ đề 2.6 tỉ, mt 5m.dt 35m2, 5 tầng",3 phòng,A,Đã có sổ,Căn góc,Đã bàn giao,"L1,L3",Đất nền dự án,69 m²,9,6,9 m,- 35 m2,"Đường Nguyễn Văn Cừ, Phường Ngọc Lâm, Quận Long Biên, Hà Nội",6 m,4 phòng,"2,6 tỷ- 35 m2",Nam,"Nhà ngõ, hẻm",35 m²,"Trung tâm long biên 
Dầy đủ tiện ích không thiếu thứ gì","74,29 triệu/m²",Nội thất cao cấp,35 m²,Bắc,Chung cư,Hẻm xe hơi,Mặt bằng kinh doanh
A9,,NHÀ TRỆT LẦU ĐÚC GÓC HẺM 278 TẦM VU,3 phòng,A,Đã có sổ,Căn góc,Đã bàn giao,"L1,L3",Đất nền dự án,69 m²,9,6,12 m,- 48 m2,"Đường Tầm Vu, Phường Hưng Lợi, Quận Ninh Kiều, Cần Thơ",4 m,1 phòng,"1,87 tỷ- 48 m2",Nam,"Nhà ngõ, hẻm",48 m²,"BÁN NHÀ 1 LẦU ĐÚC GÓC HẺM NHÁNH 278 TẦM VU , CÁCH CHỢ TẦM VU 100 MÉT
—————————————
- Diện tích: 4 x 12 = 48.2m2 m
- Sổ hồng hoàn công. DTSD: 95 m2
- Kết cấu: Nhà mới thiết kế hiện đại, có 3 phòng ngủ, 1 phòng khách, toilet và bếp + phòng ăn
- Khu vực dân cư sung túc, dân trí cao, vị trí gần chợ, cách trường tiểu học Nguyễn Hiền 60 mét, cách mầm non ngôi sao 500m, cao đẳng cần thơ 1km, Vincom,...
- Lộ 2m, đi bộ 5-10 bước ra trục chính hẻm. TB
—> GIÁ 1.87 TỶ","38,96 triệu/m²",Nội thất cao cấp,9 m²,Tây Bắc,Chung cư,Hẻm xe hơi,Mặt bằng kinh doanh
A9,,"Nhà 1T1L+ST 51,2m2 đường Trường Lưu, Quận 9.",3 phòng,A,Đã có sổ,Căn góc,Đã bàn giao,"L1,L3",Đất nền dự án,69 m²,9,3,12.2 m,- 51.2 m2,"Đường Trường Lưu, Phường Long Trường, Quận 9, Tp Hồ Chí Minh",4.2 m,2 phòng,"3,4 tỷ- 51.2 m2",Nam,"Nhà ngõ, hẻm",51.2 m²,"👉(NC) Bán căn nhà 1/ hẻm 47 đường Trường Lưu, P. Long Trường, Quận 9.
—Diện tích đất: 51,2m2 
—Giá bán 3ty400 bớt lộc
—Nhà 1T1L + Sân Thượng, 3PN, 2VS, PN, Bếp.. hoàn công đầy đủ","66,67 triệu/m²",Nội thất đầy đủ,96 m²,Đông Bắc,Chung cư,Hẻm xe hơi,Mặt bằng kinh doanh
A9,,Đất vườn sổ hồng riêng TP Đồng Xoài 350tr:1200m2,3 phòng,A,Đã có sổ,Căn góc,Đã bàn giao,"L1,L3",Đất thổ cư,69 m²,9,3,80 m,- 1.200 m2,"Đường ĐT 753, Xã Tiến Hưng, Thành phố Đồng Xoài, Bình Phước",15 m,2 phòng,350 triệu- 1.200 m2,Nam,"Nhà ngõ, hẻm",1200 m2,"Chính chủ bán gấp đất vườn 1200m2 sổ hồng riêng mặt tiền đường đang lên nhựa 29m 
- Vị trí: Tiến Hưng- Đồng Xoài, Gần chợ, trường học công ty, dân cư hiện hữu. Gần KCN Becamex 6300ha, phù hợp xây trọ kinh doanh xây xưởng cũng như ở và đầu tư
- Thông tin Pháp lý: Sổ hồng riêng
- Giá bán: Đúng 350tr
- Diện tích:1200m2 (15mx80m).
Liên hệ ngay chủ đất để coi sổ và thông tin chi tiết",291.666 đ/m2,Nội thất đầy đủ,96 m²,Đông Bắc,Chung cư,Nở hậu,Mặt bằng kinh doanh
A9,,"Căn hộ Tecco Home Thuận An BD,TT 30% đến nhận nhà.",2 phòng,A,Giấy tờ khác,Căn góc,Chưa bàn giao,"L1,L3",Đất thổ cư,60 m²,9,3,80 m,- 60 m2,"Đường ĐT 743, Phường An Phú, Thị xã Thuận An, Bình Dương",15 m,2 phòng,22 triệu- 60 m2,Nam,"Nhà ngõ, hẻm",1200 m2,"Dự án: TECCO HOME.
 Thông tin chi tiết: 💎💎💎 Chỉ 30% Khách Hàng Có thể Đầu Tư Hoặc Mua Để Ở 
💰💰 Ngân Hàng bảo lãnh 0% lãi suất và ân hạn gốc đến khi nhận nhà, Khách Hàng chỉ thanh toán 30% và đặc biệt hơn là được tặng 1 phần quá giá trị đến 30 triệu đồng.
----————————————————-
♻️ Vị trí: ngay mặt tiền DT743 An Phú, TX. Thuận An, Tỉnh Bình Dương.
🌻 Chủ đầu tư: Tập Đoàn Tecco Miền Nam
🌿 Diện tích: 40.13 m² - 75.83 m² 1-2-3PN
✅ Tiện ích cao cấp : TTTM 2 tầng, 
✅ SỞ hữu lâu dài - Sổ hồng từng căn – Đã có Giấy Phép Xây Dựng
📌 7 lý do sở hữu căn hộ Thuận An, Bình Dương
📌 Sở hữu vị trí trung tâm Thuận An, thuận tiện kết nối
📌 Chuỗi tiện ích nội khu đẳng cấp
📌 Tận hưởng tiện ích ngoại khu đa dạng , phong phú , lại kề bên
📌 Giá bán hấp dẫn nhất khu vực hiện nay
📌 Sản phẩm giới hạn , số lượng chỉ 100 căn cực đẹp cho khách hàng lựa chọn.
📌 Diện tích vừa phải , thiết kế vuông vức ,phù hợp tài chính đại đa số , dễ mua dễ bán dễ cho thuê
📌 Hệ thống an ninh 24/7
 Giữ chỗ : 30 Triệu/ Căn ( Ưu tiên chọn vị trí đẹp - Hoàn tiền 100% nếu không mua )
☘️☘️ Chủ đầu tư uy tín hàng đầu: tập đoàn Tecco Miền Nam.
☎️Trực tiếp Chủ Đầu Tư 
TECCO BÌNH DƯƠNG – MÁI ẤM GIA ĐÌNH – GẮN KẾT YÊU THƯƠNG
🏡 Địa chỉ: Khu nhà ở phúc đạt, Đường DT743C, Phường Tân Đông Hiệp, Dĩ An, Bình Dương.",366.666 đ/m²,Hoàn thiện cơ bản,96 m²,Đông Bắc,Chung cư,Nở hậu,Mặt bằng kinh doanh
A9,,Bán Gấp nền 2 mặt tiền 645tr 80m2 100% thổ cư,2 phòng,A,Đã có sổ,Căn góc,Chưa bàn giao,"L1,L3",Đất thổ cư,60 m²,9,3,16 m,- 80 m2,"Đường Võ Nguyên Giáp, Phường Tân Phú, Quận Cái Răng, Cần Thơ",5 m,2 phòng,645 triệu- 80 m2,Nam,"Nhà ngõ, hẻm",80 m2,"Bán đất nền 2 mặt tiền view sông Hậu
👉 Giá: 645tr
👉 Diện tích: 5x16 
👉 Đã có sổ
 👉 Nhận nền khi thanh 60%
🍎 Vị trí Mặt tiền Nam Sông Hậu cách cảng Cái Cui khoảng 7km. Tp Cần Thơ 10km!
👉 Hỗ trợ vay ngân hàng, 40%
 👉 100% thổ cư 
 ☎LH:Thịnh xem nền trực tiếp!","8,06 triệu/m2",Hoàn thiện cơ bản,96 m²,Đông Nam,Chung cư,Mặt tiền,Mặt bằng kinh doanh
A9,,Đất nông nghiệp sổ đỏ xuân trường xuân lộcđô,2 phòng,A,Đã có sổ,Căn góc,Chưa bàn giao,"L1,L3",Đất nông nghiệp,60 m²,9,3,178 m,- 6.961 m2,"Đường Tỉnh lộ 766, Xã Xuân Trường, Huyện Xuân Lộc, Đồng Nai",40 m,2 phòng,"1,5 tỷ- 6.961 m2",Nam,"Nhà ngõ, hẻm",6961 m2,"Đất gần trung tam cã xuan trường 2km.
gần chợ, trường học xã xuan trường 
đường đất chuẩn bị đổ bê tông đã họp dân xong
đường cập nhật trên sổ",215.486 đ/m2,Hoàn thiện cơ bản,96 m²,Đông Nam,Chung cư,Mặt tiền,Mặt bằng kinh doanh
A9,,"Bán Nhà xưởng 162,6m2 quận Tân Bình",1 phòng,A,Đã có sổ,Căn góc,Chưa bàn giao,"L1,L3",Đất nông nghiệp,60 m²,9,3,20 m,- 162.6 m2,"Luỹ Bán Bích, Phường 8, Quận Tân Bình, Tp Hồ Chí Minh",8 m,1 phòng,"16,2 tỷ- 162.6 m2",Nam,"Nhà ngõ, hẻm",162.6 m²,"Cần bán căn nhà xưởng diện tích 162,6m2; ngang 8m dài 20 m. Đường trước nhà 6m, cách mặt tiền Lũy Bán Bích 100m. Gần UBND Quận Tân Phú, bên cạnh NH ACB. Giá 16,2 tỷ.",100 triệu/m²,Hoàn thiện cơ bản,162.6 m²,Đông Nam,Chung cư,Hẻm xe hơi,Mặt bằng kinh doanh
A9,,Tôi Bán Dự Án Này.Có Lô Siêu Đẹp NguồnKín Đầu TưF0,1 phòng,A,Đã có sổ,Căn góc,Chưa bàn giao,"L1,L3",Đất nền dự án,60 m²,9,3,13 m,- 65 m2,"Đường ĐT 741, Xã Phú Chánh, Thị xã Tân Uyên, Bình Dương",5 m,1 phòng,730 triệu- 65 m2,Nam,"Nhà ngõ, hẻm",65 m2,"Tôi bán dự án này. Nhà phân phối chính nên có nền đẹp cho anh chị đầu tư và ở.
Dự án tại Thị xã Bến Cát. Nằm trên mặt tiền đường QL14 cũ, Đường thông qua Kcn Vsip2, Vsip2 mở rộng, Kcn Tân Bình, Kcn Mỹ phước 1-2-3-4. Chợ trường bệnh viện có trong bán kính 3km.
Ngân hàng VIB hỗ trợ 50%, lãi xuất ưu đãi trong tối đa 20 năm cho khách hàng có nhu cầu.(Có Ngân hàng Hỗ Trợ Nên Yên Tâm về Pháp Lý Của Dự Án).
TÔI CAM KẾT THÔNG TIN VỀ GIÁ ĐẤT VÀ VỊ TRÍ LÀ ĐÚNG SỰ THẬT.
GỌI CHO TÔI THEO SỐ ĐIỆN THOẠI Ở BÀI ĐĂNG.","11,23 triệu/m2",Hoàn thiện cơ bản,162.6 m²,Đông Nam,Chung cư,Mặt tiền,Mặt bằng kinh doanh
A9,,Bán nhà phố ba la 120m 6 T MT 4.5m có 12.5 tỷ,nhiều hơn 10 phòng,A,Đã có sổ,Căn góc,Chưa bàn giao,"L1,L3",Đất nền dự án,60 m²,9,6,13 m,- 120 m2,"Đường Ba La, Phường Phú La, Quận Hà Đông, Hà Nội",5 m,Nhiều hơn 6 phòng,"12,5 tỷ- 120 m2",Nam,"Nhà mặt phố, mặt tiền",120 m²,"bán nhà phố ba la 120m 6.T, Mt 4.5 tỷ có 12.5 tỷ cho thuê 40tr. /m2 kinh doanh đỉnh một tầng 4 phòng an ninh tốt khu VIP hà đông tương lai ngời sáng. LH chị Bẩy","104,17 triệu/m²",Hoàn thiện cơ bản,162.6 m²,Đông Nam,Chung cư,Mặt tiền,Mặt bằng kinh doanh
A9,,"Bán bồ đề 2.6 tỉ, mt 5m.dt 35m2, 5 tầng",3 phòng,A,Đã có sổ,Căn góc,Chưa bàn giao,"L1,L3",Đất nền dự án,60 m²,9,6,13 m,- 35 m2,"Đường Nguyễn Văn Cừ, Phường Ngọc Lâm, Quận Long Biên, Hà Nội",6 m,4 phòng,"2,6 tỷ- 35 m2",Nam,"Nhà ngõ, hẻm",35 m²,"Trung tâm long biên 
Dầy đủ tiện ích không thiếu thứ gì","74,29 triệu/m²",Hoàn thiện cơ bản,35 m²,Đông Nam,Chung cư,Mặt tiền,Mặt bằng kinh doanh
A9,,NHÀ TRỆT LẦU ĐÚC GÓC HẺM 278 TẦM VU,3 phòng,A,Đã có sổ,Căn góc,Chưa bàn giao,"L1,L3",Đất nền dự án,60 m²,9,6,12 m,- 48 m2,"Đường Tầm Vu, Phường Hưng Lợi, Quận Ninh Kiều, Cần Thơ",4 m,1 phòng,"1,87 tỷ- 48 m2",Nam,"Nhà ngõ, hẻm",48 m²,"BÁN NHÀ 1 LẦU ĐÚC GÓC HẺM NHÁNH 278 TẦM VU , CÁCH CHỢ TẦM VU 100 MÉT
—————————————
- Diện tích: 4 x 12 = 48.2m2 m
- Sổ hồng hoàn công. DTSD: 95 m2
- Kết cấu: Nhà mới thiết kế hiện đại, có 3 phòng ngủ, 1 phòng khách, toilet và bếp + phòng ăn
- Khu vực dân cư sung túc, dân trí cao, vị trí gần chợ, cách trường tiểu học Nguyễn Hiền 60 mét, cách mầm non ngôi sao 500m, cao đẳng cần thơ 1km, Vincom,...
- Lộ 2m, đi bộ 5-10 bước ra trục chính hẻm. TB
—> GIÁ 1.87 TỶ","38,96 triệu/m²",Hoàn thiện cơ bản,9 m²,Tây Bắc,Chung cư,Mặt tiền,Mặt bằng kinh doanh
A9,,"Nhà 1T1L+ST 51,2m2 đường Trường Lưu, Quận 9.",3 phòng,A,Đã có sổ,Căn góc,Chưa bàn giao,"L1,L3",Đất nền dự án,60 m²,9,3,12.2 m,- 51.2 m2,"Đường Trường Lưu, Phường Long Trường, Quận 9, Tp Hồ Chí Minh",4.2 m,2 phòng,"3,4 tỷ- 51.2 m2",Nam,"Nhà ngõ, hẻm",51.2 m²,"👉(NC) Bán căn nhà 1/ hẻm 47 đường Trường Lưu, P. Long Trường, Quận 9.
—Diện tích đất: 51,2m2 
—Giá bán 3ty400 bớt lộc
—Nhà 1T1L + Sân Thượng, 3PN, 2VS, PN, Bếp.. hoàn công đầy đủ","66,67 triệu/m²",Nội thất đầy đủ,96 m²,Đông Bắc,Chung cư,Hẻm xe hơi,Mặt bằng kinh doanh
A9,,Đất vườn sổ hồng riêng TP Đồng Xoài 350tr:1200m2,3 phòng,A,Đã có sổ,Căn góc,Chưa bàn giao,"L1,L3",Đất thổ cư,60 m²,9,3,80 m,- 1.200 m2,"Đường ĐT 753, Xã Tiến Hưng, Thành phố Đồng Xoài, Bình Phước",15 m,2 phòng,350 triệu- 1.200 m2,Nam,"Nhà ngõ, hẻm",1200 m2,"Chính chủ bán gấp đất vườn 1200m2 sổ hồng riêng mặt tiền đường đang lên nhựa 29m 
- Vị trí: Tiến Hưng- Đồng Xoài, Gần chợ, trường học công ty, dân cư hiện hữu. Gần KCN Becamex 6300ha, phù hợp xây trọ kinh doanh xây xưởng cũng như ở và đầu tư
- Thông tin Pháp lý: Sổ hồng riêng
- Giá bán: Đúng 350tr
- Diện tích:1200m2 (15mx80m).
Liên hệ ngay chủ đất để coi sổ và thông tin chi tiết",291.666 đ/m2,Nội thất đầy đủ,96 m²,Đông Bắc,Chung cư,Nở hậu,Mặt bằng kinh doanh
A9,,"Nhà Tam Khương 40m2 x MT 4.5m, Oto Gần Sổ Đẹp",3 phòng,A,Đã có sổ,Căn góc,Chưa bàn giao,"L1,L3",Đất thổ cư,60 m²,9,3,80 m,- 40 m2,"Tam Khương, Phường Khương Thượng, Quận Đống Đa, Hà Nội",15 m,2 phòng,"2,95 tỷ- 40 m2",Nam,"Nhà mặt phố, mặt tiền",40 m²,"+ Khu phố vip quận Đống Đa, ngay ngã tư Chùa Bộc, Phạm Ngọc Thạch, Đông Tác, vài bước Đại học Y, HV Ngân Hàng.
+ Ngõ trước nhà thoáng sáng, có sân để xe riêng biệt, cách 1 nhà ra mặt ngõ kinh doanh sầm uất. 
+ Nhà chủ tự xây KCBT chắc chắn, thiết kế tổng 3 PN, còn đẹp nguyên, khách chỉ việc dọn đồ vê ở. 
+ Sổ đỏ chính chủ chờ sang tên, giá 2.95 tỷ.","73,75 triệu/m²",Nội thất đầy đủ,96 m²,Đông Bắc,Chung cư,Nở hậu,Mặt bằng kinh doanh
A9,,240M2 ĐƯỜNG NHỰA CHÍNH SÁT QL13 Đ/DIỆN ĐH VIỆT ĐỨC,3 phòng,A,Đã có sổ,Căn góc,Chưa bàn giao,"L1,L3",Đất thổ cư,60 m²,9,3,20 m,- 240 m2,"Đường Đại Lộ Bình Dương, Phường Thới Hòa, Thị xã Bến Cát, Bình Dương",12 m,2 phòng,"1,3 tỷ- 240 m2",Nam,"Nhà mặt phố, mặt tiền",240 m2,"Gia đình tôi đang gặp khó khăn về tài chính, và cần gấp 1 khoảng tiền để trả nợ ngân hàng, Nên quyết định bán nhanh 240m2 đất

Nằm trong khu phố thương mại Happy Garden tức khu Phát Hưng thuộc phường Thới Hòa - thị xã Bến Cát - tĩnh Bình Dương

1 sổ 100m2 (5x20) và 1 sổ 140m2 (7x20) tấc cả đều thổ cư 100%, sổ hồng 

Những lô đất này tôi mua của chủ đầu tư của dự án Phát Hưng, vị trí sát QL13 cách tphcm 40 phút đi xe máy, cách tp Thủ Dầu Một 14km và cách khu du lịch Đại Nam 5km hướng về thị xã Bến Cát

Mặt tiền đường nhựa lớn rộng 32m, là trục đường chính của khu thương mại, thông thẳng từ QL13 qua khu chợ và trường học cấp 2 của khu đô thị Mỹ Phước 3, bên cạnh lô đất có trường mầm non, đối diện trường ĐH Việt Đức

Xung quanh dân cư nhà cữa đông đúc và đầy đủ tiện ích, thích hợp an cư an dưỡng, lập nghiệp, kinh doang buôn bán... hoặc đầu tư sinh lời

Giấy tờ pháp lý minh bạch rõ ràng, mua bán qua phòng công chứng. Tôi mong muốn bán nhanh nên giá cả rất mềm, thấp hơn thị trường, bao sang tên sổ sách

Quý vị nào có nhu cầu thì liên hệ tôi để biết thêm thông tin nhé, tiếp người thiện chí không tiếp cò lái, cảm ơn quý vị đã xem tin, trân trọng !","5,42 triệu/m2",Nội thất đầy đủ,96 m²,Đông Bắc,Chung cư,Nở hậu,Mặt bằng kinh doanh
A9,,"Bán nhà mặt tiền đường 49 Hiệp Bình Chánh, Thủ Đức",5 phòng,A,Đã có sổ,Căn góc,Chưa bàn giao,"L1,L3",Đất thổ cư,60 m²,9,3,19 m,- 92 m2,"Đường 49, Phường Hiệp Bình Chánh, Quận Thủ Đức, Tp Hồ Chí Minh",5 m,5 phòng,"8,7 tỷ- 92 m2",Nam,"Nhà mặt phố, mặt tiền",92 m²,"SIÊU HOT - Nhà 3L mặt tiền kinh doanh đs 49 P. Hiệp Bình Chánh Thủ Đức
8,7 tỷ - 180 m²
Thủ Đức, Hồ Chí Minh

ĐẲNG CẤP VÀ SANG TRỌNG ĐẾN TỪNG CHI TIẾT

*** Thông tin chi tiết:

- Diện tích đất 5 * 18.3 = 91.5m ( sân đậu được 2 chiếc xe hơi )
- Nhà 1 trệt 2 lầu 1 tum, nội thất cao cấp. Đang hoàn thiện nốt khâu cuối cùng.
- Thiết kế 1 phòng khách, 1 bếp, 4 PN, 1 phòng thờ, 5 toilet.
- Hướng: Đông Nam

Vị trí: NHÀ MT ĐƯỜNG 49 Hiệp Bình Chánh, gần đường Phạm Văn Đồng, chợ hiệp Bình

- Thuận tiện đi lại và làm việc trung tâm Thành Phố.

- THUẬN TIỆN KINH DOANH. MỞ VĂN PHÒNG CTY, SPA LÀM ĐẸP - P. HIỆP BÌNH CHÁNH QUẬN THỦ ĐỨC.

- XÂY KIỂU BIỆT THỰ TÂN CỔ ĐIỂN ĐẸP. Đảm bảo xem nhà thích ngay, chiều lòng cả những KH khó tính nhất

- Nhà sổ riêng

- GIÁ : 8 tỷ 7 có TL cho khách thiện chí","94,57 triệu/m²",Nội thất đầy đủ,180 m²,Đông Nam,Chung cư,Nở hậu,Mặt bằng kinh doanh
A9,,"Nhà mới,gara, kd 55m,MT4.2; 6T ngay Aeon LB 5,25tỷ",6 phòng,A,Đã có sổ,Căn góc,Chưa bàn giao,"L1,L3",Đất thổ cư,60 m²,9,6,19 m,- 55 m2,"Đường Cổ Linh, Phường Long Biên, Quận Long Biên, Hà Nội",4.2 m,6 phòng,"5,25 tỷ- 55 m2",Nam,"Nhà mặt phố, mặt tiền",55 m²,"- Nhà 6 tầng mới, kiến trúc châu âu cực đẹp, gara oto , ngõ oto, kinh doanh ok
- Tầng 1 bếp và gara oto, tầng lửng là phòng khách, các tầng còn loại mỗi tầng 2 phòng ngủ , sàn gỗ xịn ,cầu thang và bậc thang gỗ lim sang chảnh ấm áp. Nội thất hiện đại.
- Thoáng trước sau, ánh sáng tran hòa, cây xanh mát rượi.
- Do ảnh hưởng covid, chủ nhà cần bán gấp bổ sung vốn kinh doanh, giá rẻ sập sàn, chỉ 5.25 tỷ- thương lượng mạnh
- Vị trí nhà rất thuận lợi, cách siêu thị AEON long Biên chỉ mấy trăm mét, gần cầu Vĩnh Tuy, sang phố cực gần

Nhanh tay liên hệ với Dũng để chớp cơ hội sở hữu căn nhà ngon có 102 này nhé ( mình là Dũng đã trung tuổi nên làm lv rất có trách nhiệm&đăng tin xác thực, tư vấn tận tâm)","95,45 triệu/m²",Nội thất cao cấp,55 m²,Đông Nam,Chung cư,Nở hậu,Mặt bằng kinh doanh
A9,,Đất HXH gần Phạm Văn Đồng Quận Thủ Đức 65m² giá rẻ,6 phòng,A,Đã có sổ,Căn góc,Chưa bàn giao,"L1,L3",Đất thổ cư,60 m²,9,6,16 m,- 65 m2,"Đường Số 38, Phường Hiệp Bình Chánh, Quận Thủ Đức, Tp Hồ Chí Minh",4 m,6 phòng,"4,3 tỷ- 65 m2",Nam,"Nhà mặt phố, mặt tiền",65 m2,"Đất hiện hữu 
Hẻm 5m
Sát sông, sát Hiệp Bình, Phạm Văn Đồng , Gigamall 
Đường 38
Hiệp Bình Chánh 
DT 65m2, 4 x 16.3
Giá 4.3 tỷ bớt lộc 
Lh Mr Lưu","66,15 triệu/m2",Nội thất cao cấp,55 m²,Đông Nam,Chung cư,Hẻm xe hơi,Mặt bằng kinh doanh
A9,,"Đống Đa, Kinh doanh, ngõ thông 35m2 x 5 tầng.",3 phòng,A,Đã có sổ,Căn góc,Chưa bàn giao,"L1,L3",Đất thổ cư,60 m²,9,5,16 m,- 35 m2,"Đường Đê La Thành, Phường Láng Hạ, Quận Đống Đa, Hà Nội",4 m,4 phòng,"4,4 tỷ- 35 m2",Nam,"Nhà ngõ, hẻm",35 m²,"Vị trí: Nhà nằm ngay quận Đống Đa, ngõ thông kinh doanh sầm uất. Xung quanh nhà nào cũng kinh doanh, dân cư qua lại đông đúc, nhu cầu tiêu dùng rất cao.
Nhà xây 5 tầng, thiết kế mỗi tầng 1 phòng.
- Tầng1: Thông sàn kinh doanh.
- Tầng 234: Mỗi tầng 1 phòng rộng rãi. Tổng 3 ngủ.
- Tầng 5: Phòng thờ, sân phơi.
+ Sổ đỏ chính chủ, sẵn sàng giao dịch. Giá 4.4 tỷ có thương lượng.
+ Liên hệ chính chủ: Tôi Chung - Miễn trung gian, Môi giới.","125,71 triệu/m²",Nội thất cao cấp,35 m²,Đông Nam,Chung cư,Hẻm xe hơi,Mặt bằng kinh doanh
A9,,"Nhà mới Yên Hòa, Ô tô đỗ cửa 31mx5Tầng, chỉ 3.9 tỷ",4 phòng,A,Đã có sổ,Căn góc,Chưa bàn giao,"L1,L3",Đất thổ cư,60 m²,9,5,7.5 m,- 31 m2,"Đường Yên Hòa, Phường Trung Hoà, Quận Cầu Giấy, Hà Nội",4 m,5 phòng,"3,95 tỷ- 31 m2",Nam,"Nhà mặt phố, mặt tiền",31 m²,"Chủ mua cho con nhưng không ở đến, bán nhanh trước tết nhà phố Yên Hòa, 31m2x5Tầng, mặt tiền 4m, giá chào 3.9 tỷ.
Vị trí đắc địa nhất phố, mặt ngõ to rộng, cách phố Yên Hòa 20m, Matiz đỗ cửa.
Thiết kế tầng 1 phòng khép kín, sân phơi, phòng thờ.
Sổ đỏ vuông đẹp, giao dịch ngay.
Liên hệ: E Lệ","127,42 triệu/m²",Nội thất đầy đủ,31 m²,Đông Nam,Chung cư,Nở hậu,Mặt bằng kinh doanh
A9,,Bán Gấp Nhà 1 Trệt 1 Lầu Lê Đình Cẩn Bình Tân 1Ty8,2 phòng,A,Đã có sổ,Căn góc,Chưa bàn giao,"L1,L3",Đất thổ cư,60 m²,9,1,12 m,- 50 m2,"Đường Lê Đình Cẩn, Phường Tân Tạo, Quận Bình Tân, Tp Hồ Chí Minh",4 m,2 phòng,"1,87 tỷ- 50 m2",Nam,"Nhà ngõ, hẻm",50 m²,"** Cần Tiền Bán nhà hẻm 6m thông đường Lê Đình Cẩn, P. Tân Tạo Q.Bình Tân gần Mã Lò
- DT: 4 x12, nhà 1 trệt 1 lầu, SHR, hẻm rộng xe hơi vào tận nhà.
- Nhà gần quốc lộ 1A, gần Uỷ ban phường Bình Trị Đông, gần Tỉnh lộ 10.
- Gần siêu thị Aeon Bình Tân (siêu thị Nhật), gần chợ, gần trường học
- Miễn tiếp môi giới, cò lái (Nói trước đỡ mất thời gian đôi bên nhé)","37,4 triệu/m²",Nội thất đầy đủ,100 m²,Đông Nam,Chung cư,Nở hậu,Mặt bằng kinh doanh
A9,,Bán đất cạnh chợ Hòa Nghĩa – Dương Kinh – HP,2 phòng,A,Đã có sổ,Căn góc,Chưa bàn giao,"L1,L3",Đất thổ cư,60 m²,9,1,15 m,- 64.4 m2,"Đường Hòa Nghĩa, Phường Hoà Nghĩa, Quận Dương Kinh, Hải Phòng",4.4 m,2 phòng,750 triệu- 64.4 m2,Nam,"Nhà ngõ, hẻm",64.4 m2,"Bán đất Hòa Nghĩa – Dương Kinh – Hải Phòng

Vị trí cực đẹp sát mặt đường Hòa Nghĩa mặt đường rộng giao thông đi lại thuận tiện
Diện tích đất rất đẹp mặt tiền rộng, nằm trong khu trung tâm của phường hòa nghĩa
Xung quanh có chợ, trường học các cấp, diện tích đất nhỏ vừa tiền rất thích hợp cho gia đình nhỏ xây ở
Hoặc đầu từ với giá 500-600tr một lô.

DTMB: 64,4m; ngang: 4.4m
Pháp lý: sổ đỏ chính chủ
Liên hệ ngay: E Sáng thổ cư","11,72 triệu/m2",Nội thất đầy đủ,100 m²,Đông Bắc,Chung cư,Nở hậu,Mặt bằng kinh doanh
A9,,"Bán nhà HXH 6m Nguyễn Tri Phương P9 Q.5,trệt 4L",6 phòng,A,Đã có sổ,Căn góc,Chưa bàn giao,"L1,L3",Đất thổ cư,60 m²,9,5,14.5 m,- 51 m2,"Đường Nguyễn Tri Phương, Phường 9, Quận 5, Tp Hồ Chí Minh",4.1 m,5 phòng,"15,2 tỷ- 51 m2",Nam,"Nhà ngõ, hẻm",51 m²,"- Chính chủ cần bán gấp nhà hẻm xe hơi gần ngã 4 An Dương Vương, Nguyễn Chí Thanh, Ngô Gia Tự xung quanh có nhiều tiện ích như chợ An Đông, chợ Nhật Tảo, BV Nguyễn Tri Phương, BV Chợ Gãy, khu bán kim loại quý Nguyễn Duy Dương, ngân hàng, trường học các cấp 1,2,3, Đại học Sư Phạm thành phố Hồ Chí Minh. Nhà mới đẹp nội thất đầy đủ, ac mua dọn vô ở liền không cần sửa chữa thêm, khu hẻm dân trí, an ninh, hẻm thông thoáng xe hơi vô tận nhà, rất phù hợp cho nhu cầu ac mua để ở hoặc có thể làm văn phòng cty, văn phòng đại diện, phòng mạch, nha khoa, v. V.. Giao thông thuận tiện đi lại dễ dàng qua các quận 1.3.7.8.10.11.

- Diện tích: 4.1 x 14.5m.

- Hiện trạng nhà: 1 trệt lửng 3 lầu sân thượng.

- Pháp lý: Sổ hồng chính chủ, có thể công chứng mua bán ngay.

- Giá bán: 15.2 tỷ còn thương lượng cho khách hàng có thiện chí.

- Cam kết mọi thông tin thật 100% (hỗ trợ tận tình AC từ khi mua bán đến kết thúc giao dịch).

- Liên hệ xem nhà: Thu. (Miễn TG - MG).","298,04 triệu/m²",Nội thất đầy đủ,230 m²,Đông Bắc,Chung cư,Hẻm xe hơi,Mặt bằng kinh doanh
A9,,"BÁN NHÀ PHỐ HOÀNG CẦU 24.5 TỶ, 90M2, 4T, MT9, KD",4 phòng,A,Đã có sổ,Căn góc,Chưa bàn giao,"L1,L3",Đất thổ cư,60 m²,9,5,14.5 m,- 90 m2,"Đường Hoàng Cầu, Phường Ô Chợ Dừa, Quận Đống Đa, Hà Nội",9 m,5 phòng,"24,5 tỷ- 90 m2",Nam,"Nhà mặt phố, mặt tiền",90 m²,"Cần bán nhà phố Hoàng Cầu, Đống Đa 90m2, 4 tầng, mặt tiền 9m rộng quá, kinh doanh vô cùng tuyệt với các bác ạ, chỉ 24.5 tỷ.
+ Nhà thuộc phố Hoàng Cầu, phân lô bàn cờ, ô tô tránh, vỉa hè, thông số hoàn hảo với mặt tiền siêu siêu đẹp 9m. Nhà 2 mặt đều ô tô được đánh giá là hàng cực hiếm. 
+ Nhà thiết kế 90m2 x 4 tầng khung cột bê tông chắc chắn, có sân riêng để xe ô tô.
+ Giá: 24.5 tỷ (có thương lượng). 
+ Sổ đỏ chính chủ vuông như bánh chưng, cất két sẵn sàng giao dịch.
Liên hệ: Mr.Hải Nhà Phát, để được xem nhà phố Hoàng Cầu, Đống Đa.
- Tư vấn mua nhà và xem nhà hoàn toàn miễn phí.
- Miễn phí tư vấn pháp lý.
- Cung cấp và tư vấn nhà mua phù hợp với nhu cầu của khách hàng.","272,22 triệu/m²",Nội thất đầy đủ,90 m²,Đông Bắc,Chung cư,Hẻm xe hơi,Mặt bằng kinh doanh
A9,,"Bán nhà HXHPhú Thọ Hòa Tân Phú dt 62m giá 4,45 tỷ.",3 phòng,A,Đã có sổ,Căn góc,Chưa bàn giao,"L1,L3",Đất thổ cư,60 m²,9,5,15 m,- 62 m2,"Đường Phú Thọ Hòa, Phường Phú Thọ Hòa, Quận Tân Phú, Tp Hồ Chí Minh",4.6 m,5 phòng,"4,45 tỷ- 62 m2",Nam,"Nhà ngõ, hẻm",62 m²,"DIỆN TÍCH CỰC HIẾM 62M2 - HẺM XE HƠI - CHỈ 4.45 TỶ - KIẾM ĐÂU RA.
Mô tả: 
+ Diện tích cực kì hiếm 62m, chiều ngang 4,6m, dài tận 15m, giá đất chỉ có trên 71tr/m2 đất quá rẽ so với cùng khu vực.
+ Giao thông kết nối thuận lợi nhiều cửa ngỏ Saì Gòn, Tân Bình, Tân Phú...
+ Tiện ích xung quanh nhà.
+ Tuy là 2 sẹc nhưng hẻm thẳng, hẻm xe hơi.
+ Chủ kinh doanh về vải nên nhà đang để chứa vải.
+ Cách tầm 50m ra mặt tiền Phú Thọ Hòa, nơi kinh doanh sầm uất.
+ Sổ đầy đủ công chứng ngay.
Liên hệ Ms. Thảo Lê chuyên bán nhà Tân Phú.","71,77 triệu/m²",Nội thất đầy đủ,90 m²,Đông Bắc,Chung cư,Hẻm xe hơi,Mặt bằng kinh doanh
A9,,"NHÀ GIÁ RẺ PHAM HUNG, NHÀ 1 TRỆT ,1 LẦU ,3 PHÒN",3 phòng,A,Giấy tờ khác,Căn góc,Chưa bàn giao,"L1,L3",Đất thổ cư,60 m²,9,1,16 m,- 64 m2,"c4, Đường Phạm Hùng, Phường 5, Quận 8, Tp Hồ Chí Minh",4 m,2 phòng,"3,1 tỷ- 64 m2",Nam,"Nhà mặt phố, mặt tiền",64 m²,"NHÀ GIÁ RẺ PHAM HUNG, NHÀ 1 TRỆT ,1 LẦU ,3 PHÒNG NGỦ ĐƯỜNG 8 M , 2 TOILET, PHÒNG KHÁCH , NHÀ BẾP .KHU YÊN TỈNH, MẤT 5 PHÚT ĐI CÁC QUẬN 1,4,5,7 , Gần NHIỀU Siêu thị, NGÂN HÀNG,TRƯỜNG HỌC, ĐH Công nghệ SG, công viên, BV Q. 8, chợ, hồ bơi 
 Giá bán : 3,1 tỉ 
Cho thuê : 10 tr /tháng","48,44 triệu/m²",Nội thất đầy đủ,128 m²,Đông Bắc,Chung cư,Hẻm xe hơi,Mặt bằng kinh doanh
A9,,Bán nhà biệt thự Phố hóc môn đường phan văn hớn xã,5 phòng,A,Đã có sổ,Căn góc,Chưa bàn giao,"L1,L3",Đất thổ cư,60 m²,9,4,30 m, GIÁ TỐT,"39/68, Đường Phan Văn Hớn, Xã Tân Thới Nhì, Huyện Hóc Môn, Tp Hồ Chí Minh",6 m,6 phòng,"3,85 triệu GIÁ TỐT- 150 m2",Nam,Nhà biệt thự,150 m²,"bán nhà hóc môn xã bà điểm 1tr 3lau thiết kế hiện đại theo phong cách châu âu phòng khách bếp 5phong ngủ 6w sân xe hơi 7cho shr mua bán bao sang tên, hô trợ vay ngân hàng với lãi xuất thấp",25.666 đ/m²,Nội thất cao cấp,280 m²,Đông Bắc,Chung cư,Nở hậu,Mặt bằng kinh doanh
A9,,ĐƯỜNG K20 LÔ GẦN NGÃ TƯ NGUYỄN ĐÌNH CHIỂU🚦💝,5 phòng,A,Đã có sổ,Căn góc,Chưa bàn giao,"L1,L3",Đất thổ cư,60 m²,9,4,22 m,- 102 m2,"111, K20, Phường Khuê Mỹ, Quận Ngũ Hành Sơn, Đà Nẵng",4 m,6 phòng,"3,35 tỷ- 102 m2",Nam,Nhà biệt thự,102 m2,"💎💎💞Vị trí vàng trong làng Nam Việt Á
💰💶💵💎Giá nhẹ nhàng sang công chứng 3,35 Tỷ💰💶💵💎
DT: 101M2 ( 4m10 × nở hậu 5m ) 
🚙🚗Đường K20☘☘☘☘ 
🚘Gần ngã tư🚦Nguyễn Đình Chiểu 
🇻🇳Gần Công An phường🇻🇳
👨‍👩‍👧‍👦Dân trí cao 
An ninh tốt 
Phù hợp xây dựng 
🏕Nhà hàng🍷🍻
Khách sạn💃
🏕Homestay🏡🥂
Cofe☕Bar
💎Khu hội tụ đẳng cấp tây âu💎
Gần biển
Gần sông☘☘☘☘mát mẻ 
💶💵💰💎Giá rẻ thị trường","32,84 triệu/m2",Nội thất cao cấp,280 m²,Tây Bắc,Chung cư,Nở hậu,Mặt bằng kinh doanh
A9,,Nha 2 Tầng Kiệt Hải Phòng-Đối Diện Công Viên 29/3,1 phòng,A,Đã có sổ,Căn góc,Chưa bàn giao,"L1,L3",Đất thổ cư,60 m²,9,2,14 m,- 25 m2,"489/12/8, Đường Hải Phòng, Phường Chính Gián, Quận Thanh Khê, Đà Nẵng",3.5 m,1 phòng,"1,39 tỷ- 25 m2",Nam,"Nhà ngõ, hẻm",25 m²,"Cần Bán Nhà Kiệt Hải Phòng-Bên Hông Siêu Thị Nguyễn Kim 
-Diện tích 25m2 ngang 3.5m vuôn vắn
-Hướng Tây Nam 
-Kiệt Chuẩn 2,5m Gần đường chính
-Tiện Nghi: Nhà đầy đủ công năng với thiết kế 1pn, 1wc, 1 pk... xây dựng cứng cáp với 1 mê đúc trên lợp tôn 
-Tiện ích: vị trí gần đường chính, cách đường chính 40m, nằm ngay bên cạnh siêu thị điện máy nguyễn kim, gần công viên 29/03..... gần với các tiện ích phù hợp với đời sống
Giá Bán nhanh 1 tỷ 390 triệu (tl cho khách thiện chí)","55,6 triệu/m²",Hoàn thiện cơ bản,50 m²,Tây Nam,Chung cư,Nở hậu,Mặt bằng kinh doanh
A9,,Nhà trệt đường Nhật Tảo.,2 phòng,A,Đã có sổ,Căn góc,Chưa bàn giao,"L1,L3",Đất thổ cư,60 m²,9,2,13 m,- 105 m2,"35/9 hẻm 9, Đường Nhật Tảo, Phường Lê Bình, Quận Cái Răng, Cần Thơ",7 m,1 phòng,"2,25 tỷ- 105 m2",Nam,"Nhà mặt phố, mặt tiền",105 m²,"Do dọn nhà ra trung tâm buôn bán nên cần bán lại căn nhà hẻm 9 đường Nhật Tảo, P.Lê Bình, Q.Cái Răng, cách chợ nỗi và chợ Cái Răng 600m, nhà trệt 2 phòng ngủ có sân rộng, diện tích 7m x 13m, thích hợp hộ gia đình trẻ ở buôn bán gần chợ và cho con cái học hành trong trung tâm quận Cái Răng. Giấy tờ đầy đủ, chính chủ bán, bớt nhẹ phí chuyển nhượng và làm hồ sơ sang tên.","21,43 triệu/m²",Nội thất đầy đủ,71 m²,Tây,Chung cư,Hẻm xe hơi,Mặt bằng kinh doanh
A9,,Chính chủ bán lô đất 7x35 có thổ cư sát Quốc Lộ13,2 phòng,A,Đã có sổ,Căn góc,Chưa bàn giao,"L1,L3",Đất thổ cư,60 m²,9,2,34 m,- 253 m2,"Đường Ngã Ba Lăn Xi, Phường Tân Định, Thị xã Bến Cát, Bình Dương",7.2 m,1 phòng,"2,45 tỷ- 253 m2",Nam,"Nhà mặt phố, mặt tiền",253 m2,"Chính chủ bán lô đất ngang 7x35m mặt tiền đường Nhựa cách Quốc Lộ 13 chưa đến 30m
Kinh doanh buôn bán được ngay
Có 159m2 thổ cư
Giá bán 2ty450tr - Sổ sách đầy đủ
Liên hệ chính chủ","9,68 triệu/m2",Nội thất đầy đủ,71 m²,Bắc,Chung cư,Mặt tiền,Mặt bằng kinh doanh
A9,,Đất nền view sông Hậu diện tích 82.5m2 cực đẹp,2 phòng,A,Đã có sổ,Căn góc,Chưa bàn giao,"L1,L3",Đất thổ cư,60 m²,9,2,16.5 m,- 82.5 m2,"Đường Quốc Lộ 91C, Phường Phú Thứ, Quận Cái Răng, Cần Thơ",5 m,1 phòng,387 triệu- 82.5 m2,Nam,"Nhà mặt phố, mặt tiền",82.5 m2,"Em còn một vài suất giá cực kỳ tốt, đất nền dự án ĐÃ CÓ SỔ HỒNG giá chỉ 645 triệu (100% giá) khách hàng chỉ cần thanh toán trước 387 triệu để sở hữu đất nền tọa lạc tại đại đô thị vệ tinh lớn, đẹp nhất miền Tây - FENIX CITY
-Đô Thị Mặt Trời- Bừng Sáng Tương Lai💥
Chủ đầu tư công ty 𝗩𝗮̣𝗻 𝗣𝗵𝗮́𝘁 đang xây dựng khu dân cư 𝗩𝗮̣𝗻 𝗣𝗵𝗮́𝘁 𝗦𝗼̂𝗻𝗴 𝗛𝗮̣̂𝘂 - 𝗛𝗮̣̂𝘂 𝗚𝗶𝗮𝗻𝗴, giáp Quận Cái Răng. Cách trung tâm Tp. Cần Thơ 20 phút đi xe. Khu dân cư đông đúc, thổ cư 100%
🤝🤝 Đơn vị phát triển dự án: GIA BÌNH GROUP 
👉Có các diện tích 5x16, 5x20, 5x27, 10x29...
👉Thanh toán chỉ 60% ký hợp đồng.

Chủ đầu tư là #Công_Ty_VẠN_PHÁT, uy tín hàng đầu #CẦN_THƠ ( có trụ sở chính tại Khách sạn VẠN PHÁT 4 sao, Cồn Khương, Ninh Kiều)
 👉Đăng ký để nhận Thông tin và tham quan THỰC TẾ:
--------------------------🌼🌼🌼 -----------------------
⚡️SỞ HỮU VỊ TRÍ ĐẮC ĐỊA NGAY TRUNG TÂM:
- Dự án có vị trí đắc địa bậc nhất Ngay cửa ngõ Cần Thơ – Mặt tiền Quốc lộ 91C và tiếp giáp Quận Cái Răng. Nhờ vào vị trí đắc địa này, chỉ mất 20 phút để vào trung tâm TP. Cần Thơ
• Từ dự án chỉ cần khoảng 5 phút là bạn có thể tiếp cận trường học, khu mua sắm, , bệnh viện, chợ.
-------------------------- 🌼🌼🌼 -----------------------
⚡️TIỆN ÍCH ĐẦY ĐỦ TỪ A ĐẾN Z:
- Khu an ninh , tri thức cao, được xây dựng tự do
- Thiết kế mở, hiện đại, thông thoáng lộ giới 14m-26m
- Trong dự án còn có hàng loạt các tiện ích","4,72 triệu/m2",Nội thất đầy đủ,71 m²,Bắc,Chung cư,Mặt tiền,Mặt bằng kinh doanh
A9,,"QUẬN 8, P10, HƯNG PHÚ, 34m2,2 lầu, Giá 2 tỷ 950",2 phòng,A,Đã có sổ,Căn góc,Chưa bàn giao,"L1,L3",Đất thổ cư,60 m²,9,2,7 m,- 34 m2,"Phạm Hùng, Phường 10, Quận 8, Tp Hồ Chí Minh",5 m,2 phòng,"2,95 tỷ- 34 m2",Nam,"Nhà ngõ, hẻm",34 m²,"+ Ngang cực lớn 5m, rất thoáng. thiết kế 1 trệt,1 lầu, với 2 phòng ngủ lớn.
+ Hẽm đẹp rộng rãi thẳng một trục, cách mặt tiền phạm hùng vài bước chân
+ Vị trí quá tuyệt vời, qua cầu nguyễn tri phương sang q5, 5 phút qua quận 1...Khu vực an ninh,yên tĩnh, hàng xóm dễ mến, khu vực rất đáng sống """" AN CƯ LẠC NGHIỆP"""".
+ Pháp lý chuẩn, sổ đẹp nở hậu tài lộc.
+ Liên hệ ngay CƯỜNG thổ cư sài gòn để xem nhà.","86,76 triệu/m²",Nội thất đầy đủ,60 m²,Bắc,Chung cư,Nở hậu,Mặt bằng kinh doanh
A9,,"Cần tiền bán gấp nhà Âu Cơ,3 tầng, Giá rẻ 2 tỷ 55.",2 phòng,A,Đã có sổ,Căn góc,Chưa bàn giao,"L1,L3",Đất thổ cư,60 m²,9,2,7 m,- 25 m2,"Hẻm, Đường Âu Cơ, Phường 10, Quận Tân Bình, Tp Hồ Chí Minh",5 m,2 phòng,"2,55 tỷ- 25 m2",Nam,"Nhà ngõ, hẻm",25 m²,"Gia đình bán nhà giải quyết việc gia đình, Đường Âu Cơ, Quận Tân Bình.
Diện tích 25 m2.
Kết cấu 1 trệt 2 lầu, đúc BTCT chắc chắn, nhà còn mới.
Hẻm sạch sẽ, thông thoáng, hàng xóm thân thiện.
Tiện ích xung quanh đầy đủ như Trường học, Bệnh viện, Chợ, Siêu thị, Nhà hàng…..
Gíá chỉ 2 tỷ 55. Thương lượng cho khách thiện chí.
Liên hệ trực tiếp Nhung Thổ Cư để xem nhà miễn phí và hỗ trợ pháp lý 24/7.",102 triệu/m²,Nội thất đầy đủ,60 m²,Bắc,Chung cư,Nở hậu,Mặt bằng kinh doanh
A9,,"Nhà kiệt dt 101m,Sơn trà, sát cầu rồng",2 phòng,A,Đã có sổ,Căn góc,Chưa bàn giao,"L1,L3",Đất thổ cư,60 m²,9,2,13 m,- 101 m2,"đường cổ Mân 3, Phường An Hải Tây, Quận Sơn Trà, Đà Nẵng",7 m,2 phòng,"2,39 tỷ- 101 m2",Nam,"Nhà ngõ, hẻm",101 m²,"Nhà kiệt 937 ngô quyền, nhà cách đường chính 115m","23,66 triệu/m²",Hoàn thiện cơ bản,101 m²,Nam,Chung cư,Nở hậu,Mặt bằng kinh doanh
A9,,Cần bán căn hộ cao cấp Cityland 90m² 2PN giá tốt,2 phòng,A,Đã có sổ,Căn góc,Đã bàn giao,"L1,L3",Đất thổ cư,90 m²,9,2,13 m,- 90 m2,"Phan văn trị, Phường 10, Quận Gò Vấp, Tp Hồ Chí Minh",7 m,2 phòng,"3,65 tỷ- 90 m2",Bắc,"Nhà ngõ, hẻm",101 m²,"Cần bán gấp căn hộ khu Cityland Park Hills, phường 10, Gò Vấp, TP.HCM
- DT: 90m2
- Thiết kế 2PN, 2WC vuông vức.
- Căn hộ có NTCB đính tường.
- Ban công hướng Bắc thoáng mát
- Căn hộ đã có sổ hồng sở hữu lâu dài. 
- Ngân hàng hỗ trợ vay 70% giá trị căn hộ.
- Giá còn bớt lộc cho khách thiện chí mua.
Liên Hệ: Mr.Lực
Tiện ích:
• Khu vực nhiều tiện ích vượt trội :
- Khuôn viên rộng 2 ha
- Cạnh trung tâm thương mại lớn Lotte Mart
- Cạnh quán cà phê Country House, dịch vụ ăn uống sát bên.
- Gần bệnh viện.
- Siêu thị, chợ ngay bên dưới chung cư.
- Nhà trẻ ngay dưới chung cư.
- Tiện lợi ra sân bay và các quận Bình Thạnh, Phú Nhuận, Q1, Thủ Đức.
• An ninh, bảo vệ 24/24.
• Có hệ thống camera, hệ thống bãi giữ xe thông minh.
• Hệ thống hồ bơi, sân chơi rộng rãi cho con nhỏ.
• Hệ thống PCCC tự động, đạt độ an toàn cao.
• Hệ thống thang máy đạt tiêu chuẩn Châu Âu.
Khách hàng vui lòng liên hệ sớm xem nhà. Giá rất tốt so với mặt bằng chung.
Giá còn bớt lộc cho khách thiện chí mua.
Liên Hệ: Lực để xem căn hộ và hỗ trợ tư vấn.","40,56 triệu/m²",Hoàn thiện cơ bản,101 m²,Nam,Chung cư,Nở hậu,Mặt bằng kinh doanh
A9,,Bán Vườn ngay CHỢ trung lập hạ,2 phòng,A,Đã có sổ,Căn góc,Đã bàn giao,"L1,L3",Đất thổ cư,90 m²,9,2,36 m,- 540 m2,"Đường Ba Sa, Xã Trung Lập Hạ, Huyện Củ Chi, Tp Hồ Chí Minh",15 m,2 phòng,760 triệu- 540 m2,Bắc,"Nhà ngõ, hẻm",540 m2,"Tôi cần vốn nên bán gấp mảnh vườn 540m2
Đường đá thông đi mọi hướng
Có sổ hồng riêng
Liên hệ đi coi đất","1,41 triệu/m2",Hoàn thiện cơ bản,101 m²,Nam,Chung cư,Nở hậu,Mặt bằng kinh doanh
A9,,"PHƯỚC KIỂN,Nhà Bè, 130m2, ngang 6.5m.Giá chỉ 43tr",2 phòng,A,Đã có sổ,Căn góc,Đã bàn giao,"L1,L3",Đất thổ cư,90 m²,9,2,20 m,- 130 m2,"Đường Lê Văn Lương, Xã Phước Kiển, Huyện Nhà Bè, Tp Hồ Chí Minh",7 m,2 phòng,"5,59 tỷ- 130 m2",Bắc,"Nhà ngõ, hẻm",130 m2,"+ Nằm trên trục chính 12m, khu phân lô cực đẹp, đối diện HAGL An Tiến.
+ Giá khu vực có giao dịch đã 48tr/m2. Chủ cần giải quyết công việc cuối năm nên mới để lại giá rẻ như thế chỉ 43tr/m2.
+ Vị trí thuận lợi chỉ mất 5 phút qua quận 7, 10 phút qua quận 1.
+ Cơ hội tăng giá cực cao trong tương lai gần khi rất nhiều dự án lớn đang triển khai. Hầm chui Nguyễn hữu Thọ, dự án GS PMH 2. Rất nhiều chung cư mọc lên....
+ Sổ hồng chính chủ sang tên ngay.
+ Lưu ý: Chủ nhà nhận cọc ít 300 triệu.
+ Anh chị quan tâm gọi ngay Cường để xem đất.",43 triệu/m2,Hoàn thiện cơ bản,101 m²,Nam,Chung cư,Hẻm xe hơi,Mặt bằng kinh doanh
A9,,THÀNH PHỐ ĐỒNG XOÀI ĐẤT NỀN GIÁ RẺ CHÍNH CHỦ 100%,2 phòng,A,Đã có sổ,Căn góc,Đã bàn giao,"L1,L3",Đất thổ cư,90 m²,9,2,30 m,- 300 m2,"Đường Quốc lộ 14, Xã Tân Thành, Thành phố Đồng Xoài, Bình Phước",10 m,2 phòng,490 triệu- 300 m2,Bắc,"Nhà ngõ, hẻm",300 m2,"Sổ đỏ chính chủ. Bán gấp nên giá rẻ.

Bất động sản không thể bị mất hay đánh cắp hay mang đi được. Mua được một món bất động sản phù hợp, được chi trả đầy đủ, quản lý cẩn thận là món đầu tư an toàn thế giới.

Chỉ 420tr, bạn đã sở hữu 300M2 ĐẾN 1000m2 đất 100% thổ cư .

Vị trí: Ngay Trung Tâm Tp Đồng Xoài Bình Phước
DT: 250m2 ĐẾN 1000M2 100% THỔ CƯ
Sổ hồng riêng từng nền.

Có hỗ trợ ngân hàng đến 70%.

TP Đồng Xoài Bình Phước, nơi khởi đầu cho nền kinh tế mới, nơi tiềm năng vàng.

Thiện chí gọi GẶp Đức","1,63 triệu/m2",Hoàn thiện cơ bản,101 m²,Nam,Chung cư,Mặt tiền,Mặt bằng kinh doanh
A9,,"Kinh doanh tốt, 55m2x5 tầng mặt phố Quận Hoàng Mai",4 phòng,A,Đã có sổ,Căn góc,Đã bàn giao,"L1,L3",Đất thổ cư,90 m²,9,2,30 m,- 55 m2,"Đường Hoàng Mai, Phường Hoàng Văn Thụ, Quận Hoàng Mai, Hà Nội",10 m,4 phòng,7 tỷ- 55 m2,Bắc,"Nhà ngõ, hẻm",55 m²,"+ Thông sang Trương Định, Minh Khai, Mai Động
+ Nhà mặt phố, lô góc, mặt tiền rộng, kinh doanh mọi loại hình sầm uất ngày đêm.
+ Hiện tại chủ nhà đang cho thuê 2 tầng dưới cùng doanh thu trên 20tr/tháng
- Thiết kế:
+ Tầng 1: Thông sàn kinh doanh.
+ Tầng 2: Phòng khách + bếp.
+ Tầng 3,4: Mỗi tầng 2 phòng ngủ rộng
+ Tầng 5: Tiểu cảnh + trồng rau xanh.
+ Sổ vuông vắn, đẹp giao dịch ngay","127,27 triệu/m²",Hoàn thiện cơ bản,55 m²,Nam,Chung cư,Mặt tiền,Mặt bằng kinh doanh
A9,,Đất Thị xã Thuận An 94m²,4 phòng,A,Đã có sổ,Căn góc,Đã bàn giao,"L1,L3",Đất thổ cư,90 m²,9,2,19 m,- 94 m2,"Thuận Giao 07, Phường Thuận Giao, Thị xã Thuận An, Bình Dương",5 m,4 phòng,"1,7 tỷ- 94 m2",Bắc,"Nhà ngõ, hẻm",94 m²,chủ gởi bán lô đất ngộp mùa dịch covid giá rẻ hơn tgij trường 200tr,"18,09 triệu/m²",Hoàn thiện cơ bản,55 m²,Nam,Chung cư,Hẻm xe hơi,Mặt bằng kinh doanh
A9,,"Trúng xe sang 1,1 tỷ khi sở hữu đất nền Casa Mall",4 phòng,A,Đã có sổ,Căn góc,Đã bàn giao,"L1,L3",Đất thổ cư,90 m²,9,2,15 m,- 75 m2,"Đường ĐT 743, Phường Bình Chuẩn, Thị xã Thuận An, Bình Dương",5 m,4 phòng,"1,139 tỷ- 75 m2",Bắc,"Nhà ngõ, hẻm",75 m2,"CASA MALL ƯU ĐÃI CUỐI NĂM, CK LÊN ĐẾN 10% + 1000 USD.
- Dự án còn sót lại tại khu vực Bình Chuẩn với mức giá cực kỳ cạnh tranh so với khu vực chỉ 17,5 triệu/m2.
- Bao quanh là 3 thành phố quy mô bậc của Bình Dương ""Thuận An - Dĩ An - Thủ Dầu Một"" với hàng ngàn tiện ích mang tầm quốc tế.
- Là nơi có lượng công nhân chuyên gia kỹ sư rất lớn bởi liền kề các cụm khu công nghiệp lớn Sóng Thần, An Phú, Bảy Mẫu, Nam Tân Uyên, Vsip 2, Vsip 1...
- Sở hữu vị trí đặc biệt với mạng lưới giao thông đa chiều nổi bật ĐT 743, QL13, ĐT 74, đại lộ Mỹ Phước - Tân Vạn. Và một số tuyến đường khác dễ dàng di chuyển về các vị trí trung tâm Bình Dương, tp HCM, Bình Phước, Đồng Nai và các tỉnh Tây Nguyên tạo nên khối liên kết giao thương giữa giữa các vùng.
- Quy mô 3,8ha với 201 nền đất thương mại, có trường học, trung tâm thương mại, khu công viên cây xanh với hệ thống giao thông bàn cờ, điện âm nước máy đầy đủ tôn lên vẻ đẹp đẳng cấp của một khu đô thị trung tâm.
- Casa Mall là dự án có 2 tuyến đường nhà nước đi qua đường CKV & Bình Chuẩn 62 giúp tăng sức bật cho bđs nơi đây
- Với pháp lý hoàn chỉnh, kết hợp phương thức thanh toán linh hoạt giúp người dân có cơ hội sở hữu 1 nền đất ưng ý
- Đặc biệt chương trình tri ân 10 khách hàng dịp cuối năm với chương trình chiết khấu lên đến 10% và có cơ hội bốc thăm trúng thưởng đặc biệt sổ tiết kiệm trị giá 1 tỷ đồng + hàng ngàn phần quà có giá trị.
- Lh Hữu tư vấn miễn phí, xem pháp lý trước khi xem đất. Cảm ơn","15,19 triệu/m2",Hoàn thiện cơ bản,55 m²,Nam,Chung cư,Nở hậu,Mặt bằng kinh doanh
A9,,"Nhà mặt tiền 70m2 Trần thị Điệu, Phước Long B, Q9",1 phòng,A,Đã có sổ,Căn góc,Đã bàn giao,"L1,L3",Đất thổ cư,90 m²,9,2,17.5 m,- 70 m2,"91A, Đường Trần Thị Điệu, Phường Phước Long B, Quận 9, Tp Hồ Chí Minh",4 m,1 phòng,"10,5 tỷ- 70 m2",Bắc,"Nhà mặt phố, mặt tiền",70 m²,"Bán hoặc cho thuê nhà mặt tiền 91A Trần thị Điệu ( Đường 61 cũ) phường phước long B quận 9 nhà cấp 4 dt 4×20m ( Có mặt hẻm sau nữa) giá thuê 14,5triệu/tháng. giá bán 9,5 tỷ còn thương lượng. liên hệ chính chủ Mr Hùng",150 triệu/m²,Hoàn thiện cơ bản,70 m²,Nam,Chung cư,Nở hậu,Mặt bằng kinh doanh
A9,,"Bán đất đấu giá thôn Đồng, Nguyên Khê, Đông Anh",1 phòng,A,Đã có sổ,Căn góc,Đã bàn giao,"L1,L3",Đất thổ cư,90 m²,9,2,13.5 m,- 60.75 m2,"Đường Võ Nguyên Giáp, Xã Nguyên Khê, Huyện Đông Anh, Hà Nội",4.5 m,1 phòng,"2,3 tỷ- 60.75 m2",Bắc,"Nhà mặt phố, mặt tiền",60.75 m2,"Dự án: Đât Đấu Giá thôn Đồng Nguyên Khê.
 Thông tin chi tiết: * Chính chủ cần bán 2 lô đất đấu giá tại thôn Đồng, Nguyên Khê, Đông Anh nằm trong dự án công viên Phần Mềm của Vin Group. Liên hệ e Linh: 
- Diện tích: 60.75m2.
- Mặt tiền: 4.5m.
- Sâu: 13.5m.
- Giá 38tr/m2. 2,308 tỷ thương lượng nếu khách thiện chí.
* Tiện ích.
- Giao thông thuận tiện.
- Tiềm năng tăng giá cực tốt.
- Cách KCN Quang Minh 5km.
- Sân bay Nội Bài 5km.
- Cầu Nhật Tân: 6km.
- Khách hàng nhu cầu Đầu tư hay để ở đều rất tốt.
Liên hệ e Linh để xem thực tế lô đất: .","38,33 triệu/m2",Hoàn thiện cơ bản,70 m²,Đông,Chung cư,Hẻm xe hơi,Mặt bằng kinh doanh
A9,,Bán lô đất 2mt fpt city,1 phòng,V5,Đã có sổ,Căn góc,Đã bàn giao,"L1,L3",Đất nền dự án,90 m²,9,2,13.5 m,- 132 m2,"Fpt City, Phường Hoà Hải, Quận Ngũ Hành Sơn, Đà Nẵng",4.5 m,1 phòng,"3,6 tỷ- 132 m2",Bắc,"Nhà mặt phố, mặt tiền",132 m2,"👉Cần Bán Lô Góc 2mt Khu FPT City - Hoà Hải,Đà Nẵng.
♥️Diện tích: 128.3m2 (7.5*17.4)
Hướng: Nam - Đông
Giá: 3.x Tỷ
📞Lh: 
BĐS Rồng Đỏ (Rodoland) - Chuyên FPT City Đà Nẵng
Văn phòng: V5.B05.51 Shophouse FPT City

Thông tin dự án FPT City Đà Nẵng

⭐ Chủ đầu tư uy tín: Tập đoàn FPT

🏙 Vị trí cực kỳ đẳng cấp:
- Thuộc Phường Hoà Hải, Ngũ Hành Sơn, Đà Nẵng;
- Sát Sông Cổ Cò thơ mộng, kết nối Đà Nẵng - Hội An;
- Đối diện 2 sân Golf The Dunes, Montgomerie Links;
- Cận kề các Resort 5*: Sheraton, Ocean Villa, Vinpearl, Naman Retreat...;
- Xung quanh là các trường liên cấp Quốc tế: Pegasus, APU; trường liên cấp và Đại học FPT, Đại học Công nghệ thông tin, Đại học Y Dược...

✅ Pháp lý: Sổ đỏ trao tay
🌲 Hạ Tầng ngầm hoàn thiện 100%.
🌲 Hệ thống cây xanh, kênh hồ không khác Resort 5*.

🌍 Diện tích đa dạng : 90m2 - 104.3m2 - 108m2 - 144m2 - 180m2 - 216m2 - 416m2 - 800m2.

#BĐS_Rồng_Đỏ
#Rodoland 
#FPT_Plaza
#FPT_City","27,27 triệu/m2",Hoàn thiện cơ bản,70 m²,Đông,Chung cư,Mặt tiền,Mặt bằng kinh doanh
A9,,Quận Long Biên 100m²,4 phòng,V5,Đã có sổ,Căn góc,Đã bàn giao,"L1,L3",Đất nền dự án,90 m²,9,2,13.5 m,- 100 m2,"Đường Ngọc Lâm, Phường Long Biên, Quận Long Biên, Hà Nội",4.5 m,5 phòng,"5,5 tỷ- 100 m2",Bắc,"Nhà mặt phố, mặt tiền",100 m²,"- Vị trí Trước mặt nhà bãi oto to đùng. Oto để trong sân nhà cũng thoải mái. Ngay gần Trung tâm thương mại Mipec Long Biên tiện ích không thiếu thứ gì.
- Diện tích đất 100m2, nhà xây 60m2 còn để trừa lại trước sau làm sân vườn và khe thoáng.
- Nhà hướng Nam đã mát mẻ lại có 3 mặt thoáng nữa, phòng nào cũng thoáng, gió mát lòng lộng.
- Nhà thiết kế kiểu hiện đại, có ô chờ thang máy sẵn, khách về thoải mái lắp.
+ Tầng 1 sân vườn, tầng hầm để xe, có thể dùng làm công ty văn phòng được.
+ Tầng 2 phòng khách và phòng bếp ăn.
+ Tầng 3,4 mỗi tầng 2 phòng ngủ khép kín riêng biệt.
+ Tầng 5 là phòng thờ và sân phơi.
Sổ đỏ đẹp như hoa hậu. 
-DT 100m2 5 tầng mặt tiền 5m giá 5.5 tỷ có TL 
- LH",55 triệu/m²,Hoàn thiện cơ bản,100 m²,Đông,Chung cư,Mặt tiền,Mặt bằng kinh doanh
A9,,Chính chủ cần tiền bán nhanh nhà 2 Mặt tiền TL15,4 phòng,V5,Đã có sổ,Căn góc,Đã bàn giao,"L1,L3",Đất thổ cư,90 m²,9,2,49 m,- 676 m2,"Đường Tỉnh lộ 15, Xã An Phú, Huyện Củ Chi, Tp Hồ Chí Minh",13 m,5 phòng,"5,4 tỷ- 676 m2",Bắc,"Nhà mặt phố, mặt tiền",676 m2,"Dự án: Tôi chính chủ cần bán đất Mặt tiền Tỉnh Lộ 15 vs Hứa Thị Hôn 13mx49m 2 mặt tiền có nhà cấp 4.
 Thông tin chi tiết: Tôi chính chủ cần bán 2 mặt tiền Tỉnh Lộ 15 vs Hứa Thị Hôn.
Diện tích 13x49=676m2 thổ cư 88m hiện đang có nhà cấp 4 trên đất. Dân cư đông tiền đường trọng điểm. Kẹt tiền bán gấp cho trong vong 1 tháng.
Giá bán 5tỷ400tr ae nào cần Lh tôi để mở cửa nhà xem","7,99 triệu/m2",Hoàn thiện cơ bản,100 m²,Đông,Chung cư,Mặt tiền,Mặt bằng kinh doanh
A9,,"Nhà mới Yên Hòa, matiz đỗ, 31mx5Tầng, chỉ 3.9 tỷ.",4 phòng,V5,Đã có sổ,Căn góc,Đã bàn giao,"L1,L3",Đất thổ cư,90 m²,9,5,7.5 m,- 31 m2,"Đường Yên Hòa, Phường Yên Hoà, Quận Cầu Giấy, Hà Nội",4 m,5 phòng,"3,9 tỷ- 31 m2",Bắc,"Nhà ngõ, hẻm",31 m²,"Chủ mua cho con nhưng không ở đến, bán nhanh trước tết nhà phố Yên Hòa, 31m2x5Tầng, mặt tiền 4m, giá chào 3.9 tỷ.
Vị trí đắc địa nhất phố, mặt ngõ to rộng, cách phố Yên Hòa 20m, Matiz đỗ cửa.
Thiết kế tầng 1 phòng khép kín, sân phơi, phòng thờ.
Sổ đỏ vuông đẹp, giao dịch ngay.
Liên hệ: A Trí.","125,81 triệu/m²",Nội thất cao cấp,31 m²,Đông,Chung cư,Hẻm xe hơi,Mặt bằng kinh doanh
A9,,Nền nhỏ gái 185 triệu phường 5,4 phòng,V5,Đã có sổ,Căn góc,Đã bàn giao,"L1,L3",Đất nông nghiệp,90 m²,9,5,11 m,- 49 m2,"Đường 14/9, Phường 5, Thành phố Vĩnh Long, Vĩnh Long",4 m,5 phòng,185 triệu- 49 m2,Bắc,"Nhà ngõ, hẻm",49 m2,"Có 1 nền nhỏ nhỏ xinh xinh phường 5, TPVL.
Vị trí: Gần xí nghiệp dược, chợ .v.v.
Diện tích: 48.1 m2
Giá: 185 triệu
Liên hệ:","3,78 triệu/m2",Nội thất cao cấp,31 m²,Tây Bắc,Chung cư,Hẻm xe hơi,Mặt bằng kinh doanh
A9,,Cần vốn bán gấp nhà ở Lê Văn Việt Q9,2 phòng,V5,Đã có sổ,Căn góc,Đã bàn giao,"L1,L3",Đất nông nghiệp,90 m²,9,5,11 m,- 55 m2,"Đường Lê Văn Việt, Phường Tăng Nhơn Phú A, Quận 9, Tp Hồ Chí Minh",4 m,1 phòng,580 triệu- 55 m2,Bắc,"Nhà mặt phố, mặt tiền",55 m²,"Cần vốn bán gấp nhà ở Lê Văn Việt Tăng Nhơn Phú A Quận 9 
- Diện tích : 55m2 
- Nằm gần đường lớn , hẻm thông , xe oto đi vào thoải mái , sát trường ĐH 
- Dân cư đông đúc , gần siêu thị lớn thuận tiện cho mọi người đi lại 
- Điện âm nước đầy đủ , kh tranh chấp 
- Sổ hồng riêng ạ 
- Anh chị nào có nhu cầu , thiện chí thì liên hệ em ạ","10,55 triệu/m²",Nội thất cao cấp,31 m²,Tây Bắc,Chung cư,Hẻm xe hơi,Mặt bằng kinh doanh
A9,,Đất Huyện Trảng Bom 1.000m²,2 phòng,V5,Đã có sổ,Căn góc,Đã bàn giao,"L1,L3",Đất nông nghiệp,90 m²,9,5,20 m,- 1.000 m2,"Đường 22, Xã Thanh Bình, Huyện Trảng Bom, Đồng Nai",50 m,1 phòng,2 tỷ- 1.000 m2,Bắc,"Nhà mặt phố, mặt tiền",1000 m2,"Chính chủ kẹt tiền cần bán miếng đất tâm huyết 
Diện tích 1000m2 
Kế bên hồ trị an ( thích hợp xây nhà nghỉ dưỡng hay nuôi Yến ) 
Đường rộng 8m
Dân cư đông đúc . Tiện ích ko thiếu 
Sổ Hồng riêng 
Giá 2tyxxx ( bao phí sang sổ ) có thương lượng xíu cho khách cần
Anh chị có nhu cầu đầu tư liên hệ trực tiếp em để em báo giá chính xác",2 triệu/m2,Nội thất cao cấp,31 m²,Tây,Chung cư,Nở hậu,Mặt bằng kinh doanh
A9,,ĐẤT NỀN GIÁ RẺ VỊ TRÍ ĐẸP ĐỐI DIỆN TRƯỜNG HỌC,2 phòng,V5,Đã có sổ,Căn góc,Đã bàn giao,"L1,L3",Đất thổ cư,90 m²,9,5,42 m,- 210 m2,"DX, Đường Quốc lộ 14||16824, Thị trấn Chơn Thành, Huyện Chơn Thành, Bình Phước",5 m,1 phòng,420 triệu- 210 m2,Bắc,"Nhà mặt phố, mặt tiền",210 m2,"Đường ô tô 7m - Dân ở tấp nập
Vị trí đẹp giá rẻ thị trường xung quanh
ĐẶC BIỆT SỔ HỒNG RIÊNG CÓ SẴN
Diện tích trên 200m2 - thổ cư 100
Giá cực rẻ chỉ 350 triệu",2 triệu/m2,Nội thất cao cấp,31 m²,Tây,Chung cư,Mặt tiền,Mặt bằng kinh doanh
A9,,BÁN NHÀ HẺM 487/41 HUỲNH TẤN PHÁT QUẬN 7,1 phòng,V5,Đã có sổ,Căn góc,Đã bàn giao,"L1,L3",Đất thổ cư,90 m²,9,5,6 m,- 18 m2,"487/41, Đường Huỳnh Tấn Phát, Phường Tân Thuận Đông, Quận 7, Tp Hồ Chí Minh",3 m,1 phòng,960 triệu- 18 m2,Bắc,"Nhà ngõ, hẻm",18 m²,BÁN NHÀ HẺM 487/41 HUỲNH TẤN PHÁT PHƯỜNG TÂN THUẬN ĐÔNG QUẬN 7 DIỆN TÍCH NGANG 3M DÀI 6M 1 LẦU CÓ BAN CÔNG THOÁNG MÁT (SỔ HỒNG CHUNG CÔNG CHỨNG VI BẰNG) GIÁ 960 TRIỆU CÒN THƯƠNG LƯỢNG LIÊN HỆ ANH MINH CHỦ NHÀ,"53,33 triệu/m²",Nội thất cao cấp,36 m²,Đông Nam,Chung cư,Mặt tiền,Mặt bằng kinh doanh
10,,TRẢ GÓP CHUNG CƯ IEC THANH TRÌ,2 phòng,CT2,Đã có sổ,Căn góc,Đã bàn giao,"L1,L3",Đất thổ cư,70 m²,10,5,6 m,- 70 m2,"Đường Trần Thủ Độ, Xã Tứ Hiệp, Huyện Thanh Trì, Hà Nội",3 m,2 phòng,325 triệu- 70 m2,Tây Bắc,"Nhà ngõ, hẻm",18 m²,"🍀DỰ ÁN , CĂN HỘ CHUNG CƯ IEC TỨ HIỆP THANH TRÌ 🍀

💥SỞ HỮU CĂN HỘ TRONG TẦM TAY CHỈ từ 325 tr ĐỒNG💥

💥HỖ TRỢ MỌI THỦ TỤC PHÁP LÝ VÀ VAY VỐN NGÂN HÀNG, TRẢ GÓP 💥

💥Thông Tin 💥
❤Diện tích :
⛳64m2 - 2PN,2WC ~ 1 tỷ
⛳70m2 - 2PN,2WC ~ 1,1 tỷ
⛳77m2 - 3PN,2WC ~ 1,2 tỷ

 💥ƯU ĐIỂM VƯỢT TRỘI 💥

♦️ Cách Quận Ủy Thanh Trì 500m
♦️ Cách Công An Thanh Trì 300m
♦️ Cách chợ Tứ Hiệp 50m
♦️ Cách #Bệnh_viện_Nội_Tiết TW 1,2km
♦️ Cách Bệnh Viện Thanh Trì 1km
♦️ Cách trường THCS Chu Văn An 300m (Trường điểm)
♦️ Cách trường mầm non #TứHiệp, trường Tiểu Học Ngô Sĩ Kiện 250m
♦️Cách công viên Yên Sở 2km
♦️Cách bến xe nước ngầm 1.7km .v .vv.

💥TIỆN ÍCH💥

👉 BỂ BƠI 500M2
👉KHU VUI CHƠI TRẺ EM NGOÀI TRỜI
👉3 TẦNG VĂN PHÒNG VÀ TRUNG TÂM THƯƠNG MẠI DỊCH VỤ
👉3 TẦNG HẦM ĐỂ XE

 💥 MỜI KHÁCH HÀNG QUA XEM DỰ ÁN

💥 TIẾN ĐỘ DỰ ÁN QUÝ 2/2021 BÀN GIAO CĂN HỘ BAO GỒM SỔ HỒNG VĨNH VIỄN💥.
👉 ĐẶC BIỆT CÓ THỂ CHỌN CĂN THEO ''SỞ THÍCH VÀ NHU CẦU 💥
👉SỰ LỰA CHỌN THÔNG MINH SẼ DẪN TỚI THÀNH CÔNG 👉
anh chị đã xác định tìm hiểu mua thì cứ liên hệ trực tiếp. đỡ phải băn khoăn
♦️Lh Kim để được TƯ VẤN Dự ÁN và Cân Đối Tài Chính♦️","4,64 triệu/m²",Hoàn thiện cơ bản,36 m²,Đông Nam,Chung cư,Mặt tiền,Mặt bằng kinh doanh
10,,"Bán căn hộ chung cư B1 Bông Sao, P.5, Q.8; DT 60m2",2 phòng,CT2,Đang chờ sổ,Căn góc,Đã bàn giao,"L1,L3",Đất thổ cư,60.6 m²,10,5,6 m,- 60.6 m2,"Đường Tạ Quang Bửu, Phường 6, Quận 8, Tp Hồ Chí Minh",3 m,2 phòng,"2,15 tỷ- 60.6 m2",Tây Bắc,"Nhà ngõ, hẻm",18 m²,"Chính chủ bán căn hộ chung cư B1 Bông Sao P. 5 Quận 8.
Diện tích 60m2 gồm Phòng khách, 2 phòng ngủ, 2 phòng vệ sinh, lô gia. Căn hộ lầu 17 hướng Nam gió mát quanh năm, cửa sổ phòng ngủ hướng bắc nhìn toàn cảnh trung tâm TP rất đẹp.
Căn hộ thuộc khu dân cư Bông Sao, đường Bông Sao, P5 Quận 8 nằm ngay sau lưng trung tâm hành chính quận 8 thuận tiện đi các quận 1, 4, 5,7 và đi các tỉnh Miền Tây theo đường Nguyễn Văn Linh Cao Tốc SG TL, đi Miền Đông qua Đại lộ Võ Văn Kiệt cao tốc Long Thành.
Căn hộ có đầy đủ tiện ích nội khu:
- Trường công lập từ mầm non, cấp 1, 2, 3 ngay trong khu.
- Siêu thị và cửa hàng tiện lợi ngay bên dưới, gần các chung cư cấp và trung tâm thương mại.
- Chợ Bùi Minh Trực cách khoảng 800m.
- Xung quanh khu có nhà thờ, chùa.
- Chung cư có bảo vệ 24/7 an ninh tốt, dân cư thân thiện, công viên đẹp thoáng mát.
Căn hộ đầy đủ nội thất cơ bản như: Tủ bếp trên dưới, bếp từ âm, bàn ghế, giường tủ, máy lạnh, máy giặt, bình nóng lạnh phòng vệ sinh Người mua chỉ việc xách vali vào ở.

Giá bán 2,15 tỷ. Tôi lo hết thuế phí chuyển nhượng.","35,83 triệu/m²",Nội thất đầy đủ,36 m²,Nam,Chung cư,Mặt tiền,Mặt bằng kinh doanh
10,,"💥Nhà Mới TC 6*17m,hẻm Tây Sơn,gần Mai Hắc Đế,Hỗ T",2 phòng,CT2,Đã có sổ,Căn góc,Đã bàn giao,"L1,L3",Đất thổ cư,60.6 m²,10,5,6 m,- 102 m2,"tây sơn, Phường Tân Thành, Thành phố Buôn Ma Thuột, Đắk Lắk",3 m,2 phòng,"1,58 tỷ- 102 m2",Tây Bắc,"Nhà ngõ, hẻm",102 m²,"💥Nhà Mới TC 6*17m,hẻm Tây Sơn,gần Mai Hắc Đế,Hỗ Trợ Vay,nhiều lô xung quanh

📞 Liên hệ: A Khoa 

Nhà 2 mặt tiền trước sau.
Nhà vị trí gần chợ mai Hắc Đế,
Thế đất bằng phẳng,dân cư đông đúc
Đất Gần chợ Mai Hắc Đế, Siêu thị Vinmast, BÁCH HÓA XANH
Gần các trường Mẫu giáo, cấp 1,2,3 đại học, cao đẵng... bán kính 1 km
Đường thông thoáng,đi ra Trung tâm Thành Phố, .
Đường rộng rãi xe oto di chuyển tốt
👉Nhà bao gồm,1 phóng khách,2 phòng ngủ,bếp,2 wc,phòng Thờ,sân bán tải
Đặc biệt:
*Thích hợp để ở,định cư lâu dài.
🏠Diện tích : 6*17m
🏠Hướng :Nam
🏠Pháp lý : thổ cư 40m2
🏠Giá : 1 tỷ 580tr
💥
🏡Nhà TC 100% Đông,5*22m,giá 1 tỷ 550tr,hẻm 40 vạn xuân
🌳Lô TC 5*26m,Đông,giá 1 tỷ 100tr,hẻm 115 Vạn Xuân
xuân
🌳Lô TC 5*50m,Tây,giá 1 tỷ 200tr,hẻm 165 Vạn Xuân,thông vành đai
🌳Lô TC 5*26m,Đông Nam,giá 920tr,hẻm Phùng Hưng gần chợ Đê
🌳Lô TC 5*20m,Đông Nam,giá 1 tỷ 450tr,Phùng Hưng gần chợ Đê
🌳Lô C4 TC 7*26 1 tỷ 450tr phùng hưng ngay vạn xuân.gía 1 ty 450tr
🌳Lô B5 TC 5*24m,Nam giá 920tr ,Thành Đồng Vạn Xuân
🌳Lô B9 TC 5*24m,Nam giá 1 tỷ 070tr ,Thành Đồng Vạn Xuân
🌳Lô TC C2 5*27m,Tây,giá 1 tỷ 350tr,QH đg còn dài 5*22m,mặt tiền Phùng Hưng,Thành Đồng Vạn Xuân
🌳Lô TC 2 mặt tiền C4 7*26m,Tây,giá 1 tỷ 450tr,mặt tiền Phùng Hưng,Thành Đồng Vạn Xuân
🌳Lô góc 2 mặt tiền 5*22m,Đông, giá 1tỷ 200trThành Đồng Vạn Xuân
🌳Lô TC 40m2 Tây, 5*50m,,giá 1 tỷ 200,,hẻm 167 Vạn Xuân thông vành đ","15,49 triệu/m²",Nội thất đầy đủ,36 m²,Đông,Chung cư,Mặt tiền,Mặt bằng kinh doanh
10,,"Đất sổ riêng gần chợ quang thắng,giá rẻ 5x22m2",2 phòng,CT2,Đã có sổ,Căn góc,Đã bàn giao,"L1,L3",Đất nông nghiệp,60.6 m²,10,5,22 m,- 112 m2,"Đường Nguyễn Khuyến, Phường Trảng Dài, Thành phố Biên Hòa, Đồng Nai",5 m,2 phòng,"1,18 tỷ- 112 m2",Tây Bắc,"Nhà ngõ, hẻm",112 m2,"ĐẤT SỔ RIÊNG GIÁ ĐẦU TƯ LUÔN KHÁCH
 ---------
Diện tích:5x22m2(113m2) giá chỉ 1 tỷ180
 
-Đường thông tứ phía nên ô tô ra vô thoả mái 
-Dân cư lịch sự hiền hoà dễ mến :> 🙂 ,điện nước đầy đủ
-Gần ubd phường trảng Dài ,chợ quang thắng
Nhanh tay gọi e dẫn đi coi mua ở hay xây nhà bán vẫn rất lời luôn ạ văn chiến","10,54 triệu/m2",Nội thất đầy đủ,36 m²,Đông,Chung cư,Hẻm xe hơi,Mặt bằng kinh doanh
10,,Lô C14 đất hẻm 188 lò lu giá mềm dân cư đông,2 phòng,CT2,Đã có sổ,Căn góc,Đã bàn giao,c14,Đất thổ cư,60.6 m²,10,5,15 m,- 59 m2,"Đường Lò Lu, Phường Trường Thạnh, Quận 9, Tp Hồ Chí Minh",4 m,2 phòng,"3,23 tỷ- 59 m2",Tây Bắc,"Nhà ngõ, hẻm",59 m2,"Hẻm 188 Lò Lu KDC Việt Nhân 
- Chủ gửi lô C14 hướng Nam mặt đường 13m view nhà vườn. 
- Giá chỉ 3.230/59.1m 
- Lô sạch đẹp. Kdc xây dựng full đất
Lh : xem 24/24 ( Mr Tuấn ) Nc.","54,75 triệu/m2",Nội thất đầy đủ,36 m²,Nam,Chung cư,Hẻm xe hơi,Mặt bằng kinh doanh
10,,"Tư Đình, Gần Ô TÔ Tránh, LÔ GÓC 3 Mặt Thoáng,MT 5m",3 phòng,CT2,Đã có sổ,Căn góc,Đã bàn giao,c14,Đất thổ cư,60.6 m²,10,5,15 m,- 35 m2,"Tư Đình, Phường Long Biên, Quận Long Biên, Hà Nội",4 m,3 phòng,"2,45 tỷ- 35 m2",Tây Bắc,"Nhà ngõ, hẻm",35 m²,"Bán Nhà Phố Tư Đình, Gần Ô TÔ Tránh, LÔ GÓC 3 Mặt Thoáng,MT 5m
- Vị Trí Vô Cùng đẹp, Gần Phố Bồ Đề, Thuận tiện di chuyển đến Cầu Chương Dương, Vĩnh Tuy, Aeon
- Nhà Thông Sang Đường Bát Khối, Vài Bước Ra Ô TÔ Tránh, Đường thẳng tắp
- Sổ Vuông Đẹp, Chính chủ, pháp lý sạch, Lô Góc Nhiều MẶt Thoáng
- Mặt Tiền 5m 5 Tầng Rất Mới, Chủ mới ở được 3 năm
* Giá 2.45 tỷ (có thương lượng)
LH",70 triệu/m²,Nội thất đầy đủ,35 m²,Nam,Chung cư,Hẻm xe hơi,Mặt bằng kinh doanh
10,,Nhà Quận Bình Tân 72m²,6 phòng,CT2,Đã có sổ,Căn góc,Đã bàn giao,c14,Đất thổ cư,60.6 m²,10,5,17.5 m,- 72 m2,"Đường Liên khu 4-5, Phường Bình Hưng Hoà B, Quận Bình Tân, Tp Hồ Chí Minh",4 m,6 phòng,"5,5 tỷ- 72 m2",Tây Bắc,Nhà phố liền kề,72 m²,"Nhà 4 x 17.5m. Hướng đông. Liên khu 4-5. Xây dựng 1 trệt 3 lầu.
🌟 Nhà được thiết kế theo phong cách Châu Âu sang trọng, cao cấp.
🌟 Nhà được trang bị và lắp đặt sẵn Hệ thống Smarthome, Camera an ninh.
🌟 Máy nước nóng năng lượng mặt trời, Màn rèm cửa cũng được lắp đặt sẵn.
🌟 Đường trước nhà 9m (bao gồm cả vỉa hè).
🌟 Khu vực an ninh, yên tĩnh.
 Giá : 5,5 tỷ Tl","76,39 triệu/m²",Nội thất đầy đủ,35 m²,Nam,Chung cư,Hẻm xe hơi,Mặt bằng kinh doanh
10,,Chung Cư Cao Cấp Marina Plaza,1 phòng,CT2,Đã có sổ,Căn góc,Đã bàn giao,c14,Đất thổ cư,32 m²,10,5,17.5 m,- 32 m2,"Đường Lê Văn Nhung, Phường Mỹ Bình, Thành phố Long Xuyên, An Giang",4 m,1 phòng,900 triệu- 32 m2,Tây Bắc,Nhà phố liền kề,72 m²,"🌺🌺🌺🥰🥰🥰 Chúc mừng Cô/Chú đã sở hữu cho mình căn hộ cao cấp Marina Long Xuyên 🌺🌺🌺
Thứ 2 cuối cùng của năm 2020 trọn niềm vui! 
Em xin chân thành cảm ơn Cô/Chú đã tin tưởng em và Công ty Euro Group, chúc Cô/Chú có cái tết đầm ấm, an lạnh & nhiều sức khoẻ 🎉🎉
👉 Để biết thêm thông tin về căn hộ cao cấp Marina Plaza Long Xuyên vui lòng liên hệ 0387 993 887 gặp Ngọc Siên - Phòng Kinh Doanh & Phân Phối Dự Án!","28,13 triệu/m²",Nội thất đầy đủ,35 m²,Đông Nam,Chung cư,Hẻm xe hơi,Mặt bằng kinh doanh
10,,"Bán Nhà Hàng Chuối Hai Bà Trưng 70m2x8T, 17.3 tỷ",8 phòng,CT2,Đã có sổ,Căn góc,Đã bàn giao,c14,Đất thổ cư,32 m²,10,5,17.5 m,- 70 m2,"Đường Hàng Chuối, Phường Phạm Đình Hổ, Quận Hai Bà Trưng, Hà Nội",4 m,6 phòng,"17,3 tỷ- 70 m2",Tây Bắc,"Nhà ngõ, hẻm",70 m²,"Bán Nhà Phố Hàng Chuối, Hai Bà Trưng 70m2x8T, Thang Máy, MT 6m Giá 17.3 tỷ.

 Hàng Chuối con phố đẹp, thư thái bậc nhất của quận Hai Bà Trưng.
. 
+ Nhà xây 8 tầng thiết kế thang máy cực kỳ hiếm không có căn thứ 2, vài bước chân là ra mặt phố Hàng Chuối.
+ Vị trí nhà đẹp có thể kinh doanh cho thuê dòng tiền cũng cực kỳ thuận tiện.

+ Pháp lý Sổ đỏ chính chủ, sẵn sàng giao dịch.
+ Giá bán 17.3 tỷ, có thương lượng.

 (Hỗ trợ MIỄN PHÍ hoàn toàn cho khách hàng khi đi xem nhà, mua bán, làm việc trực tiếp với chủ nhà, hỗ trợ thủ tục pháp lý, sang tên, công chứng.)
 
 Liên hệ Anh Mạnh","247,14 triệu/m²",Nội thất đầy đủ,35 m²,Đông Nam,Chung cư,Hẻm xe hơi,Mặt bằng kinh doanh
10,,Chính chủ bán nhà 1 lầu mt Hưng Nhơn 70m2 huyện BC,2 phòng,CT2,Đã có sổ,Căn góc,Đã bàn giao,c14,Đất thổ cư,32 m²,10,5,14 m,- 70 m2,"Đường Hưng Nhơn, Thị trấn Tân Túc, Huyện Bình Chánh, Tp Hồ Chí Minh",5 m,2 phòng,680 triệu- 70 m2,Tây Bắc,"Nhà mặt phố, mặt tiền",70 m²,"Nhà 1 lầu mặt tiền Hưng Nhơn ngay cao tốc Võ Văn Kiệt 
nhà 1 lầu 70m2 (5x14) 2 phòng ngủ 2 tolet 1 không gian bếp 
mua là dọn vào ở ngay nhà nội thất có sẵn có ngân hàng hổ trợ 50%
tiện ích bán kính 2km 
sổ hồng sang tên công chứng trong ngày
liên hệ tôi dẫn đi xem","9,71 triệu/m²",Nội thất đầy đủ,140 m²,Đông Nam,Chung cư,Hẻm xe hơi,Mặt bằng kinh doanh
10,,Bán Đất Hoà Lợi -Thành phố Thủ Dầu Một 150m²,2 phòng,F2,Giấy tờ khác,Căn góc,Đã bàn giao,72,Đất nền dự án,32 m²,10,5,30 m, GIÁ TỐT,"72, Đường ĐT 741, Phường Hoà Phú, Thành phố Thủ Dầu Một, Bình Dương",5 m,2 phòng,"3,05 tỷ GIÁ TỐT- 150 m2",Tây Bắc,"Nhà mặt phố, mặt tiền",150 m2,"- Đất nền hoà lợi TPTDM ngay TTHC Tỉnh 
- Diện Tích 5x30m ;10x30m.v.v.v
- 2mặt Tiền đường nhựa .
-giá chỉ 20 triệu/m2.
-thiết kế điện âm ,nước máy.
-chợ ,trường học các cấp ,làng đại học trong bán kính 1km.
-thanh toán linh hoạt trong vòng 18 tháng LS =0%
- thanh toán 95% giao đất xây dựng ngay .","20,33 triệu/m2",Nội thất đầy đủ,140 m²,Đông Nam,Chung cư,Hẻm xe hơi,Mặt bằng kinh doanh
10,,8000m2 Tại Trung Tâm Đảo Ngọc Phú Quốc,2 phòng,F2,Đã có sổ,Căn góc,Đã bàn giao,72,Đất thổ cư,32 m²,10,5,200 m,- 8.000 m2,"Đường Trần Hưng Đạo, Thị trấn Dương Đông, Huyện Phú Quốc, Kiên Giang",20 m,2 phòng,475 tỷ- 8.000 m2,Tây Bắc,"Nhà mặt phố, mặt tiền",8000 m2,"Bán 8000m2 tại trung tâm kinh doanh dịch vụ du lịch sầm uất bật tại đảo ngọc Phú Quốc.

- Địa chỉ: Đường trần Hưng Đạo, thị trấn Dương Đông, Phú Quốc, Kiên Giang.
- Diện tích: 8000m2.
- Pháp lý: Sổ hồng
- Hướng tây.
- Trên đất đang kinh doanh Khách sạn, vị trí nằm tại nơi mà ngành du lịch đón nhiều khách tại Phú Quốc hiện nay…. Ngoài khách sạn vị trí còn có dự án căn hộ khách sạn (condotel).

Chúng tôi rất mong tìm được đối tác nhà đầu tư lớn để trao đổi và xúc tiến, chúng tôi đảm bảo vị trí giá hợp lý và khả năng sinh lời là rất cao, dự kiến sinh lời không dưới 150 tỷ nếu đầu tư đúng tầm theo vị trí và dự án đã cấp phép…..

Giá thị trường khu vực này tầm 60-70 tỷ/1000m2, bán hết 8000m2 cộng với hạ tầng khách sạn đang kinh doanh và dự án cấp phép mà chỉ 475 tỷ là con số đáng để đầu tư, chưa kể dự án condotel sẽ mang lại lợi nhuận dự kiến như đã nêu.

Giá bán hết: 475 tỷ, cam kết giá của chủ không kê nâng giá.

Cảm ơn các Bạn đã xem qua.","59,38 triệu/m2",Nội thất đầy đủ,140 m²,Tây,Chung cư,Mặt tiền,Mặt bằng kinh doanh
10,,"Dư chung cư bán rẻ. chung cư 24 AB , đường D5, BT",2 phòng,F2,Đã có sổ,Căn góc,Đã bàn giao,72,Đất thổ cư,70 m²,10,5,200 m,- 70 m2,"Đường D5, Phường 25, Quận Bình Thạnh, Tp Hồ Chí Minh",20 m,2 phòng,"2,85 tỷ- 70 m2",Đông,"Nhà mặt phố, mặt tiền",8000 m2,"Dự án: chung cư 24 AB
Thông tin chi tiết: Cần ban chung cu 70m2
2 phòng ngủ,gần trung tâm bình thạnh","40,71 triệu/m²",Nội thất đầy đủ,140 m²,Tây,Chung cư,Mặt tiền,Mặt bằng kinh doanh
10,,Bán đất châu thành dt 650 m giá 650 tr,2 phòng,F2,Đã có sổ,Căn góc,Đã bàn giao,72,Đất thổ cư,70 m²,10,5,20 m,- 650 m2,"22, Thanh Vĩnh Đong, Xã Thanh Vĩnh Đông, Huyện Châu Thành, Long An",30 m,2 phòng,650 triệu- 650 m2,Đông,"Nhà mặt phố, mặt tiền",650 m²,tôi cần bán miếng đất 650 m giá 650 tr châu thành long an .full thổ .ngang 30 x20 .lh biết thêm chi tiết .cảm ơn nhà mình xem tin,1 triệu/m²,Nội thất đầy đủ,140 m²,Tây,Chung cư,Hẻm xe hơi,Mặt bằng kinh doanh
10,,Bán đất hẻm 297 tân hòa đông 4x16 giá 4ty2,2 phòng,F2,Đã có sổ,Căn góc,Đã bàn giao,72,Đất thổ cư,70 m²,10,5,16 m,- 64 m2,"Đường Tân Hòa Đông, Phường Bình Trị Đông, Quận Bình Tân, Tp Hồ Chí Minh",4 m,2 phòng,"4,2 tỷ- 64 m2",Đông,"Nhà mặt phố, mặt tiền",64 m2,"Cần tiền bán gấp lô đất hẻm 297 đường tân hòa đông dt 4x16 .vị trí đẹp ,khu dân trí cao ,an ninh tốt . Hẻm rộng 6m .Sổ hồng giấy tòe đầy đủ . Bao sang tên .Giá bán 4ty2 . Khách hàng thiênk chí mua nhà đất lh chị hằng","65,63 triệu/m2",Nội thất đầy đủ,140 m²,Tây,Chung cư,Hẻm xe hơi,Mặt bằng kinh doanh
10,,Bán nhà đẹp vào ở ngày kiệt quận Thanh Khê,2 phòng,F2,Đã có sổ,Căn góc,Đã bàn giao,72,Đất thổ cư,70 m²,10,2,16 m,- 42 m2,"Đường Nguyễn Phước Nguyên, Phường An Khê, Quận Thanh Khê, Đà Nẵng",4 m,2 phòng,"1,87 tỷ- 42 m2",Đông,"Nhà ngõ, hẻm",42 m²,"Cần bán gấp nhà Mê lửng đúc kiên cố kiệt 137 Nguyễn Phước Nguyên. Nội thất gỗ cao cấp. 
- 2pn, 1toilet,... đầy đủ công năng 
- Dt đất 42m²
- Hướng đông nam.
- gần chợ an ninh cao . Gần chợ gần trường học Bế Văn Đàn. 
Giá 1ty870 tlcc 
Lh","44,52 triệu/m²",Nội thất đầy đủ,60 m²,Đông Nam,Chung cư,Nở hậu,Mặt bằng kinh doanh
10,,"Nhà mặt phố Xa La,vị trí cực đẹp đường 12m,KD TỐT",4 phòng,F2,Đã có sổ,Căn góc,Đã bàn giao,72,Đất thổ cư,70 m²,10,5,16 m,- 36 m2,"Đường Phùng Hưng, Phường Mộ Lao, Quận Hà Đông, Hà Nội",4 m,4 phòng,"4,3 tỷ- 36 m2",Đông,"Nhà mặt phố, mặt tiền",36 m²,"Bán nhà mặt phố Xa La (35m2*5T) đường 12m, vỉa hè, ô tô vào nhà, KD cực tốt
- Diện tích: 36m2.
- Mặt tiền: 4m.
- Hướng: Đông Nam.
- Đường trước nhà 12m, có vỉa hè, ô tô vào nhà, kinh doanh cực tốt.
- Nhà 5 tầng hiện đại, tiện nghi bao gồm:
+ Tầng 1: Để thông làm gara ô tô hoặc kinh doanh.
+ Tầng 2: Phòng khách + bếp + wc.
+ Tầng 3, 4: Mỗi tầng 2 phòng ngủ + wc.
+ Tầng 5: Phòng thờ, sân phơi.
- Nội thất: Hệ thống bàn ghế, giường, tủ bếp, tủ quần áo âm tường, điều hòa các tầng, bình nước nóng đầy đủ. Gạch chống xước, cửa kính cường lực, ban công sơn tĩnh điện. Thiết bị điện nước, gạch lát đều là hàng ngoại nhập,...
- Vị trí: Nhà nằm vị trí đắc địa - mặt phố Xa La, khu vực kinh doanh sầm uất gần chợ, các nhà hàng quán ăn, các spa làm đẹp, sân bóng, sân tennis, trung tâm thương mại - vui chơi giải trí, vị trí giao thông thông thuận lợi - đường 12m có vỉa hè, dân cư đông đúc, kinh doanh mặt hàng gì cũng hái ra tiền.
+ Gần KĐT Xa La, KĐT Thanh Hà, KĐT Văn Quán, thuận lợi di chuyển nhiều tuyến đường lớn ở khu vực cũng như vào trung tâm thành phố: Xa La, Phùng Hưng, Quang Trung, Xa La - Nguyễn Xiển mới...
- Nhà đầy đủ giấy tờ pháp lý, sổ đỏ chính chủ.
- Giá: 4.3 tỷ (có thương lượng và bao phí sang tên).","119,44 triệu/m²",Nội thất đầy đủ,36 m²,Đông Nam,Chung cư,Nở hậu,Mặt bằng kinh doanh
10,,NHÀ TRẦN CAO VÂN DTĐ 58 M2 CÁCH ĐƯỜNG 100 MÉT,2 phòng,F2,Đã có sổ,Căn góc,Đã bàn giao,72,Đất thổ cư,70 m²,10,5,16 m,- 58 m2,"Đường Trần Cao Vân, Phường Xuân Hà, Quận Thanh Khê, Đà Nẵng",4 m,2 phòng,"2,1 triệu- 58 m2",Đông,"Nhà ngõ, hẻm",58 m²,"CẦN BÁN NHÀ XINH GẦN ĐƯỜNG CHO VỢ CHỒNG TRẺ 
📌Thông tin : 
✅ Bán siêu phẩm nhà đẹp full nội thất đường Trần Cao Vân, vị trí nằm ngay trung tâm Thành Phố
✅ Dt 58 m2, dtsd 90 m2
 Kiệt 3m, cách đường chính 100 m
✅ Nhà xây kiêng cố đầy đủ công năng sử dụng gồm : 
 ✅2 phòng ngủ ( có phòng ngủ dưới ), đi kèm theo là 2 wc
 ✅P khách , p thờ , bếp đc bố trí không gian rộng, rất tiện cho việc sinh hoạt trong gia đình
✅ Nhà có sân để xe rộng, có không gian để bố trí sân vườn theo ý thích
📌 Giá : 2.1 tỷ ( bớt lộc may mắn cho người mua ) 
☎️ Liên hệ xem nhà rõ hơn và gặp trực tiếp chủ nhà để mua không qua trung gian .",36.206 đ/m²,Nội thất cao cấp,90 m²,Đông,Chung cư,Nở hậu,Mặt bằng kinh doanh
10,,Bán đất nông nghiệp Phước kiển,2 phòng,F2,Đã có sổ,Căn góc,Đã bàn giao,72,Đất nông nghiệp,70 m²,10,5,200 m,- 5.700 m2,"Đường Nguyễn Hữu Thọ, Xã Phước Kiển, Huyện Nhà Bè, Tp Hồ Chí Minh",35 m,2 phòng,4 triệu- 5.700 m2,Đông,"Nhà ngõ, hẻm",5700 m2,"Gia đình cần bán lo đất ruộng và đất CLN do ông bà để lại, thuộc xã Phước kiển , nằm trục đường Nguyễn Hữu Thọ, phía sau lưng khu biệt thự lavila , đối diện khu ẩm thực bình xuyên. đường xe tải tới đất,xung quanh là nhà vừờng và ao cá, anh chị có nhu cầu mua alo em nhé, cảm on đã xem tin.",701 đ/m2,Nội thất cao cấp,90 m²,Đông,Chung cư,Nở hậu,Mặt bằng kinh doanh
10,,"Bán căn hộ lầu 2 , lô b chung cư gò dầu 2",2 phòng,F2,Đã có sổ,Căn góc,Đã bàn giao,72,Đất nông nghiệp,40 m²,2,5,200 m,- 40 m2,"Chung Cư Gò Dầu 2, Phường Tân Sơn Nhì, Quận Tân Phú, Tp Hồ Chí Minh",35 m,1 phòng,"1,5 tỷ- 40 m2",Đông,"Nhà ngõ, hẻm",5700 m2,"Cho Thuê hoặc bán gấp căn hộ lầu 2, lô b chung cư Gò dầu 2, vị trí khu trung tâm quận, ngay ngã tư Tân Sơn Nhì_ Truong Vĩnh ký.nhà mới sửa nên rất sach và đẹp.Để lại toàn bộ nội thất. 
Sổ hồng vĩnh viễn","37,5 triệu/m²",Nội thất đầy đủ,90 m²,Đông Bắc,Chung cư,Nở hậu,Mặt bằng kinh doanh
10,,"60m2 SHR vào ở ngay full nội thất 2PN ,2WC",2 phòng,F2,Đã có sổ,Căn góc,Đã bàn giao,72,Đất nông nghiệp,40 m²,2,1,16 m,- 60 m2,"Đường Phan Văn Hớn, Xã Xuân Thới Thượng, Huyện Hóc Môn, Tp Hồ Chí Minh",4 m,2 phòng,410 triệu- 60 m2,Đông,"Nhà mặt phố, mặt tiền",60 m²,"Tôi Tuấn chủ nhà cần sang căn 60m2 ngay MT Phan Văn Hớn , đường trước nhà 20m , vĩa hè 3m .
Giá 410 triệu giá trọn gói 100%, 1 trệt 1 lầu thiết kế đẹp thoáng mát 2PN , 2WC , phòng khách , bếp …
Đất ở đây cao ráo khỏi lo ngập nước , hàng xóm thân thiện, an ninh ,điện âm nước máy đã vào , 
Tôi nói thật nhà rất đẹp bán rất tiếc , nhưng do xoay vốn làm ăn nên bán gấp trong tuần .
Nhà chính chủ , miễn môi giới , giò giá mất thời gian đôi bên .
LH : gặp Tuấn Chủ nhà .","6,83 triệu/m²",Nội thất cao cấp,60 m²,Đông Nam,Chung cư,Nở hậu,Mặt bằng kinh doanh
10,,Nhà Mặt Tiền Kinh Doanh 1-1A Tân Vĩnh 6m x 15.2m,3 phòng,F2,Đã có sổ,Căn góc,Đã bàn giao,72,Đất nông nghiệp,40 m²,2,1,15.5 m,- 93 m2,"1 - 1A, Đường Tân Vĩnh, Phường 6, Quận 4, Tp Hồ Chí Minh",6 m,3 phòng,"16,6 tỷ- 93 m2",Đông,"Nhà mặt phố, mặt tiền",93 m²,"Bán Nhà Mặt Tiền 1- 1A Tân Vĩnh, P.6, Q.4
(Sản phẩm hiếm, Khu Vip Q.4 cách Quận 1 cây cầu Calmette).
DT: 6m x 15.2m CN 93m2 Vuông vức
Nhà C4 Tiện Xây mới! (GPXD Hầm, 5 Tầng) 
Giá 16.6 Tỷ thương lương
Hiện đang cho thuê nhà C4 Là 20 triệu/Tháng.
Liên hệ lấy sổ hồng xem nhà!","178,49 triệu/m²",Nội thất cao cấp,100 m²,Đông Nam,Chung cư,Nở hậu,Mặt bằng kinh doanh
10,,Đất mặt tiền gần bến xe phía Nam -phường An Đông,3 phòng,F2,Đã có sổ,Căn góc,Đã bàn giao,72,Đất thổ cư,40 m²,2,1,15.5 m,- 118 m2,"Đường Trần Thanh Mại, Phường An Đông, Thành phố Huế, Thừa Thiên Huế",6 m,3 phòng,"2,349 tỷ- 118 m2",Đông,"Nhà mặt phố, mặt tiền",118 m2,"☘☘ĐẤT MẶT TIỀN TRẦN THANH MẠI, PHƯỜNG AN ĐÔNG, TP HUẾ 

💥. Cạnh Bến xe phía Nam, ngay trung tâm, thuận lợi kinh doanh, buôn bán 
💥Diện tích 117m2 
💥Đường rộng thoáng, lưu thông thuận lợi 
💥Gi.á 2,35 t.ỷ - thương lượng chính chủ 

☎️Liên hệ: HẰNG để xem đất 
Trân trọng!☘☘","19,91 triệu/m2",Nội thất cao cấp,100 m²,Tây Nam,Chung cư,Mặt tiền,Mặt bằng kinh doanh
10,,"Bán đất tặng nhà đẹp tại Tăng Nhơn Phú B, Q9",3 phòng,F2,Đã có sổ,Căn góc,Đã bàn giao,72,Đất thổ cư,40 m²,2,1,18 m, GIÁ TỐT,"15/23, Đường Số 8, Phường Tăng Nhơn Phú B, Quận 9, Tp Hồ Chí Minh",7 m,3 phòng,"6,999 tỷ GIÁ TỐT- 128 m2",Đông,"Nhà mặt phố, mặt tiền",128 m2,"Chính chủ cần bán đất tặng nhà tại: 

_Vị trí: 15/23 đường 8, Phường Tăng Nhơn Phú B, Quận 9, HCM

_Diện tích đất: 128m2

_Có 1 nhà trệt bao gồm 2PN + 2WC + 1 phòng khách + 1 bếp + garage ô tô. Có thêm 1 lửng làm kho để đồ

_Khu dân cư an ninh tốt, dân trí cao

_Mặt tiền đường trong khu quy hoạch, tiện kinh doanh, buôn bán



Tiện ích:

Giao thông thuận lợi, gần cạnh ngay chợ, trường cao đẳng Công thương, đại học Văn Hóa, cao đẳng kỹ nghệ, Gần ngã tư 4 Bình Thái, trạm y tế quận 9, Đi Vincom, nhà văn hóa thiếu nhi Quận 9 mất 5p. Phù hợp khách mua sinh sống lâu dài, cho thuê đầu tư sinh lời



Sổ đỏ riêng chính chủ, sang tên nhanh chóng

Giá bán: 6,999 tỷ 

Liên hệ trực tiếp: Ms Thư ( chính chủ)","54,68 triệu/m2",Nội thất cao cấp,100 m²,Đông Bắc,Chung cư,Mặt tiền,Mặt bằng kinh doanh
10,,6x25 đất cây lâu năm thành phố bạc liêu.,3 phòng,F2,Đã có sổ,Căn góc,Đã bàn giao,72,Đất nông nghiệp,40 m²,2,1,25 m,- 150 m2,"Lộ Đal, Xã Hiệp Thành, Thành phố Bạc Liêu, Bạc Liêu",6 m,3 phòng,130 triệu- 150 m2,Đông,"Nhà mặt phố, mặt tiền",150 m2,"Cần bán nền đất xóm lẫm, hiệp thành, thành phố bạc liêu, đã lên nền cao ráo, không chủng vào cất nhà ngay, đất trồng cây lâu năm lên thổ cư được, đất không nằm trong quy hoạch. thích hợp cho các bạn trẻ ra riêng, đầu tư sinh lời, 6x25 có 130tr đất thành phố bạc liêu. mấy thánh hứa hẹn tha dùm em. cám ơn đã xem tin.",866.666 đ/m2,Nội thất cao cấp,100 m²,Đông,Chung cư,Mặt tiền,Mặt bằng kinh doanh
10,,"Nhà 4X10m đúc thật (205tr ở ngay),chợ Bà Lát-BC",3 phòng,F2,Đã có sổ,Căn góc,Đã bàn giao,72,Đất nông nghiệp,40 m²,2,1,10 m,- 40 m2,"Đường Tỉnh Lộ 10, Xã Phạm Văn Hai, Huyện Bình Chánh, Tp Hồ Chí Minh",4 m,2 phòng,205 triệu- 40 m2,Đông,"Nhà mặt phố, mặt tiền",40 m²,"----------------CƠ HỘI SỞ HỮU TỔ ẤM TRONG TẰM TAY---------------------
➡️Chỉ 410 Triệu khẳng định GIÁ FULL 100% có thể sở hữu ngay 1 căn nhà 1 trệt 1 lầu 1 lửng 3 phòng ngủ + 2WC + 1 Phòng khách + 1 bếp.
🌸🌸Diện tích :4m x 10m
🥰🥰Nhà xây kiên cố. Đúc thật , tường riêng.
😍😍Địa chỉ: chợ Bà Lát - Tỉnh lộ 10,xã phạm văn hai, Bình chánh
👉👉Pháp lý: sổ hồng riêng - giữ sổ từng căn
👉👉Nhà đã hoàn thiện, chỉ việc dọn vào ở ngay.
Thanh toán trước 50%=205tr nhận nhà còn lại hỗ trợ góp không lãi trong vòng 1-2 năm
🌷🌷🌷Đặt biệt tặng ngay bộ nội thất cho 5 khách mua nhà đầu tiên trị giá 20 triệu đồng. Số lượng có hạn, pháp lý an toàn, sở hữu trọn đời","5,13 triệu/m²",Nội thất đầy đủ,80 m²,Đông,Chung cư,Hẻm xe hơi,Mặt bằng kinh doanh
10,,Nhà 1 trục Thống Nhất P.16 Gò Vấp (3.5*14)CN 51m2,2 phòng,F2,Đã có sổ,Căn góc,Đã bàn giao,72,Đất nông nghiệp,40 m²,2,1,14 m,- 51.2 m2,"Đường Thống Nhất, Phường 16, Quận Gò Vấp, Tp Hồ Chí Minh",3.5 m,2 phòng,"3,6 tỷ- 51.2 m2",Đông,"Nhà ngõ, hẻm",51.2 m²,"MS(156475)
Vị trí: Trung tâm Gò vấp, từ Thống Nhất 1 trục vào đến nhà. Cách Uỷ ban Phường 16 chỉ 100m
Vì cần tiền gấp trước Tết nên giảm 250 triệu từ 3,85 xuống 3,6 tỉ. Hỗ trợ TL tối đa cho khách thiện chí sẵn tiền mặt mua ngay

Nhà xây dựng kiên cố DT 51,2m2 công nhận đủ. nở hậu. 
Kết cấu 1 trệt 1 lầu, sàn gỗ, 2PN,2WC. chừa sẵn khoảng sân phía trước rộng rãi, có trồng nhiều cây cảnh
Hẻm ba gác, ra hẻm xe hơi 200m, ra khu CityLand ParkHill 4 phút.
Thuận tiện di chuyển về Q.Tân Bình, Q.12,...
Sổ hồng riêng sang tên nhanh gọn

Liên hệ xem nhà e Tú (nc)","70,59 triệu/m²",Nội thất đầy đủ,92.4 m²,Đông Nam,Chung cư,Nở hậu,Mặt bằng kinh doanh
10,,350 triệu/ lô đất 500m2 giáp suối tại Gia Lâm,2 phòng,F2,Đã có sổ,Căn góc,Đã bàn giao,72,Đất nông nghiệp,40 m²,2,1,50 m,- 515 m2,"không, Xã Gia Lâm, Huyện Lâm Hà, Lâm Đồng",10 m,2 phòng,350 triệu- 515 m2,Đông,"Nhà ngõ, hẻm",515 m2,"Cần bán 500m2 đất(10m x50m) đất tại Gia Lâm

Đất bằng phẳng, gần suối Cam Ly

Hiện tại là đất nông nghiệp, có thể làm nhà gỗ

Cách dt725 khoảng 1.5km

Sổ riêng từng lô, sang tên nhanh gọn",679.611 đ/m2,Nội thất đầy đủ,92.4 m²,Đông Nam,Chung cư,Mặt tiền,Mặt bằng kinh doanh
10,,"Bán gấp tòa văn phòng 300m, 7 tầng tại Long Biên.",6 phòng,F2,Đã có sổ,Căn góc,Đã bàn giao,72,Đất nông nghiệp,40 m²,2,7,50 m,- 300 m2,"Đường Ngọc Thụy, Phường Ngọc Thụy, Quận Long Biên, Hà Nội",12.5 m,6 phòng,"17,5 tỷ- 300 m2",Đông,"Nhà mặt phố, mặt tiền",300 m²,"Bán gấp tòa văn phòng 300m, 7 tầng tại Long Biên.
+ Diện tích 300m2 x 7 tầng, mặt tiền 12.5m.
+ Nhà thiết kế thông sàn, tiện mở văn phòng công ty, ngăn phòng làm chung cư mini, nhà nghỉ, khách sạn,..
+ Đường ô tô tránh, đi thông khắp ngả.
+ Sổ đỏ chính chủ, pháp lý sạch, không quy hoạch.
+ Giá còn thương lượng là 17.5 tỷ.","58,33 triệu/m²",Nội thất đầy đủ,2100 m²,Đông Nam,Chung cư,Hẻm xe hơi,Mặt bằng kinh doanh
10,,bán nhà nguyễn trãi 32m 5 tầng giá 3 tỷ,4 phòng,F2,Đã có sổ,Căn góc,Đã bàn giao,72,Đất nông nghiệp,40 m²,2,5,50 m,- 32 m2,"Đường Nguyễn Trãi, Phường Khương Đình, Quận Thanh Xuân, Hà Nội",12.5 m,4 phòng,30 triệu- 32 m2,Đông,"Nhà ngõ, hẻm",32 m²,"Mô tả: 
- Nhà xây mới ngay trung tâm quận Thanh Xuân. Gần trung tâm thương mại dịch vụ Royall City. 
- Giao thông đi lại rất dễ dàng thuận tiện. Ngõ rộng xe ba gác vào sát nhà. Trước nhà có sân chung rộng để xe, quay đầu thoải mái.
- Nhà xây mới đẹp. Thiết kế mỗi tầng 1 phòng. 5 Tầng có 3 phòng ngủ.
- Tại đây có 3 căn, căn trong cùng đã bán khi còn đang hoàn thiện. Còn 2 căn bên ngoài ĐC Kính đánh thứ tự là A-B từ ngoài vào trong.
- Sổ đỏ chính chủ nở hậu đẹp.",937.500 đ/m²,Nội thất đầy đủ,32 m²,Đông Nam,Chung cư,Hẻm xe hơi,Mặt bằng kinh doanh
10,,"Bán lô Thanh Lương 11, hướng đông nam",4 phòng,F2,Đã có sổ,Căn góc,Đã bàn giao,72,Đất thổ cư,40 m²,2,5,20 m,- 100 m2,"thanh lương 11, Phường Hòa Xuân, Quận Cẩm Lệ, Đà Nẵng",5 m,4 phòng,"2,9 tỷ- 100 m2",Đông,"Nhà ngõ, hẻm",100 m2,"Cần bán lô đường Thanh lương 11, phường hoà Xuân quận Cẩm lệ
Hướng đông nam, dt 100m2, đường 7m5
Giá 2ty9
ALO triều",29 triệu/m2,Nội thất đầy đủ,32 m²,Đông Nam,Chung cư,Hẻm xe hơi,Mặt bằng kinh doanh
10,,Nhà bán 38 m 2,2 phòng,F2,Đã có sổ,Căn góc,Đã bàn giao,72,Đất thổ cư,40 m²,2,5,11 m,- 38 m2,"Đường Phú Định, Phường 16, Quận 8, Tp Hồ Chí Minh",3.5 m,2 phòng,"2,07 tỷ- 38 m2",Đông,"Nhà ngõ, hẻm",38 m²,"Nhà sổ hồng riêng bao sang tên
Giá còn thương lượng 
Nhà 1 lầu 2 phòng ngủ","54,47 triệu/m²",Nội thất đầy đủ,38 m²,Tây,Chung cư,Hẻm xe hơi,Mặt bằng kinh doanh
10,,Siêu Phẩm! Bán nhà Khương Đình lô góc 40m2 2 tỷ 2.,4 phòng,F2,Đã có sổ,Căn góc,Đã bàn giao,72,Đất thổ cư,40 m²,2,5,11 m,- 40 m2,"Đường Khương Đình, Phường Khương Đình, Quận Thanh Xuân, Hà Nội",3.5 m,1 phòng,"2,2 tỷ- 40 m2",Đông,"Nhà ngõ, hẻm",40 m²,"- Bán nhà Khương Đình, Thanh Xuân lô góc, vị trí đẹp cách mặt đường chỉ vài bước chân, gần nhiều tuyến đường lớn như Nguyễn Trãi, Trường Chinh, Vũ Tông Phan,... thuận tiện cho việc đi lại.
- Gần nhà có chợ, trường học các cấp, TTTM, các trường Đại học lớn,... dân cư sầm uất, kinh doanh siêu đỉnh.
- Nhà chủ tự xây còn mới, chắc chắn, thiết kế hiện đại, khoa học nhiều phòng ngủ, đầy đủ tiện nghi.
- Sổ đỏ vuông vắn, trước sau như một.
- Giá bán: 2 tỷ 2.",55 triệu/m²,Nội thất đầy đủ,38 m²,Tây,Chung cư,Hẻm xe hơi,Mặt bằng kinh doanh
10,,Đất nhánh đường nguyễn đức thuận. Đường 4m5 2 ôtô,4 phòng,F2,Đã có sổ,Căn góc,Đã bàn giao,72,Đất thổ cư,40 m²,2,5,30 m,- 150 m2,"Nhánh nguyễn Đức Thuận, Phường Hiệp Thành, Thành phố Thủ Dầu Một, Bình Dương",5 m,1 phòng,"2,4 triệu- 150 m2",Đông,"Nhà ngõ, hẻm",150 m2,"Đất / Nguyễn Đức Thuận Hiệp Thành 
DT 5x30m = 154m2 thổ cư 146
Đường 4m5 bê tông nhà ơ đông kín 
Giá chỉ 2.4 tỷ 
nhanh tay lh kim phát kim phát.",16.000 đ/m2,Nội thất đầy đủ,38 m²,Tây,Chung cư,Nở hậu,Mặt bằng kinh doanh
10,,Bán cặp đất 256m2 Lê Trọng Tấn,4 phòng,F2,Đã có sổ,Căn góc,Đã bàn giao,72,Đất thổ cư,40 m²,2,5,20 m,- 256 m2,"Đường Lê Trọng Tấn, Phường Hòa An, Quận Cẩm Lệ, Đà Nẵng",13 m,1 phòng,7 tỷ- 256 m2,Đông,"Nhà ngõ, hẻm",256 m2,"Chính chủ cần bán nhanh cặp đất 256m2 . Ngang hơn 12m . Thuận lợi mở kho hoặc làm công ty , nhà máy hoặc xưởng.
Diện tích :256m2
Giá : 7 tỉ ( có tl, bán lô lẻ nếu có nhu cầu )","27,34 triệu/m2",Nội thất đầy đủ,38 m²,Tây,Chung cư,Mặt tiền,Mặt bằng kinh doanh
L53 - 07,,SHOPHOUSE MẶT TIỀN ĐẠI LỘ ÁNH SÁNG - TT BÌNH THỦY,4 phòng,The Ambi,Đã có sổ,Căn góc,Đã bàn giao,72,Đất thổ cư,40 m²,2,4,22 m,- 110 m2,"Đường Đặng Văn Dầy, Phường Bình Thủy, Quận Bình Thủy, Cần Thơ, Phường Bình Thủy, Quận Bình Thuỷ, Cần Thơ",5 m,5 phòng,"6,5 tỷ- 110 m2",Đông,Nhà phố liền kề,110 m²,"SHOPHOUSE MẶT TIỀN ĐẠI LỘ ÁNH SÁNG KẾT HỢP PHỐ ĐI BỘ
Chỉ với 1 tỷ 950 (30%) là sở hữu ngay shophouse Kinh Đô Ánh Sáng Đất Tây Đô giá trị 6,5 tỷ.
Tiến độ thanh toán 25 đợt linh hoạt.
Hoặc hỗ trợ vay ngân hàng 70% giá trị còn lại, miễn gốc lãi 1 năm đầu tiên.
Diện tích đất 5x22m, thiết kế xây dựng 1 trệt 3 lầu. Hoàn thiện bên ngoài cho khách hàng.
Mặt tiền đường Ánh Sáng, lộ nhựa 25m.
Hướng Đông Bắc và Tây Nam.
Pháp lý rõ ràng, sổ hồng hoàn công.
Ưu đãi cực hấp dẫn cho khách hàng đặt mua từ hôm nay.","59,09 triệu/m²",Bàn giao thô,322 m²,Tây Nam,Chung cư,Mặt tiền,Mặt bằng kinh doanh
L53 - 07,,CẮT LỖ DỊP TẾT DƯƠNG LỊCH. CK KHỦNG ĐẤT HÒA QUÝ,4 phòng,The Ambi,Đã có sổ,Căn góc,Đã bàn giao,72,Đất thổ cư,40 m²,2,4,22 m,- 115 m2,"Đường Mai Đăng Chơn, Phường Hoà Quý, Quận Ngũ Hành Sơn, Đà Nẵng",5 m,5 phòng,"1,45 tỷ- 115 m2",Đông,Nhà phố liền kề,115 m2,"Cắt lỗ Bán rẻ Vài lô đất Kiệt ô tô 4 m Bình Kỳ Thuộc KDC Hòa Quý Quận Ngũ hành Sơn


GIÁ BÁN CHỈ 1 TỶ HƠN CHÚT THÔI.

DIỆN TÍCH 81M2 +115m2

Hướng Tây. Đông Nam. BẮC.

Gần chợ gần trường học 1.2.3 bán kính 500m.



PHÙ HỢP NHẤT XÂY NHÀ Ở NGAY. KINH DOANH BUÔN BÁN. ĐẦU TƯ. ĐỂ DÀNH CHO CON CÁI.

HỖ TRỢ VAY BA BÊN NHANH CHÓNG THUẬN TIỆN

LH XEM ĐẤT VÀ NHẬN GIÁ TỐT","12,61 triệu/m2",Bàn giao thô,322 m²,Tây Nam,Chung cư,Mặt tiền,Mặt bằng kinh doanh
L53 - 07,,Tìm chủ mới cho mảnh đất 95m²,4 phòng,The Ambi,Đã có sổ,Căn góc,Đã bàn giao,72,Đất thổ cư,40 m²,2,4,19 m,- 95 m2,"Đường Phan Văn Hớn, Phường Tân Thới Nhất, Quận 12, Tp Hồ Chí Minh",5 m,5 phòng,"1,42 tỷ- 95 m2",Đông,Nhà phố liền kề,95 m2,"Cực đẹp mảnh đất tại TPHCM đã thổ cư 100% và có sổ hồng riêng, mặt tiền đường lớn tiện kinh doanh buôn bán. PVH 300m
Diện tích : 95m2(5*19) 
Giá 1ty420
ANH/CHỊ NÀO THIỆN CHÍ MUA TÔI SẼ THƯƠNG LƯỢNG VÌ CŨNG ĐANG CẦN BÁN LIỀN.","14,95 triệu/m2",Bàn giao thô,322 m²,Tây Nam,Chung cư,Mặt tiền,Mặt bằng kinh doanh
L53 - 07,,Nhà 2 mê hẻm 94 Phù Đổng chính chủ cần bán gấp,3 phòng,The Ambi,Đã có sổ,Căn góc,Đã bàn giao,72,Đất thổ cư,40 m²,2,4,21 m,- 100 m2,"Đường Phù Đổng, Phường Phù Đổng, Thành phố Pleiku, Gia Lai",5 m,2 phòng,"1,85 tỷ- 100 m2",Đông,Nhà phố liền kề,100 m²,"BÁN NHÀ MỚI 100%
Bán nhà trung tâm phường Phù Đổng
Diện tích: 4,5x21. Nở hậu 4,7
Thổ cư: toàn bộ
Hướng: Tây 
Giá: 1 tyxx
Nhà gồm: 1pk, 3pn, 2wc, bếp, phòng thờ, sân oto rộng rãi. 
Nhà 1 mê thiết kế thông minh, hiện đại, lấy ánh sáng tự nhiên. Gỗ tự nhiên, nội thất cao cấp.
Hẻm bê tông oto ra vào thoải mái, xóm làng thân thiện, khu dân cư an ninh, cán bộ công chức ở nhiều
Hỗ trợ ngân hàng 70% giá trị căn nhà
Liên hệ ngay gặp em Thu","18,5 triệu/m²",Nội thất cao cấp,200 m²,Tây,Chung cư,Hẻm xe hơi,Mặt bằng kinh doanh
L53 - 07,,"Bán nhà Trần Văn Quang Tân Bình,dt 23m giá 2,3 tỷ",3 phòng,The Ambi,Đã có sổ,Căn góc,Đã bàn giao,72,Đất thổ cư,40 m²,2,4,8 m,- 23 m2,"Đường Trần Văn Quang, Phường 10, Quận Tân Bình, Tp Hồ Chí Minh",3.15 m,2 phòng,"2,3 tỷ- 23 m2",Đông,"Nhà ngõ, hẻm",23 m²,"HẺM XE TẢI 6M - CÁCH MẶT TIỀN 39M - NHỈNH 100TR/M2 .
Bán nhà Trần Văn Quang, P10, Tân Bình,dt 23m2, 2 tầng, ngang 3.15m, dài 8m, giá chỉ 2.3 tỷ . 
Mô tả: 
+ Nhà mới 1 trệt 1 lầu 2Pn.
 + Vị trí: Ngay Trần Văn Quang giao Âu Cơ, Lạc Long Quân Phường 10 Tân Bình. Nhà cách mặt tiền đúng 39m. 
+ Khu dân trí, bên cạnh có căn biệt thự 200m2, xe hơi chạy lòng vòng, hẻm thông. 
+ Tiện ích: Đầy đủ cách chợ, siêu thị chưa đầy 100m. 
+ Pháp lý: rõ ràng, sổ hoàn công đầy đủ công chứng nhanh trong ngày.
Liên hệ Ms. Thảo chuyên bán nhà Tân Bình.",100 triệu/m²,Nội thất cao cấp,200 m²,Tây,Chung cư,Hẻm xe hơi,Mặt bằng kinh doanh
L53 - 07,,Đât kcn bao sổ hồng 450tr,3 phòng,The Ambi,Đã có sổ,Căn góc,Đã bàn giao,72,Đất thổ cư,40 m²,2,4,20 m,- 100 m2,"Đường Quốc lộ 1A, Xã Hòa Phước, Huyện Hòa Vang, Đà Nẵng",5 m,2 phòng,450 triệu- 100 m2,Đông,"Nhà ngõ, hẻm",100 m2,"Lô đất sát kcn, gần đà nẵng
Đường thông , xe tải chạy
Nhà cửa khang trang, dân ở đông
Kcn sầm uất
Đất ở 
Bao sổ hồng riêng","4,5 triệu/m2",Nội thất cao cấp,200 m²,Đông Nam,Chung cư,Mặt tiền,Mặt bằng kinh doanh
L53 - 07,,Chung cư Quận 7 45m² 1PN vuông vắn thoáng mát,1 phòng,C1,Đang chờ sổ,Căn góc,Đã bàn giao,72,Đất thổ cư,45 m²,11,4,20 m,- 45 m2,"Đường Phạm Hữu Lầu, Phường Phú Mỹ, Quận 7, Tp Hồ Chí Minh",5 m,1 phòng,"1,4 tỷ- 45 m2",Tây Bắc,"Nhà ngõ, hẻm",100 m2,"**Miễn tiếp các trang quảng cáo đăng tin**

Chính chủ cần bán gấp CH Belleza Quận 7, 45m2 - 1PN : giá 1.4 tỷ - Bao ra sổ (anh chị mua giữ lại 100tr, T3/2021 ra sổ sang tên chính chủ)

* Liền kề Phú Mỹ Hưng * Gần trường ĐH RMIT, Tôn Đức Thắng, ĐH Cảnh Sát

👉🏻Phù hợp với gia đình nhỏ lên Sài Gòn lập nghiệp hoặc ba má đầu tư cho con cái nơi ăn ở an ninh, riêng biệt khi con vô đại học ❤️

✔️Nhà mới, giữ gìn cẩn thận
✔️Block C1, thiết kế vuông vắn, lầu cao thoáng mát
✔️Tặng tủ âm tường siêu lớn

Tiện ích kèm theo như: 
+ Siêu thị Coop Food, Family Mart. 
+ Trường mầm non Blue Sky/ Green land
+ Hồ bơi, công viên cát, công viên tập thể dục, phòng tập gym, sân cầu lông, bóng bàn. 
+ Phòng khám đa khoa, nha khoa,... 

* Đặc biệt: 
+ Phí quản lý chỉ: 5.000đ/m2. 
+ Phí gửi xe máy: 30.000đ/tháng. 
+ Phí gửi xe hơi: 500.000đ/tháng.

#căn_hộ_chung_cư_quận_7
#căn_hộ_chung_cư_nhỏ_xinh
#chung_cư_giá_rẻ
#chung_cư_quận_7
#chung_cư_1PN_quận_7","31,11 triệu/m²",Hoàn thiện cơ bản,200 m²,Đông Nam,Chung cư,Mặt tiền,Mặt bằng kinh doanh
L53 - 07,,"Nhà 1 Trệt, 1 Lầu, DT 40m Cách MT 10M Giá 3,5 Tỷ.",2 phòng,C1,Đã có sổ,Căn góc,Đã bàn giao,72,Đất thổ cư,45 m²,11,4,10 m,- 40 m2,"Đường Thống Nhất, Phường 11, Quận Gò Vấp, Tp Hồ Chí Minh",4 m,2 phòng,"3,5 tỷ- 40 m2",Tây Bắc,"Nhà ngõ, hẻm",40 m²,"+ Cần Tiền bán gấp căn nhà đường Thống Nhất, Gò Vấp 1 trệt, 1 lầu, btct dt 40m giá chỉ 3,5 tỷ tl.
+ Nhà cách mt đường xe tải tránh 10m, cách mt đường thống nhất 100m.
+ Hẻm trước nhà hơn 3m sạch sẽ thoáng mát.
+ Tiện ích xung quanh bán kính 500m đầy đủ. Gần trường học, siêu thị lottemart.
+ pháp lý chuẩn công chứng ngay trong ngày.","87,5 triệu/m²",Nội thất đầy đủ,80 m²,Đông Nam,Chung cư,Nở hậu,Mặt bằng kinh doanh
L53 - 07,,Bán Nhà Mặt Tiền Buôn Bán Đường 13A BHHA Bình Tân,2 phòng,C1,Đã có sổ,Căn góc,Đã bàn giao,72,Đất thổ cư,45 m²,11,4,9 m,- 25 m2,"Đường Số 13A, Phường Bình Hưng Hoà A, Quận Bình Tân, Tp Hồ Chí Minh",3 m,2 phòng,"2,49 tỷ- 25 m2",Tây Bắc,"Nhà mặt phố, mặt tiền",25 m²,"Dự án: Ban nha nhanh binh tan
Thông tin chi tiết: Bán Nhà Mặt Tiền số 28 đường 13A phường Bình Hưng Hòa A, Q.Bình Tân 
Vị trí cực đẹp để kinh doanh buôn bán. 
DT: 3 x 8,5 = 25m2 
DT Sàn: 62 m2 
Sổ Hồng Riêng Hoàn Công 
Kết cấu: Gồm 1 trệt 1 lửng 1 lầu, 2 toilet, 2 PN
Giá: 2,490 tỷ. Còn TL, 🌸
Nhà trống xem nhà thoải mái
LH Trung","99,6 triệu/m²",Nội thất đầy đủ,62 m²,Đông Nam,Chung cư,Nở hậu,Mặt bằng kinh doanh
L53 - 07,,NHÀ ĐẸP - NGÕ THÔNG VŨ TÔNG PHAN - Ô TÔ ĐỖ CỔNG,3 phòng,C1,Đã có sổ,Căn góc,Đã bàn giao,72,Đất thổ cư,45 m²,11,4,9 m,- 35 m2,"26, Đường Khương Hạ, Phường Khương Đình, Quận Thanh Xuân, Hà Nội",3 m,4 phòng,"3,4 tỷ- 35 m2",Tây Bắc,"Nhà mặt phố, mặt tiền",35 m²,"NHÀ ĐẸP – THIẾT KẾ HIỆN ĐẠI- NGÕ THÔNG VŨ TÔNG PHAN - Ô TÔ ĐỖ CỔNG - SỔ HOA HẬU.
+ Diện tích 35m2, xây 5 tầng khung cột bê tông cốt thép chắc chắn, thiết kế hợp lý tổng 5 ngủ, thoáng sáng tối ưu hóa công năng sử dụng.
+ Khu vực dân trí cao, an ninh tốt, hàng xóm thân thiện hòa đồng – Một không gian sống vô cùng tuyệt vời giữa lòng Thủ Đô hoa lệ.
+ Nhà trung tâm Quận Thanh Xuân, ô tô đỗ cổng, ngõ trước nhà rộng, lát gạch đỏ chót, ô tô chạy thông Vũ Tông Phan đi Nguyễn Trãi, Ngã Tư Sở, Trường Chinh kết nối đi khắp ngả.
+ Sồ đỏ đẹp, sang tên ngay.
+ Giá chủ bán : 3.4 tỷ ( có thương lượng).
+ Thông số chuẩn, cam kết tư vấn có tâm giúp khách mua được căn nhà ưng ý.
+ Liên hệ : Vũ Lập để biết thêm thông tin.
+ Khách mua được tư vấn, hoàn toàn miễn phí, nhiệt tình đối với khách hàng.
+ Vũ Lập với kho hàng đầy đủ phân khúc trên Hà Nội. Quý khách có nhu cầu tìm mua nhà khu vực xin mời liên hệ để được kết nối với chủ nhà.
* + Ngoài ra còn rất nhiều nhà chủ thiện chí nhờ bán gấp với mọi phân khúc và mọi khu vực luôn sẵn sàng giao dịch, quý khách hàng liên hệ ngay để được biết thêm về các căn nhà đẹp này. 
Đặc biệt luôn luôn sẵn sàng nhận ký gửi mua bán nhà, đất toàn Hà Nội.","97,14 triệu/m²",Nội thất đầy đủ,35 m²,Đông,Chung cư,Nở hậu,Mặt bằng kinh doanh
L53 - 07,,"Góc 2 MT đường 20m KDC Đảo Thịnh Vượng, h.tây bắc",3 phòng,KDC Đảo Thịnh Vượng Tam Đa,Đã có sổ,Căn góc,Đã bàn giao,72,Đất thổ cư,45 m²,11,4,15 m,- 86 m2,"Đường Tam Đa, Phường Trường Thạnh, Quận 9, Tp Hồ Chí Minh",6.7 m,4 phòng,"3,45 tỷ- 86 m2",Tây Bắc,"Nhà mặt phố, mặt tiền",86 m2,"Vị trí: Tam Đa, P.trường Thạnh, Quận 9
- Lô góc 2 MT đường nhựa 20m, hậ tầng đẹp, điện âm nước máy
- Bán kính 1km có đầy đủ tiện ích, cạnh Khu du lịch BCR
- Ngày 31/12 Q.9 trở thành Thành Phố Thủ Đức, đây là cơ hội cho nhà đầu tư
- DT: 86m2, ngang 6.7m, không bị lộ giới, công nhận đủ, thổ cư 100%, xây tự do
- Pháp lý: sổ hồng riêng
- Hướng: tây tứ trạch
- Giá: 3.45 tỷ , bao sang tên
- Ngân hàng hỗ trợ 2 tỷ
- - Cam kết: Thông tin chính xác, đúng giá, khỏi mất thời gian đôi bên xin cảm ơn.","40,12 triệu/m2",Nội thất đầy đủ,35 m²,Tây Bắc,Chung cư,Mặt tiền,Mặt bằng kinh doanh
L53 - 07,,Nhà nát góc 2mặt tiền đường số 38. 4x16m,1 phòng,KDC Đảo Thịnh Vượng Tam Đa,Đã có sổ,Căn góc,Đã bàn giao,72,Đất thổ cư,45 m²,11,4,16 m,- 64 m2,"Đường Số 38, Phường Bình Trị Đông B, Quận Bình Tân, Tp Hồ Chí Minh",4 m,1 phòng,"5,3 tỷ- 64 m2",Tây Bắc,"Nhà mặt phố, mặt tiền",64 m²,"Chủ gửi bán gấp căn nhà nát góc 2 mặt tiền đường số 38.
Vị trí góc 2 mặt tiền thoáng, rất đẹp. Xây dựng được 4 tấm.
Hiện trạng nhà cấp 4.
Kinh doanh buôn bán mở cf rất tốt.
Giá chủ gửi chỉ có 5 tỷ 3 thương lượng chốt nhanh.","82,81 triệu/m²",Nội thất đầy đủ,43.4 m²,Tây,Chung cư,Mặt tiền,Mặt bằng kinh doanh
L53 - 07,,"Bán lô đất 1800m2 tại Đông Thanh, Lâm Hà,",1 phòng,KDC Đảo Thịnh Vượng Tam Đa,Đang chờ sổ,Căn góc,Đã bàn giao,72,Đất thổ cư,45 m²,11,4,65 m,- 1.801 m2,"đường xã, Xã Đông Thanh, Huyện Lâm Hà, Lâm Đồng",24 m,1 phòng,"1,6 tỷ- 1.801 m2",Tây Bắc,"Nhà mặt phố, mặt tiền",1801 m2,"Công ty BĐS Núi Xanh-Lâm Hà mở bán 2 lô đất tại Thanh Trì, Đông Thanh, Lâm Hà,Lâm Đồng.

+ LÔ 1: 24x65m diện tích dự tính: 1801m2 có sẵn 300m2 thổ cư

Giá bán: 1.6 tỷ có 24m mặt tiền

+ LÔ 2: 23x65m diện tích dự tính: 1747m2 hiện tại chưa có thổ cư.

Giá bán: 1.2 tỷ

Mặt đường bê tông 3.5m thông thoáng, view đất thoáng đẹp, đất bằng phẳng view đẹp , cuối đất có suối và có ao, cách đường nhựa 800m

Cách trung tâm TP. Đà Lạt 25km,

- Cách sân bay Liên Khương 22km,

- Cách khu du lịch thác Voi 1,5km.

Thích hợp ở, nghỉ dưỡng,...

- ACE thiện chí chỉ cần cọc 300-500tr sau 2 tháng ra sổ công chứng mới cần thanh toán hết tiền.

(cam kết không nâng giá bất động sản, thương lượng chính chủ).

Mọi chi tiết xin liên hệ: Mr-An",888.395 đ/m2,Nội thất đầy đủ,43.4 m²,Tây,Chung cư,Hẻm xe hơi,Mặt bằng kinh doanh
L53 - 07,,"💥Nhà Mới TC 6*17m,hẻm Tây Sơn,gần Mai Hắc Đế,Hỗ T",2 phòng,KDC Đảo Thịnh Vượng Tam Đa,Đã có sổ,Căn góc,Đã bàn giao,72,Đất thổ cư,45 m²,11,4,65 m,- 102 m2,"tây sơn, Phường Tân Thành, Thành phố Buôn Ma Thuột, Đắk Lắk",24 m,2 phòng,"1,58 tỷ- 102 m2",Tây Bắc,"Nhà ngõ, hẻm",102 m²,"💥Nhà Mới TC 6*17m,hẻm Tây Sơn,gần Mai Hắc Đế,Hỗ Trợ Vay,nhiều lô xung quanh

📞 Liên hệ: A Khoa 

Nhà 2 mặt tiền trước sau.
Nhà vị trí gần chợ mai Hắc Đế,
Thế đất bằng phẳng,dân cư đông đúc
Đất Gần chợ Mai Hắc Đế, Siêu thị Vinmast, BÁCH HÓA XANH
Gần các trường Mẫu giáo, cấp 1,2,3 đại học, cao đẵng... bán kính 1 km
Đường thông thoáng,đi ra Trung tâm Thành Phố, .
Đường rộng rãi xe oto di chuyển tốt
👉Nhà bao gồm,1 phóng khách,2 phòng ngủ,bếp,2 wc,phòng Thờ,sân bán tải
Đặc biệt:
*Thích hợp để ở,định cư lâu dài.
🏠Diện tích : 6*17m
🏠Hướng :Nam
🏠Pháp lý : thổ cư 40m2
🏠Giá : 1 tỷ 580tr
💥
🏡Nhà TC 100% Đông,5*22m,giá 1 tỷ 550tr,hẻm 40 vạn xuân
🌳Lô TC 5*26m,Đông,giá 1 tỷ 100tr,hẻm 115 Vạn Xuân
xuân
🌳Lô TC 5*50m,Tây,giá 1 tỷ 200tr,hẻm 165 Vạn Xuân,thông vành đai
🌳Lô TC 5*26m,Đông Nam,giá 920tr,hẻm Phùng Hưng gần chợ Đê
🌳Lô TC 5*20m,Đông Nam,giá 1 tỷ 450tr,Phùng Hưng gần chợ Đê
🌳Lô C4 TC 7*26 1 tỷ 450tr phùng hưng ngay vạn xuân.gía 1 ty 450tr
🌳Lô B5 TC 5*24m,Nam giá 920tr ,Thành Đồng Vạn Xuân
🌳Lô B9 TC 5*24m,Nam giá 1 tỷ 070tr ,Thành Đồng Vạn Xuân
🌳Lô TC C2 5*27m,Tây,giá 1 tỷ 350tr,QH đg còn dài 5*22m,mặt tiền Phùng Hưng,Thành Đồng Vạn Xuân
🌳Lô TC 2 mặt tiền C4 7*26m,Tây,giá 1 tỷ 450tr,mặt tiền Phùng Hưng,Thành Đồng Vạn Xuân
🌳Lô góc 2 mặt tiền 5*22m,Đông, giá 1tỷ 200trThành Đồng Vạn Xuân
🌳Lô TC 40m2 Tây, 5*50m,,giá 1 tỷ 200,,hẻm 167 Vạn Xuân thông vành đ","15,49 triệu/m²",Nội thất đầy đủ,43.4 m²,Đông,Chung cư,Hẻm xe hơi,Mặt bằng kinh doanh
L53 - 07,,BÁN NHÀ 2 LẦU CAO CẤP - HẺM 66 ĐƯỜNG NG VĂN CỪ,4 phòng,KDC Đảo Thịnh Vượng Tam Đa,Đã có sổ,Căn góc,Đã bàn giao,72,Đất thổ cư,45 m²,11,2,20.8 m,- 85 m2,"Đường Nguyễn Văn Cừ, Phường An Hòa, Quận Ninh Kiều, Cần Thơ",4.4 m,5 phòng,"4,7 tỷ- 85 m2",Tây Bắc,"Nhà ngõ, hẻm",85 m²,"Nhà 2 lầu đúc - Vị trí & Nhà tuyệt đẹp. 
- Nhà nằm ngay đầu hẻm 66A - Nguyễn Văn Cừ.

- Hẻm 66A, nằm kế Đèn Đỏ Nguyễn Văn Cừ và Trần Việt Châu - vào hẻm thì tới nhà liền.
- Diện tích: 4,4 x 20,8 = 85m2, nhà 2 lầu đúc kiên cố = 223m2, thổ cư, giấy hồng đã hoàn công, H. Tây Nam.
- Nhà có: Sân đậu xe hơi, 2 phòng khách, 4 phòng ngủ, 5 WC, phòng sinh hoạt chung, nhà bếp, sân phơi, ban công, giếng Trời.
- Nhà vị trí đẹp, nhà rất lợi mở: VP, CT, phòng mạch, hoặc KD mua bán,...
- Giá: 4 tỉ 700 triệu
🎁 Khuyến mãi toàn bộ nội mới 100% hiện có trong nhà: Dàn rèn cửa, 3 máy lạnh, 2 bộ sofa, 3 tủ quần áo, bếp gỗ treo, bàn ăn, 4 giường ngủ, 3 tủ quần áo, tủ lạnh, máy giặt,...)","55,29 triệu/m²",Nội thất đầy đủ,223 m²,Tây Nam,Chung cư,Hẻm xe hơi,Mặt bằng kinh doanh
L53 - 07,,Nhà cấp 4. Đẹp gần bv nhi Đức Tâm. Trung tâm GTVL,2 phòng,KDC Đảo Thịnh Vượng Tam Đa,Đã có sổ,Căn góc,Đã bàn giao,72,Đất thổ cư,45 m²,11,2,23 m,- 138 m2,"24, Đường 10/3, Phường Tân Lợi, Thành phố Buôn Ma Thuột, Đắk Lắk",6 m,2 phòng,680 triệu- 138 m2,Tây Bắc,"Nhà ngõ, hẻm",138 m²,"+ Nhà cấp 4. 
+ 2 phòng ngủ, phòng bếp, phòng khách,2 phòng vệ sinh,hiên sân ô tô rộng 5 m 
gần trường Đại học BMT. gần bv nhi Đức Tâm. trung tâm giới thiệu việc làm.","4,93 triệu/m²",Nội thất đầy đủ,115 m²,Tây Bắc,Chung cư,Hẻm xe hơi,Mặt bằng kinh doanh
L53 - 07,,"Nhà Lê Thị Trung (An Phú , Thuận An )",2 phòng,KDC Đảo Thịnh Vượng Tam Đa,Đã có sổ,Căn góc,Đã bàn giao,72,Đất thổ cư,45 m²,11,2,16 m,- 63 m2,"Đường Lê Thị Trung, Phường An Phú, Thị xã Thuận An, Bình Dương",4 m,2 phòng,"2,35 tỷ- 63 m2",Tây Bắc,"Nhà mặt phố, mặt tiền",63 m²,"Chủ gởi bán Nhà lầu trệt sổ hồng riêng 1 sẹc Lê Thị Trung 100m , đối diện trường cấp 3 đường xe contener (hướng Đông Bắc)
Diện tích :62m thổ cư 100% 
Giá :2t350","37,3 triệu/m²",Nội thất đầy đủ,120 m²,Tây Bắc,Chung cư,Hẻm xe hơi,Mặt bằng kinh doanh
L53 - 07,,"Nhà Nguyễn Đổng Chi 42 m2, 5 tầng, Giá 4.1 tỷ",5 phòng,KDC Đảo Thịnh Vượng Tam Đa,Đã có sổ,Căn góc,Đã bàn giao,72,Đất thổ cư,45 m²,11,5,16 m,- 42 m2,"Đường Nguyễn Đổng Chi, Phường Cầu Diễn, Quận Nam Từ Liêm, Hà Nội",4 m,5 phòng,"4,1 tỷ- 42 m2",Tây Bắc,"Nhà ngõ, hẻm",42 m²,"Cần bán gấp nhà Nguyễn Đổng Chi, diện tích 42 m2, MT 6m, 5 tầng. Được hưởng tiện ích số 1 về khu vực an sinh dân trí, gần các trường nổi tiếng liên cấp LÊN QUÝ ĐÔN, ĐOÀN THỊ ĐIỂM, NEWTON, CẦU DIỄN. đi bộ 1 phút ra đến chợ, bãi gửi xe cách 100m, hàng xóm VINHOME GARDENIA. gần các các trường ĐH Sư Phạm, Quốc Gia, Ngoại Ngữ, Tài Nguyên Môi Trường, Thương Mại, Công Nghiệp HN. Viện 198. THông các đường lớn Hàm Nghi, Hồ Tùng Mậu, Nguyễn Cơ Thạch.
Mô Tả:
+ Nhà thiết kế hiện đại, hợp lý, chủ xây tỉ mỉ, tâm huyết, công năng tối đa cho gia đình.
+ Tầng 1 phòng khách, nhà bếp, WC.
+ Tầng 2 gác lửng
+ Tầng 3, 4 mỗi tầng 2 phòng ngủ, 1WC.
+ Tầng 5 phòng thờ và sân phơi.
+ Giá không thể tốt hơn 4.1 tỷ.
+ Liên hệ: Cảnh thổ cư để được tư vấn và xem nhà miễn phí, thân thiện, nhiệt tình, chân thành, luôn mong tìm được cho khách những căn nhà ưng ý..
+ Không tiếp môi giới.","97,62 triệu/m²",Nội thất cao cấp,42 m²,Tây Bắc,Chung cư,Hẻm xe hơi,Mặt bằng kinh doanh
L53 - 07,,"Bán nhà Ô tô tránh 5 tầng ở Trung Kính, Vị trí đẹp",4 phòng,KDC Đảo Thịnh Vượng Tam Đa,Đã có sổ,Căn góc,Đã bàn giao,72,Đất thổ cư,45 m²,11,5,16 m,- 60 m2,"Đường Trung Kính, Phường Trung Hoà, Quận Cầu Giấy, Hà Nội",4 m,4 phòng,12 tỷ- 60 m2,Tây Bắc,Nhà phố liền kề,60 m²,"Nhà phân lô mặt ngõ ô tô, cách phố Trung Kính 10m, ngõ ô tô vào nhà, khu vực trung tâm Cầu Giấy, tiện ích ngập tràn.
+ Phù hợp để ở - làm văn phòng - mua cho thuê.
+ Nhà mới đẹp về ở ngay, nội thất châu âu
+ Sổ Đỏ chính chủ cất két.
Mô tả:
- Tầng 1: Gara ô tô + phòng bếp + 1 WC 
- Tầng 2: 1 phòng khách rộng + 1 WC.
- Tầng 3: 2 phòng ngủ + 1 WC
- Tầng 4: 2 phòng ngủ + 1 WC
- Tầng 5: Phòng thờ + sân phơi + tiểu cảnh
Giá chỉ 12 tỷ Có thương lượng
Sổ đỏ chính chủ vuông vắn, sẵn sàng giao dịch.
Chi tiết vui lòng liên hệ (EM Cương) để xem nhà miễn phí",200 triệu/m²,Nội thất cao cấp,42 m²,Tây Bắc,Chung cư,Hẻm xe hơi,Mặt bằng kinh doanh
L53 - 07,,BÁN CH SUNVIEW TOWN CAM KẾT KO ĐÂU ĐÚNG GIÁ HƠN.,2 phòng,KDC Đảo Thịnh Vượng Tam Đa,Đã có sổ,Căn góc,Đã bàn giao,72,Đất thổ cư,58 m²,11,5,16 m,- 58 m2,"Số 8, Số 8 Đường Gò Dưa, Phường Hiệp Bình Phước, Quận Thủ Đức, Tp Hồ Chí Minh",4 m,2 phòng,"1,6 tỷ- 58 m2",Tây Bắc,Nhà phố liền kề,60 m²,"Thông tin chi tiết.
Giá bán nhanh: 1.6 tỷ, thương lượng mạnh. Giá này đã bao gồm toàn bộ chi phí chuyển nhượng và ra sổ sang tên.
- Căn hộ 58m2, căn góc 2PN, 2WC.
- Chính chủ để lại toàn bộ nội thất trong nhà nếu bạn có nhu cầu: Máy lạnh, sofa, tivi, tủ lạnh, máy giặt, giường + nệm, tủ âm tường, bàn ăn, máy nước nóng,...
- Tầng trung, view thoáng mát.
- Đã có sổ.

* Tiện ích: Với tiện ích nội khu, nổi bật như:
- Trung tâm thương mại.
- Nhà trẻ.
- Hồ bơi, gym, spa sang trọng.
- Công viên, khu vui chơi thể thao...
- Và nhiều tiện ích khác.
Với đầy đủ tiện nghi trong khuôn viên nội khu, cư dân sẽ được tận hưởng những dịch vụ với chất lượng tốt nhất mà không cần phải di chuyển đâu xa.

Ngân hàng hỗ trợ vay mua nhà.
Các ngân hàng cho vay nhanh nhất tại Sunview Town: Techcombank, BIDV cho vay với lãi suất 4.7%.

Mình mong sẽ tiếp đón các vị khách thiện chí.
Bạn muốn đến xem nhà và giấy tờ thực tế hãy gọi mình nhé","27,59 triệu/m²",Nội thất cao cấp,42 m²,Tây Bắc,Chung cư,Hẻm xe hơi,Mặt bằng kinh doanh
L53 - 07,,NHÀ ĐẸP Q. CẦU GIẤY 7 TẦNG THANG MÁY - GARA OTO,5 phòng,Lô Góc Cao Đẹp Vip Nhất Khu Vực,Đã có sổ,Căn góc,Đã bàn giao,72,Đất thổ cư,58 m²,11,7,16 m,- 54 m2,"Đường Phùng Chí Kiên, Phường Nghĩa Đô, Quận Cầu Giấy, Hà Nội",4 m,6 phòng,12 tỷ- 54 m2,Tây Bắc,"Nhà mặt phố, mặt tiền",54 m²,"Dự án: Phùng Chí Kiên
Thông tin chi tiết: 🕌SIÊU PHẨM PHỐ PHÙNG CHÍ KIÊN - Q. CẦU GIẤY - 54m2 x 7 TẦNG THANG MÁY - GARA OTO - LÔ GÓC 3 THOÁNG - CAO ĐẸP KHU VỰC - KINH DOANH VĂN PHÒNG ĐỈNH💥💥💥💥💥

🍁Thiết Kế:
+ Tầng 1: Thông sàn để Gara ô tô.
+ Tầng 2: Thông sàn + WC.
+ Tầng 3,4: mỗi tầng 2 Phòng ngủ + WC.
+ Tầng 5: Bếp + phòng ăn.
+ Tầng 6: Phòng Thờ + Bàn Cafe.
+ Tầng 7: Sân Phơi to

🍁Trước nhà có sân cực rộng, để 100 cái ô tô vẫn vừa. Đẳng cấp khu vực phân lô phố Phùng Chí Kiên. Toàn dân trí thức cao, nhiều văn phòng, công ty bậc nhất khu vực Cầu Giấy.

💸Giá Bán: 12 Tỷ (có thương lượng)

☎️ Liên Hệ:","222,22 triệu/m²",Nội thất cao cấp,54 m²,Tây Bắc,Chung cư,Nở hậu,Mặt bằng kinh doanh
L53 - 07,,Đất Đất nền Suối Tân Cam Lâm Khánh Hòa,5 phòng,Lô Góc Cao Đẹp Vip Nhất Khu Vực,Đã có sổ,Căn góc,Đã bàn giao,72,Đất thổ cư,58 m²,11,7,16 m,- 76 m2,"QL1A, Xã Suối Tân, Huyện Cam Lâm, Khánh Hòa",5 m,6 phòng,460 triệu- 76 m2,Tây Bắc,"Nhà mặt phố, mặt tiền",76 m2,"Dự án mới: Đất nền Suối Tân Cam Lâm Khánh Hòa
Thông tin chi tiết: ⚡ĐẦU TƯ LÔ ĐẤT NỀN KCN LỚN NHẤT TỈNH KHÁNH HOÀ GIÁ 4️⃣8️⃣9️⃣tr
Diện tích từ 76.7 m2 - 103m2 
Giá từ: 460tr - 650tr 

✅Sổ đỏ thổ cư 100% => Pháp lý minh bạch
✅Ngân hàng hỗ trợ đến 50% 
✅Cạnh KCN Suối Dầu, KCN trọng điểm của tỉnh => Nhu cầu ở và tiềm năng tăng giá cao
✅Được quy hoạch đất ở đô thị, cùng với cơ sở hạ tầng đồng bộ => Cơ hội bứt phá về hạ tầng
✅Cạnh khu du lịch Suối Nguồn và Hòn Bà => Tiềm năng phát triển về dịch vụ du lịch
✅Tiện ích vượt trội: đối diện Công Viên Quảng Trường và Khu hành chính Đô thị mới => Thích hợp an cư lạc nghiệp, đầu tư
👉👉Liên hệ xem đất. Hotline 098 9999 704","6,05 triệu/m2",Nội thất cao cấp,54 m²,Tây Bắc,Chung cư,Nở hậu,Mặt bằng kinh doanh
L53 - 07,,Đất ĐÂT THỔ TRỤC CHÍNH HOÀNG HẢO KẾ QL 57 125m²,5 phòng,Lô Góc Cao Đẹp Vip Nhất Khu Vực,Đã có sổ,Căn góc,Đã bàn giao,72,Đất thổ cư,58 m²,11,7,25 m,- 125 m2,"Đường Quốc Lộ 57, Xã Thanh Đức, Huyện Long Hồ, Vĩnh Long",5 m,6 phòng,"1,05 tỷ- 125 m2",Tây Bắc,"Nhà mặt phố, mặt tiền",125 m2,"Dự án: ĐÂT THỔ TRỤC CHÍNH HOÀNG HẢO KẾ QL 57
Thông tin chi tiết: 🌱🌱 BÁN NỀN THỔ CƯ MẶT TIỀN TRỤC 9, KHU DÂN CƯ HOÀNG HẢO, TPVL

- Diện tích: 
 Nền 1,2: 77m2 ( 5x 15,4 )=> 💰💰 820 triệu 
 Nền 3: 125m2 ( 5x 25 ) => 💰💰 1 tỷ 050 triệu
- Loại đất: Thổ cư 100%
- Hướng Bắc và Nam.
- Đường nhựa ô tô quay đầu.
📍 Vị trí: Khu Hoàng hảo, trục 9 đường số 1. Cách quốc lộ 57 khoảng 50m tới nền.
- Khu dân cư đông, vị trí thuận tiện mua bán thêm tại nhà.
- Cơ sở hạ tầng hoàn chỉnh.
- Giáp phường, sắp lên phường giá trị tăng nhanh.
👍 Cảm ơn quí khách đã xem tin ❤️","8,4 triệu/m2",Nội thất cao cấp,54 m²,Bắc,Chung cư,Mặt tiền,Mặt bằng kinh doanh
L53 - 07,,Đất củ chi 514m2,5 phòng,Lô Góc Cao Đẹp Vip Nhất Khu Vực,Đã có sổ,Căn góc,Đã bàn giao,72,Đất thổ cư,58 m²,11,7,25 m,- 514 m2,"Đường Tỉnh Lộ 2, Xã Trung Lập Hạ, Huyện Củ Chi, Tp Hồ Chí Minh",5 m,6 phòng,699 triệu- 514 m2,Tây Bắc,"Nhà mặt phố, mặt tiền",514 m2,"Không ai trông coi cần bán miếng vườn đang trồng mít sắp cho trái
Đường đá 12m
Sổ sẳn sang tên ngay","1,36 triệu/m2",Nội thất cao cấp,54 m²,Bắc,Chung cư,Mặt tiền,Mặt bằng kinh doanh
L53 - 07,,Ban dat vuon .,5 phòng,Lô Góc Cao Đẹp Vip Nhất Khu Vực,Đã có sổ,Căn góc,Đã bàn giao,72,Đất nông nghiệp,58 m²,11,7,56 m,- 1.200 m2,"Nguyen Trai Noi Dai, Phường 3, Thành phố Cao Lãnh, Đồng Tháp",22 m,6 phòng,"1,2 tỷ- 1.200 m2",Tây Bắc,"Nhà mặt phố, mặt tiền",1200 m2,"can ban dat vuon xoai dang cho trai , vi tri cach UBND P3 moi 50m .",1 triệu/m2,Nội thất cao cấp,54 m²,Bắc,Chung cư,Mặt tiền,Mặt bằng kinh doanh
L53 - 07,,Bán 86m đất Phúc Lợi giá chỉ 27 triệu/m giá rẻ nhấ,5 phòng,Phúc Lợi,Đã có sổ,Căn góc,Đã bàn giao,72,Đất thổ cư,58 m²,11,7,20 m,- 86 m2,"Đường Phúc Lợi, Phường Phúc Lợi, Quận Long Biên, Hà Nội",4.5 m,6 phòng,"2,4 tỷ- 86 m2",Tây Bắc,"Nhà mặt phố, mặt tiền",86 m2,"MÔ TẢ: 
+ Sắp tới rất nhiều dự án trường học, cầu Giang Biên, chung cư sẽ được mọc lên rất có lợi với người mua đầu tư cũng như người mua về ở, chủ nhà đang rất cần tiền nên bán với giá rất hợp lý cho người mua.
+ Đất gay cạnh sân chơi và nhà văn hóa. Cách trường tiểu học và THCS Phúc Lợi khoảng 200m. Gần trường mầm non. 
+ Gần toà chung cư Ruby city, Cohome Phúc Lợi. Tiện ích đầy đủ, vài bước chân ra chợ và siêu thị. 
+ Cách Vincom Long Biên và khu Vinhome Riverside khoảng 1 km.
+ Pháp lý rõ ràng minh bạch không tranh chấp.
+ Sổ đỏ chính chủ - Sẵn sàng sang tên.
Liên hệ Mr.Tài để xem đất miễn phí.","27,91 triệu/m2",Nội thất cao cấp,54 m²,Đông Nam,Chung cư,Mặt tiền,Mặt bằng kinh doanh
L53 - 07,,Chung cư Quận 12 - Prosper Plaza - 54m² 2PN,2 phòng,Block A,Đang chờ sổ,Căn góc,Đã bàn giao,72,Đất thổ cư,54 m²,11,7,20 m,- 54 m2,"Đường Phan Văn Hớn, Phường Tân Thới Nhất, Quận 12, Tp Hồ Chí Minh",4.5 m,2 phòng,"1,95 tỷ- 54 m2",Tây Nam,"Nhà mặt phố, mặt tiền",86 m2,"Mình chuyển công tác cần bán căn hộ 54m2, chung cư Prosper Plaza. Nhà ở chính chủ, mới bàn giao 1 năm, còn rất mới và vì mua để ở nên mình giữ nhà rất kĩ ạ. 

Tên chung cư: Prosper Plaza, Phan Văn Hớn, q12. 
Hướng tây tứ trạch, cửa đông bắc, ban công tây nam
2 phòng ngủ, 2wc
Diện tích : 54m2, 1 trong những căn đẹp dự án, view thành phố, đón gió, đón sáng. Ban ngày nhà sáng trưng, ban đêm chill hết nấc nha mọi người :)))). Gió lồng lộng không cần máy lạnh ạ. 

Giá bán: 1.950ty có thương lượng cho người thiện chí
Nhà em đang chờ sổ hồng, dự án đã phát sổ đợt 1. Em để lại 1 số nội thất như: sàn gỗ, cửa sắt bảo vệ, khoá vân tay, giàn phơi thông minh, bàn trang điểm, vòi tưới nước đa năng và bộ bàn cf để chill khi đêm về ngoài ban công ạ. Tất cả đều mua mới, xài dưới 1 năm nha. Vì em mua ở nên đều lựa đồ kĩ ạ. 

Mọi người muốn xem nhà lúc nào cũng được, alo em trước 30p là oki nha ^^","36,11 triệu/m²",Nội thất cao cấp,54 m²,Đông Bắc,Chung cư,Mặt tiền,Mặt bằng kinh doanh
L53 - 07,,"Nhà trệt lầu mới đẹp Ninh Kiều, Cần Thơ",2 phòng,Block A,Đang chờ sổ,Căn góc,Đã bàn giao,72,Đất thổ cư,54 m²,11,7,20 m,- 41 m2,"Đường Lê Anh Xuân, Phường An Hòa, Quận Ninh Kiều, Cần Thơ",4.5 m,2 phòng,"2,1 tỷ- 41 m2",Tây Nam,"Nhà ngõ, hẻm",41 m²,"🍀🍀NHÀ BÁN TRỆT LẦU MỚI ĐẸP - HẺM 2 LÊ ANH XUÂN - P. AN HÒA - Q. NINH KIỀU
• Diện tích : 5m x 8,2m . DTSD 81,6m2
• Pháp lý : Thổ cư hoàn công 
• Hướng : Tây Bắc 
• Lộ giới : 3m. Xe tải nhỏ tới nhà 
✅ Vị trí : Hẻm 2 đường Lê Anh Xuân chạy thẳng 250m tới nhà, hoặc đi hẻm 359 Nguyễn Văn Cừ chạy cuối hẻm quẹo trái tới nhà !!!!
✅Nhà gồm : Phòng khách , 2 Phòng ngủ , 2 Toilet , Bếp , ban công thoáng mát 
✅Tặng Toàn Bộ Nội Thất Có Sẵn Trong Nhà 
- Giá : 2 Tỷ 100 triệu","51,22 triệu/m²",Nội thất cao cấp,82 m²,Đông Bắc,Chung cư,Mặt tiền,Mặt bằng kinh doanh
L53 - 07,,MỞ BÁN CHUNG CƯ MINI TÂN MAI - NHẬN NHÀ Ở NGAY,1 phòng,Block A,Đã có sổ,Căn góc,Chưa bàn giao,72,Đất thổ cư,41 m²,11,7,20 m,- 41 m2,"Đường Tân Mai, Phường Tân Mai, Quận Hoàng Mai, Hà Nội",4.5 m,1 phòng,580 triệu- 41 m2,Tây Nam,"Nhà ngõ, hẻm",41 m²,"Dự án: CHUNG CƯ MINI TÂN MAI.
 Thông tin chi tiết: CHỦ ĐẦU TƯ BÁN CHUNG CƯ MNINI TÂN MAI- GIÁP BÁT- NHẬN NHÀ Ở NGAY.

Ô TÔ ĐỖ CỬA- FULL NỘI THẤT

GẦN NGAY TIỂU HỌC TÂN MAI- GẦN GIÁP BÁT

GẦN HỒ ĐỀN LỪ

Tất cả Căn hộ đều là mới xây đã đi vào hoạt động và ở được!

🌺 Diện tích căn hộ có thiết kế từ 32 - 33 - 34 - 42 - 44 - 49 - 50m2

☘️ Giá Chỉ từ hơn 610tr / 1 căn hộ đã có nội thất cơ bản. 

🌺 Quý khách đi xem nhà- nhận nhà có thể ở ngay!!!!

🌹 LIÊN HỆ NGAY CHỦ ĐẦU TƯ ĐỂ MUA CĂN HỘ GIÁ GÔC","14,15 triệu/m²",Nội thất đầy đủ,82 m²,Đông Bắc,Chung cư,Mặt tiền,Mặt bằng kinh doanh
L53 - 07,,"TÔI CẦN Bán LẠI 120M2 ĐẤT , NGAY SIÊU THỊ BẾN CÁT",1 phòng,Block A,Đã có sổ,Căn góc,Chưa bàn giao,72,Đất thổ cư,41 m²,11,7,24 m,- 120 m2,"Đường ĐT 741, Phường Mỹ Phước, Thị xã Bến Cát, Bình Dương",5 m,1 phòng,780 triệu- 120 m2,Tây Nam,"Nhà ngõ, hẻm",120 m2,"tôi bán lại 120m2 đất , Gần siêu thị Bến Cát . đất sổ riêng ,thổ cư hết đất , xung quanh dân cư đông . KCN nhiều và rất gần , đất nằm trên mặt tiền đường lớn . nay cần tiền nên bán lại cho ai thiện chí","6,5 triệu/m2",Nội thất đầy đủ,82 m²,Đông Bắc,Chung cư,Mặt tiền,Mặt bằng kinh doanh
L53 - 07,,Thu hồi vốn bán gấp dãy trọ 16p Thu nhập 20tr/th,1 phòng,Block A,Đã có sổ,Căn góc,Chưa bàn giao,72,Đất thổ cư,41 m²,11,7,30 m,- 450 m2,"Đường Quốc lộ 1K, Phường Dĩ An, Thị xã Dĩ An, Bình Dương",15 m,1 phòng,2 tỷ- 450 m2,Tây Nam,"Nhà mặt phố, mặt tiền",450 m²,"Thu hồi vốn kinh doanh, 5 năm trước tôi có mua lô đất lớn để đầu tư, năm rồi tôi đã xây lên 1 dãy nhà trọ để dành cho con cái sau này, Nhưng hiện tại việc kinh doanh bị thua lỗ nặng, tôi cần 1 nguồn vốn để vực dậy. Tôi quyết định bán hết đất cả nhà trọ giá ưu đãi cho anh chị
- Nhà trọ 300m2 (10 x 30) gồm 16 phòng và 2 kiot, Kiot xây kiểu nhà ở có 2p ngủ, 2 wc rộng rãi. 
 + Mặt tiền đường 25m nối thẳng Chợ dân sinh, trường C1 C2 C3 trên 1 đoạn đường 1km.
 + Thu nhập mỗi tháng 20tr VNĐ. Có người quản lý trọ hàng ngày, anh chị không cần chạy lên chạy xuống
 + Giá 2 tỷ Còn thương lượng cho khách thiện chí mua nhanh
- Đất mặt tiền Kinh doanh 450m2 (15 x 30) Dân cư sầm uất, cách chợ chỉ 100m, Đường nhựa 25m .
 + Giá chỉ 8,6tr /m2 . Thương lượng nhẹ cho khách 
Tất cả sổ sách Đứng tên tôi. Không qua cò đất môi giới. Anh chị gặp trực tiếp xem sổ, định vị đất.
Cám ơn đã quan tâm","4,44 triệu/m²",Nội thất đầy đủ,450 m²,Đông Bắc,Chung cư,Mặt tiền,Mặt bằng kinh doanh
L53 - 07,,Bán gấp trong tháng nhà An dương vương 41m*4t. Oto,4 phòng,Block A,Đã có sổ,Căn góc,Chưa bàn giao,72,Đất thổ cư,41 m²,11,7,30 m,- 41 m2,"Đường An Dương Vương, Phường Phú Thượng, Quận Tây Hồ, Hà Nội",15 m,1 phòng,"2,4 triệu- 41 m2",Tây Nam,"Nhà ngõ, hẻm",41 m²,"HÀNG XÓM CIPUTRA - RẤT VÀ RẤT GẦN Ô TÔ - NGÕ ĐẸP - SÂN RỘNG - TẦM TIỀN BẠT NGÀN KHÁCH - BÁN GẤP TRONG THÁNG - ƯU TIÊN KHÁCH MUA Ở TRƯỚC TẾT- Miễn TG

🔥🔥Bán gấp nhà An Dương Vương 41m*4t. Mt 5.5m. Giá 2.4 tỷ thương lượng.
✅Mô tả:
- Vị trí cực đẹp, hàng xóm ciputra, khu vực đang phát triển như vũ bão, tiện ích ngút ngàn. Cạnh nhà bãi ô tô đỗ ngày đêm, nhà mình cách ô tô vài bước chân.
- NhàThiết kế hiện đại, 4 tầng chắc chắn, chủ xây được gần chục năm, khách mới về thay lớp áo mới là long lanh đón tết ngay😍.
- Sổ đỏ đẹp, sẵn sàng giao dịch
📲Lh : E Long",58.536 đ/m²,Nội thất đầy đủ,450 m²,Đông Bắc,Chung cư,Nở hậu,Mặt bằng kinh doanh
L53 - 07,,"Cực hiếm mặt phố Nguyễn Chánh 273m2, lô góc.",4 phòng,Block A,Đã có sổ,Căn góc,Chưa bàn giao,72,Đất thổ cư,41 m²,11,4,30 m,- 273 m2,"Đường Nguyễn Chánh, Phường Trung Hoà, Quận Cầu Giấy, Hà Nội",22 m,1 phòng,97 tỷ- 273 m2,Tây Nam,"Nhà mặt phố, mặt tiền",273 m²,"Phố Nguyễn Chánh không có nhà thổ cư. Khu vực quy hoạch đồng bộ, dày đặc tòa Văn phòng các Cơ quan, Công ty lớn. Căn lô góc, vị trí độc tôn, đối diện Kiểm toán Nhà nước, Công viên Yên Hòa.
+ Diện tích 273m2, mặt tiền 22m, 4 tầng. Thiết kế vừa ở vừa Kinh doanh.
+ Giá 97 tỷ ( Thương lượng trực tiếp )
+ Sổ đỏ Chính chủ. Giao dịch nhanh gọn.","355,31 triệu/m²",Nội thất đầy đủ,273 m²,Đông Bắc,Chung cư,Nở hậu,Mặt bằng kinh doanh
L53 - 07,,Bán nhà Cầu Giấy-Gara-50m2-4m-Kinh doanh-6.9 tỷ,5 phòng,Block A,Đã có sổ,Căn góc,Chưa bàn giao,72,Đất thổ cư,41 m²,11,4,30 m,- 48 m2,"Đường Cầu Giấy, Phường Quan Hoa, Quận Cầu Giấy, Hà Nội",4 m,5 phòng,"6,9 tỷ- 48 m2",Tây Nam,"Nhà ngõ, hẻm",48 m²,"+Nằm trong khu vực trung tâm Cầu Giấy, Vị trí đẹp nhất ngõ, đi lại thuận lợi, giao thương hoặc cho thuê văn phòng thì tuyệt vời
+Diện tích 48m2, nhà 6 tầng, mặt tiền 4m khung cột bê tông chắc chắn. Nhà xây để ở chứ không xác định bán, do nhu cầu công việc cần nhà to hơn nên bán gấp. Giá chào 6.9 tỷ có thương lượng
+Nhà thiết kế hiện đại hợp lý.Tầng 1 gara thang bộ, WC
+Tầng 2 bếp và phòng khách
+Tầng 3,4,5 PN
+Tầng 6 sân phơi phòng thờ
+Sổ đỏ vuông như A4 
+Liên hệ để xem nhà miễn phí.","143,75 triệu/m²",Nội thất đầy đủ,50 m²,Đông Bắc,Chung cư,Nở hậu,Mặt bằng kinh doanh
P401,,Bán căn hộ cc Hoá An 60m2-2PN- giá tốt 680 triệu,2 phòng,Lô C,Đã có sổ,Căn góc,Đã bàn giao,72,Đất thổ cư,60 m²,4,4,30 m,- 60 m2,"Đường Nguyễn Ái Quốc, Phường Hoá An, Thành phố Biên Hòa, Đồng Nai",4 m,1 phòng,680 triệu- 60 m2,Tây Nam,"Nhà ngõ, hẻm",48 m²,"*️⃣ Vị trí: Mặt tiền đường Nguyễn Ái Quốc- cạnh công ty PouChen- chợ Hoá An- thuận tiện di chuyển đến Dĩ An- TP HCM
*️⃣ Diện tích : 60m2- gồm: 1 phòng khách- 2 phòng ngủ- Bếp- WC- có bãi xe máy & xe hơi bên dưới chung cư.
*️⃣ Phù hợp cho vợ chồng trẻ hoặc người thu nhập thấp muốn có 1 nơi an cư lạc nghiệp.
*️⃣ Pháp lý: Sổ hồng riêng- Chính chủ
*️⃣ Giá bán: 680 triệu (bớt lộc)- Tặng máy lạnh- máy nước nóng- bếp
*️⃣ Liên hệ gặp Ms Hạnh xem nhà :","11,33 triệu/m²",Nội thất đầy đủ,50 m²,Đông Bắc,Chung cư,Nở hậu,Mặt bằng kinh doanh
P401,,Căn hộ Cao cấp 42m² 1PN Gía rẻ !,1 phòng,Lô C,Đã có sổ,Căn góc,Chưa bàn giao,72,Đất thổ cư,42.5 m²,4,4,30 m,- 42.5 m2,"Đường Thuận Giao 25, Phường Thuận Giao, Thị xã Thuận An, Bình Dương",4 m,1 phòng,800 triệu- 42.5 m2,Tây Nam,"Nhà ngõ, hẻm",48 m²,"Dự án: Căn Hộ cao cấp Thuận an.
 - Nằm ngay mặt tiền đường Thuận Giao 25. Đối Diện trường THCS thuận Giao ,Thuận Giao ,Thuận an , Bình Dương.
- Nằm ngay khu vực trung tâm , dân cư đông đúc , cách đường Mỹ Phước - Tân Vạn 700m . QL 13 1.5km.
- Chợ , Bệnh viện , trường học bán kính 1km đầy đủ .
- Tiện ích nội khu cao cấp như siêu thị, trường nầm non , hồ bơi , GYm ,SPA 
- Gía chỉ 800tr/căn 42.5m2 .
- pháp lý sạch 1/500. Giay phép xây dựng , ..
- Hỗ trợ ngân hàng 70% . Chủ đầu tư chịu lãi suất cho khách hàng đến khi nhận bàn giao căn hộ.
- Thanh toán linh hoạt trong 24 tháng .
 - NHận nhà ngay sau khi thanh toán 30% ( 200tr)
- Chiết khấu khủng cùng Hàng nghìn giải thưởng giá trị như 2 merceder 2.00...
- Có xe đưa đón khách hàng tham quan căn nhà mẫu hằng ngày , miễn phí.","19,05 triệu/m²",Hoàn thiện cơ bản,50 m²,Đông Bắc,Chung cư,Nở hậu,Mặt bằng kinh doanh
P401,,"Bán lô đất 1800m2 tại Đông Thanh, Lâm Hà,",1 phòng,Lô C,Đang chờ sổ,Căn góc,Chưa bàn giao,72,Đất thổ cư,42.5 m²,4,4,65 m,- 1.801 m2,"đường xã, Xã Đông Thanh, Huyện Lâm Hà, Lâm Đồng",24 m,1 phòng,"1,6 tỷ- 1.801 m2",Tây Nam,"Nhà ngõ, hẻm",1801 m2,"Công ty BĐS Núi Xanh-Lâm Hà mở bán 2 lô đất tại Thanh Trì, Đông Thanh, Lâm Hà,Lâm Đồng.

+ LÔ 1: 24x65m diện tích dự tính: 1801m2 có sẵn 300m2 thổ cư

Giá bán: 1.6 tỷ có 24m mặt tiền

+ LÔ 2: 23x65m diện tích dự tính: 1747m2 hiện tại chưa có thổ cư.

Giá bán: 1.2 tỷ

Mặt đường bê tông 3.5m thông thoáng, view đất thoáng đẹp, đất bằng phẳng view đẹp , cuối đất có suối và có ao, cách đường nhựa 800m

Cách trung tâm TP. Đà Lạt 25km,

- Cách sân bay Liên Khương 22km,

- Cách khu du lịch thác Voi 1,5km.

Thích hợp ở, nghỉ dưỡng,...

- ACE thiện chí chỉ cần cọc 300-500tr sau 2 tháng ra sổ công chứng mới cần thanh toán hết tiền.

(cam kết không nâng giá bất động sản, thương lượng chính chủ).

Mọi chi tiết xin liên hệ: Mr-An",888.395 đ/m2,Hoàn thiện cơ bản,50 m²,Đông Bắc,Chung cư,Hẻm xe hơi,Mặt bằng kinh doanh
P401,,"Nhà 1 lầu đang cho thuê , MT Đinh Đức Thện , SHR",2 phòng,Lô C,Đã có sổ,Căn góc,Chưa bàn giao,72,Đất thổ cư,42.5 m²,4,4,10 m,- 40 m2,"Đường tĩnh 835, Xã Bình Chánh, Huyện Bình Chánh, Tp Hồ Chí Minh",4 m,1 phòng,400 triệu- 40 m2,Tây Nam,"Nhà mặt phố, mặt tiền",40 m²,"Gia đình có căn nhà đang cho thuê 4tr/ tháng , một trệt lầu suốt như hình
Giá 429tr/ xem nhà có thể công chứng trong ngày 
Do gia đình đang kẹt tiền nên bán gấp có thể cho trả chậm nhưng không cho thương lượng giá rẽ quá rồi
Diện tích nhà 4x10 
Địa chỉ ngay cầu vượt Đinh Đức Thiện 
Đường nhựa trước nhà 5m có sân oto đậu thoải mái
Nhà như hình anh chị em xem kỹ rồi hãy gọi oke xuống coi tránh mất thời gian đôi bên xin cám ơn.
Cách chợ Bình Chánh 1km , Bình Tân , Quận 6 10 phút đi xe",10 triệu/m²,Hoàn thiện cơ bản,80 m²,Đông Bắc,Chung cư,Nở hậu,Mặt bằng kinh doanh
P401,,"💥Nhà Mới TC 6*17m,hẻm Tây Sơn,gần Mai Hắc Đế,Hỗ T",2 phòng,Lô C,Đã có sổ,Căn góc,Chưa bàn giao,72,Đất thổ cư,42.5 m²,4,4,10 m,- 102 m2,"tây sơn, Phường Tân Thành, Thành phố Buôn Ma Thuột, Đắk Lắk",4 m,2 phòng,"1,58 tỷ- 102 m2",Tây Nam,"Nhà ngõ, hẻm",102 m²,"💥Nhà Mới TC 6*17m,hẻm Tây Sơn,gần Mai Hắc Đế,Hỗ Trợ Vay,nhiều lô xung quanh

📞 Liên hệ: A Khoa 

Nhà 2 mặt tiền trước sau.
Nhà vị trí gần chợ mai Hắc Đế,
Thế đất bằng phẳng,dân cư đông đúc
Đất Gần chợ Mai Hắc Đế, Siêu thị Vinmast, BÁCH HÓA XANH
Gần các trường Mẫu giáo, cấp 1,2,3 đại học, cao đẵng... bán kính 1 km
Đường thông thoáng,đi ra Trung tâm Thành Phố, .
Đường rộng rãi xe oto di chuyển tốt
👉Nhà bao gồm,1 phóng khách,2 phòng ngủ,bếp,2 wc,phòng Thờ,sân bán tải
Đặc biệt:
*Thích hợp để ở,định cư lâu dài.
🏠Diện tích : 6*17m
🏠Hướng :Nam
🏠Pháp lý : thổ cư 40m2
🏠Giá : 1 tỷ 580tr
💥
🏡Nhà TC 100% Đông,5*22m,giá 1 tỷ 550tr,hẻm 40 vạn xuân
🌳Lô TC 5*26m,Đông,giá 1 tỷ 100tr,hẻm 115 Vạn Xuân
xuân
🌳Lô TC 5*50m,Tây,giá 1 tỷ 200tr,hẻm 165 Vạn Xuân,thông vành đai
🌳Lô TC 5*26m,Đông Nam,giá 920tr,hẻm Phùng Hưng gần chợ Đê
🌳Lô TC 5*20m,Đông Nam,giá 1 tỷ 450tr,Phùng Hưng gần chợ Đê
🌳Lô C4 TC 7*26 1 tỷ 450tr phùng hưng ngay vạn xuân.gía 1 ty 450tr
🌳Lô B5 TC 5*24m,Nam giá 920tr ,Thành Đồng Vạn Xuân
🌳Lô B9 TC 5*24m,Nam giá 1 tỷ 070tr ,Thành Đồng Vạn Xuân
🌳Lô TC C2 5*27m,Tây,giá 1 tỷ 350tr,QH đg còn dài 5*22m,mặt tiền Phùng Hưng,Thành Đồng Vạn Xuân
🌳Lô TC 2 mặt tiền C4 7*26m,Tây,giá 1 tỷ 450tr,mặt tiền Phùng Hưng,Thành Đồng Vạn Xuân
🌳Lô góc 2 mặt tiền 5*22m,Đông, giá 1tỷ 200trThành Đồng Vạn Xuân
🌳Lô TC 40m2 Tây, 5*50m,,giá 1 tỷ 200,,hẻm 167 Vạn Xuân thông vành đ","15,49 triệu/m²",Hoàn thiện cơ bản,80 m²,Đông,Chung cư,Nở hậu,Mặt bằng kinh doanh
P401,,cần tiền bán rẻ mặt tiền đường nguyễn văn tư p 7,2 phòng,Lô C,Đã có sổ,Căn góc,Chưa bàn giao,72,Đất thổ cư,42.5 m²,4,4,75 m,- 962 m2,"mặt tiền, Đường Nguyễn Văn Tư, Phường 7, Thành phố Bến Tre, Bến Tre",15 m,2 phòng,"10,58 tỷ- 962 m2",Tây Nam,"Nhà ngõ, hẻm",962 m2,"cuối năm kẹt tiền kinh doanh, cần bán rẻ mặt tiền đường nguyễn văn tư phường 7 tp bến tre
diện tích 962 m2 ngang 15 nở hậu 25 có 150m thổ cư
trên đất có nhà kiên cố để ở, có sẵn xưởng sản xuất kinh doanh các mặt hàng như dừa, bánh kẹo, làm nhà kho......
mặt tiền đường xe container thoải mái lên xuống hàng hóa
giá rẻ nhất khu vực 11tr/m
liên hệ chính chủ",11 triệu/m2,Hoàn thiện cơ bản,80 m²,Đông,Chung cư,Nở hậu,Mặt bằng kinh doanh
P401,,"Bán nhà Quận 1, 5 tầng , HXH , 60m2, giá 13,5 tỷ.",5 phòng,Lô C,Đã có sổ,Căn góc,Chưa bàn giao,72,Đất thổ cư,42.5 m²,4,4,10 m,- 60 m2,"Đường Nguyễn Trãi, Phường Nguyễn Cư Trinh, Quận 1, Tp Hồ Chí Minh",6 m,Nhiều hơn 6 phòng,"13,5 tỷ- 60 m2",Tây Nam,"Nhà ngõ, hẻm",60 m²,"+ Kết cấu: 1 trệt, 1 lửng, 2 lầu, sân thượng, 5PN, 3WC, không gian phòng khách cổ điển, giếng trời cực thoáng.

+Diện tích ngang khủng 6m * 10,8m.

+ 2 đầu nhà là HXH tránh đậu đổ thoải mái, đường xóm sạch sẽ.

+ Khu dân trí cao, toàn thượng lưu, quan chức, người nước ngoài lưu trú dài hạn. Homestay cực phát triển.

+ Vị trí đắt địa, 1 phút ra phố Tây, công viên lâu đời nhất Sài Gòn 23/9, chợ Bến Thành...tiện ích tiện lợi trung tâm chất lượng bậc nhất.

+ Gia thế các đời chủ từng là quan to, giáo sư, con cái học hành thành đạt, tậu về ắt phúc lộc trường tồn.

+ Khu vực từng là đất vàng cấp cho cán bộ, địa thế đất cao, không bao giờ ngập.

+ Sổ hồng tại gia, sẵn tiền công chứng trong ngày.",225 triệu/m²,Hoàn thiện cơ bản,300 m²,Đông,Chung cư,Nở hậu,Mặt bằng kinh doanh
P401,,Bán Nhà 4 Tấm Đường Ô Tô Khu Vực Trung Tâm Gò Vấp.,4 phòng,Lô C,Đã có sổ,Căn góc,Chưa bàn giao,72,Đất thổ cư,42.5 m²,4,4,12 m,- 43 m2,"Đường Phạm Văn Chiêu, Phường 9, Quận Gò Vấp, Tp Hồ Chí Minh",4 m,3 phòng,"5,2 tỷ- 43 m2",Tây Nam,"Nhà mặt phố, mặt tiền",43 m²,"NHÀ 4 TẤM CHÍNH CHỦ TÂM HUYẾT F9 48m2 HẺM XE TẢI
Đường Phạm Văn Chiêu, Phường 9, Quận Gò Vấp, Tp Hồ Chí Minh
Nhà 4 tấm 4m x12m NỞ HẬU hẻm xe hơi thông
Nhà xây mới 100%!
Nhà ngay trung tâm f9 Phạm văn Chiêu , hẻm thông xe hơi khu phân lô đồng bộ ! Nhà e xây dựng 4 tấm với phòng khách sang chảnh hiện đại , nhà bếp thoáng rộng rãi , với 4pn to đùng , 1 phòng thờ, 3 tolet , 2 sân thượng trước sau làm tiệc ngoài trời và trồng cây xanh ! xung quanh chợ , siêu thị , bách hoá xanh ...vvv ? Thích hợp mở tiệm Nail, tóc , buôn bán hàng online, cho thuê kinh doanh ....!
- Giá iu thương : 5,2 tỷ thương lương.","120,93 triệu/m²",Nội thất đầy đủ,148 m²,Nam,Chung cư,Hẻm xe hơi,Mặt bằng kinh doanh
P401,,"Bán đất đg Trường Lưu, Long Trường, Quận 9, 53,5m2",4 phòng,Lô C,Đã có sổ,Căn góc,Chưa bàn giao,72,Đất thổ cư,42.5 m²,4,4,13.3 m,- 53.5 m2,"Đường Trường Lưu, Phường Long Trường, Quận 9, Tp Hồ Chí Minh",4 m,3 phòng,"2,33 tỷ- 53.5 m2",Tây Nam,"Nhà mặt phố, mặt tiền",53.5 m2,"👉 Bán đất KDC Phố Đông đường Trường Lưu, P. Long Trường, Quận 9 (đường nhựa 9m thông qua dự án CENTANA ĐIỀN PHÚC THÀNH).
- Diện tích và giá bán:
📌Lô A16: diện tích 57,2m2. Giá 2,58 Tỷ.
📌Lô A19: diện tích 59m2. Giá 2,55 Tỷ.
📌Lô A29: diện tích 53,5m2. Giá 2,32 Tỷ.
📌Lô B02: diện tích 65,6m2. Giá 2,55 Tỷ.","43,96 triệu/m2",Nội thất đầy đủ,148 m²,Đông Nam,Chung cư,Nở hậu,Mặt bằng kinh doanh
P401,,"bán nhà kiệt Nguyễn Nhàn 75m, Cẩm Lệ",2 phòng,Lô C,Đã có sổ,Căn góc,Chưa bàn giao,72,Đất thổ cư,42.5 m²,4,4,15 m,- 75 m2,"Đường Nguyễn Nhàn, Phường Hòa Thọ Đông, Quận Cẩm Lệ, Đà Nẵng",5 m,2 phòng,"1,77 tỷ- 75 m2",Tây Nam,"Nhà ngõ, hẻm",75 m²,"Nhà c4 kiệt cách mạng T8 , gác lửng đúc , H bắc, dt 71m giá 1720 
Nhà c4 kiệt Nguyễn Nhàn , dt 136m , 3 phòng ngủ, đông nam kiệt cách đường 100m rộng rãi. 2,1 tỷó thương lượng
Nhà c4 kiệt Hồ Sĩ Dương , dt 80m 2 phòng ngủ giá 1,52 tỷ
Nhà 2 tầng kiệt Bình thái 3 dt 96m 3 phòng ngủ, hướng nam, kiệt cách đường 70m giá 2,2 tỷ.
Nhà 2 tầng bầu gia 1 dt 90m 3 phòng ngủ, H bắc, giá 2860
Nhà c4 Phong bắc 1 ,, dt 100m H tây, giá 2600
Đất mặt tiền bình thái 4 dt 83m nở hậu H đông nam, đường 5m, giá 1860
Đất kiệt ô tô thông Phạm Viết chánh dt 100m nở hậu giá 1850","23,6 triệu/m²",Nội thất đầy đủ,150 m²,Tây Bắc,Chung cư,Nở hậu,Mặt bằng kinh doanh
P401,,Tôi chính chủ cần bán mặt tiền Bàu Lách thổ cư,2 phòng,Lô C,Đã có sổ,Căn góc,Chưa bàn giao,72,Đất thổ cư,42.5 m²,4,4,60 m,- 473 m2,"Đường Bàu Lách, Xã Phạm Văn Cội, Huyện Củ Chi, Tp Hồ Chí Minh",7.8 m,2 phòng,2 tỷ- 473 m2,Tây Nam,"Nhà ngõ, hẻm",473 m2,"Dự án: Do kẹt tiên tôi cần bán nhanh đất mặt tiền Bàu Lách thổ cư.
 Thông tin chi tiết: Tôi chính chủ cần bán nhanh đất mặt tiền Bàu Lách

DT 7.8m x 60m = 473m có 100m thổ cư. Năm cách đường PVC 150m

mặt tiền Bàu Lách kinh doan buôn bán thông ra Tỉnh Lộ 15.
dân cư hiện hửu, sổ hồng riêng
do kẹt tiền bán nhanh cần công việc
Gía bán trong tháng 2ty Lh gặp tôi Nhớ xem đất","4,23 triệu/m2",Nội thất đầy đủ,150 m²,Tây Bắc,Chung cư,Mặt tiền,Mặt bằng kinh doanh
P401,,Nhà Minh Khai ô tô tránh 20m 30mx3T mt3.4m 2.1 tỷ,3 phòng,Lô C,Đã có sổ,Căn góc,Chưa bàn giao,72,Đất thổ cư,42.5 m²,4,4,60 m,- 30 m2,"Đường Minh Khai, Phường Mai Động, Quận Hoàng Mai, Hà Nội",7.8 m,2 phòng,"2,1 tỷ- 30 m2",Tây Nam,"Nhà ngõ, hẻm",30 m²,"Chủ cần tiền bán nhà kề cận khu đô thị mới đang thi công với các thông số sau:
+ Diện tích: 30m2 x 3 tầng.
+ Mặt tiền: 3.4m.
Nhà được thiết kế hợp lý hiện đại, công năng sử dụng hợp lý và không gian thoáng đãng.
Nhà nằm trong khu vực hưởng lợi từ KĐT cận kề nên hầu hết nhà trong khu là nhà mới xây kiểu hiện đại kiên cố có thiết kế đẹp và cao tầng. Dân cư thân thiện và sinh hoạt công cộng rất văn minh. 
+ Sổ đỏ vuông đẹp, chủ sẵn sàng giao dịch.
+ Giá bán: 2.1 tỷ (có thương lượng)
+ Liên hệ ngay khi đọc tin này, vì nhà giá bình dân thường bay nhanh lắm! 
KTS Hà - Lưu 
20 năm ngành XDCB có thông tin nguồn nhà thổ cư tốt Hà Nội. 100% miễn phí xem mua nhà.
Tư vấn kiến trúc & phong thủy chuyên nghiệp.
(Miễn trung gian môi giới)",70 triệu/m²,Nội thất đầy đủ,30 m²,Tây Bắc,Chung cư,Hẻm xe hơi,Mặt bằng kinh doanh
P401,,Nhà mới hẽm 5m vị trí đẹp xát đường liên ấp 123,2 phòng,Lô C,Giấy tờ khác,Căn góc,Chưa bàn giao,72,Đất thổ cư,42.5 m²,4,4,10 m,- 40 m2,"A5/51, Đường Liên Ấp 1-2-3, Xã Vĩnh Lộc A, Huyện Bình Chánh, Tp Hồ Chí Minh",4 m,2 phòng,"1,35 tỷ- 40 m2",Tây Nam,"Nhà ngõ, hẻm",40 m²,bán nhà mới vị trí đẹp gần chợ ấp 1 vĩnh lộc A diện tích 4x10 gác lửng một phòng khách hai phòng ngũ hai tole một bếp nội thất cao cấp gần bách hoá xanh khu dân cư hiện hửu giấy tờ hợp lệ giá bán 1tỷ 350 triệu liên hệ 09373618**,"33,75 triệu/m²",Nội thất đầy đủ,60 m²,Đông,Chung cư,Hẻm xe hơi,Mặt bằng kinh doanh
P401,,Bán nhà mặt tiền 1 trệt 2 lầu sổ hồng riêng,3 phòng,Lô C,Đã có sổ,Căn góc,Chưa bàn giao,72,Đất thổ cư,42.5 m²,4,4,13 m,- 48 m2,"Đường Thạnh Lộc, Phường Thạnh Lộc, Quận 12, Tp Hồ Chí Minh",4 m,3 phòng,"2,5 tỷ- 48 m2",Tây Nam,"Nhà mặt phố, mặt tiền",48 m²,"do gia đình em gần tết cần tiền nên em cần bán căn nhà 1 trệt 2 lầu góc 2 mặt tiền kinh doanh mua bán được
nhà 3 phòng ngủ 3wc diện tích nhà ngang 3.8 dài 13 cộng nhận 48m 

nhà măt tiền đường thông cách gò vấp 3 phút đi xe 
giá bán 2 tỷ 5 thương lượng cho khách thiện chí cần mua nhà thật sự 
thông tin em đúng nhà đúng giá 
ai cần liên hệ em","52,08 triệu/m²",Nội thất đầy đủ,144 m²,Đông,Chung cư,Hẻm xe hơi,Mặt bằng kinh doanh
P401,,"Đất 85m²đường 05 Đỗ Hành, đường 11m",3 phòng,Lô C,Đã có sổ,Căn góc,Chưa bàn giao,72,Đất thổ cư,42.5 m²,4,4,17 m,- 85 m2,"đường Đỗ Hành, Phường Nại Hiên Đông, Quận Sơn Trà, Đà Nẵng",5 m,3 phòng,4 tỷ- 85 m2,Tây Nam,"Nhà mặt phố, mặt tiền",85 m2,"Đất đường đỗ hành đường 11m, gần đường lớn Trần Hưng đạo,","47,06 triệu/m2",Nội thất đầy đủ,144 m²,Bắc,Chung cư,Mặt tiền,Mặt bằng kinh doanh
P401,,"Siêu phẩm tuyến 2 đường máng, Vĩnh Khê, An Đồng",3 phòng,Lô C,Đã có sổ,Căn góc,Chưa bàn giao,72,Đất thổ cư,42.5 m²,4,4,17 m,- 97 m2,"Đường Vĩnh Khê, Xã An Đồng, Huyện An Dương, Hải Phòng",5 m,3 phòng,"2,05 tỷ- 97 m2",Tây Nam,"Nhà mặt phố, mặt tiền",97 m2,"Siêu phẩm tuyến 2 đường máng, Vĩnh Khê, An Đồng, An Dương
- Diện tích 97m2 ngang 5m
- Đường trước nhà 6m
- Cách đường máng chỉ 30m một quặt là đến
- Cách cổng chính hoàng huy chỉ hơn trăm mét
- Cách trường, chợ, UB chỉ một phút đi xe
☘️ Sản phẩm cực phù hợp cho khách hàng nhanh tay mua đất xây nhà ở, nhà nghỉ hoặc đầu tư ngắn hạn 
Hướng Đông 
Giá 2,05 tỉ","21,13 triệu/m2",Nội thất đầy đủ,144 m²,Đông,Chung cư,Mặt tiền,Mặt bằng kinh doanh
P401,,Kẹt tiền bán gấp lô đất gần quốc lộ giá rẽ,3 phòng,Lô C,Đã có sổ,Căn góc,Chưa bàn giao,72,Đất thổ cư,42.5 m²,4,4,40 m,- 200 m2,"Đường D10, Thị trấn Lai Uyên, Huyện Bàu Bàng, Bình Dương",5 m,3 phòng,700 triệu- 200 m2,Tây Nam,"Nhà mặt phố, mặt tiền",200 m2,"cần tiền cần bán gấp đất dân sổ sẵn gần trường học Lai Uyên, diện tích 200m2 giá 700tr, ngân hàng hỗ trợ 50% (chỉ cần 375tr), dân cư sầm uất tiện ích đầy đủ, cách Quốc Lộ 13 2km, gần chợ, trường học, trạm y tế Lai Uyên.
Mua ở or đầu tư quá ok 
muốn ddi xem đất thì alo tôi","3,5 triệu/m2",Nội thất đầy đủ,144 m²,Đông,Chung cư,Mặt tiền,Mặt bằng kinh doanh
P401,,Căn hộ 2PN từ 55m2 Nha Trang cách biển 5 phút,2 phòng,Lô C,Đang chờ sổ,Căn góc,Đã bàn giao,72,Đất thổ cư,55 m²,4,4,40 m,- 55 m2,"Đường Trịnh Hoài Đức, Phường Vĩnh Hòa, Thành phố Nha Trang, Khánh Hòa",5 m,2 phòng,690 triệu- 55 m2,Bắc,"Nhà mặt phố, mặt tiền",200 m2,"Dự án: Paradise Plaza Nha Trang.
 Thông tin chi tiết: Cơ hội sở hữu căn hộ ngay vị trí đắc địa với 02 phòng ngủ chỉ 700 triệu
Cần sang nhượng lại căn hộ mới nhận bàn giao với diện tích hơn 55m2, gồm 2 phòng ngủ, 2 toilet, phòng khách, bếp rộng rải, ban công và đặc biệt có lô gia phơi đồ riêng biệt. 
Vị trí với nhiều tiện ích:
- Chung cư Paradise Plaza Nha Trang tọa lạc tại Khu đô thị Bắc Vĩnh Hải thuộc Phường Vĩnh Hòa, Tp. Nha Trang (Phía
- Cách biển 5 phút đi bộ, 7 phút đi xe máy từ chung cư sang trung tâm thành phố.
- Sát chung cư gồm trường: Mần non Vĩnh Hòa, mần non thực hành của CĐ sư phạm, Tiểu học Vĩnh Hòa, trường THC Lý Thái Tổ, trường THPT Hermen, Cao đẳng du lịch, UBND phường Vĩnh Hòa, Công an phường và y tế phường Vĩnh Hòa, bến xe phía Bắc...)
- Cách chợ Vĩnh Hải 1km
- Gần khu du lịch I resort, Hòn Chồng, Tháp Bà.....
- Có hồ bơi, phòng gym
- Chung cư chủ yếu là cán bộ nhà nước và khu đô thị là sĩ quan quân đội nên rất an ninh và yên tĩnh.
- Mua xong vào nội thất ở luôn không cần sửa gì thêm.
Giá sang nhượng lại dưới 690 triệu, mọi chi tiết xin liên hệ qua tin nhắn hoặc số điện thoại: 0946.349.983 (Mr Hải)
Cảm ơn đã đọc bài!","12,55 triệu/m²",Hoàn thiện cơ bản,144 m²,Nam,Chung cư,Mặt tiền,Mặt bằng kinh doanh
P401,,Cơ hội lãi X2 khi mua nhà 114.2m2 2tỷ752,2 phòng,Lô C,Đang chờ sổ,Căn góc,Đã bàn giao,72,Đất thổ cư,55 m²,4,4,40 m,- 114 m2,"Đường số 1, Xã Tân Ngãi, Thành phố Vĩnh Long, Vĩnh Long",5 m,3 phòng,"2,752 tỷ- 114 m2",Bắc,"Nhà mặt phố, mặt tiền",114 m²,"Chỉ còn căn đẹp
🖍 Vị trí tiềm năng ngay P. Tân Ngãi Tp Vĩnh Long, khu dân cư Vĩnh Long Village
🖍 Diện tích chuẩn 114 m2
🖍 Pháp lý: sổ đỏ riêng, công chứng sang tên nhanh gọn

🖍 Cơ sở hạ tầng phát triển & đang ngày càng hoàn thiện hơn

🖍 Cách vài bước chân là đa dạng các tiện ích, dịch vụ như chợ, quán ăn, cửa hàng, cây xăng, trường học,…

🖍 Khu vực sầm uất, giao thông đi lại thuận tiện, thích hợp mua đầu tư xây cho thuê, xây văn phòng công ty, văn phòng giao dịch, nhà ở

🖍 Sổ đỏ chính chủ, hỗ trợ vay vốn ngân hàng, gia lộc cho khách hàng thiện chí 

🖍 Giá ưu đãi 2752.000.000đ

🖍 Nhanh tay liên hệ #NT_LAnd để sở hữu ngay

🖍 Tôi vẫn nghĩ mua nhà là sự đầu tư tốt mà bất kỳ cá nhân nào có thể làm được

🖍 @đất_nền_gia_re @bds_vĩnh_long #NT_LAnd #Nhà_phố_Vĩnh_Long","24,14 triệu/m²",Hoàn thiện cơ bản,144 m²,Nam,Chung cư,Mặt tiền,Mặt bằng kinh doanh
P401,,1.5 tỷ sở hữu 38m2 đất nguyễn văn linh,2 phòng,Lô C,Đã có sổ,Căn góc,Đã bàn giao,72,Đất thổ cư,55 m²,4,4,40 m,- 38 m2,"Đường Nguyễn Văn Linh, Phường Sài Đồng, Quận Long Biên, Hà Nội",4 m,3 phòng,"1,5 tỷ- 38 m2",Bắc,"Nhà mặt phố, mặt tiền",38 m2,"1.5 tỷ sở hữu 38m2 đất nguyễn văn linh .Cách phố 20m ngõ thẳng và thông ngõ chước nhà 2.1m , Cách may 10 100m vị trí thuận tiện giá hợp lý , Khu vực dất hiếm đất bán
Chủ nhà thiện trí bán nhanh
LH e Dương Tư vấn và xem nhà miễn phí","39,47 triệu/m2",Hoàn thiện cơ bản,144 m²,Nam,Chung cư,Mặt tiền,Mặt bằng kinh doanh
P401,,Siêu Phẩm Tập Thể Ở Luôn! Nguyễn Chí Thanh,2 phòng,Lô C,Đã có sổ,Căn góc,Đã bàn giao,72,Đất thổ cư,65 m²,4,4,40 m,- 65 m2,"Đường Nguyễn Chí Thanh, Phường Thành Công, Quận Ba Đình, Hà Nội",4 m,1 phòng,"1,8 tỷ- 65 m2",Bắc,"Nhà mặt phố, mặt tiền",38 m2,"- Vị trí trung tâm Đắc Địa Quận Ba Đình.
- Giao thông kết nối các tuyến đường chính: Nguyên Hồng, Láng Hạ, Đê la Thành, Nguyễn Chí Thanh…
- Xung quanh gần trường học các cấp mầm non, cấp 1 ,2 Thành Công, chợ lớn, Hồ Thành Công, Đại Học Luật, ĐH Văn Hóa...
- Căn hộ cách mặt đường Ô tô tránh 10m, xung quanh nhà cực kỳ thoáng mát, bãi gửi xe ô tô, xe máy ngay gần nhà.Chỉ vài bước đến Hồ Thành Công lộng gió.
- Căn Hộ được thiết kế hiện đại chắc chắn cực thoáng mát, Đầy đủ nội thất cao cấp, khách chỉ xách vali đến và ở luôn.
- Đầy đủ công năng cho 1 gia đình trẻ mới cưới hoặc có con nhỏ. Khu vực an ninh đảm bảo, hàng xóm thân thiện
- Sổ đỏ chính chủ pháp lý rõ ràng.
- Miễn Môi Giới, Trung Gian…
- Giá : 1,8 tỷ (có thương lượng)
- Liên hệ ngay: A Tuyên để biết thêm thông tin về căn nhà.","27,69 triệu/m²",Nội thất đầy đủ,144 m²,Nam,"Tập thể, cư xá",Mặt tiền,Mặt bằng kinh doanh
P401,,"NHÀ ĐANG CHO THUÊ CẦN TIỀN BÁN GẤP,MT BỜ CHÙA",3 phòng,Lô C,Đã có sổ,Căn góc,Đã bàn giao,72,Đất thổ cư,65 m²,4,4,14 m,- 70 m2,"Đường Bờ Chùa, Xã Phước Lý, Huyện Cần Giuộc, Long An",5 m,2 phòng,865 triệu- 70 m2,Bắc,"Nhà mặt phố, mặt tiền",70 m²,"Nhà hiện đang cho thuê 6tr/ tháng, nhà mới xây kiên cố 1trệt 1 lầu 2phòng ngủ, 2 nhà vệ sinh,, ban công, phòng khách,....Gần chợ Trung thành, KCn cầu tràm, sổ hồng riêng, chỉ việc xác vali vào ở. Có ngân hàng cho vay","12,36 triệu/m²",Nội thất đầy đủ,140 m²,Nam,"Tập thể, cư xá",Mặt tiền,Mặt bằng kinh doanh
P401,,"Nhà trệt 2 lầu Ninh Kiều, Cần Thơ",5 phòng,Lô C,Đã có sổ,Căn góc,Đã bàn giao,72,Đất thổ cư,65 m²,4,4,14 m,- 70 m2,"Đường Ngô Thì Nhậm, Phường An Khánh, Quận Ninh Kiều, Cần Thơ",5 m,3 phòng,"4,1 tỷ- 70 m2",Bắc,"Nhà mặt phố, mặt tiền",70 m²,"🍀🍀NHÀ 1 TRỆT 2 LẦU ĐÚC KIÊN CỐ ĐƯỜNG NGÔ THÌ NHẬM - KDC THỚI NHỰT - P. AN KHÁNH - Q. NINH KIỀU 
• DT : 5 x 14=70m2. DTSD 210m2
• Pháp lý : Sổ hồng thổ cư 
• Hướng : Đông Bắc 
• Lộ giới 6m. Lề 3m
✅Kết cấu : Sân đậu xe, Phòng khách, 5 Phòng ngủ, góc làm việc, Phòng SHC, 3 Toilet , 2 ban công.
✅ Vị trí : Nhà nằm mặt tiền đường, gần đầu đường. Khu vực đông đúc dân cư sinh sống, an ninh, dân trí cao. Gần Công An, UBND Phường An Khánh, Chợ, Siêu thị, Công viên, Trạm y tế, Trường học các cấp, Trường ĐHYD, Bệnh viện ĐHYD ... Thích hợp mở văn phòng công ty, kinh doanh mua bán tại nhà, định cư lâu dài .......
- Giá bán : 4 Tỷ 100 triệu","58,57 triệu/m²",Nội thất đầy đủ,210 m²,Nam,"Tập thể, cư xá",Mặt tiền,Mặt bằng kinh doanh
P401,,Nhà đẹp full nội thất,2 phòng,Lô C,Đã có sổ,Căn góc,Đã bàn giao,72,Đất thổ cư,65 m²,4,4,11 m,- 58 m2,"Đường Trần Cao Vân, Phường Tam Thuận, Quận Thanh Khê, Đà Nẵng",5 m,2 phòng,"2,1 tỷ- 58 m2",Bắc,"Nhà ngõ, hẻm",58 m²,"Bán siêu phẩm nhà đẹp full nội thất đường Trần Cao Vân, vị trí nằm ngay trung tâm Thành Phố
Dtich : 58m2, dtsd 90 m2
Kiệt 3m, cách đường chính 100 m . Hướng đông .
Nhà xây kiêng cố đầy đủ công năng sử dụng gồm : 
🔸 2 phòng ngủ ( có phòng ngủ dưới ), đi kèm theo là 2 wc
🔸 P khách , p thờ , bếp đc bố trí không gian rộng, rất tiện cho việc sinh hoạt trong gia đình
🔸 Nhà có sân để xe rộng, có không gian để bố trí sân vườn theo ý thích
#Giá 2 tỉ 1 ( bớt ít lấy lộc )","36,21 triệu/m²",Nội thất đầy đủ,90 m²,Nam,"Tập thể, cư xá",Mặt tiền,Mặt bằng kinh doanh
P401,,Bán nhà thuận lợi kinh doanh làm văn phòng,2 phòng,Lô C,Đã có sổ,Căn góc,Đã bàn giao,72,Đất thổ cư,120 m²,4,4,11 m,- 120 m2,"274b, Đường Nguyễn Hữu Tiến, Thị trấn Đồng Văn, Huyện Duy Tiên, Hà Nam",5 m,2 phòng,"5,8 tỷ- 120 m2",Bắc,"Nhà ngõ, hẻm",58 m²,"cần bán nhà chính chủ đứng bán. địa điểm gần .trung tâm thương mại. kinh tế sâm uất nhất thị trấn đồng văn .vùng quanh là khu công nghiệp .gần siêu thị 
gần chợ trường học. bệnh viện....
đối diện nhà là một khu dân cư biệt thư cao tầng 
công vien cây xanh .khu vui chơi giải trí .bể bơi sân bóng. cần tiếp người thiện trí . Giá bán 5 tỷ 9 còn thương lượng nhé 
gửi máy anh chị co lái có khách dẫn bán giúp kiếm hoa hồng 
còn xin lỗi mấy anh chị đăng tin nhé. mình không có thời gian nghe điện thoại tiếp máy anh chị đăng tin .quảng cáo đâu nha","48,33 triệu/m²",Nội thất đầy đủ,90 m²,Nam,"Tập thể, cư xá",Mặt tiền,Mặt bằng kinh doanh
P401,,Chính chủ bán lô đất 7x35 có thổ cư sát Quốc Lộ13,2 phòng,Lô C,Đã có sổ,Căn góc,Đã bàn giao,72,Đất thổ cư,120 m²,4,4,34 m,- 253 m2,"Đường Ngã Ba Lăn Xi, Phường Tân Định, Thị xã Bến Cát, Bình Dương",7.2 m,2 phòng,"2,45 tỷ- 253 m2",Bắc,"Nhà ngõ, hẻm",253 m2,"Chính chủ bán lô đất ngang 7x35m mặt tiền đường Nhựa cách Quốc Lộ 13 chưa đến 30m
Kinh doanh buôn bán được ngay
Có 159m2 thổ cư
Giá bán 2ty450tr - Sổ sách đầy đủ
Liên hệ chính chủ","9,68 triệu/m2",Nội thất đầy đủ,90 m²,Bắc,"Tập thể, cư xá",Mặt tiền,Mặt bằng kinh doanh
P401,,🏕🏡8×23 Nguyễn Văn CỪ Kiệt 5m Có Gara🚙🚘,3 phòng,Lô C,Đã có sổ,Căn góc,Đã bàn giao,72,Đất thổ cư,120 m²,4,2,23 m,- 187 m2,"111, Nguyễn Văn Cừ, Phường Hòa Hiệp Bắc, Quận Liên Chiểu, Đà Nẵng",8 m,2 phòng,"3,2 tỷ- 187 m2",Bắc,"Nhà ngõ, hẻm",187 m²,"👉💰💰CHỈ: 3.200TR💰💰
🏡 SỞ HỮU NGAY NHÀ KIỂU BIỆT THỰ 2 TẦNG CHỮ L ĐỘC ĐÁO GẦN CẢNG LIÊN CHIỂU
DT đất :186m2 ( Ngang 8m nở hậu )
Kiệt 2 ô tô tránh nhau 
Nhà có Gara đậu được 3 chiếc Camry 
Gần khu Resort xuân thiều 
Thông nối với Godenhills - Dragon xity - trong bán kính từ 5 đến 700m 
Cạnh phố đi bộ Tokyo 
- Đầy đủ công năng với - 1 p thờ - sân thượng tập gym - trồng rau nuôi cá
- Tầng trệt 1 phòng khách - 3 phòng ngủ - bếp phòng ăn 
-🚙🚘Sân đậu ô tô rộng thênh thang 
- Hướng: Tây ( tây tứ trạch☘
🚦Cách đường chính Nguyễn Văn Cừ 20m
💰💰Giá 3.200tr💰💰
✔Quý anh chị có nhu cầu vui lòng hẹn xem nhà trước 30 phút
---------------------------------","17,11 triệu/m²",Hoàn thiện cơ bản,300 m²,Tây,"Tập thể, cư xá",Nở hậu,Mặt bằng kinh doanh
P401,,"Đất kiệt ô tô trung tâm tp huế, giá đầu tư tốt ạ",3 phòng,Lô C,Đã có sổ,Căn góc,Đã bàn giao,72,Đất thổ cư,120 m²,4,2,16.7 m,- 68.5 m2,"Đường An Dương Vương, Phường An Đông, Thành phố Huế, Thừa Thiên Huế",4.1 m,2 phòng,"1,173 tỷ- 68.5 m2",Bắc,"Nhà ngõ, hẻm",68.5 m2,"Ông Anh Tôi cần bán lô đất kiệt ô tô trung tâm tp Huế, đối diện đường Hồ Đắc Di. Với diện tích 68,5m2 đất ở toàn bộ( sổ đỏ mới 2020).
Với giá đầu tư tốt và rẻ hơn Lại Thế, Ngọc Anh hay Thủy Vân...
Mọi người cần đi xem hay thông tin liên hệ sdt Tôi bên dưới để được hỗ trợ.
Cám ơn.","17,25 triệu/m2",Hoàn thiện cơ bản,300 m²,Đông,"Tập thể, cư xá",Hẻm xe hơi,Mặt bằng kinh doanh
P401,,"Chính chủ bán lô đất 55m2 KĐT 6,9ha Vân Canh.",3 phòng,Lô C,Đã có sổ,Căn góc,Đã bàn giao,72,Đất thổ cư,120 m²,4,2,16.7 m,- 55 m2,"8, Đường 422, Xã Vân Canh, Huyện Hoài Đức, Hà Nội",5 m,2 phòng,"3,4 tỷ- 55 m2",Bắc,"Nhà ngõ, hẻm",55 m2,"Tôi cần bán gấp lô đất tại KĐT 6,9ha Vân Canh, vị trí nằm sát KĐT Vân Canh HUD , đường Trịnh Văn Bô kéo dài và đường 3.5, cách Mỹ Đình 3km.
 Diện tích 55m2, mặt tiền 5,4m, hướng đông nam, đường nhựa có vỉa hè ô tô tránh nhau thoải mái.
Đất có sổ đỏ. 
Gía bán 62 triệu/m2.
 Bao sang tên , có hỗ trợ vay ngân hàng.","61,82 triệu/m2",Hoàn thiện cơ bản,300 m²,Đông Nam,"Tập thể, cư xá",Mặt tiền,Mặt bằng kinh doanh
P401,,Nhà cấp 4 mê lửng Lê văn lưu,2 phòng,Lô C,Đã có sổ,Căn góc,Đã bàn giao,72,Đất thổ cư,120 m²,4,2,16.7 m,- 75 m2,"Đường Lê Văn Hưu, Phường Mỹ An, Quận Ngũ Hành Sơn, Đà Nẵng",5 m,1 phòng,"2,6 tỷ- 75 m2",Bắc,"Nhà mặt phố, mặt tiền",75 m²,"🏩🏩Chính chủ cần bán nhà cấp 4,có cái mê lững
🍒Sau lưng nhà mặt tiền 15m.
🍒Kiệt trước nhà 3m,đường lê văn hưu,cách trường đại học kinh tế 150m.cách bải biển 1,5km.
🍒Diện tích;75mv,một vị trí quá chi là ok
💰Giá:2ty6 có thương lượng ít
☎️☎️Lh: để đc tư vấn","34,67 triệu/m²",Hoàn thiện cơ bản,300 m²,Đông Nam,"Tập thể, cư xá",Mặt tiền,Mặt bằng kinh doanh
P401,,Chủ ngộp cần bán gấp căn nhà quá đẹp mà rẻ,3 phòng,Lô C,Đã có sổ,Căn góc,Đã bàn giao,72,Đất thổ cư,120 m²,4,2,16.7 m,- 153 m2,"KDC Hồng Loan, Phường Thường Thạnh, Quận Cái Răng, Cần Thơ",5 m,2 phòng,"3,5 tỷ- 153 m2",Bắc,Nhà phố liền kề,153 m²,"2.112♨️KẸT VỐN GIÁ NÀO CŨNG BÁN &-( 

Bán nhà 1 trệt 1 lầu đường D3 kdc Hồng Loan, cách bệnh viện Nam Cần Thơ 70m.
DT: 5x16m; DTXD 153m2. Sổ hồng hoàn công. 
Nhà có 3 phòng ngủ, 1 phòng khách, 1 bếp, 2wc. 
Lộ giới 20m, hướng Đông nam. 

Giá 3,5 tỷ. Giảm mạnh cho đầu tư. 
ACE NÀO CÓ NỀN HỒNG LOAN MUỐN ĐỔI NỀN LẤY NHÀ CŨNG OK LUÔN!

Nhà trống khoá số","22,88 triệu/m²",Hoàn thiện cơ bản,300 m²,Đông Nam,"Tập thể, cư xá",Mặt tiền,Mặt bằng kinh doanh
P401,,"Bán nhà đẹp gần Bệnh viện Thủ Đức, vào ở ngay.",2 phòng,Lô C,Đã có sổ,Căn góc,Đã bàn giao,72,Đất thổ cư,120 m²,4,1,11 m,- 45 m2,"Đường 2, Phường Tam Phú, Quận Thủ Đức, Tp Hồ Chí Minh",4 m,2 phòng,"3,35 tỷ- 45 m2",Bắc,"Nhà ngõ, hẻm",45 m²,"Nhà kết cấu 1 trệt 1 lầu, 2PN/2WC, đường xe ba gác, cao ráo không bao giờ ngập, hàng xóm thân thiện hòa đồng, dân cư ổn định, xem là thích ngay
---------------------------------------------------
- Hướng nhà: chính Bắc
- Diện tích : Ngang 4 x Dài 11
- Đường trước nhà 3m ( Xe bagac chạy thoải mái ) & rất sạch sẽ. Khu an ninh tri thức, xóm đạo nên văn minh cực kì.
- Sổ hồng riêng chính chủ, bao quy hoạch tranh chấp.
Công chứng trong ngày, miễn phí sang tên.
- Hỗ trợ vay vốn ngân hàng
Giá bán: 3.35 tỷ thương lượng trực tiếp","74,44 triệu/m²",Nội thất đầy đủ,60 m²,Bắc,"Tập thể, cư xá",Mặt tiền,Mặt bằng kinh doanh
P401,,Bán Nhà Trần Đại Nghĩa 75m2 Tân Kiên Bình Chánh,3 phòng,Lô C,Đã có sổ,Căn góc,Đã bàn giao,72,Đất thổ cư,120 m²,4,1,16.6 m,- 75 m2,"Trần Đại Nghĩa, Xã Tân Kiên, Huyện Bình Chánh, Tp Hồ Chí Minh",4.5 m,2 phòng,"1,05 tỷ- 75 m2",Bắc,"Nhà mặt phố, mặt tiền",75 m²,"CẦN BÁN GẤP NHÀ ĐƯỜNG TRẦN ĐẠI NGHĨA DO THIẾU VỐN KINH DOANH 
- Nhà 1 trệt 1 lầu 3 phòng ngủ , 2 tolet , 1 bếp 1 phòng khách , nội thất cơ bản đầy đủ
- Nằm ngay đường lớn , xe ô tô có thể di chuyển thoải mái
- Nhà nằm ngay khu dân cư đông đúc, xung quanh trong vòng 500m có đầy đủ các tiện ích như điện máy xanh , chợ tạm , trường học , ...
- Nằm ngay khu vực giao thông thuận tiện , cách QL1A 5p đi xe , di chuyển về trung tâm các quận chỉ từ 10 -15p ,..
-Nhà đang cho thuê tháng 6 triệu , sắp hết hợp đồng thuê
- Nhà sổ hồng riêng biệt đầy đủ , thanh toán đủ sang tên công chứng ngay.
- Hỗ trợ thanh toán linh hoạt , trả chậm trong 3 -6 tháng , có hỗ trợ vay ngân hàng ,...
-Mua nhà tặng luôn hai máy lạnh , còn sài tốt
Liên hệ ngay (Trang)để biết thêm thông tin chi tiết và đi xem nhà",14 triệu/m²,Nội thất cao cấp,150 m²,Bắc,"Tập thể, cư xá",Nở hậu,Mặt bằng kinh doanh
P401,,Bán nhà Cầu Giấy 31m2 4 tầng MT3.8m giá chào 2.65t,3 phòng,Lô C,Đã có sổ,Căn góc,Đã bàn giao,72,Đất thổ cư,120 m²,4,4,16.6 m,- 31 m2,"Đường Cầu Giấy, Phường Quan Hoa, Quận Cầu Giấy, Hà Nội",4 m,3 phòng,"2,65 tỷ- 31 m2",Bắc,"Nhà ngõ, hẻm",31 m²,"Siêu rẻ bán nhà Cầu Giấy 31m2 4 tầng MT3.8m giá chào 2.65 tỷ 
Ngôi nhà ở giữa lòng Cầu Giấy nhà đẹp giá hạt dẻ.
Xung quanh là các trường đại học, và bệnh viện rất gần Đường Cầu GIấy, thuận tiện đi lại.
Mô tả:
- Thiết kế với 4 tầng như sau:
+ T1: khách + bếp.
+ T2+3: 2 ngủ khép kín.
+ T4: phòng thờ + sân phơi, có thể cải tạo thêm 1 ngủ.
Thuê và mua căn hộ để đón tết.
Miễn Môi giới , quảng cáo gọi điện.
Cảm ơn mọi người đã quan tâm và đọc tin, chúc mọi người có một ngày vui vẻ.","85,48 triệu/m²",Nội thất cao cấp,31 m²,Bắc,"Tập thể, cư xá",Nở hậu,Mặt bằng kinh doanh
P401,,"Chính chủ nhà 11F ngõ 168 Nguyễn Xiển 4T 2,18 tỷ",3 phòng,Nguyễn Xiển Thanh Xuân,Đã có sổ,Căn góc,Đã bàn giao,72,Đất thổ cư,120 m²,4,4,16.6 m,- 25 m2,"11 F, Đường Nguyễn Xiển, Phường Hạ Đình, Quận Thanh Xuân, Hà Nội",3.5 m,3 phòng,"2,18 tỷ- 25 m2",Bắc,"Nhà ngõ, hẻm",25 m²,"Chính chủ bán nhà Số 11 F Ngõ 168 Nguyễn Xiển 50 m Ô Tô Tránh 4 Tầng Nhỏ xinh 2,18 tỷ 

Nhà Đẹp Xinh - Đầy Đủ Công Năng Sử Dụng, Ngay Gần Ô Tô, gần phố Nguyễn Xiển
- Ngõ 168 Nguyễn Xiển là Ngõ Víp bậc quận Thanh Xuân, Gần ngã tư Nguyễn Xiển – Khuất Duy Tiến – Nguyễn Trãi thuận tiện đi Kim Giang, Linh Đàm, Hà Đông, Xala Nguyễn Xiển, Ngã Tư Sở, Láng, Trường Chinh, Tây Sơn, Thái Hà - Đống Đa, Khuất Duy Tiến, Ngụy Như Kon Tum, Mỹ Đìn, Cầu Giấy, phố Cổ…
- Nhà Mới Đẹp tặng nội thất sịn. Máy Giặt mới chưa sử dụng loại đắt tiền, điều hòa, nóng lạnh… đầy đủ không thiếu thứ gì, khách mua chỉ việc sách valy về ở
- Nhà Thiết kế để ở mua sắm toàn nội thất sịn, nay chuyển hướng không ở khu vực này nên bán đi.
- Giá chỉ 2,18 tỷ có gia lộc cho khách mua trước tết","87,2 triệu/m²",Nội thất cao cấp,30 m²,Bắc,"Tập thể, cư xá",Nở hậu,Mặt bằng kinh doanh
P401,,MỞ BÁN CĂN HỘ CHUNG CƯ MINI KIM ĐỒNG - GIẢI PHÓNG,1 phòng,Nguyễn Xiển Thanh Xuân,Đã có sổ,Căn góc,Chưa bàn giao,72,Đất thổ cư,41 m²,4,4,16.6 m,- 41 m2,"Đường Kim Đồng, Phường Giáp Bát, Quận Hoàng Mai, Hà Nội",3.5 m,1 phòng,600 triệu- 41 m2,Bắc,"Nhà ngõ, hẻm",25 m²,"Dự án: CHUNG CƯ MINI KIM ĐỒNG GIẢI PHÓNG .
 Thông tin chi tiết: MỞ BÁN CHUNG CƯ MINI KIM ĐỒNG GIẢI PHÓNG VỊ TRÍ VÔ CÙNG TRUNG TÂM VÀ GIÁ BÁN QUÁ RẺ

GẦN BẾN XE GIÁP BÁT - GẦN TRƯƠNG ĐỊNH
 
1. THIẾT KẾ: Tòa nhà thiết kế 8 tâng, 1 thang máy, 1 thang bộ, nhà để xe thược tầng trêt, thông thoáng, rộng rãi, hệ thống giếng trời, bể ngầm, bể chứa riêng biệt

Tòa nhà có Hệ thống phòng cháy chữa cháy đạt tiêu chuẩn quốc gia
 
2. DIỆN TÍCH - GIÁ BÁN

DIỆN TÍCH : 30M - 34M - 45M - 48M - 50M - 55M - 61M2 ( THIẾT KẾ 1-2-3 NGỦ TÙY KHÁCH CHỌN LỰA)

GIÁ TỪ 550TR - 630TR - 760TR - 830 - 910TR- 1 TỶ - 1,2 TỶ/ CĂN ( GIÁ ĐÃ BAO GỒM VAT LÀM SỔ)
 
GIẤY TỜ PHÁP LÝ SỔ HỒNG RIÊNG TỪNG CĂN, HỢP ĐỒNG MUA BÁN CÔNG CHỨNG

Nội thất: Đèn Led, sàn gạch men cao cấp, tủ bếp thiết bị vệ sinh đầy đủ, bếp hút mùi,nóng lạnh,...

LIÊN HỆ TRỰC TIẾP CHỦ ĐẦU TƯ ĐỂ MUA NHÀ GIÁ RẺ","14,63 triệu/m²",Nội thất đầy đủ,30 m²,Bắc,Chung cư,Nở hậu,Mặt bằng kinh doanh
P401,,Đất Thành phố Tây Ninh 320m2,1 phòng,Nguyễn Xiển Thanh Xuân,Đã có sổ,Căn góc,Chưa bàn giao,72,Đất thổ cư,41 m²,4,4,32 m,- 320 m2,"Khu Phố 3, Phường 1, Thành phố Tây Ninh, Tây Ninh",10 m,1 phòng,"1,3 tỷ- 320 m2",Bắc,"Nhà ngõ, hẻm",320 m2,"Bán gấp đất P1, tp. Tây Ninh 10x32, tc 99,3m2. Giá 1 tỷ 3 hết đất. Đất ngay trung tâm tp, gần trường học, siêu thị, bệnh viện.","4,06 triệu/m2",Nội thất đầy đủ,30 m²,Bắc,Chung cư,Hẻm xe hơi,Mặt bằng kinh doanh
P401,,BÁN NỀN NAM LONG 1 GẦN ĐƯỜNG NGUYỄN VĂN QUANG,1 phòng,Nguyễn Xiển Thanh Xuân,Đã có sổ,Căn góc,Chưa bàn giao,72,Đất thổ cư,41 m²,4,4,19 m,- 85.5 m2,"Đường B1, Phường Hưng Thạnh, Quận Cái Răng, Cần Thơ",4.5 m,1 phòng,"2,85 tỷ- 85.5 m2",Bắc,"Nhà ngõ, hẻm",85.5 m2,"BÁN NỀN B2 KDC NAM LONG 1 - BLOCK XÂY GẦN KÍNH NHÀ – CƠ SỞ HẠ TẦNG HOÀN CHỈNH – AN NINH CAO – GẦN TRỤC NỀN NGUYỄN VĂN QUANG THÔNG RA VÕ NGUYÊN GIÁP.
GIÁ BÁN: 2 TY 850 THƯƠNG LƯỢNG GIẤY TỜ.
--------------
Diện Tích: 4,5 X 19
Pháp Lý: Sổ Hồng – Thổ Cư.
Lộ Giới: 14m.
Hướng Nền: Tây Bắc.
Kdc Đông Đúc, Cơ Sở Hạ Tầng Hoàn Chỉnh, An Ninh, Dân Trí Cao, Xung Quanh Nhiều Tiện Ích: Gần Nhiều Văn Phòng Công Ty, Gần Siêu Thị Bigc, Bệnh Viện Hoàn Mỹ, Chợ, Bến Xe, Liền Kề Nhiều Khu Dân Cư Khu Nam, Gần Ủy Ban Quận Cái Răng, Phù Hợp Đầu Tư Sinh Lợi – Định Cư Lâu Dài.
Giá Bán: 2 Ty 850 Thương Lượng Chính Chủ.
---------------
LIÊN HỆ: ANH TUẤN XEM NỀN.","33,53 triệu/m2",Nội thất đầy đủ,30 m²,Tây Bắc,Chung cư,Hẻm xe hơi,Mặt bằng kinh doanh
P401,,Đất Thành phố Tây Ninh 600m² gần chợ giá 90 triệu,1 phòng,Nguyễn Xiển Thanh Xuân,Đã có sổ,Căn góc,Chưa bàn giao,72,Đất thổ cư,41 m²,4,4,20 m,- 600 m2,"Trần Phú, Phường 3, Thành phố Tây Ninh, Tây Ninh",30 m,1 phòng,91 triệu- 600 m2,Bắc,"Nhà ngõ, hẻm",600 m2,"Tôi cần bán gấp lô đất cách chợ Bình Minh 300m thuộc xã Bình Minh, Tp.Tây Ninh.

Đất tôi nằm mặt tiền đường Giồng Cà (DT785). đất sạch không tranh chấp, không dính quy hoạch.
Đất gần chợ trường học và cách Vincom chỉ 2km.
Diện tích rất đẹp ngang 30x20 (thổ cư 100%) thuận tiện kinh doanh vì mặt tiền đường chuẩn bị mở rộng lên 30m.
sổ sách đầy đủ sang tên công chứng ngay.
Hiện đang cần bán giá 91 triệu/ mét ngang giá còn thương lượng ( hoặc cắt ra bán ít nhất 10m ngang).

Liên hệ tôi để xem đất và sổ sách.",151.666 đ/m2,Nội thất đầy đủ,30 m²,Đông,Chung cư,Mặt tiền,Mặt bằng kinh doanh
P401,,Chủ gửi bán gấp nhà 1 lầu 30m2 hẻm xe tải ngay chợ,2 phòng,Nguyễn Xiển Thanh Xuân,Đã có sổ,Căn góc,Chưa bàn giao,72,Đất thổ cư,41 m²,4,4,20 m,- 30 m2,"Đường 59, Phường 14, Quận Gò Vấp, Tp Hồ Chí Minh",30 m,2 phòng,"2,88 tỷ- 30 m2",Bắc,"Nhà ngõ, hẻm",30 m²,"Nhà Ngay chợ, trường học, nhà thờ,... 
-Đường số 59 p14 quận Gò Vấp
-Dt: 3,5x10m công nhận 30m2
Nhà 1lầu 2pn 2wc nhà còn mới đẹp. 
Hẻm to đùng xe tải đỗ trước nhà 
Giá: 2,880tỷ chốt (giá này không kiếm ra căn thứ 2 ở gò vấp).",96 triệu/m²,Nội thất đầy đủ,60 m²,Đông,Chung cư,Hẻm xe hơi,Mặt bằng kinh doanh
P401,,BÁN NHÀ ĐẠI MỖ-TÂY MỖ- GẦN ĐƯỜNG ĐẠI LỘ THĂNG LONG,3 phòng,Nguyễn Xiển Thanh Xuân,Đã có sổ,Căn góc,Chưa bàn giao,72,Đất thổ cư,41 m²,4,4,20 m,- 33 m2,"Đường Tây Mỗ, Phường Đại Mỗ, Quận Nam Từ Liêm, Hà Nội",30 m,3 phòng,"2,05 tỷ- 33 m2",Bắc,"Nhà ngõ, hẻm",33 m²,"Nhà 4 tầng:
- Tầng 1: Phòng khách, bếp, WC.
- Tầng 2,3: mỗi tầng 2 ngủ, 1WC.
- Tầng 4: Phòng thờ: Sân phơi.
Vị trí: ô tô đỗ ngay nhà cạnh vincity đại lộ thăng long.
- Sổ đỏ chính chủ tên vợ chồng mình giá rẻ 2,1 tỷ ưu tiên bán cho hộ gia đình trẻ ,ai thiện trí
(lưu ý xem nhà hẹn trước 30 phút)","62,12 triệu/m²",Nội thất đầy đủ,33 m²,Đông,Chung cư,Hẻm xe hơi,Mặt bằng kinh doanh
P401,,Nhà biệt thự đẹp TP Nha Trang 142m2,3 phòng,Nguyễn Xiển Thanh Xuân,Đã có sổ,Căn góc,Chưa bàn giao,72,Đất thổ cư,41 m²,4,4,20 m,- 142 m2,"Đường Gò Chùa, Xã Vĩnh Thạnh, Thành phố Nha Trang, Khánh Hòa",8 m,2 phòng,"3,1 tỷ- 142 m2",Bắc,Nhà biệt thự,142 m²,"🔥Biệt thự 2 mặt tiền đẹp rẻ sau lưng ủy ban xã Vĩnh Thạnh thành phố Nha Trang
❤Diện tích : 142m full thổ ngang 8m đường bê tông 5m hướng đông bắc và tây bắc 
🏚Nhà gồm 1 trệt 1 lầu, mái ngói , 3 phòng ngủ 2 vệ sinh, khách , bếp , thờ , sân phơi rộng rãi, sân trước để được ô tô..
👉Có 2 đường để đi vào nhà, đều rộng ô tô tránh nhau được, thể quay đầu xe..
👉Tặng thêm nội thất như : Máy lạnh, 2 máy tắm nước nóng lạnh, bộ bàn ghế nệm sofa, kệ tivi...
💰Giá bán : 3.1 tỷ
📱Call + ZaLo : Tài","21,83 triệu/m²",Nội thất đầy đủ,33 m²,Tây Bắc,Chung cư,Hẻm xe hơi,Mặt bằng kinh doanh
P401,,NHÀ 63M2 2LẦU SÁT MẶT TIỀN NGUYỄN THỊ ĐỊNH QUẬN 2,4 phòng,Nguyễn Xiển Thanh Xuân,Đã có sổ,Căn góc,Chưa bàn giao,72,Đất thổ cư,41 m²,4,3,11 m,- 63 m2,"NGUYỄN THỊ ĐỊNH, Phường Thạnh Mỹ Lợi, Quận 2, Tp Hồ Chí Minh",5.6 m,3 phòng,6 tỷ- 63 m2,Bắc,"Nhà ngõ, hẻm",63 m²,"BÁN NHÀ 1 SẸC SÁT ĐƯỜNG NGUYỄN THỊ ĐỊNH QUẬN 2
➡️Nhà thiết kế 1 trệt 2 lầu , 4PN, 3toilet, mái BTCT 
Vị trí sát mt đường, cách Nguyễn Thị Định 20m
👉Dt: 63m2 
-----Dtsd: 144m2
👉Ngang 5.6m , dài 10m. Nở hậu 7m
➡️Hướng: Tây Bắc 
🔥🔥Giá: 6 TỶ","95,24 triệu/m²",Nội thất đầy đủ,144 m²,Tây Bắc,Chung cư,Nở hậu,Mặt bằng kinh doanh
P401,,"Chỉ 1,5 tỷ nhận ngay nhà xây mới gần Trần Hữu Dực",4 phòng,Nguyễn Xiển Thanh Xuân,Đã có sổ,Căn góc,Chưa bàn giao,72,Đất thổ cư,41 m²,4,3,11 m,- 32 m2,"Đường Trần Hữu Dực, Phường Xuân Phương, Quận Nam Từ Liêm, Hà Nội",5.6 m,4 phòng,"2,9 tỷ- 32 m2",Bắc,"Nhà ngõ, hẻm",32 m²,"Công ty chúng tôi hiện đang hoàn thiện căn nhà vị trí đắc địa phường Phương Canh cách đường lớn 15m. Khá gần đường Văn Tiến Dũng kéo dài.

Mua sắm cách 30m. Trường học, trung tâm hành chính cách 50m 

- Mặt tiền: 3.5m 
-Ngõ rộng 
- Thiết kế: 4 tầng, 4 phòng ngủ. Kết cấu hệ khung móng, cột, dầm, sàn bê tông cốt thép bền chắc, lên thêm tầng thoải mái.
- Hoàn thiện: Kiến trúc phong cách Tân Cổ Điển. Vật liệu hoàn thiện: Hiện đại nhất hiện nay.
- Điện nước có hợp đồng đầy đủ, khách mua sang tên cho khách.
- Pháp lý: Sổ đỏ chính chủ.
- Giá bán: 2,9 tỷ (có thương lượng với khách thiện chí! ).
- Liên hệ: Trực tiếp từ chủ đầu tư: để đi xem nhà","90,63 triệu/m²",Nội thất đầy đủ,144 m²,Tây Bắc,Chung cư,Nở hậu,Mặt bằng kinh doanh
P401,,Bán nhà 1 trệt 2 lầu Quận Tân Phú giá 3.8 tỷ,2 phòng,Nguyễn Xiển Thanh Xuân,Đã có sổ,Căn góc,Chưa bàn giao,72,Đất thổ cư,41 m²,4,3,10 m,- 40 m2,"Đường Thoại Ngọc Hầu, Phường Hòa Thạnh, Quận Tân Phú, Tp Hồ Chí Minh",4 m,2 phòng,"3,8 tỷ- 40 m2",Bắc,"Nhà ngõ, hẻm",40 m²,"Nhà nằm ngay vị trí Ngã tư Thoại Ngọc Hầu với Lũy Bán Bích, nhà cách mặt tiền đường tầm 30m.
Kết cấu nhà 1 trệt 2 lầu, nhà xây năm 2017 vì chính chủ đứng ra xây nên khá chắc chắn có thể lên tấm nữa tùy nhu cầu của gia đình.
Khu vực an ninh, sạch sẽ, nằm ngay trung tâm Quận Tân Phú, bán kính 500m là UBND Quận, Trường Đại Học Văn Hiến, Bệnh viện...
Tiện ích khu vực khá đầy đủ, đi qua Âu Cơ, Bàu Cát rất thuận tiện.
Sổ hồng hoàn công đầy đủ, do cần tiền nên cần bán gấp trước tết để lo việc cuối năm.
Xem nhà vui lòng liên hệ em Trúc vào tầm chiều tối.",95 triệu/m²,Nội thất đầy đủ,120 m²,Tây Bắc,Chung cư,Nở hậu,Mặt bằng kinh doanh
P401,,3300m2 view toàn cảnh hồ Thôn 3 Lộc Tân.,2 phòng,Nguyễn Xiển Thanh Xuân,Đã có sổ,Căn góc,Chưa bàn giao,72,Đất nông nghiệp,41 m²,4,3,130 m,- 3.300 m2,"Phùng Hưng, Xã Lộc Tân, Huyện Bảo Lâm, Lâm Đồng",26 m,2 phòng,"2,9 triệu- 3.300 m2",Bắc,"Nhà ngõ, hẻm",3300 m2,"3300m2 view toàn cảnh hồ Thôn 3 Lộc Tân. Đất giáp hồ

- Vị trí: thôn 3 Lộc Tân cách Bảo Lộc 9km
- Diện tích: 26x130 ( 3300m2)
- Đất triền xuống tới hồ.view toàn cảnh hồ thôn 3 Lộc Tân
- Thích hợp biệt thự nghỉ dưỡng, homestay, đầu tư...",878 đ/m2,Nội thất đầy đủ,120 m²,Tây Bắc,Chung cư,Nở hậu,Mặt bằng kinh doanh
P401,,Cần bán căn nhà 1 trệt 1 đúc thật đường xe hơi,2 phòng,Nguyễn Xiển Thanh Xuân,Đang chờ sổ,Căn góc,Chưa bàn giao,72,Đất nông nghiệp,41 m²,4,3,12 m,- 48 m2,"248/8/1/2, Đường Lê Thị Riêng, Phường Thới An, Quận 12, Tp Hồ Chí Minh",4 m,2 phòng,"1,6 tỷ- 48 m2",Bắc,"Nhà ngõ, hẻm",48 m²,"cần bán căn nhà hẻm 248 lê thị riêng phường thới an. nhà 1 trệt 1 đúc thật 2 phòng ngủ phòng khách bếp 2 wc 
hẻm xe hơi cách lê thị riêng 100m gần ubnd quận 12 nhà mấy bia tiger 
pháp lý : ccvb có số nhà quận thuế má dầy đủ bên cạnh đã tách sỗ 1/1/2021 có thể nộp hs để tách sổ 
cần tiền nên bán gấp nhà đăng cho thuê 5tr/ tháng","33,33 triệu/m²",Nội thất đầy đủ,48 m²,Tây Bắc,Chung cư,Hẻm xe hơi,Mặt bằng kinh doanh
P401,,BÁN CĂN TỐT TẠI 4S LINH ĐÔNG HIẾM NHẤT TT TẶNG NT.,2 phòng,Nguyễn Xiển Thanh Xuân,Đang chờ sổ,Căn góc,Đã bàn giao,72,Đất nông nghiệp,75 m²,4,3,12 m,- 75 m2,"Đường 30, Phường Linh Đông, Quận Thủ Đức, Tp Hồ Chí Minh",4 m,2 phòng,"2,4 tỷ- 75 m2",Bắc,"Nhà ngõ, hẻm",48 m²,"Mình chuyển về quê nên cần bán căn nhà tại Quận Thủ Đức, TP. HCM.
Tặng lại tất cả các nội thất chọn lựa kỹ chất lượng nhập khẩu: Giường, tủ bàn ghế, tủ lạnh máy lạnh... Tặng lại tất cả cho khách mua ở.
Căn hộ thuộc Block B, ban công thoáng mát.
2PN 2WC.
View đông nam mát mẻ.
Giá bán 2.4 tỷ đã bao hết thuế phí.
Có ngân hàng cho vay 70%.

Vị trí: Thuận tiện làm việc tại Thủ Đức, Bình Thạnh, quận 1, Gò Vấp. Cách Phạm Văn Đồng 10 phút, nối cầu Bình Triệu về quận 1 chỉ 15 phút. Thiết kế căn hộ theo phong cách Singapore, tất cả các phòng đều có cửa sổ, thông tầng cao rộng rãi nhiều gió và ánh sáng.

Căn hộ có công viên rộng bên trong có hồ bơi, đường chạy bộ, phòng tập gym, tầng trệt có siêu thị, nhà hàng, nhà trẻ và trung tâm khám sức khỏe. Cư dân sống tại căn hộ tất cả đều là công viên chức có trình độ dân trí và ý thức cao về nếp sống. Đảm bảo môi trường sống tốt, giàu trí thức cho con cái phát triển và gia đình thoải mái.

Các chi phí khi bạn ở đây.
- Phí quản lý: 7.000 VND/m2/tháng.
- Điện nước giá nhà nước.
- Phí giữ xe: 100.000 VND/xe máy/tháng, 1.000.000 VND/xe ô tô/tháng.

LH em ngay nhé quý a/c",32 triệu/m²,Nội thất đầy đủ,48 m²,Tây Bắc,Chung cư,Hẻm xe hơi,Mặt bằng kinh doanh
P401,,"Đất mặt phố Đông Ngạc, 55m2 giá 51tr/m2",2 phòng,Nguyễn Xiển Thanh Xuân,Đã có sổ,Căn góc,Đã bàn giao,72,Đất thổ cư,75 m²,4,3,12 m,- 55 m2,"Đường Đông Ngạc, Phường Đông Ngạc, Quận Bắc Từ Liêm, Hà Nội",4 m,2 phòng,"2,8 tỷ- 55 m2",Bắc,"Nhà ngõ, hẻm",55 m2,"💥 Mặt Phố Đông Ngạc( trong đê) - Đường đôi- Kinh doanh đỉnh- Vỉa hè rộng- Giá rẻ như trong ngõ.

 💥 Diện tích 55m2, mặt tiền 4m

💥 Nhà hiện trạng cấp bốn

💥 Nhà nằm ngay vị trí đầu phố Đông Ngạc cách cầu Thăng Long 300m, giáp trường Tiểu học...tiện ích full, giao thông thuận tiện ngay ngã ba Tân Xuân, An Dương Vương, Đông Ngạc.
💥 Sổ đỏ chính chủ, giao dịch ngay
💥💥Giá chào bán 2.8 tỷ có thương lượng.","50,91 triệu/m2",Nội thất đầy đủ,48 m²,Tây Bắc,Chung cư,Nở hậu,Mặt bằng kinh doanh
P401,,"BÁN NHÀ GÒ VẤP CHÍNH CHỦ , HẺM 8M , 4X32M , 3 LẦU",5 phòng,Nguyễn Xiển Thanh Xuân,Đã có sổ,Căn góc,Đã bàn giao,72,Đất thổ cư,75 m²,4,4,32 m,- 114 m2,"Đường Số 3, Phường 9, Quận Gò Vấp, Tp Hồ Chí Minh",4 m,4 phòng,"7,9 tỷ- 114 m2",Bắc,"Nhà mặt phố, mặt tiền",114 m²,"Nhà chính chủ bán , khu dân cư Thạch Đà , Quận Gò Vấp
Thông tin chi tiết :
Bán Nhà Phố Gò Vấp : 1 triệt 3 lầu ( 5 phòng ngủ , 1 phòng sinh hoạt chung , 4 WC) , 2 sân thượng , hồ bơi
Diện tích 114m2 , diện tích sàn 256m , sổ hồng chính chủ ( Sổ đang vay ngân hàng Vietcombank, khách mua khỏi lo vấn đề pháp lý . Ngân hàng định giá 9 tỷ cam kết cho vay trên 6 tỷ ) 
Nhà xây và hoàn công 2019 hướng Tây - Tây Bắc. 
Nhà đã sắm full nội thất : điều hòa , thiết bị vệ sinh cao cấp , đèn trang trí , quạt trần , sàn gỗ , rèm cửa 2 lớp .... Phòng chơi cho bé với nhiều đồ chơi hiện đại.
Khu quy hoạch dân cư ổn định , công nhận đủ 114m2 không vướng quy hoạch, lộ giới .
Đường trước nhà 8m trải nhựa . Phạm Văn Chiêu vào chỉ 250m, đường số 3 vào chỉ 70m
Giá bán 7,9 tỷ . Khách thiện chí thương lượng thêm.","69,3 triệu/m²",Nội thất cao cấp,114 m²,Tây Bắc,Chung cư,Hẻm xe hơi,Mặt bằng kinh doanh
P401,,Bán nhà 56m2 đẹp như hình chỉ 450 tr- Đức Hoà Hạ,2 phòng,Nguyễn Xiển Thanh Xuân,Đang chờ sổ,Căn góc,Đã bàn giao,72,Đất thổ cư,75 m²,4,4,7 m,- 28 m2,"Đường Cây Dương, Xã Đức Hòa Hạ, Huyện Đức Hòa, Long An",4 m,1 phòng,450 triệu- 28 m2,Bắc,"Nhà ngõ, hẻm",28 m²,"Cần bán nhà như hình diện tích đất 28m2(4m -7m), dtsd 56m2 gồm trệt+lầu, 02 phòng ngủ, 01 toi let. Khu dân cư đông đúc thuộc ấp Bình Tiền 2, Đức Hoà Hạ, cách KCN Tân Đức 500m, khu dân cư đông đúc. Sổ hồng chung","16,07 triệu/m²",Nội thất cao cấp,56 m²,Tây Bắc,Chung cư,Hẻm xe hơi,Mặt bằng kinh doanh
P401,,Nhà đẹp cần bán,2 phòng,Nguyễn Xiển Thanh Xuân,Đã có sổ,Căn góc,Đã bàn giao,72,Đất thổ cư,75 m²,4,4,11 m,- 39 m2,"Đường Nguyễn Phước Nguyên, Phường An Khê, Quận Thanh Khê, Đà Nẵng",4 m,1 phòng,"1,7 tỷ- 39 m2",Bắc,"Nhà ngõ, hẻm",39 m²,"Tôi chính chủ cần bán nhà hai tầng nở hậu,như trong hình, nhà kiệt 2 m rưỡi, nằm vị tri rất đẹp,kiệt thông ra chợ hoa hà huy tập hoặc thông ra đường Nguyễn Phước Nguyen, kiệt gió rất mát, kiệt để xe được nhiều vì nhà nằm sau lung nhà kiệt lớn nên để xe được nhiều ko ảnh đến nhà khác, hàng xóm thân thiện hiền hoà,,để lại tất cả nội thất , có sẵn máy nước nóng, điều hòa,chỉ xách và ly đến là ở , nhà đẹp sạch sẻ,","43,59 triệu/m²",Nội thất đầy đủ,80 m²,Đông Bắc,Chung cư,Nở hậu,Mặt bằng kinh doanh
P401,,Bán nhà cấp 4 khu phố 2 long bình tân,1 phòng,Nguyễn Xiển Thanh Xuân,Giấy tờ khác,Căn góc,Đã bàn giao,72,Đất thổ cư,75 m²,4,4,14 m,- 56 m2,"Đường Quốc Lộ 51, Phường Long Bình Tân, Thành phố Biên Hòa, Đồng Nai",4 m,1 phòng,"1,4 tỷ- 56 m2",Bắc,"Nhà ngõ, hẻm",56 m²,"Báo vi phạm
Nhà cần bán căn nhà cấp 4 khu phố 2 long bình tân biên hoà đồng nai. Đường 5m sau lưng dãy cấp tá. Diện tích 4x14m. Quanh bán kính 2km là trường cấp 1,2,3 đại học mở. Siêu thị bigc, bệnh viện singmark, trường cao đẳng lê quý đôn, ngã tư vũng tàu. Chợ long bình tân ,chợ bến gỗ , chợ khu phố 2. Khu vực quân đội an ninh. Đã có sổ đỏ. Liên hệ thanks all.",25 triệu/m²,Nội thất đầy đủ,56 m²,Đông Bắc,Chung cư,Hẻm xe hơi,Mặt bằng kinh doanh
P401,,"Hơn 2 tỷ 30m2×3T, ngõ oto, Mai Anh Tuấn Đống Đa",2 phòng,Nguyễn Xiển Thanh Xuân,Đã có sổ,Căn góc,Đã bàn giao,72,Đất thổ cư,75 m²,4,4,14 m,- 30 m2,"Đường Mai Anh Tuấn, Phường Ô Chợ Dừa, Quận Đống Đa, Hà Nội",4 m,2 phòng,"2,85 tỷ- 30 m2",Bắc,"Nhà ngõ, hẻm",30 m²,"BÁN NHÀ GẦN HỒ HOÀNG CẦU - Ô TÔ VÀO TẬN CỬA- 3 TẦNG Ở LUÔN- AN SINH ĐỈNH- NGÕ THÔNG KINH DOANH

- Vị trí trung tâm vài bước là ra hồ Hoàng Cầu, ngõ trước nhà rộng thoáng, ô tô vào tận cửa, ngõ thông Láng Hạ- Nguyễn Phúc Lai, rất gần mặt phố.

- Nhà xây 3 tầng mỗi tầng 30m2 kiên cố, sẵn nội thất, chỉ việc xách vali đến ở.

- Tiện ích xung quanh nhà không thiếu thứ gì, trung tâm thương mại, trường học, bệnh viện, UBND Quận ngay gần nhà, di chuyển sang các tuyến phố lớn rất nhanh.

- Sổ đỏ chính chủ, giao dịch mọi lúc.

+ GIÁ 2.85 tỷ có TL",95 triệu/m²,Nội thất đầy đủ,100 m²,Đông Bắc,Chung cư,Hẻm xe hơi,Mặt bằng kinh doanh
P401,,Khâm Thiên 5 tầng đẹp ở ngay ngõ rộng gần phố 35m2,3 phòng,Nguyễn Xiển Thanh Xuân,Đã có sổ,Căn góc,Đã bàn giao,72,Đất thổ cư,75 m²,4,4,14 m,- 35 m2,"Đường Khâm Thiên||377, Phường Khâm Thiên, Quận Đống Đa, Hà Nội",4 m,3 phòng,"3,1 tỷ- 35 m2",Bắc,"Nhà ngõ, hẻm",35 m²,"Nhà nằm Khâm Thiên trung tâm Quận Đống Đa, gần phố, ngõ rộng thẳng tắp
Nhà 5 tầng đẹp lung linh ở ngay thiết kế hợp lý 3 ngủ, phòng thờ, phòng khách và sân phơi
Sỏ đỏ chính chủ, sẵn sàng giao dịch
 Gần tuyến phố: Khâm Thiên, Tôn Đức Thắng, Lê Duẩn, Đại Cồ Việt, Giải Phóng, Xã Đàn, Ô Chợ Dừa, Tây Sơn, Thái Hà, Chùa Bộc…
Xung quanh bán kính 1km có đầy đủ các trường Đại Học Lớn: Bách Khoa, Kinh Tế, Xây Dựng, Thủy Lợi, bệnh viện Bạch Mai, BV Đa Khoa Đống Đa
Giá 3.1 tỉ có thương lượng","88,57 triệu/m²",Nội thất đầy đủ,100 m²,Đông Bắc,Chung cư,Hẻm xe hơi,Mặt bằng kinh doanh
P401,,"Bán nhà đẹp Hoàng Văn Thái, 45m2*5T, ngõ taxi",6 phòng,Nguyễn Xiển Thanh Xuân,Đã có sổ,Căn góc,Đã bàn giao,72,Đất thổ cư,75 m²,4,5,10 m,- 45 m2,"Đường Hoàng Văn Thái, Phường Khương Mai, Quận Thanh Xuân, Hà Nội",4.5 m,5 phòng,"4,3 tỷ- 45 m2",Bắc,"Nhà ngõ, hẻm",45 m²,"- Bán nhà đẹp Hoàng Văn Thái, Thanh Xuân, Hà Nội. Diện tích 45m2, mặt tiền 4.5m, nhà xây khung 5 tầng, sát đường, về ở luôn.
- Nằm trong khu phân lô quân đội, dân trí cao, an ninh tốt. Nhiều tiện ích xung quanh: siêu thị, chợ, khu vui chơi giải trí. Trung tâm quận Thanh Xuân, đi lại gần các trường đại học lớn: Đại học Y, Học viện Ngân Hàng, Đại học Kinh Tế Quốc Dân, Bách Khoa, Xây dựng
Giá 4.3 tỷ (Có thương lượng)
- Sổ đỏ chính chủ, vuông vắn chủ thiện chí, bàn giao nhà ngay.
Liên hệ xem nhà Mr Lương: Miễn trung gian","95,56 triệu/m²",Nội thất đầy đủ,225 m²,Đông Bắc,Chung cư,Hẻm xe hơi,Mặt bằng kinh doanh
P401,,Vợ Ck Ly Hôn bán gấp nhà 50m2 nguyễn văn lạc,2 phòng,Nguyễn Xiển Thanh Xuân,Đã có sổ,Căn góc,Đã bàn giao,72,Đất thổ cư,75 m²,4,2,10 m,- 50 m2,"Đường Nguyễn Văn Lạc, Phường 19, Quận Bình Thạnh, Tp Hồ Chí Minh",5 m,2 phòng,"2,2 tỷ- 50 m2",Bắc,"Nhà ngõ, hẻm",50 m²,Vợ Ck ly hôn CHIA TÀI SẢN Cần bán gấp căn nhà 50m2 đường nguyễn văn Lạc 50m2. Ngang 5 dài 10m2. SHR bao sang tên công chứng trong ngày. Tiếp người có thiện chí. LH xem nhà,44 triệu/m²,Nội thất đầy đủ,50 m²,Đông Bắc,Chung cư,Hẻm xe hơi,Mặt bằng kinh doanh
P401,,BÁN GẤP NHÀ PHỐ THẠCH CẦU,4 phòng,Nguyễn Xiển Thanh Xuân,Đã có sổ,Căn góc,Đã bàn giao,72,Đất thổ cư,75 m²,4,2,10 m,- 41 m2,"Đường Thạch Cầu||1423, Phường Long Biên, Quận Long Biên, Hà Nội",5 m,2 phòng,"2,4 tỷ- 41 m2",Bắc,"Nhà ngõ, hẻm",41 m²,"Chủ nhà chuyển vào Nam để sinh sống và làm việc nên cần bán gấp nhà 4 tầng. DT 41m2, mặt tiền 3m, giá chỉ 2,4 tỷ. 
Mô tả: 
+ Vị trí nằm ở trung tâm phường Long Biên, gần phố, gần chợ, ngõ phân lô xe máy tránh.
+ Nhà 4 tầng, còn mới đẹp, thoáng trước sau, chủ xây để ở nên vô cùng tâm huyết, toàn bộ tường trong +sàn nhà chủ ốp lát gạch men cao cấp, khách mua chỉ việc xách vali về ở luôn. Thiết kế:
- Tầng 1: Phòng khách + WC + bếp.
- Tầng 2+3 : Hai phòng rộng + WC + Phòng chứa đồ.
- Tầng 4: Phòng thờ + sân phơi.
+ Sổ đỏ vuông đẹp phân lô. Sẵn sàng giao dịch.","58,54 triệu/m²",Nội thất đầy đủ,41 m²,Đông Bắc,Chung cư,Hẻm xe hơi,Mặt bằng kinh doanh
P401,,BÁN GẤP NHÀ ĐẸP 6 TẦNG 40M NGỌC THỤY CHỈ HƠN 2 TỶ,6 phòng,Nguyễn Xiển Thanh Xuân,Đã có sổ,Căn góc,Đã bàn giao,72,Đất thổ cư,75 m²,4,6,10 m,- 37 m2,"Đường Ngọc Thụy, Phường Ngọc Thụy, Quận Long Biên, Hà Nội",4.5 m,2 phòng,2 tỷ- 37 m2,Bắc,"Nhà ngõ, hẻm",37 m²,"+ Vị trí tuyệt đẹp, khu vực phân lô. Nhà nằm gần chợ Ngọc Thụy, trường Pháp Yersin, giao thông đi lại thuận tiện, ra Nguyễn Văn Cừ, Ngọc Lâm, Bồ Đề, Hoàng Như Tiếp,…sang phố cổ gần
+ Đường trước nhà 2m, cách ngõ oto 10m, khu dân trí cao, an sinh đỉnh, ở sướng.
+ Nhà siêu đẹp, KCBT chắc chắn, thiết kế 6 tầng, mỗi tầng 2 phòng ngủ, vệ sinh khép kín
+ Nhà đẹp, thoáng sáng.
+ Sổ đỏ chính chủ, pháp lý sạch, sang tên ngay.","54,05 triệu/m²",Nội thất đầy đủ,37 m²,Đông Bắc,Chung cư,Nở hậu,Mặt bằng kinh doanh
P401,,Hoa hậu Hào Hoàng Câu 4 ngủ 43m2 thoáng rộng 4.1ti,4 phòng,Nguyễn Xiển Thanh Xuân,Đã có sổ,Căn góc,Đã bàn giao,72,Đất thổ cư,75 m²,4,6,10 m,- 43 m2,"Hoàng Cầu, Phường Ô Chợ Dừa, Quận Đống Đa, Hà Nội",4.5 m,4 phòng,"4,1 tỷ- 43 m2",Bắc,"Nhà ngõ, hẻm",43 m²,"Nhà nằm phố Hoàng Cầu khu vực dân trí cao, an ninh tuyệt vời, nhà gần phố ngõ thẳng tắp vô cùng sáng thoáng, ngõ rộng vị trí đẹp
Nhà gần ngay mặt phố, cách chưa đầy 70m lô góc nhiều thoáng
Chủ nhà là kiến trúc sư có kinh nghiệm tạo nên một ngôi nhà tuyệt vời: Sang trọng và mang vẻ đẹp riêng 
Thiết kế 3 tầng 4 phòng ngủ
Diện tích 43m2
Gần tuyến phố: Láng, Nguyễn Trãi, Nguyễn Chí Thanh, Yên Lãng,Hoàng Cầu, Xã Đàn, Tây Sơn, Trường Chinh…
Giá 4.1 tỉ có thương lượng","95,35 triệu/m²",Nội thất đầy đủ,37 m²,Đông Bắc,Chung cư,Nở hậu,Mặt bằng kinh doanh
P401,,Cơ Hội Cuối Cùng Sở Hữu Nhà 1 Lầu 1 Trệt Kèm Trọ,2 phòng,Nguyễn Xiển Thanh Xuân,Đã có sổ,Căn góc,Đã bàn giao,72,Đất thổ cư,75 m²,4,6,30 m,- 150 m2,"Đường 13, Phường Linh Đông, Quận Thủ Đức, Tp Hồ Chí Minh",5 m,2 phòng,"1,4 tỷ- 150 m2",Bắc,"Nhà mặt phố, mặt tiền",150 m²,"Nhà phố thương mại 1 lầu 1 trệt kèm dãy trọ
🎲Sl: 5 căn (88 căn còn lại 5 căn) 
🖼Thiết kế: 2 mặt tiền
× 1 lầu 1 trệt: Mặt tiền 16m gồm p. khách, p bếp, p ngủ, nvs. 
× Trọ: Có gác đúc betong rộng rãi cho thuê, ở
× Kiot: Mặt tiền 6m, Ngang 5× 6 cho thuê, kinh doanh, ở
📑Pháp lý: Sổ hồng riêng, sang tên công chứng ngay.
🚩Vị trí: Nằm ngay trung tâm khu công nghiệp lớn, có nhiều nhà máy xí nghiệp đã và đang đi vào hoạt động.
× Cách 100m là bệnh viện 500 giường 
× Đối diện ban chỉ huy quân sự","9,33 triệu/m²",Nội thất đầy đủ,192 m²,Đông Nam,Chung cư,Nở hậu,Mặt bằng kinh doanh
P401,,Chú tối cần bán suất ngoại giao từ CĐT giá cắt lỗ,1 phòng,Nguyễn Xiển Thanh Xuân,Giấy tờ khác,Căn góc,Chưa bàn giao,72,Đất thổ cư,55 m²,4,6,30 m,- 55 m2,"Đường Bãi Cháy, Phường Bãi Cháy, Thành phố Hạ Long, Quảng Ninh",5 m,1 phòng,900 triệu- 55 m2,Đông Bắc,"Nhà mặt phố, mặt tiền",150 m²,"Dự án: Sunsquare Bãi Cháy
Thông tin chi tiết: ⭐️CHÍNH THỨC CÔNG BỐ GIÁ DỰ ÁN ⭐️SUNSQUARE BÃI CHÁY⭐️
⚡️CĂN HỘ THÔNG MINH TẠI TRUNG TÂM CÁI RĂM VỚI GIÁ CHỈ TỪ 800 TRIỆU⚡️
✨✨✨Thị trường BĐS Hạ Long không ngừng sôi động. Thu hút các nhà đầu tư lớn và các nhà đầu tư thông thái. Dự án SUNSQUARE Bãi Cháy nằm vị trí vàng đắt giá, căn hộ đẳng cấp, Chủ đầu tư tài chính mạnh và có kinh nghiệm lâu năm

🌠 CHÍNH SÁCH BÁN HÀNG SIÊU ƯU ĐÃI
👉 Hỗ trợ vay vốn 65%
👉 Lãi suất vay 0% trong 18 tháng, ân hạn nợ gốc
👉 Miễn Phí trả nợ trước hạn
👉 Thanh toán theo tiến độ chia 6 đợt
👉Chiết khấu 8% giá bán
👉Miễn phí 2 năm phí quản lý dịch vụ
⚜️GIÁ RẺ NHẤT THỊ TRƯỜNG⚜️SỐ LƯỢNG CỰC GIỚI HẠN⚜️
✅10 căn Shophouse (2,5 tầng)
✅78 căn Chung cư cao cấp nội thất 5*
✅02 căn Penthouse siêu to khổng lồ
>>> Đăng ký nhận thông tin dự án ngay hôm nay!
⛳ Vị trí: Khu dự án Sân vườn Cái Dăm - phường Bãi Cháy, thành phố Hạ Long
===================================
📞 LIÊN HỆ Để nhận thông tin chi tiết","16,36 triệu/m²",Nội thất đầy đủ,192 m²,Tây Bắc,Chung cư,Nở hậu,Mặt bằng kinh doanh
P401,,Bán nhà biệt thự,6 phòng,Nguyễn Xiển Thanh Xuân,Đã có sổ,Căn góc,Chưa bàn giao,72,Đất thổ cư,55 m²,4,6,13.24 m,- 80 m2,"Đường Quang Trung, Phường 14, Quận Gò Vấp, Tp Hồ Chí Minh",4 m,3 phòng,8 triệu- 80 m2,Đông Bắc,"Nhà mặt phố, mặt tiền",80 m²,"Nhà biệt thự liền kề ba tầng diện tích 80 m2, diện tích sử dụng 190m2.
Tầm này mua nhà là sáng suốt nhất, hết dịch là tiền đổ về Việt Nam! Mua nhà hết lúc đó có tiền cũng ko mua được nhà ngon. 
Nhà ngay chợ cực kỳ thuận lợi buôn bán và cho thuê. Liên hệ 096 2163739 chính chủ.",100.000 đ/m²,Nội thất đầy đủ,190 m²,Đông Nam,Chung cư,Nở hậu,Mặt bằng kinh doanh
P401,,Căn hộ biển cao cấp giá ngoại giao cực tốt.,1 phòng,Nguyễn Xiển Thanh Xuân,Đã có sổ,Căn góc,Đã bàn giao,72,Đất thổ cư,46.1 m²,4,6,13.24 m,- 46.1 m2,"Đường Trường Sa, Phường Hoà Hải, Quận Ngũ Hành Sơn, Đà Nẵng",4 m,1 phòng,"1,681 tỷ- 46.1 m2",Đông Bắc,"Nhà mặt phố, mặt tiền",80 m²,"⛳️⛳️⛳️Căn hộ độc nhất vô nhị nằm giữa 2 sân golf chỉ có thể là kiệt tác #GolfViewLuxuryApartmentDanang ⛳️ ⛳️⛳️
-----------🌼🍀🔥------------
💎 1 Phòng ngủ : 47m2 - 77m2. 
💎 2 Phòng ngủ : 70m2 - 100m2.
💎 3 Phòng ngủ : 95m2 - 124m2.
💎 #Cănhộ Sở hữu lâu dài view 2 #sânGolf đầu tiên. 
🎯Chính Sách bán hàng: 
🎊 Chiết khấu ngay 10% cho khách hàng.
🎊 Tặng ngay 700 USD cho 10 KH đầu tiên.
🎊 Hỗ trợ ngay vé máy bay cho KH giao dịch.
🎊 Hỗ trợ vay ngân hàng lên đến 65% và 0% lãi suất trong vòng 12 tháng.
🎊 Hỗ trợ thanh toán cực kì linh hoạt.
-----------🌼🍀🔥------------
Vị trí: Tứ diện kim cương:
💎 Nằm ngay trục đường huyết mạch 28m #VõNguyênGiáp nối dài từ #ĐàNẵng đi vào #HộiAn.
💎 Ngay khu đô thị, dân cư đông đúc, sầm uất.
💎 Cách #bãitắm biển chỉ 3 phút di chuyển.
💎 Dự án ôm trọn mặt #Sông #CổCò dài 1km.
💎 Dự án có đường hầm qua biển dài nhất.
💎 Nằm ngay giữa 2 sân golf quốc tế + Khu vực này tập trung các khu nghỉ dưỡng cao cấp như #Ocean Villas, #S
#BánchungcưGolfViewLuxuryApartmentĐàNẵng 
#GolfViewLuxuryApartmentĐàNẵng 
#CănhộchothuêGolfViewLuxuryApartmentDanang 
#CănhộcaocấpGolfViewLuxuryApartmentDanang
#CănhộđầutưGolfViewLuxuryApartmentDanang
#CănhộnghỉdưỡngGolfViewLuxuryApartmentDanang
#ChothuêcănhộGolfViewLuxuryApartmentĐàNẵng
#BánchungcưGolfViewLuxuryApartmentNgũHànhSơnĐàNẵng
#BáncănhộGolfViewLuxuryApartmentDanang
#BáncănhộchungcưGolfViewLuxuryApartmentDanang
#BáncănhộGolfViewLuxuryApartmentNgũHànhSơnDanang
#BáncănhộchungcưGolfViewLuxuryApartmentNgũHànhSơnDanang","36,54 triệu/m²",Nội thất đầy đủ,190 m²,Đông Nam,Chung cư,Nở hậu,Mặt bằng kinh doanh
P401,,"Nhà Hóc môn 1 trệt 1 lầu, 2pn, 2wc giá 520tr, SHR",2 phòng,Nguyễn Xiển Thanh Xuân,Đã có sổ,Căn góc,Đã bàn giao,72,Đất thổ cư,46.1 m²,4,6,14 m,- 70 m2,"Đường Nguyễn Văn Bứa, Xã Xuân Thới Sơn, Huyện Hóc Môn, Tp Hồ Chí Minh",5 m,2 phòng,520 triệu- 70 m2,Đông Bắc,Nhà phố liền kề,70 m²,"Nhà bán 1 trệt 1 lầu giá 285 triệu/căn. Sổ Hồng Vĩnh Viễn Trọn Gói 540 Triệu/Căn
Thiết kế:
- Xây mới 1 trệt 1 lầu, đã hoàn thiện vào ở ngay.
- Có 1 PK, 1 Bếp, 2, PN, 2WC , ban công, giếng trời , sân trước .
Pháp Lí:
- Thổ Cư 100%, Sổ hồng, công chứng.
Vị Trí:
- Nằm gần đường Nguyễn Văn Bứa - Hóc Môn.
Tiện ích xung quanh hiện hữu và đầy đủ:
- Chợ, Bách hóa xanh, Thế Giới Di Động,…
- Trường Cấp 1,2,3 trong bán kính 1km.
Đặc Biệt:
- Tặng gói nội thất: 1 bộ ghế sofa, 1 nệm, 1 bếp.
Khách hàng quan tâm xin vui lòng để lại số điện thoại hoặc inbox để được nhận thêm thông tin về căn nhà.","7,43 triệu/m²",Nội thất đầy đủ,62 m²,Đông Nam,Chung cư,Nở hậu,Mặt bằng kinh doanh
P401,,❗️CĂN GÓC 2 MT Q10❗️chủ kẹt tiền bán gấp 4tỷ 220,4 phòng,Nguyễn Xiển Thanh Xuân,Đã có sổ,Căn góc,Đã bàn giao,72,Đất thổ cư,46.1 m²,4,3,12 m,- 53 m2,"Đường 3/2, Phường 12, Quận 10, Tp Hồ Chí Minh",5 m,5 phòng,"4,22 tỷ- 53 m2",Đông Bắc,"Nhà ngõ, hẻm",53 m²,"Chủ kí gửi bán nhanh căn góc 2 mặt tiền hẻm 1 xẹt xe hơi 🎁
Diện tích nhà : 1 trệt 3 lầu (4,6 x 11,50) 
- 4 phòng ngủ 5 toilet 
- phòng khách 
- bếp , sân thượng 
- Phòng ăn, phòng thờ
- Vị trí : Trung Tâm quận 10 di chuyển giao thông thuận tiện 
- Hẻm xe hơi 7m
- Sổ hồng riêng , pháp lý rõ ràng
-nhà vừa hết hợp đồng cho thuê 24tr/tháng
- Miễn Tiếp Môi Giới !","79,62 triệu/m²",Nội thất đầy đủ,191 m²,Đông Nam,Chung cư,Hẻm xe hơi,Mặt bằng kinh doanh
P401,,"Nhà mới,oto đỗ,MT rộng6m,5T, 45m2 ngay phúc lợi-LB",4 phòng,Nguyễn Xiển Thanh Xuân,Đã có sổ,Căn góc,Đã bàn giao,72,Đất thổ cư,46.1 m²,4,5,12 m,- 45 m2,"Đường Phúc Lợi, Phường Phúc Lợi, Quận Long Biên, Hà Nội",6 m,5 phòng,"3,45 tỷ- 45 m2",Đông Bắc,"Nhà mặt phố, mặt tiền",45 m²,"Vị trí đắc địa nhất nhì phố Phúc Lợi, Long Biên. Nhà mới xây, cực đẹp 45m2, mặt tiền rộng 6m. Xây 5 tầng chắc chắn. Oto đỗ cửa.
- Thiết kế công năng cực kỳ hợp lý
-Trước của đỗ 2 oto, nhà thoáng mát, ánh sáng tran hòa.Tràn ngập sinh khí.
- Thiết bị tiện nghi đầy đủ, về ở ngay
- Cách 100m có trường học cấp 1, 200m có trường mầm non. Bán kính 1km chợ, trường, trạm đủ cả. gần Vinhom riverside, sát KĐT Việt Hưng hưởng trọn hạ tầng hoàn chỉnh, thông các ngả đi đâu cũng tiện.
- Số đỏ chói chang, sãn sàng giao dịch

Chủ nhà đang cần tiền gấp,mót bán nhanh , chỉ còn 3,45tỷ.thỏa mãi thương lượng.

Hãy liên hệ Dũng ngay để chớp lấy cơ hội có 102 sở hữu Em chân dài này rất rất ngon này nhé. ( Mình là Dũng đã trung tuổi nên Lv rất trung thực và trách nhiệm)","76,67 triệu/m²",Nội thất đầy đủ,191 m²,Đông Nam,Chung cư,Nở hậu,Mặt bằng kinh doanh
P401,,Nhà bán gấp sổ Hồng thổ cư 100%,5 phòng,Nguyễn Xiển Thanh Xuân,Đã có sổ,Căn góc,Đã bàn giao,72,Đất thổ cư,46.1 m²,4,3,20 m,- 100 m2,"Đường Võ Nguyên Giáp, Phường 7, Thành phố Trà Vinh, Trà Vinh",5 m,3 phòng,"1,5 tỷ- 100 m2",Đông Bắc,"Nhà mặt phố, mặt tiền",100 m²,"Cần bán gấp 1 căn nhà đẹp tại phường 7 tp trà vinh, sổ Hồng riêng, có thổ cư 100 . Gần công viên trẻ em tp Trà Vinh
Kẹt tiền bán gấp, cần Thoòng tin liên hệ! Giá có thể thương lượng nhẹ",15 triệu/m²,Nội thất cao cấp,1005 m²,Đông Nam,Chung cư,Nở hậu,Mặt bằng kinh doanh
P401,,Đất Nền TT Hành Chính Quận Bình Thủy - Cần Thơ,5 phòng,The Ambi,Đã có sổ,Căn góc,Đã bàn giao,L47 - 66,Đất nền dự án,46.1 m²,4,3,22.7 m,- 102 m2,"Đường Đặng Văn Dầy, Phường Bình Thủy, Quận Bình Thủy, Cần Thơ, Phường Bình Thủy, Quận Bình Thuỷ, Cần Thơ",4.5 m,3 phòng,"2,24 tỷ- 102 m2",Đông Bắc,"Nhà mặt phố, mặt tiền",102 m2,"ĐẤT NỀN TRUNG TÂM QUẬN BÌNH THỦY - GẦN SÂN BAY QUỐC TẾ CẦN THƠ
-Diện tích: 4.5m x 22.7m (102m2)
-Giá gốc trực tiếp chủ đầu tư: 2.24ty
* Hỗ trợ khách hàng thanh toán chỉ 1%/tháng ( 2 năm)
*Chương trình chiết khấu lên đến 9%
-Gần cung đường Đại Lộ Ánh Sáng tuyệt đẹp, Hồ Ánh Sáng, Sân Tập Golf..v.uv.
 Tiện ích đã hiện hữu và đi vào hoạt động: trường học bình thủy cấp 1 - 3, Các cơ quan hành chính, hệ thống y tế hiện đại, cung đường thương mại sầm uất
Liên hệ ngay số điện thoại gặp Đức để được tư vấn","21,96 triệu/m2",Nội thất cao cấp,1005 m²,Tây Bắc,Chung cư,Mặt tiền,Mặt bằng kinh doanh
P401,,Bán nhà 3 tầng siêu đẹp kiệt oto Dũng Sỹ Thanh Khê,3 phòng,The Ambi,Đã có sổ,Căn góc,Đã bàn giao,L47 - 66,Đất nền dự án,46.1 m²,4,3,14 m,- 68 m2,"150, Đường Dũng Sĩ Thanh Khê, Phường Thanh Khê Tây, Quận Thanh Khê, Đà Nẵng",5 m,3 phòng,"3,5 tỷ- 68 m2",Đông Bắc,"Nhà ngõ, hẻm",68 m²,"NHÀ SIÊU ĐẸP KIỆT Ô TÔ - DŨNG SỸ THANH KHÊ 

- Vị trí: trung tâm quận Thanh Khê, cách đường chính chỉ 30m. Kiệt trước nhà 4m thoáng mát, kiệt sau 2m5
- Diện tích: 68 (nở hậu). Diện tích sử dụng: 168m²
- Hướng: ĐôngNam
- Công năng đầy đủ: 3pn, 3wc, phòng thờ, sân để xe....
- Nhà gần tất cả mọi tiện ích, trường học, bệnh viện,....khu dân cư đông đúc, kinh doanh sầm uất
- Nhà y hình chụp full nội thất cao cấp chỉ cần dọn vào ở ngay

➡️Giá: 3ti5xx có tl...nắm chủ","51,47 triệu/m²",Nội thất cao cấp,168 m²,Đông Nam,Chung cư,Nở hậu,Mặt bằng kinh doanh
P401,,"Bán nhà HXH 8m Tô Hiến Thành P14 Q10 ,4.1 x 16.2M",4 phòng,The Ambi,Đã có sổ,Căn góc,Đã bàn giao,L47 - 66,Đất nền dự án,46.1 m²,4,4,16.2 m,- 65 m2,"Đường Tô Hiến Thành||5421, Phường 14, Quận 10, Tp Hồ Chí Minh",4.1 m,5 phòng,"11,9 tỷ- 65 m2",Đông Bắc,"Nhà ngõ, hẻm",65 m²,"-Cần bán gấp nhà hẻm xe hơi thông nhiều ngõ , gần ngã 4 Sư Vạn Hạnh ,Thành Thái, Đồng Nai , CMT8,khu cư xá Bắc Hải ,chợ thuốc Nguyễn Giãn Thanh hẻm sạch sẽ ,an ninh dân trí ,xe hơi đậu trong nhà,gồm có 4 phòng ngủ ,1 phòng khách ,bếp ,phòng thờ ,sân phơi ,vệ sinh riêng từng phòng ,nhà còn rất mới bê tông cốt thép kiên cố chắc chắn,rất phù hợp cho nhu cầu ac mua ở sinh sống và làm việc tại trung tâm Q10,hoặc làm văn phòng cty,phòng khám tại nhà ,kinh doanh online.v.v..xung quanh bán kín 1km có đầy đủ các tiện ích như siêu thị big C Miền Đông ,trung tâm thương mại Vạn Hạnh Mall,công viên Lê Thị Riêng ,Bệnh Viện 115,trường đại học Huflit ,y khoa Phạm Ngọc Thạch ,nhà thờ cư xá Đồng Tiến , giao thông thuận tiện đi lại qua các q1.3.5.8.11,tân bình.

-Diện tích thực tế: 4.1 x 16.2 m vuông vức như tờ giấy A4 không lổi phong thủy.

- Hiện trạng nhà: 1 trệt, 2 lầu sân thượng.

- Giá bán: 11.9 tỷ còn thương lượng bớt chút lộc cho khách hàng có thiện chí.

- Sổ hồng chính chủ pháp lý đầy đủ, mua bán công chứng nhanh.

- Cam kết mọi thông tin thật 100% (Hỗ trợ tận tình AC từ khi mua bán đến kết thúc giao dịch). (Miễn TG - MG cò lười coppy tin).

- Liên hệ xem nhà: A. Thu.","183,08 triệu/m²",Nội thất cao cấp,240 m²,Đông Nam,Chung cư,Hẻm xe hơi,Mặt bằng kinh doanh
P401,,Cần tiền xây nhà Thuận An tôi bán căn nhà như hình,nhiều hơn 10 phòng,The Ambi,Đã có sổ,Căn góc,Đã bàn giao,L47 - 66,Đất nền dự án,46.1 m²,4,4,30 m,- 150 m2,"vĩnh phú 1, Phường Vĩnh Phú, Thị xã Thuận An, Bình Dương",15 m,Nhiều hơn 6 phòng,"1,7 tỷ- 150 m2",Đông Bắc,"Nhà mặt phố, mặt tiền",150 m²,"Tôi cần tiền xây nhà ở Thuận An nên cần bán gấp căn trọ 3 dãy như hình ở khu MP3_Bình Dương. 

Vị trí thuộc Khu Hành Chánh mới Bình Dương, chỉ cách KDL Đại Nam 2,5km, dân cư xung quanh đông đúc, các tiện ích xung quanh khu nhà như Trường Học hay Chợ đều có đầy đủ và cách đó ko xa. Khu này còn có Trường Đại Học lớn Miền nam: Đại Học Quốc Tế Việt Đức mới xây xong và bắt đầu tuyển sinh vào đầu năm 2021. Nên anh/chị mua về ở cho con cái đi học sẵn tiện mình có thêm thu nhập hàng tháng.

Diện tích 450m2(15mx30m), tôi xây thành 3 dãy nhà trọ đơn mỗi dãy 150m2 riêng biệt, mỗi căn gồm phía trước là căn nhà ở 2 phòng ngủ+ Gác lửng rộng rãi thoáng mát và 4 phòng trọ cho thuê phía sau, thu nhập 8tr/tháng.

Gía tôi bán là 1,7 tỉ/dãy, Thổ cư 100%, sổ hồng riêng, đầy đủ giấy tờ chứng nhận quyền sử dụng BĐS, giấy phép xây dựng,.. mọi thủ tục pháp lí đều làm tại phòng công chứng (mình chịu toàn bộ mọi chi phí) 

Cần bán gấp nên anh chị đi xem cứ ghé nhà xem sổ sách giấy tờ pháp lí đúng chính xác rồi đi xem luôn cho đỡ mất thời gian đôi bên.","11,33 triệu/m²",Nội thất cao cấp,450 m²,Bắc,Chung cư,Hẻm xe hơi,Mặt bằng kinh doanh
P401,,Bán nhà 1 lầu 1 trệt đường 6m .ngay chợ thanh hóa,2 phòng,The Ambi,Giấy tờ khác,Căn góc,Đã bàn giao,L47 - 66,Đất nền dự án,46.1 m²,4,4,10 m, GIÁ TỐT,"0005, Đường Thân Nhân Trung, Phường Trảng Dài, Thành phố Biên Hòa, Đồng Nai",6 m,2 phòng,"1,25 tỷ GIÁ TỐT- 64 m2",Đông Bắc,"Nhà mặt phố, mặt tiền",64 m²,"Cần bán căn nhà 1 lầu 1 trệt gần chợ thanh hóa trảng dài đổ thật mới 99.9% , nhà được thiêt kế hiện đại không gian mở thoáng mát , mặt đường 6m hiện hữu , dân cư đông đúc điện nước máy đầy đủ ...! Đặt biệt tặng bộ bàn phòng khách .
Vị trí : cách chợ thanh hóa 500m.nằm sau lưng đại học công nghệ đồng nai , gần nhà thờ LỘC LÂM , bán kính 1 km đầy đủ tiện nghi ...!
Nhà được thiết kế hiện đại gồm 2 phòng ngủ .phòng khách phòng thờ và chỗ để oto và 2wc ...!
Dt : 120m2 sử dụng ngang 6m
Mua bán chính chỉ sổ gốc .
Giá chỉ 1ty250 
Lh : gặp danh 15t
Mua bán nhận ký gửi nhà đất .","19,53 triệu/m²",Nội thất đầy đủ,120 m²,Tây Bắc,Chung cư,Hẻm xe hơi,Mặt bằng kinh doanh
P401,,"Bán Nhà Phố Sinh Thái Ven Sông.DT:140m2.Giá: 2,8Tỷ",3 phòng,The Ambi,Giấy tờ khác,Căn góc,Đã bàn giao,L47 - 66,Đất nền dự án,46.1 m²,4,4,10 m,- 140 m2,"Đường Nam Cao ||17010, Xã Long Hưng, Thành phố Biên Hòa, Đồng Nai",6 m,2 phòng,"2,8 tỷ- 140 m2",Đông Bắc,"Nhà mặt phố, mặt tiền",140 m²,"Cần bán nhà phố sinh thái ven sông tại Đảo Phượng Hoàng. Tọa lạc ngay tại khu Đại Đô Thị Vệ Tinh Sinh Thái Ven Sông Bậc Phía Đông TP.HCM. Đầy đủ tất cả tiện ích: Trường học các cấp, TTTM, Trung Tâm Thể Thao, Bệnh Viện Quốc Tế, Bến Du Thuyền, Công Viên Cây Xanh Và Đường Đi Bộ Ven Sông cùng mặt nước chiếm 70% trải dài khắp khu dân cư cho cuộc sống tràn đầy sinh thái, sức khỏe, vui tươi, hạnh phúc vì mỗi ngày sống ở đây như một ngày nghỉ dưỡng. Nơi giao thoa giữa đất trời và thiên nhiên, mang đến VƯỢNG TÀI, LỘC, KHÍ cho chính gia chủ ở đây. DT: 7x20m (1 Trệt – 2 Lầu). Giá: 2,8 Tỷ*",20 triệu/m²,Nội thất đầy đủ,120 m²,Tây Bắc,Chung cư,Hẻm xe hơi,Mặt bằng kinh doanh
P401,,Bán đất full thổ cư gần nhà máy thuốc lá Bến Tre,3 phòng,The Ambi,Đã có sổ,Căn góc,Đã bàn giao,L47 - 66,Đất thổ cư,46.1 m²,4,4,25 m,- 125 m2,"Đường Đồng Khởi, Phường Phú Tân, Thành phố Bến Tre, Bến Tre",5 m,2 phòng,"1,2 tỷ- 125 m2",Đông Bắc,"Nhà mặt phố, mặt tiền",125 m2,"Đất hẻm sân bia ( kế bên nhà máy thuốc lá Bến Tre ) cách đường Đồng Khởi khoảng 600m.
Cách trung tâm thành phố Bến Tre khoảng 1,5 km.
Giá tốt cho ae có thiện chí.","9,6 triệu/m2",Nội thất đầy đủ,120 m²,Tây Bắc,Chung cư,Hẻm xe hơi,Mặt bằng kinh doanh
P401,,Tòa nhà Văn phòng Quận Tân Bình khu vực sân bay,3 phòng,The Ambi,Đã có sổ,Căn góc,Đã bàn giao,L47 - 66,Đất thổ cư,233.5 m²,4,4,25 m,- 233.5 m2,"Đường Lam Sơn, Phường 2, Quận Tân Bình, Tp Hồ Chí Minh",5 m,2 phòng,65 tỷ- 233.5 m2,Đông Bắc,"Nhà mặt phố, mặt tiền",125 m2,"- Cần bán tòa nhà văn phòng mặt tiền đường Lam Sơn, Tân Bình cách sân bay 2 phút.
- Tòa nhà kết cấu 1 hầm + 5 tầng lầu
- Xung quanh là khu vực dân cư sầm uất, tiện ích đầy đủ","278,97 triệu/m²",Nội thất đầy đủ,120 m²,Tây Bắc,Chung cư,Hẻm xe hơi,Văn phòng
P401,,Đất vườn ngay tỉnh lộ 7 chỉ 840 triệu/lô 500m2,3 phòng,The Ambi,Đã có sổ,Căn góc,Đã bàn giao,L47 - 66,Đất thổ cư,233.5 m²,4,4,30 m,- 500 m2,"Đường Tỉnh Lộ 7, Xã Trung Lập Hạ, Huyện Củ Chi, Tp Hồ Chí Minh",18 m,2 phòng,840 triệu- 500 m2,Đông Bắc,"Nhà mặt phố, mặt tiền",500 m2,"Gia đình cần bán lô đất vườn tại Trung lập hạ củ chi
cách đường tỉnh lộ 7 chỉ 150m, xe hơi vào tới đất
đất nằm trong khu dân cư đông đúc
diện tích 18x30m
thích hợp làm nhà vườn
giá bán 840 triêu bớt lộc","1,68 triệu/m2",Nội thất đầy đủ,120 m²,Đông Bắc,Chung cư,Nở hậu,Văn phòng
P401,,💓🔒Cần_tiền_làm_ăn_bán_rẻ_nhà_95.2m2_TPVL🎡,2 phòng,The Ambi,Đã có sổ,Căn góc,Đã bàn giao,L47 - 66,Đất thổ cư,233.5 m²,4,4,30 m,- 95 m2,"Đường số 1, Xã Tân Ngãi, Thành phố Vĩnh Long, Vĩnh Long",18 m,3 phòng,"2,984 tỷ- 95 m2",Đông Bắc,"Nhà mặt phố, mặt tiền",95 m²,"Bán gấp căn nhà cực đẹp
💷 Vị trí đắc địa ngay KDC Cổ Chiên, Thành phố Vĩnh Long, Vĩnh Long
💷 Diện tích hợp lý 95 m2
💷 Pháp lý: Sổ đỏ riêng từng căn

💷 Khu vực dân cư đông đúc, hạ tầng đẹp bài bản, vỉa hè cây xanh điện nước đầy đủ.

💷 Cách vài bước chân là đa dạng các tiện ích, dịch vụ như chợ, quán ăn, cửa hàng, cây xăng, trường học,…

💷 Khu vực ven sông mát mẻ quanh năm, thích hợp an cư nghỉ dưỡng

💷 #NT_LAnd nhận ký gửi nhà đất 

💷 Giá chỉ có 2984.000.000đ

💷 Anh chị có nhu cầu vui lòng liên hệ sdt bên dưới

💷 Cảm giác thoải mái nhất là khi biết rằng bạn đang đứng trên đất của chính bạn. Đất đai là điều duy nhất không thể bay đi

💷 #Nhà_Đất_Vĩnh_Long #bds_vĩnh_long #NT_LAnd #Đất_Nền_VĨnh_Long","31,41 triệu/m²",Nội thất đầy đủ,120 m²,Đông Bắc,Chung cư,Nở hậu,Văn phòng
P401,,Cần tiền Gấp bán căn Chung Cư Tầng 1.,2 phòng,The Ambi,Đã có sổ,Căn góc,Đã bàn giao,L47 - 66,Đất thổ cư,30 m²,4,4,30 m,- 30 m2,"Đường D4, Phường An Phú, Thị xã Thuận An, Bình Dương",18 m,1 phòng,450 triệu- 30 m2,Đông Bắc,"Nhà mặt phố, mặt tiền",95 m²,"Nhà có căn Chung Cư Tầng 1 cần bán Gấp 
Diện tích 30m2
Nhà trống dọn vào ở ngay
Cách siêu thị Aeon chỉ 5 phút đi xe 
Có bãi để xe Ôtô - bãi xe máy 
Có sân chơi dành cho con nít 
Có sân để tập thể dục 
Liên hệ để được đi xem vị trí",15 triệu/m²,Nội thất đầy đủ,120 m²,Đông Bắc,Chung cư,Nở hậu,Văn phòng
P401,,bán đất nông nghiệp 4080 m tại xã qui đức tphcm,2 phòng,The Ambi,Đã có sổ,Căn góc,Đã bàn giao,L47 - 66,Đất nông nghiệp,30 m²,4,4,65 m,- 4.080 m2,"Đường Đoàn Nguyễn Tuân, Xã Quy Đức, Huyện Bình Chánh, Tp Hồ Chí Minh",60 m,1 phòng,"4,5 tỷ- 4.080 m2",Đông Bắc,"Nhà mặt phố, mặt tiền",4080 m2,khu đất nằm cạnh hương lộ. 11 đường đoàn nguyễn tuân xã qui đức bình chánh tphcm,"1,1 triệu/m2",Nội thất đầy đủ,120 m²,Đông Nam,Chung cư,Nở hậu,Văn phòng
P401,,"Chính Chủ cần bán Đất Định Hòa , 1 sec dx70",2 phòng,The Ambi,Đã có sổ,Căn góc,Đã bàn giao,L47 - 66,Đất thổ cư,30 m²,4,4,19 m,- 95 m2,"Dx70, Phường Định Hoà, Thành phố Thủ Dầu Một, Bình Dương",5 m,1 phòng,"1,6 tỷ- 95 m2",Đông Bắc,"Nhà mặt phố, mặt tiền",95 m2,"Chính chủ cần bán Đất Định Hòa ☺☺
1 sec dx70, vị trí dân đông kín, gần đường MPTV
Dt 5 x 19 thổ cư 60m. Bao đường lên bê tông
qua năm bệnh viện phương chi hoạt động giá trị cao, mua nhanh bớt lộc 
Giá 1ty6 
xem đất và nhận cọc","16,84 triệu/m2",Nội thất đầy đủ,120 m²,Tây Bắc,Chung cư,Hẻm xe hơi,Văn phòng
P401,,Ông anh nợ ngân hàng cần bán gấp lô 5x15 giá rẻ,2 phòng,The Ambi,Đã có sổ,Căn góc,Đã bàn giao,L47 - 66,Đất thổ cư,30 m²,4,4,15 m,- 76 m2,"Dt741, Phường Chánh Phú Hòa, Thị xã Bến Cát, Bình Dương",5 m,1 phòng,700 triệu- 76 m2,Đông Bắc,"Nhà mặt phố, mặt tiền",76 m2,"đất chính chủ. sổ hồng riêng
mặt đường nhựa 8m
gần trường . chợ . bệnh viện
giá công nhân.
cần thanh lý càng nhanh càng tốt","9,21 triệu/m2",Nội thất đầy đủ,120 m²,Tây Bắc,Chung cư,Hẻm xe hơi,Văn phòng
P401,,Kẹt Tiền Bán Gấp Lấy Tiền Ăn Tết Nền Ngay TTTP,2 phòng,The Ambi,Đã có sổ,Căn góc,Đã bàn giao,L47 - 66,Đất thổ cư,30 m²,4,4,9 m,- 49 m2,"Đường 30/4, Phường Hưng Lợi, Quận Ninh Kiều, Cần Thơ",5.8 m,1 phòng,"1,299 tỷ- 49 m2",Đông Bắc,"Nhà mặt phố, mặt tiền",49 m2,"Kẹt tiền bán gấp nền chính hẻm 520 đối diện đài truyền hình đường 30/4 , Hưng lợi , ninh kiều 
lộ giới 2.5m 
diện tích 5.8x9m= 49m2 thổ cư 
cách mt 30/4 50m 
giá 1 tỷ 300tr. Thương lượng nhanh khách thiện chí","26,51 triệu/m2",Nội thất đầy đủ,120 m²,Tây Bắc,Chung cư,Hẻm xe hơi,Văn phòng
P401,,Bán 24công đất ruộng Mỹ Thới Tplx An Giang,2 phòng,The Ambi,Đã có sổ,Căn góc,Đã bàn giao,L47 - 66,Đất nông nghiệp,30 m²,4,4,534 m,- 24.000 m2,"Đất ruộng, Phường Mỹ Thới, Thành phố Long Xuyên, An Giang",45 m,1 phòng,"13,2 tỷ- 24.000 m2",Đông Bắc,"Nhà mặt phố, mặt tiền",24000 m2,"Dự án: Đất ruộng
Thông tin chi tiết: - Bán 24 công ruộng mỹ thới cặp kênh hội đồng, mỹ thới, tplx, ag
 - dt: mặt tiền kinh 45m ( tổng 24công)
 - giá: inbox
 📱📱xin vui lòng liên hệ Thuý:",550.000 đ/m2,Nội thất đầy đủ,120 m²,Tây Bắc,Chung cư,Hẻm xe hơi,Văn phòng
P401,,Bán căn hộ Vinhomes Ocean Park Gia Lâm 69m² 2PN,2 phòng,The Ambi,Đã có sổ,Căn góc,Đã bàn giao,L47 - 66,Đất nông nghiệp,69 m²,4,4,534 m,- 69 m2,"Đường Quốc Lộ 5, Thị trấn Trâu Quỳ, Huyện Gia Lâm, Hà Nội",45 m,2 phòng,"2,3 tỷ- 69 m2",Đông Bắc,"Nhà mặt phố, mặt tiền",24000 m2,"Em gái tôi cần bán gấp căn hộ OCEAN PARK ,Căn góc, DT 69m2 
2 ngủ Ban công hướng Đông Nam, View thoáng, ko bị che chắn.
View bể bơi 4 mùa, Cạnh ngay trường liên cấp vinschool, sân thể thao, công viên. Cạnh nữa là nhà để xe 5 tầng sát tòa nhà. Nhà đã nhận bàn giao.
Liên hệ trực tiếp với em gái tôi (miễn trung gian, báo mạng)","33,33 triệu/m²",Hoàn thiện cơ bản,120 m²,Tây Bắc,Chung cư,Hẻm xe hơi,Văn phòng
P401,,Bán gấp nhà rẻ 40m2 4T MT4m2 Trường Chinh 3.25 tỷ,4 phòng,The Ambi,Đã có sổ,Căn góc,Đã bàn giao,L47 - 66,Đất nông nghiệp,69 m²,4,4,534 m,- 40 m2,"Đường Trường Chinh, Phường Phương Liệt, Quận Thanh Xuân, Hà Nội",45 m,4 phòng,"3,25 tỷ- 40 m2",Đông Bắc,"Nhà ngõ, hẻm",40 m²,"Bán gấp nhà đẹp kiểu mới 40m2 Trường Chinh, Thanh Xuân gần trung tâm, chỉ 3.25 tỷ.
-Giáp phố Trường Chinh,Tôn Thất Tùng, Lê Trọng Tấn, Ngã Tư Sở, Láng, Chùa Bộc, giao thông thuận tiện, với nhiều tiện ích đi kèm.
-Vị trí gần ngay ngã tư sở ngã tư Tôn Thất Tùng, trường Đại học Y Hà Nội, Đại học Thủy Lợi, Đại Học Công Đoàn, Đại học Ngân Hàng, trường THCS, THPT Khương Thượng, mầm non, siêu thị, chợ, trung tâm thương mại, vệc đi lại sẽ tiết kiệm thời gian và dễ dàng hơn.
-Ngõ trước nhà xe ba gác tránh nhau, an ninh tốt, sạch sẽ, dân trí cao.
-Nhà kiểu mới, thiết kế đa dạng, các phòng rộng rãi, có nhiều cửa sổ, nhà sáng, hướng đẹp, có diện tích sử dụng chung.
-Pháp lí chuẩn, sẵn sàng sang tên giao dịch ngay.
-Chỉ 3,25 tỷ.
-LH Tuấn Anh chuyên nhà thổ cư Hà Nội ( MIỄN TRUNG GIAN ).","81,25 triệu/m²",Hoàn thiện cơ bản,120 m²,Tây Bắc,Chung cư,Nở hậu,Văn phòng
P401,,"NHÀ PHÂN LÔ 5 TẦNG TẶNG NỘI THẤT – GẦN AEON MALL,",6 phòng,The Ambi,Đã có sổ,Căn góc,Đã bàn giao,L47 - 66,Đất nông nghiệp,69 m²,4,5,534 m,- 52 m2,"300, Đường Bát Khối, Phường Cự Khối, Quận Long Biên, Hà Nội",45 m,4 phòng,4 tỷ- 52 m2,Đông Bắc,"Nhà ngõ, hẻm",52 m²,"NHÀ PHÂN LÔ 5 TẦNG TẶNG NỘI THẤT – GẦN AEON MALL, NGÕ THÔNG – 51.6 m2 CHỈ 4 TỶ
Mô tả:
- Diện tích sổ: 51.6m: Xây 40m, còn lại 11.6m sân trước nhà để xe thoải mái
- Tầng 5 view cầu Vĩnh Tuy 🥰
- Đường trước nhà ô tô tải tránh, ngõ thông. Nhà nằm giữa hai con phố Đàm Quang Trung và Bát Khối. Đi từ ngõ 84 Đàm Quang Trung vào cực gần, phù hợp với xe 4 chỗ. Xe to hơn ACE lựa chọn ngõ 331 Bát Khối.
- Tầng 1 để xe + bếp + Vệ sinh
- Tầng 2,3,4 mỗi tầng 2 phòng, vệ sinh giữa
- Tầng 5: Gồm 2 sân phơi
Liên hệ chinh chủ: miễn tiếp môi giới, đăng tin quảng cáo.","76,92 triệu/m²",Hoàn thiện cơ bản,120 m²,Tây Bắc,Chung cư,Nở hậu,Văn phòng
P401,,"Hiếm Yên Lộ, Đô Nghĩa, Đường 30m, Vỉa hè 7m 5.5 Tỷ",5 phòng,The Ambi,Đã có sổ,Căn góc,Đã bàn giao,L47 - 66,Đất nông nghiệp,69 m²,4,5,534 m,- 65 m2,"Đường Yên Lộ, Phường Nguyễn Trãi, Quận Hà Đông, Hà Nội",45 m,4 phòng,"5,5 tỷ- 65 m2",Đông Bắc,"Nhà mặt phố, mặt tiền",65 m²,"YÊN LỘ - ĐÔ NGHĨA - HÀ ĐÔNG – ĐƯỜNG 30M – VỈA HÈ 7M - 2 MẶT TIỀN – KINH DOANH ĐỈNH – GIÁ ĐẦU TƯ.
+ Phố Yên Lộ, ngay Vành Đai 4, tiềm năng phát triển tăng giá cực cao, xung quanh khuôn viên quy hoạch cảnh quan tựa chốn Thiên Đường, 100m ra Công viên Nhạc Nước 7 ha, công viên cây xanh, không khí trong lành.
+ Nhà Liền kề KĐT Đô Nghĩa, 2 Mặt tiền, đường trước nhà 30m, VỈA HÈ 7m tận dụng làm mặt bằng KINH DOANH TUYỆT VỜI.
+ Nhà 5 Tầng, Mặt tiền 5m, đã hoàn thiện mặt ngoài ĐẸP, Thông Sàn phù hợp Kinh Doanh keeys hợp ở hoặc Cho thuê Mặt bằng Kinh Doanh thu dòng tiền hàng tháng.
+ Sổ đỏ Hoa Hậu, sẵn sàng giao dịch.
+ Giá bán: 5.5 tỷ ( Có thương lượng ).
Liên hệ trực tiếp 24/7: 
- Hoàng Hưng – - Email: lehungbds82@gmail.com
- Chuyên Nhà đất Thổ cư các phân khúc từ 1 tỷ đến trên 100 tỷ.
- Miễn trung gian và Miễn quảng cáo.
“CHỈ CẦN QUÝ KHÁCH CÓ NHU CẦU _ VIỆC CÒN LẠI HÃY ĐỂ CHÚNG TÔI”","84,62 triệu/m²",Hoàn thiện cơ bản,120 m²,Tây Bắc,Chung cư,Nở hậu,Văn phòng
P401,,"Bán gấp nhà Phố Thái Hà 40m 5tầng Mt 4m 9,5tỷ",4 phòng,vuông vắn,Đã có sổ,Căn góc,Đã bàn giao,L47 - 66,Đất nông nghiệp,69 m²,4,4,534 m,- 42 m2,"Đường Thái Hà, Phường Quang Trung, Quận Đống Đa, Hà Nội",4 m,3 phòng,"9,5 tỷ- 42 m2",Đông Bắc,"Nhà mặt phố, mặt tiền",42 m²,"Dự án: Nhà Thái Hà
Thông tin chi tiết: Nhà thiết kế 4 tầng chắc chắn kinh doanh đủ loại hình
T1 Phòng khách gara kinh doanh,bếp ,wc
T2,3 mỗi tầng 2 phòng ngủ
T4 phòng thờ , sân phơi Kinh doanh sầm uất trung tâm đống đa. Gần trường các trường đại học lớn
Lh 035tám196174","226,19 triệu/m²",Nội thất đầy đủ,42 m²,Đông Nam,Chung cư,Nở hậu,Văn phòng
P401,,"Bán nhà Quận Ba Đình, 45m2, 3 tầng, giá 3.85 tỷ",3 phòng,vuông vắn,Đã có sổ,Căn góc,Đã bàn giao,L47 - 66,Đất nông nghiệp,69 m²,4,3,534 m,- 45 m2,"Đường Hoàng Hoa Thám, Phường Ngọc Khánh, Quận Ba Đình, Hà Nội",3.6 m,4 phòng,"3,85 tỷ- 45 m2",Đông Bắc,"Nhà ngõ, hẻm",45 m²,"- Nhà rất đẹp, ngõ cực nông và thông, chủ để lại hết đồ khách mua chỉ việc xách vali về ở.
- Khu vực an ninh tốt, dân trí cao, tiện ích sung quanh ko thiếu thứ gì, công viên Bách Thảo ngay cạnh, bệnh viện, trường học rất gần.
- Giao thông đi lại vô cùng thuận tiện kết nối với các tuyến đường, Hoàng Hoa Thám, Thụy Khuê, Bưởi, Lạc Long Quân, Hoàng Quốc Việt, Võ Chí Công, Ngọc Hà…..
- Trước nhà có sân để xe tiện và đẹp.
- Nhà thiết kế 3 tầng, tổng 3 phòng ngủ.
- Nhà xây chắc chắn khung cột nhà to và chắc, lên tầng thoải mái.
- Sổ đỏ đẹp nở hậu chờ khách sang tên.
- Để biết thêm thông tin và xem nhà miễn phí vui lòng liên hệ.","85,56 triệu/m²",Nội thất cao cấp,45 m²,Đông Nam,Chung cư,Nở hậu,Văn phòng
P401,,Bán gấp căn nhà đường chiến lược chia tài sản,2 phòng,vuông vắn,Đã có sổ,Căn góc,Đã bàn giao,L47 - 66,Đất nông nghiệp,69 m²,4,3,12 m,- 48 m2,"Đường Chiến Lược||6405, Phường Tân Tạo, Quận Bình Tân, Tp Hồ Chí Minh",4 m,2 phòng,976 triệu- 48 m2,Đông Bắc,"Nhà mặt phố, mặt tiền",48 m²,"Vợ chồng tôi ly hôn không sống chung với nhau nữa nên nên tôi bán căn nhầ để chia tài sản 
cần bán gâp căn nhà này trước tết để chia tài sản về về quê 
nhà trong khu dân cư hiện hữu dân cư đông đúc an ninh yên tĩnh 
tiện ích xung quanh nhà gần chợ bệnh viện trường hocjvaf các quận trung tâm 
nhà 1 trệt 1 lầu 2 phòng ngủ 2 tolet ban công thoáng mát ô tô ra vào thoải mái 
nhà diện tích 48m2 ngang 4 mét dài 12 mét 
nhà sổ hồng chính chủ ai mua ra sang tên công chứng trong ngày 
cần bán gấp trng tháng này ai mua gọi tôi xem nhà xem sổ","20,33 triệu/m²",Nội thất cao cấp,96 m²,Đông Nam,Chung cư,Nở hậu,Văn phòng
228,,Nhà 2 lầu 4 phòng ngủ 3 toilet,4 phòng,228 âu Dương Lân p3 q8 HCM,Đã có sổ,Căn góc,Đã bàn giao,L47 - 66,Đất nông nghiệp,69 m²,4,2,13.4 m,- 40.56 m2,"Đường Âu Dương Lân||4406, Phường 3, Quận 8, Tp Hồ Chí Minh",3.4 m,3 phòng,"5,4 tỷ- 40.56 m2",Đông Bắc,"Nhà ngõ, hẻm",40.56 m²,"còn thương lượng

1tret 2 lầu 4 phòng ngủ 3 toilet
.ngan 3,40.dai 13,40.
hẻm 4m cách đường lớn 20m
gần hủy ban âu Dương Lân.truong học.benh viện, chợ .. cách 1 phúc",135 triệu/m²,Nội thất cao cấp,40.56 m²,Đông Nam,Chung cư,Nở hậu,Văn phòng
228,,"BÁN CH GATEWAY 3PN CHỈ CẦN TT 2 TỶ, VAY NH THÊM.",3 phòng,228 âu Dương Lân p3 q8 HCM,Đã có sổ,Căn góc,Đã bàn giao,L47 - 66,Đất nông nghiệp,92 m²,4,2,13.4 m,- 92 m2,"Đường Xa lộ Hà Nội, Phường Hiệp Phú, Quận 9, Tp Hồ Chí Minh",3.4 m,2 phòng,2 tỷ- 92 m2,Đông Bắc,"Nhà ngõ, hẻm",40.56 m²,"Căn hộ 92m2 3PN2WC phù hợp ở gia đình. 
Gía TT 2 tỷ
Các chi phí khi bạn ở đây.
- Phí quản lý: 8.000 vnđ/m2/tháng.
- Điện nước giá nhà nước.
- Phí giữ xe: 100.000 vnđ/xe máy/tháng, 1.000.000 vnđ/xe ô tô/tháng.

Tiện ích nội khu.
Cửa hàng tiện ích, coffee shop, khu vui chơi trẻ em, nhà trẻ, garden penthouse, công viên, khu thương mại, hồ bơi, khu thư giãn.

Các thủ tục hỗ trợ miễn phí.
- Tìm kiếm nhà phù hợp nhu cầu của bạn.
- Thương lượng giúp bạn giá rẻ .
- Soạn thảo hợp đồng chặt chẽ.
- Hướng dẫn đăng ký tạm trú tạm vắng.
- Đăng ký thủ tục khác để bạn trở thành cư dân chính thức.
- Hướng dẫn bạn các dịch vụ liên quan chất lượng.

Ngân hàng hỗ trợ vay mua nhà.
Ngân hàng quân đội MB Bank và ngân hàng SCB cho vay 70% trên giá trị HĐMB gốc. Lãi suất ưu đãi năm đầu 7.9%/năm, các năm sau 10.5 - 11%/năm.
- Hồ sơ cần chuẩn bị: Bảng sao kê lương 6 tháng gần , CMND, hộ khẩu, các hồ sơ tài liệu liên quan đến BĐS và các giấy tờ chứng minh thu nhập khác (nếu có).

Liên hệ em 24/7 em dẫn xem nhà ạ","21,74 triệu/m²",Nội thất cao cấp,40.56 m²,Đông Nam,Chung cư,Nở hậu,Văn phòng
228,,1 căn Duy Nhất ở Cầu Giấy 30m x 4T giá 2.65 tỷ,3 phòng,228 âu Dương Lân p3 q8 HCM,Đã có sổ,Căn góc,Đã bàn giao,L47 - 66,Đất nông nghiệp,92 m²,4,4,9 m,- 30 m2,"Đường Cầu Giấy, Phường Yên Hoà, Quận Cầu Giấy, Hà Nội",4 m,4 phòng,"2,65 tỷ- 30 m2",Đông Bắc,"Nhà ngõ, hẻm",30 m²,"1 Căn Duy Nhất 2 tỷ Nguyễn Khang Cầu Giấy 

DT 30m x 5T MT 3.8m giá 2.65 tỷ.

- Ngõ Ba Gác thông tứ tung, sổ vuông vắn.

( ảnh chuẩn 100%)","88,33 triệu/m²",Hoàn thiện cơ bản,30 m²,Đông Nam,Chung cư,Nở hậu,Văn phòng
228,,Nhà MT Tăng Nhơn phú B 62m2 1tret2lau KDC An ninh,4 phòng,228 âu Dương Lân p3 q8 HCM,Đã có sổ,Căn góc,Đã bàn giao,L47 - 66,Đất nông nghiệp,92 m²,4,3,15.5 m,- 62 m2,"Đường Số 6, Phường Tăng Nhơn Phú B, Quận 9, Tp Hồ Chí Minh",4 m,4 phòng,5 tỷ- 62 m2,Đông Bắc,"Nhà mặt phố, mặt tiền",62 m²,"+Bán nhà 1tret2lâu + 1 tum 
đường 6,phường Tăng Nhơn Phú B,quận 9 
giá : 5ty200
-Diện tích: 62m2 
-Vị trí: Hẻm đường số 6
Gần chợ, cao đẳng Công thương, đại học Văn Hóa, cao đẳng kỹ nghệ, ngã tư 4 Bình Thái, ngã 4 thủ Đức trạm y tế quận 9
Đi vincom,nhà văn hóa thiếu nhi quận 9 mất 5p
Đường trước nhà đường thông
Hiện trạng: 4 pn 3wc
+ oto chạy né nhau","80,65 triệu/m²",Nội thất đầy đủ,180 m²,Đông,Chung cư,Nở hậu,Văn phòng
1,,"CHỈ 1,45 tỷ/căn 2PN 2WC chung cư BCons PLAZA",2 phòng,A,Đang chờ sổ,Căn góc,Chưa bàn giao,L47 - 66,Đất nông nghiệp,47 m²,8,3,15.5 m,- 47 m2,"54 Tân lập, Phường Đông Hòa, Thị xã Dĩ An, Bình Dương, Phường Đông Hòa, Thị xã Dĩ An, Bình Dương",4 m,2 phòng,"1,45 tỷ- 47 m2",Tây Nam,"Nhà mặt phố, mặt tiền",62 m²,"Giới thiệu dự án Bcons Plaza Dĩ An
Căn hộ chung cư Bcons Plaza Dĩ An là tọa lạc trên trục đường Thống Nhất, trong khu Làng Đại học Quốc Gia – TP Dĩ An, tỉnh Bình Dương. Dự án Bình Dương này được chủ đầu tư Bcons “trình làng” sau chuỗi thành công liên tiếp của các dự án mang thương hiệu Bcons: Bcons Suối Tiên, Bcons Green View, Bcons Miền Đông, Bcons Bee,….

Dự án Bcons Plaza Bình Dương có thiết kế trau chuốt, tỉ mỉ, bên cạnh việc sở hữu hệ thống tiện ích “all in one” đáp ứng đầy đủ các nhu cầu sinh hoạt, vui chơi giải trí hay chăm sóc sức khỏe của cư dân và đặc biệt là sở hữu vị trí giàu tiềm năng khi thuận tiện tới các quận thuộc TP. Hồ Chí Minh cũng như các khu vực lân cận như: KCN Sóng Thần, KCN VSIP, Lotte Mart Bình Dương, Aeon Mall Bình Dương, sân golf Sông Bé, Bệnh viện Quốc tế Hạnh Phúc, khu Đại học Quốc gia TP.HCM, chợ Thủ Đức,…. Tất cả những lý do trên đủ để Bcons Plaza Dĩ An xứng đáng là lựa chọn an cư cũng như đầu tư hoàn hảo tại thị trường căn hộ Bình Dương.","30,85 triệu/m²",Hoàn thiện cơ bản,180 m²,Đông Nam,Chung cư,Nở hậu,Văn phòng
1,,Gia đình kẹt tiền bán gấp đất sổ riêng sau kcn,2 phòng,A,Đã có sổ,Căn góc,Chưa bàn giao,L47 - 66,Đất thổ cư,47 m²,8,3,25 m,- 125 m2,"Đường Suối Dinh, Xã Tây Hoà, Huyện Trảng Bom, Đồng Nai",5 m,2 phòng,720 triệu- 125 m2,Tây Nam,"Nhà mặt phố, mặt tiền",125 m2,"- kẹt tiền bán gấp lô đất tây hoà trảng bom giá 720tr. 
- Thích hợp an cư lập nghiệp, xây trọ dân công nhân kín
- Đường bê tông tiện ích xung quanh bán kính 500m, ql1a 700m 
- ace cần lh trực tiếp xin cám ơn","5,76 triệu/m2",Hoàn thiện cơ bản,180 m²,Tây,Chung cư,Hẻm xe hơi,Văn phòng
1,,Đất Thổ Cư Diên Toàn trục đường 30m,2 phòng,A,Đã có sổ,Căn góc,Chưa bàn giao,L47 - 66,Đất thổ cư,47 m²,8,3,22 m,- 200 m2,"Đường Võ Nguyên Giáp, Xã Diên Toàn, Huyện Diên Khánh, Khánh Hòa",9.2 m,2 phòng,"1,3 tỷ- 200 m2",Tây Nam,"Nhà mặt phố, mặt tiền",200 m2,"Dự án: Bán lô đất trung tâm Diên Toàn thuộc quy hoạch trục phía Tây Nha Trang. Giá 7 tr/m2.
 Thông tin chi tiết: Lô đất nằm trên trục đường 30m. Hai mặt tiền cách Võ Nguyên Giáp 200m. Gần trường học, trạm y tế, chợ. Cách ngã 4 giao với Quốc lộ 200m.
Đặc biệt thuộc quy hoạch Tây Nha Trang nên chắc chắn nhập vào Nha Trang.","6,5 triệu/m2",Hoàn thiện cơ bản,180 m²,Đông Nam,Chung cư,Nở hậu,Văn phòng
1,,Giảm 150tr! Cần bán gấp nhà QT-P10 trong tuần này,2 phòng,A,Đã có sổ,Căn góc,Chưa bàn giao,L47 - 66,Đất thổ cư,47 m²,8,3,12.5 m,- 46 m2,"Đường Quang Trung, Phường 10, Quận Gò Vấp, Tp Hồ Chí Minh",3.7 m,2 phòng,"3,4 tỷ- 46 m2",Tây Nam,"Nhà ngõ, hẻm",46 m²,"Dự án: Hẻm 417 Quang Trung-P10-Gò Vấp. Diện tích công nhận 46m2
Cuối năm cần gấp tiền để thanh toán đang cần bán trong tuần này nên giá sẽ giảm 150tr cho những ai có nhu cầu.
Hết tuần sau giá sẽ về với giá ban đầu.
Thông tin chi tiết: Nhà mới 1 trệt 1 lầu, 1 phòng khách -1 bếp - 2 phòng ngủ-2 WC, sân rộng có thể để được 4 chiếc xe máy.
 Nhà đầy đủ nội thất chỉ cần sách Vali vào ở ngay, có thể cho thuê từ 8-10tr
Nằm trong khu vực trung tâm quận Gò Vấp: cách Vincom Quang Trung 500m; Lotte Nguyễn Văn Lượng 1km, chợ Hạnh Thông Tây 1km, bệnh viện Quận Gò Vấp 1km, mẫu giáo có 5 trường trong bán kính 1km, cách trường tiểu học Lương Thế Vinh 1km,cách trường THPT Nguyễn Công Trứ 1,5km. Quán ăn, nhà hàng, shop bán hàng xung quanh 2km cái gì cũng có.","73,91 triệu/m²",Nội thất đầy đủ,75 m²,Đông Nam,Chung cư,Nở hậu,Văn phòng
1,,Nhà mặt tiền Tỉnh Lộ 10A đường 26m- Phú Xuân,3 phòng,A,Đã có sổ,Căn góc,Chưa bàn giao,L47 - 66,Đất thổ cư,47 m²,8,3,20 m,- 104 m2,"Đường Tỉnh lộ 10A, Xã Phú Xuân, Huyện Phú Vang, Thừa Thiên Huế",5.2 m,1 phòng,"1,55 tỷ- 104 m2",Tây Nam,"Nhà mặt phố, mặt tiền",104 m²,"💧💧căn nhà mặt tiền TL10a, đường 26m
💥:Ngay khu chợ Diên Đại. phù hợp kinh doanh
💥:Nhà gác lửng 104m2 gồm Phòng khách, 2PN, 2WC, sân rộng đậu ô tô.
💥xung quanh kinh doanh sầm uất
💥:Giá chỉ: 1tỷ 550 triệu
📞Lh : 0948+062+686 Tùng","14,9 triệu/m²",Nội thất đầy đủ,104 m²,Bắc,Chung cư,Hẻm xe hơi,Văn phòng
1,,"Bán nhà Quận Ba Đình, 46m2, 4 tầng, giá 3.85 tỷ",3 phòng,A,Đã có sổ,Căn góc,Chưa bàn giao,L47 - 66,Đất thổ cư,47 m²,8,4,20 m,- 46 m2,"Đường Hoàng Hoa Thám, Phường Vĩnh Phúc, Quận Ba Đình, Hà Nội",3.5 m,3 phòng,"3,85 tỷ- 46 m2",Tây Nam,"Nhà ngõ, hẻm",46 m²,"- Nhà rất đẹp, ngõ cực nông và thông, chủ để lại hết đồ khách mua chỉ việc xách vali về ở.
- Khu vực an ninh tốt, dân trí cao, tiện ích sung quanh ko thiếu thứ gì, công viên Bách Thảo ngay cạnh, bệnh viện, trường học rất gần.
- Giao thông đi lại vô cùng thuận tiện kết nối với các tuyến đường, Hoàng Hoa Thám, Thụy Khuê, Bưởi, Lạc Long Quân, Hoàng Quốc Việt, Võ Chí Công, Ngọc Hà…..
- Trước nhà có sân để xe tiện và đẹp.
- Nhà thiết kế 3 tầng, tổng 3 phòng ngủ.
- Nhà xây chắc chắn khung cột nhà to và chắc, lên tầng thoải mái.
- Sổ đỏ đẹp nở hậu chờ khách sang tên.
- Để biết thêm thông tin và xem nhà miễn phí vui lòng liên hệ.","83,7 triệu/m²",Nội thất cao cấp,46 m²,Bắc,Chung cư,Nở hậu,Văn phòng
1,,Bán nhà Quan Nhân 36m2-Nhà đẹp-KD-Ôtô đỗ cửa,3 phòng,A,Đã có sổ,Căn góc,Chưa bàn giao,L47 - 66,Đất thổ cư,47 m²,8,5,20 m,- 36 m2,"Đường Quan Nhân, Phường Nhân Chính, Quận Thanh Xuân, Hà Nội",3.5 m,4 phòng,"4,65 tỷ- 36 m2",Tây Nam,"Nhà ngõ, hẻm",36 m²,"Chủ nhà đã mua biệt thự cần bán gấp:

+ Nhà ở vị trí đắc địa, ngõ nhà rộng gần 4m, ô tô đỗ cửa, gần đường ô tô tránh
+ Khu dân cư đông đúc, thuận tiện vừa ở vừa kinh doanh
+ Thiết kế 5 tầng, mỗi tầng 1 phòng ngủ + vệ sinh, tổng 3 phòng ngủ
+ Nội thất cực sang, tặng lại cho khách mua thiện chí.

* Sổ đỏ chính chủ, giá thương lượng","129,17 triệu/m²",Nội thất cao cấp,36 m²,Bắc,Chung cư,Hẻm xe hơi,Văn phòng
1,,Đất 37M ngang mặt tiền QL55B,3 phòng,A,Đã có sổ,Căn góc,Chưa bàn giao,L47 - 66,Đất nông nghiệp,47 m²,8,5,50 m,- 1.850 m2,"Đường Quốc Lộ 55B, Thị trấn Tân Nghĩa, Huyện Hàm Tân, Bình Thuận",37 m,4 phòng,4 tỷ- 1.850 m2,Tây Nam,"Nhà ngõ, hẻm",1850 m2,"Sở hữu ngay 37M ngang mặt tiền QL55B, đón chào khách đi từ cao tốc Dầu Giây - Phan Thiết về vùng biển Bình Thuận chỉ 2,1triệu/m2.
- Vị trí: đường QL55B thị trấn Tân Nghĩa, Hàm Tân, Bình Thuận.
- Diện tích: 1.850m2. Ngang 37m, dài 50m. 
- Pháp lý: sổ hồng riêng, không tranh chấp quy hoạch, ranh mốc rõ ràng.
Hiện trạng: mặt tiền đường nhựa QL55B, đất san lắp bằng phẳng.
 - Cách Đường Quốc lộ 1A 2,8 Km; Trung tâm hành chính huyện Hàm Tân 2km.
 - Cách trường học, chợ, siêu thị Bách Hóa Xanh, Bệnh viện trong phạm vi 1,5 Km.
 - Cách thị xã Lagi và biển 16 Km. 
Thích hợp: kinh doanh buôn bán, xây nhà nghỉ, trạm dừng chân, nhà xưởng, cho thuê mặt bằng, đầu tư phân lô, ....
- Giá bán: 110tr/m ngang. Tổng 4 tỷ (tương đương 2,1triệu/1m2)
- Liên hệ:, Quốc Dũng.
- Chuyên mua bán – ký gửi bất động sản:
Lô, sào, mẫu, đất ven Biển, đất dự án Hàm Tân, thị xã Lagi - Bình Thuận.
Nhận hỗ trợ pháp lý, xem quy hoạch.
Nhận san lấp mặt bằng, xây tường rào,….
Nhận quản lý tài sản bất động sản.
(Giải đáp những thắc mắc của khách hàng về tình hình bđs Hàm Tân – Lagi, Bình Thuận)
#muabannhadat
#dathamtanbinhthuan","2,16 triệu/m2",Nội thất cao cấp,36 m²,Đông Nam,Chung cư,Mặt tiền,Văn phòng
1,,"ĐẤT PHỐ NGỌC HỒI - THANH TRÌ, Ô TÔ , KINH DOANH",3 phòng,A,Đã có sổ,Căn góc,Chưa bàn giao,L47 - 66,Đất thổ cư,47 m²,8,5,21 m,- 125 m2,"Đường Ngọc Hồi, Xã Ngọc Hồi, Huyện Thanh Trì, Hà Nội",6 m,4 phòng,"8,8 tỷ- 125 m2",Tây Nam,"Nhà ngõ, hẻm",125 m2,"+ Với diện tích 125m2, mặt tiền 6m, đường trước nhà 8m, vỉa hè 3m, kinh doanh mọi loại hình.
+ Vị trí cực đẹp, mặt đường Yên Kiện - Ngọc Hồi, gần ủy ban xã Ngọc Hồi, trạm y tế xã.
+ Bán kính 200m đầy đủ tất cả trường mầm non, trường cấp 1,2 của xã.
+ Mặt tiền rộng 6m, thuận lợi kinh doanh buôn bán, cho thuê hiệu suất cao
+ Đất vuông vắn, dễ dàng thi công, thiết kế.
+ Xung quanh tiện ích nhiều.
+ Khu vực có cơ sở hạ tầng phát triển mạnh.
+ Đón chờ Thanh Trì lên Quận, giá thành tăng nhanh.
+ Khách mua đầu tư hoặc kinh doanh, cho thuê đều đẹp.
+ Giao thông thuận tiện di chuyển, kết nối các ngả: Ngọc Hồi, Đại Áng, Văn Điển,...
+ Sổ đỏ vuông vắn, chính chủ, giao dịch trong ngày.
+ Giá chỉ 8.8 tỷ (có thương lượng).
Liên hệ xem ngay: Nguyễn Tư (miễn trung gian).","70,4 triệu/m2",Nội thất cao cấp,36 m²,Đông Nam,Chung cư,Hẻm xe hơi,Văn phòng
1,,"Dãy trọ 8 x 22 1 sẹc Man Thiện TNPA q9 giá 9,8tỷ",7 phòng,A,Đã có sổ,Căn góc,Chưa bàn giao,L47 - 66,Đất thổ cư,47 m²,8,5,22 m,- 170 m2,"Đường Man Thiện, Phường Tăng Nhơn Phú A, Quận 9, Tp Hồ Chí Minh",8 m,Nhiều hơn 6 phòng,"9,8 tỷ- 170 m2",Tây Nam,"Nhà ngõ, hẻm",170 m²,"Chủ cần bán nhanh nhà trọ 7 phòng,
Hẻm Xe Tải 1/ đường Man Thiện, P.Tăng Nhơn Phú A Quận 9
Kích thước: 8x21 (170m2 thổ cư + 12m2 đất làm sân) => Có thể tách thành 2 nền 4x21m
Giá cũ 10tỷ nay còn 9,8tỷ tl cho khách hàng thiện chí
Liên hệ em để xem nhà và làm việc.","57,65 triệu/m²",Nội thất cao cấp,170 m²,Tây,Chung cư,Nở hậu,Văn phòng
1,,"BÁN NHÀ SÁT KĐT NAM LA KHÊ-4 TẦNG-33M2,TẶNG BỘ NT.",3 phòng,A,Đã có sổ,Căn góc,Chưa bàn giao,L47 - 66,Đất thổ cư,47 m²,8,4,22 m,- 33 m2,"PHan đình giót, Phường La Khê, Quận Hà Đông, Hà Nội",8 m,3 phòng,"2,1 tỷ- 33 m2",Tây Nam,"Nhà ngõ, hẻm",33 m²,"Bán nhà gần trường tiểu học Văn Khê, La Khê.
- Diện tích: 30m2 sổ đỏ, xây dựng 33m2.
- Mặt tiền: 4m.
* Nhà xây 4 tầng gồm:
- Tầng 1: Phòng khách + bếp + WC.
- Tầng 2, 3: Mỗi tầng 01 phòng ngủ rộng + WC.
- Tầng 4: 01 phòng dùng làm phòng ngủ hoặc gian thờ + sân giặt phơi đồ.
* Vị trí: Nhà nằm TDP 3 La Khê, dân cư đông đúc, dân trí cao, cách nhà 100m có bãi gửi ô tô ngày đêm.
* Pháp lý: Sổ đỏ chính chủ + GPXD.
* Giá bán: 2.15 tỷ có thương lượng và bao phí sang tên sổ đỏ. Hỗ trợ ngân hàng 70% cho khách có nhu cầu vay vốn. Lãi suất cực tốt chỉ từ 7.2%.","63,64 triệu/m²",Nội thất đầy đủ,33 m²,Tây,Chung cư,Nở hậu,Văn phòng
1,,Mình đang cần bán gấp căn nhà ở Đỗ Xuân Hợp Q9 shr,3 phòng,A,Đã có sổ,Căn góc,Chưa bàn giao,L47 - 66,Đất thổ cư,47 m²,8,4,12 m,- 60 m2,"Đường Đỗ Xuân Hợp, Phường Phước Long B, Quận 9, Tp Hồ Chí Minh",5 m,2 phòng,625 triệu- 60 m2,Tây Nam,"Nhà ngõ, hẻm",60 m²,"Hiện tại mình đang cần bán gấp căn nhà ở Đỗ Xuân Hợp Q9 . 
Diện tích 60m2(5×12) , 3 phòng ngủ 2 phòng wc . 
Sổ hồng riêng , mình bao sang tên công chứng . 
Đường trước nhà rộng 6m2 , cao ráo không sợ ngập. Cây cối thoáng mát , xe ô tô có thể để trước nhà . 
Nhà cách chợ 100m , gần Vinmart , bách hóa xanh , đường rộng nên cũng tiện di chuyển . 
Có thương lượng cho anh em thiện chí xem nhà trong tuần .","10,42 triệu/m²",Nội thất đầy đủ,60 m²,Tây,Chung cư,Nở hậu,Văn phòng
1,,2 mặt tiền đường đỗ xuân hơp. Vị trí đắc địa,5 phòng,A,Đã có sổ,Căn góc,Chưa bàn giao,L47 - 66,Đất thổ cư,47 m²,8,4,12 m,- 206 m2,"Đường Đỗ Xuân Hợp, Phường Phước Long B, Quận 9, Tp Hồ Chí Minh",9 m,2 phòng,29 tỷ- 206 m2,Tây Nam,"Nhà mặt phố, mặt tiền",206 m²,"Cần bán lô góc 2 mặt tiền đường Đỗ Xuân Hợp Phước Long B quận 9.

Liền kề khu dân cư cao cấp Gia Hoà

Thích hợp kinh doanh mọi ngành nghề.

Hiện đang cho thuê 50 triệu/tháng.

Ngang 9m. Diện tích công nhận 206m2.

Giá 29 tỷ","140,78 triệu/m²",Nội thất đầy đủ,60 m²,Tây,Chung cư,Nở hậu,Văn phòng
A5,,"Căn hộ Prosper Plaza 65m² 2 PN, view hồ sinh thái",2 phòng,A,Đã có sổ,Căn góc,Đã bàn giao,L47 - 66,Đất thổ cư,65 m²,5,4,12 m,- 65 m2,"Đường Phan Văn Hớn, Phường Tân Thới Nhất, Quận 12, Tp Hồ Chí Minh",9 m,2 phòng,"2,3 tỷ- 65 m2",Nam,"Nhà mặt phố, mặt tiền",206 m²,"Đa dạng các loại diện tích 50, 53, 65, 70m2

Sổ riêng, hỗ trợ vay ngân hàng

Vị trí: Ngay cầu Tham Lương - Trường Chinh và tuyến Metro số 2 Bến Thành - Tham Lương. 

LH Đại Phong call/fb/zalo","35,38 triệu/m²",Nội thất đầy đủ,60 m²,Bắc,Chung cư,Nở hậu,Văn phòng
A5,,Đất đầu tư phân lô phú Quới,2 phòng,Khu phú Quới C,Đã có sổ,Căn góc,Đã bàn giao,L47 - 66,Đất nông nghiệp,65 m²,5,4,27 m,- 740 m2,"Trường Phú Quới C, Xã Phú Quới, Huyện Long Hồ, Vĩnh Long",27 m,2 phòng,"1,185 tỷ- 740 m2",Nam,"Nhà mặt phố, mặt tiền",740 m2,Vườn gần trường học tiểu học phú Quới C và trường mầm non.thích hợp đầu tư phân lô cho dịp wa tết cách kcn 1.5km 2 đầu thông ra ql 1A dân cư đông,"1,6 triệu/m2",Nội thất đầy đủ,60 m²,Bắc,Chung cư,Mặt tiền,Văn phòng
A5,,"Bán đất 43m2, 20m ra khu đấu giá Phú Lương.",2 phòng,Khu phú Quới C,Đã có sổ,Căn góc,Đã bàn giao,L47 - 66,Đất thổ cư,65 m²,5,4,11 m,- 43 m2,"Phú lương, Phường Phú Lương, Quận Hà Đông, Hà Nội",3.9 m,2 phòng,"1,4 tỷ- 43 m2",Nam,"Nhà mặt phố, mặt tiền",43 m2,"Vị Trí: Cách khu phân lô Bắc Lãm vài bước chân, mảnh , xung quanh đang xây dựng
- Đường quốc lộ 21b đi vào 500m, cách mặt đường Phú Lương 200m
- Gần Đại học Đại Nam, cao đẳng Thương Mại
- Khu an ninh, yên tĩnh, thích hợp nghỉ ngơi
- 500m ra chợ đầu mối Bắc Lãm
- Đi qua trường Tiểu học Phú Lương
- Gần khu chung cư Hải Phát, tiện ích bể bơi 4 mùa, phong tập yoga, gym

Sổ đỏ chính chủ, pháp lý rõ ràng, hỗ trợ ngân hàng uy tín
Sổ đỏ sắc nét sẵn sàng giao dịch 

Liên hệ 
Anh chị trung gian, môi giới thông cảm, tránh mất thời gian giúp em.","32,56 triệu/m2",Nội thất đầy đủ,60 m²,Bắc,Chung cư,Hẻm xe hơi,Văn phòng
A5,,"Nhà hẻm xe hơi đúc 3 tấm đường âu cơ, tân bình",4 phòng,Khu phú Quới C,Đã có sổ,Căn góc,Đã bàn giao,L47 - 66,Đất thổ cư,65 m²,5,4,13 m,- 55 m2,"Đường Âu Cơ, Phường 10, Quận Tân Bình, Tp Hồ Chí Minh",45 m,5 phòng,"6,75 tỷ- 55 m2",Nam,"Nhà ngõ, hẻm",55 m²,"Hẻm 618 Âu Cơ ( Khu phân lô ) 
Mua nhà Sang - Xịn - Mịn đón tết 2021
√ Ngang 4.5 x 13 ( CN 55m2 ) 
√ Trệt - 3 Lầu ( 4PN - 4WC - P. Thờ ) 
√ Hẻm đường nhựa, xe hơi đậu trước cửa
√ Nhà đang hoàn công + Đổi Sổ ( Trước Tết xong ) 
√ Xung quanh nhà cao tầng, dân trí cao, an ninh
√ Giá cực iu : 6.75 Tỷ TL
√ Giá Bao Rẻ toàn khu vực
√√ Lh 
Miễn quảng cáo đăng tin","122,73 triệu/m²",Nội thất đầy đủ,210 m²,Bắc,Chung cư,Hẻm xe hơi,Văn phòng
A5,,NHÀ LĨNH NAM-MỚI ĐẸP-BA GÁC ĐỖ CỬA-GẦN TIME CITY,3 phòng,Khu phú Quới C,Đã có sổ,Căn góc,Đã bàn giao,L47 - 66,Đất thổ cư,65 m²,5,5,13 m,- 34 m2,"Lĩnh Nam, Phường Mai Động, Quận Hoàng Mai, Hà Nội",45 m,3 phòng,"2,6 tỷ- 34 m2",Nam,"Nhà ngõ, hẻm",34 m²,"Mô tả:
-Nhà Lĩnh Nam, diện tích 34m2, MT 4m, xây 5 tầng
Nhà rất gần đường lớn Lĩnh Nam, nhà xây 5 tầng kiên cố, có 3 phòng rộng đủ công năng 1 gia đình 6-7 người. Tương lai quy hoạch rất gần mặt phố, gần khu đô thị Time City
* Thiết kế :
+ Tầng 1 : Bếp, WC, Phòng khách
+ Tầng 2,3,4 : gồm 3 phòng ngủ rộng , WC
+ Tầng 5 : phòng thờ, sân phơi
+ Sổ đỏ vuông đẹp, nở hậu.
+Giá 2,6 tỷ","76,47 triệu/m²",Nội thất đầy đủ,34 m²,Bắc,Chung cư,Hẻm xe hơi,Văn phòng
A5,,"Sổ hồng riêng, chính chủ 150tr/1300m2 dân cư đông",3 phòng,Khu phú Quới C,Đã có sổ,Căn góc,Đã bàn giao,L47 - 66,Đất thổ cư,65 m²,5,5,86 m,- 1.300 m2,"Đường Quốc Lộ 13, Xã Lộc Hưng, Huyện Lộc Ninh, Bình Phước",15 m,3 phòng,150 triệu- 1.300 m2,Nam,"Nhà ngõ, hẻm",1300 m2,"Làm ăn thua lỗ, Sập tiệm bán lô đất 1300m2 mặt tiền đường thông rộng 12m, sổ hồng riêng, chính chủ ngay trung tâm xã Lộc Hưng.
Giá bán: Đúng 150tr, bao tạm trú, xây dụng điện nước.
Ngân hàng hỗ trợ 50%. Tôi đăng ký thổ cư 100m2. Đất cao, bằng phẳng.
Nay kẹt tiền quá biết rẻ nhưng phải bán gấp (tôi có 3 sổ liền kề) nếu ai mua hết bằng tiền mặt tôi cám ơn và bớt cho 35 triệu.
Liên hệ ngay Chú Hiến để đi coi đất.",115.384 đ/m2,Nội thất đầy đủ,34 m²,Bắc,Chung cư,Nở hậu,Văn phòng
A5,,Quận Bình Tân 80m²,4 phòng,Khu phú Quới C,Đã có sổ,Căn góc,Đã bàn giao,L47 - 66,Đất thổ cư,65 m²,5,3,20 m,- 80 m2,"Đường Hồ Văn Long, Phường Bình Hưng Hoà B, Quận Bình Tân, Tp Hồ Chí Minh",4 m,4 phòng,"7,6 tỷ- 80 m2",Nam,"Nhà mặt phố, mặt tiền",80 m²,"Bán nhà mặt tiền Hồ Văn Long -P. Bhh B-Quận BÌnh Tân TP.Hcm
Nhà xây dựng 1 trệt ,3 lầu
Mặt tiền thuận tiện ở,mua bán kinh doanh, làm văn phòng công ty...
 Diện tích xây dựng trệt :4 x20 m 
Công năng bố trí trong nhà : 
✔ TRỆT: Nhà để xe hơi, Phòng khách ,phòng bếp + ăn, wc chung.
✔ LẦU 1-2-3 :2 phòng ngủ +wc riêng cho mỗi phòng.
✔ SÂN THƯỢNG: phía trước phòng thờ+ sân thượng nhỏ,wc, phía sau phòng giặt+ sân phơi.
✔PHẦN MÁI: đổ bê tông mái bằng, để bồn nước , cục nóng máy lạnh ,năng lượng mặt trời...
Giá bán : 7,6 tỷ Tl cho khách thiện chí.
Hổ trợ vay ngân hàng",95 triệu/m²,Nội thất đầy đủ,240 m²,Tây,Chung cư,Nở hậu,Văn phòng
A5,,NỀN TĐC ĐƯỜNG 2B 63M2 HƯỚNG TÂY BẮC KDC CỬU LONG,4 phòng,Khu phú Quới C,Đang chờ sổ,Căn góc,Đã bàn giao,L47 - 66,Đất nền dự án,65 m²,5,3,20 m,- 63 m2,"2b, Phường Long Hòa, Quận Bình Thuỷ, Cần Thơ",4 m,4 phòng,"1,3 tỷ- 63 m2",Nam,"Nhà mặt phố, mặt tiền",63 m2,"Khu Đô Thị Cửu Long - Him Lam❤❤❤
Diện tích: 4.5 x 14 = 63m2
Pháp lý : Biên bản giao nền. Tái Định Cư. Cấp phép xây dựng, Xây nhà ngay
Hướng : tây bắc
Lộ giới : 3-6-3. Đường số 2B
Giá : 1ty300
☎️☎️ gặp Phương","20,63 triệu/m2",Nội thất đầy đủ,240 m²,Tây Bắc,Chung cư,Mặt tiền,Văn phòng
A5,,NHÀ MP TRIỀU KHÚC 33M² GIÁ 4.8TY KINH DOANH ĐỈNH,2 phòng,Khu phú Quới C,Đã có sổ,Căn góc,Đã bàn giao,L47 - 66,Đất nền dự án,65 m²,5,3,20 m,- 33 m2,"Đường Triều Khúc, Xã Tân Triều, Huyện Thanh Trì, Hà Nội",4 m,2 phòng,"4,8 tỷ- 33 m2",Nam,"Nhà mặt phố, mặt tiền",33 m²,"Đường phố đông đúc, dân cư đông, dân trí cao, an ninh tốt, mặt tiền 3.3m có vỉa hè, ô tô đỗ","145,45 triệu/m²",Nội thất đầy đủ,33 m²,Tây Bắc,Chung cư,Mặt tiền,Văn phòng
A5,,"Bán nhà 1 trệt 1 lầu ngay chợ Vườn Lài, hẻm xe hơi",2 phòng,Khu phú Quới C,Đã có sổ,Căn góc,Đã bàn giao,L47 - 66,Đất nền dự án,65 m²,5,3,10 m,- 40 m2,"Vườn Lài, Phường An Phú Đông, Quận 12, Tp Hồ Chí Minh",3.85 m,2 phòng,"2,55 tỷ- 40 m2",Nam,"Nhà ngõ, hẻm",40 m²,"Tôi cần bán căn nhà 1 trệt 1 lầu đường Vườn Lài
Ngay chợ, siêu thị Bách Hóa Xanh, Điện máy Xanh
DT 3.85m x 10m, kết cấu 1 trệt 1 lầu, đúc thật
Nhà như hình chụp, hẻm xe hơi
Sổ hồng riêng, đã hoàn công
Giá 2.55 tỷ thương lượng
Gọi Đông coi nhà","63,75 triệu/m²",Nội thất đầy đủ,70 m²,Tây Bắc,Chung cư,Hẻm xe hơi,Văn phòng
A5,,"BÁN NHANH LÔ ĐẤT P.LÁI THIÊU,THUẬN AN,/950tr/96m2",2 phòng,Khu phú Quới C,Đã có sổ,Căn góc,Đã bàn giao,L47 - 66,Đất thổ cư,65 m²,5,3,10 m,- 96 m2,"Đường Lái Thiêu 96, Phường Lái Thiêu, Thị xã Thuận An, Bình Dương",3.85 m,2 phòng,950 triệu- 96 m2,Nam,"Nhà ngõ, hẻm",96 m²,"Tôi cần bán nhanh lô đất đường Lái Thiêu 96, tp.Thuận An, Bình Dương.
Diện tích 95,6m2
Giá TT 950triệu
Sổ riêng, mua sang tên liền.
Đất thổ 100%, bao luôn giấy phép xây dựng
Đường sá cao ráo, không ngập nước, dân ở đông đúc. Gần chợ về kinh doanh buôn bán rất tiện.
Cần bán gấp gọi trực tiếp tôi để coi đất, tôi không làm việc với cò lái.","9,9 triệu/m²",Nội thất đầy đủ,70 m²,Tây Bắc,Chung cư,Hẻm xe hơi,Văn phòng
A5,,Nhà 3L SHR khu compoud Đặng Văn Bi Trường Thọ,4 phòng,Khu phú Quới C,Đã có sổ,Căn góc,Đã bàn giao,L47 - 66,Đất thổ cư,65 m²,5,3,12 m,- 50 m2,Đường Đặng Văn Bi,6 m,5 phòng,"5,89 tỷ- 50 m2",Nam,"Nhà mặt phố, mặt tiền",50 m²,"Dự án: Đặng Văn Bi, Trường Thọ, Thủ Đức
Thông tin chi tiết: - Bán nhà đẹp 3 lầu ngay Đặng Văn Bi, Phường Trường Thọ, Thủ Đức.
- Nhà Phố liền kề đồng bộ 19 căn, sổ hồng riêng đã hoàn công trong 1 khu an ninh, cao cấp.
- Thiết kế 1 trệt, 2 lầu, 1 sân thượng trước sau thoáng mát, có sân đề ô tô.
- Công viên cho trẻ em, sân tập thể dục nội khu.
- Tặng nội thất cơ bản: giấy dán tường, tủ bếp, bồn nước nóng lạnh, đèn, thiết bị nhà tắm...
- Đa dạng diện tích: 50, 55, 60, 65, 68m2
- Hướng Đông Tứ Trạch, Tây Tứ Trạch
- Vị trí siêu hot, Phường Trường Thọ là khu Thương Mại Thành Phố Thủ Đức.
- Thuận tiện di chuyển đến Quận 2, Quận 1, Bình Thạnh, Quận 9, Bình Dương...
- Đầy đủ các tiện ích: Vincom, Bệnh Viện, Trường Quốc Tế, Chợ, Khu Công Nghệ Cao... chỉ cách 7-10 phút xe máy.
- Bảo hành nhà lên đến 5 năm, Ngân Hàng BIDV Hỗ Trợ vay tối đa với lãi suất ưu đãi.
- Giá từ 5,89tỷ/ căn 50m2

Alo Thanh Trúc: để xem nhà và nhận thêm thông tin.
Cảm ơn đã đọc tin!","117,8 triệu/m²",Nội thất cao cấp,230 m²,Tây Bắc,Chung cư,Hẻm xe hơi,Văn phòng
A5,,"NHÀ TRỆT 2 MẶT TIỀN HẺM, GẦN ĐHYD, ĐHCT, BỜ HỒ",2 phòng,Khu phú Quới C,Đã có sổ,Căn góc,Đã bàn giao,L47 - 66,Đất thổ cư,65 m²,5,1,15 m,- 77 m2,"Đường Lộ Ngân Hàng, Phường An Khánh, Quận Ninh Kiều, Cần Thơ",5 m,2 phòng,"2,39 tỷ- 77 m2",Nam,"Nhà ngõ, hẻm",77 m²,"📍 Bà chị gửi bán nhà trệt 2 mặt tiền, An Khánh, Ninh Kiều, nhà mới 100% xây dựng kiên cố, có sẵn nội thất cơ bản.
-DT: 5x15,6= 77,8m2
- Lộ: 4m trước sau
- Hướng chính : tây nam, cửa sau đông bắc
- Sổ hồng, hoàn công
-Kết cấu: 1 phòng khách, 2 phòng ngủ, bếp, 2 wc, có 1 wc trong phòng.
- Nội thất: 2 máy lạnh, 2 giường gỗ, nệm, 1 kệ tivi, 1 bộ bàn ăn.
📍 Vị trí: Hẻm 876, Trần Nam Phú, chạy qua cầu đá quẹo phải chạy lên 100m nhánh đầu tiên quẹo trái chạy thêm 100m tới nhà.
📍 Giá: 2tỷ 390 thương lượng nhẹ
Lh: Trúc","31,04 triệu/m²",Nội thất cao cấp,77 m²,Tây Nam,Chung cư,Hẻm xe hơi,Văn phòng
A5,,Kẹt tiền bán gấp đất giá rẻ full thổ cư,2 phòng,Khu phú Quới C,Đã có sổ,Căn góc,Đã bàn giao,L47 - 66,Đất thổ cư,65 m²,5,1,60 m,- 823 m2,"Đường Tỉnh Lộ 837, Thị trấn Tân Thạnh, Huyện Tân Thạnh, Long An",15 m,2 phòng,230 triệu- 823 m2,Nam,"Nhà ngõ, hẻm",823 m2,"Kẹt tiền bán gấp đất full thổ cư đường tỉnh lộ 837 giá rẻ.
Tặng thêm nhà ở có sổ hồng, cửa hàng kinh doanh và kho bãi.
Đường liên tỉnh xe cộ lưu thông nhiều thích hợp cho việc kinh doanh nhà nghỉ, cửa hàng, kho xưởng... hoặc cho thuê lại.
Đất ở khu phố 4 thị trấn nên gần chợ gần trường học, bệnh viện.
Đất có giá trị nên ngân hàng duyệt cho vay được 1,5 tỷ. 
giá bán 230 triệu/ 1m ngang
Bớt chút lộc cho ae muốn mua.",279.465 đ/m2,Nội thất cao cấp,77 m²,Tây Nam,Chung cư,Mặt tiền,Văn phòng
A5,,Căn hộ 41m2 Bcons MĐ. giá sang nhượng: 982tr,1 phòng,Khu phú Quới C,Đang chờ sổ,Căn góc,Chưa bàn giao,L47 - 66,Đất thổ cư,41 m²,5,1,60 m,- 41 m2,"54 Tân lập, Phường Đông Hòa, Thị xã Dĩ An, Bình Dương, Phường Đông Hòa, Thị xã Dĩ An, Bình Dương",15 m,1 phòng,982 triệu- 41 m2,Nam,"Nhà ngõ, hẻm",823 m2,"Cần sang lại căn hộ 41m2 chung cư Bcons Miền Đông

Tầng 10 - View thành phố

Giá bán hiện tại 982tr ( 70% giá trị căn hộ )

Sau khi nhận nhà và sổ hồng TT 30% còn lại

Ngân hàng hỗ trợ vay 70%

LH: 032 689 6666 (zalo/ Viber)

Vị trí dự án : Mặt tiền đường Tân Lập, cổng vào làng đại học quốc gia
- Đối diện Bx Miền Đông mới và Trạm 14 tuyến Metro số 1
- Kết nối nhanh đến trung tâm Tp với xa lộ HN

+ Tiện ích ngoại khu: công viên làng ĐH hơn 600ha, gần chợ, trường học,.
+ Tiện ích nội khu : Nhà trẻ, hồ bơi, công viên, shophouse...

LH: 032 689 6666 (zalo/ Viber)","23,95 triệu/m²",Hoàn thiện cơ bản,77 m²,Tây Nam,Chung cư,Mặt tiền,Văn phòng
A5,,Nhà riêng 21/ Hồng Lạc Tân Bình,3 phòng,Khu phú Quới C,Đang chờ sổ,Căn góc,Chưa bàn giao,L47 - 66,Đất thổ cư,41 m²,5,1,15 m,- 60 m2,"21/49N, Đường Hồng Lạc, Phường 10, Quận Tân Bình, Tp Hồ Chí Minh",4 m,3 phòng,"4,27 tỷ- 60 m2",Nam,"Nhà ngõ, hẻm",60 m²,"Nhà 1 trệt, 1 lầu, 4x15, diện tích sử dụng 120m2, có sân rộng để được tầm 10 xe máy, 3 WC, 3 phòng ngủ.
Hẻm 3 gác, thông nhiều nhánh, khu chợ Tân Bình, Bùi Thế Mỹ, làm nghề giày dép và quần áo, đồ cưới.
Đường giao nhau với Lạc Long Quân, Lý Thường Kiệt, khúc gần vòng xoay CMT8, Hoàng Văn Thụ và bệnh viện Thống Nhất.
Nhà có sổ hồng, chính chủ, pháp lý rõ ràng. Nhà trống, cần bán gấp xoay vốn cuối năm. 

Giá 4.45 tỷ, thương lượng lấy lộc.
Liên hệ chính chủ Huy .
Hoa hồng cho môi giới 1% khi giao dịch thành công.","71,17 triệu/m²",Hoàn thiện cơ bản,120 m²,Tây Nam,Chung cư,Mặt tiền,Văn phòng
A5,,Đất thật giá thật An Phú Đông Q12 CN xây đủ 110m2,3 phòng,Khu phú Quới C,Đã có sổ,Căn góc,Chưa bàn giao,L47 - 66,Đất thổ cư,41 m²,5,1,27 m,- 110 m2,"Đường Quốc lộ 1A, Phường An Phú Đông, Quận 12, Tp Hồ Chí Minh",4 m,3 phòng,"3,62 tỷ- 110 m2",Nam,"Nhà ngõ, hẻm",110 m2,"Tôi chính chủ cần bán lô đất thổ cư Phường An Phú Đông, Quận 12 cách Quốc lộ 1A khoảng 150m.
- Diện tích 4x27.5m vuông vức, thổ cư công nhận đủ 110m2 không bị trừ lộ giới, xây dựng tự do. Tính ra chỉ 32.7tr/m2, đất to nhưng giá không hề to.
- Hẻm xe hơi lộ giới 8m, xe ôtô vào tận cửa, quay đầu thoải mái. Kế bên tương lai quy hoạch lộ giới dự phóng 13m phía bên bờ kênh rất tiềm năng.
- Vị trí thuận tiện. Từ lô đất di chuyển đến trường ĐH Nguyễn Tất Thành, chợ Vườn Lài, ngã tư Ga, ngã tư Bình Phước tầm 5 - 7p chạy xe. Vài ngày thông cầu An Phú Đông thì chỉ mất 10p để đi qua Gò Vấp, Bình Thạnh (bên kia sông là đường Nguyễn Thái Sơn, Bình Lợi, Đặng Thùy Trâm...
- Thích hợp cho mua đầu tư hay mua về xây dựng nhà cho thuê.
- Thông tin tôi đăng và hình ảnh hoàn toàn chính xác không sai lệch.
- Chính chủ nên đất thật giá thật không phải môi giới.","32,91 triệu/m2",Hoàn thiện cơ bản,120 m²,Tây Bắc,Chung cư,Hẻm xe hơi,Văn phòng
A5,,"1 lô Chơn Tâm 5 giá 2,4tỷ, đường thông.",3 phòng,Khu phú Quới C,Đã có sổ,Căn góc,Chưa bàn giao,L47 - 66,Đất thổ cư,41 m²,5,1,20 m,- 100 m2,"Đường Chơn Tâm 5, Phường Hòa Khánh Nam, Quận Liên Chiểu, Đà Nẵng",5 m,3 phòng,"2,4 tỷ- 100 m2",Nam,"Nhà ngõ, hẻm",100 m2,"Cần bán gấp lô Chơn Tâm 5, nội khu có 2 công viên rộng rãi. Đường Thông.
Đường 5m5 lề 3m.
Hướng Đông Bắc
Diện tích 100m2 ngang 5m.
Giá 2,4tỷ",24 triệu/m2,Hoàn thiện cơ bản,120 m²,Đông Bắc,Chung cư,Hẻm xe hơi,Văn phòng
A5,,BÁN ĐẤT VIEW NGHĨ DƯỠNG HIỆP AN- ĐỨC TRỌNG- LĐ,3 phòng,Khu phú Quới C,Đã có sổ,Căn góc,Chưa bàn giao,L47 - 66,Đất thổ cư,41 m²,5,1,20 m,- 1.997 m2,"Đường Quốc Lộ 20, Xã Hiệp An, Huyện Đức Trọng, Lâm Đồng",5 m,3 phòng,"4,4 tỷ- 1.997 m2",Nam,"Nhà ngõ, hẻm",1997 m2,"ĐẤT SÀO VIEW NGHĨ DƯỠNG ĐỊNH AN 
Cần bán 2 sào đất thuộc Hiệp An - Đức Trọng - Lâm Đồng. 
TDT: 2000m2 sẵn 200m2 thổ cư. 
+ cách ql 20 khoảng 500m, 
+ cách Trạm Thu Phí Định An 3km
+ Cách TP Đà Lạt khoảng 15km
+ Cách sân bay Liên Khương 12km. 
Đất view cao thoáng đãng thế đất bằng phẳng, tầm nhìn bao quát xung quanh thích hợp xây nhà nghĩ dưỡng, đường lên đất khoảng 50m đường đất rộng. Còn lại từ QL vô đường bê tông thông các hẻm. 
Giá : 4,4 tỉ 
Liên hệ : Dung để xem đất và thương lượng giá cả.","2,2 triệu/m2",Hoàn thiện cơ bản,120 m²,Đông Bắc,Chung cư,Hẻm xe hơi,Văn phòng
A5,,Sở hửu ngay lô 108m2 mặt đường Bùi Thị Cúc,3 phòng,Khu phú Quới C,Đã có sổ,Căn góc,Chưa bàn giao,L47 - 66,Đất thổ cư,41 m²,5,1,21.6 m,- 108 m2,"Đường Liên Phường, Phường Bần Yên Nhân, Thị xã Mỹ Hào, Hưng Yên",5 m,3 phòng,"2,95 tỷ- 108 m2",Nam,"Nhà ngõ, hẻm",108 m2,"Diện tích:108m2, đường trước nhà 7m
- Đối diện KDT Hòa Phát, gần khu CN phố nối A, phố nối B, thuộc trung tâm Thị trấn Mỹ Hào
- Đầy đủ tiện ích với .
+ Cách bệnh viện Đa Khoa Phố Nối 300m
+ Sát ngay khu hành chính huyện Mỹ Hào .
+ Cách các trường mầm non , tiệu học , THCS trong bán kính 500m
+ Cách trường THPT Mỹ Hào khoảng 1km.
+ Cách trường THPT Hồng Đức 500m.
+ Gần Đại học sư phạm kĩ thuật Hưng Yên. Bệnh viện đa khoa Phố Nối...
+ Gần ngay kế bên chợ Bao bì .
+ Giao thông thuận tiện, sinh viên, công nhân và dân cư tập trung đông đúc.
- Sổ đỏ chính chủ, pháp lý nét.
Liên hệ:","27,31 triệu/m2",Hoàn thiện cơ bản,120 m²,Đông Nam,Chung cư,Mặt tiền,Văn phòng
A5,,MỞ BÁN CHUNG CƯ MINI K1 GIÁP BÁT Ở NGAY_CK 5%,1 phòng,Khu phú Quới C,Đã có sổ,Căn góc,Chưa bàn giao,L47 - 66,Đất thổ cư,35 m²,5,1,21.6 m,- 35 m2,"Đường Giáp Bát, Phường Giáp Bát, Quận Hoàng Mai, Hà Nội",5 m,1 phòng,600 triệu- 35 m2,Nam,"Nhà ngõ, hẻm",108 m2,"Dự án: CHUNG CƯ MINI K1 GIÁP BÁT .
 Thông tin chi tiết: MỞ BÁN CĂN HỘ CHUNG CƯ MINI K1 GIÁP BÁT - HOÀNG MAI NHẬN NHÀ Ở ĐƯỢC

GẦN NGAY TRƯỜNG TH TÂN MAI- GIÁP BÁT

GẦN ĐƯỜNG KIM ĐỒNG- GẦN BẾN XE GIÁP BÁT


GẦN NGAY TRƯỜNG CẤP 1 CẤP 2, TUYẾN ĐƯỜNG LỚN...

-Căn hộ 1 phòng ngủ :30-35m2: Giá từ 600tr-660tr/căn

-Căn hộ 2 phòng ngủ : 45m2-50m2 -60m2Giá : 840tr-950tr - 1,1 TỶ/căn

CHIẾT KHẤU NGAY 30TR MỖI CĂN

Chung cư mini ược bàn giao với đầy đủ nội thất từ sàn gạch cao cấp, trần thạch cao, tủ bếp trên dưới, bếp từ, hút mùi, nóng lạnh, thiết bị vệ sinh đầy đủ, hệ thống điện chiếu sáng, các đầu chờ điều hòa, internet, truyền hình cáp,...

Quý khách mua nhà chỉ việc dọn đến ở mà không phải trả thêm bất kỳ khoản chi phí nào.

XEM NHÀ 24/24 KHÔNG QUA TRUNG GIAN","17,14 triệu/m²",Nội thất đầy đủ,120 m²,Đông Nam,Chung cư,Mặt tiền,Văn phòng
A5,,GẤP cần bán nhà phố ĐÀO TẤN DT 50m2 2.65 TỶ,1 phòng,Khu phú Quới C,Đã có sổ,Căn góc,Chưa bàn giao,L47 - 66,Đất thổ cư,35 m²,5,1,21.6 m,- 50 m2,"Đường Đào Tấn, Phường Liễu Giai, Quận Ba Đình, Hà Nội",5 m,1 phòng,"2,65 tỷ- 50 m2",Nam,"Nhà ngõ, hẻm",50 m2,"GẤP cần bán nhà 

Vị trí đẹp:
 -GẦN VƯỜN THÚ HÀ NỘI
 -GẦN LOTTE
 -Ô TÔ TRÁNH 60M
 -HỘ KHẨU BA ĐÌNH
 -KHU DÂN TRÍ CAO
 -Sổ đỏ cất két sẵn sàng giao dịch
 -Diện tích: 30 m2 Sổ đỏ chính chủ, pháp lý sạch , giao nhà ngay
 -Giá: 2.8 tỷ 
Liên hệ: Mr HẢI 058.433.1111
 +Liên hệ để được tư vấn, xem nhà hoàn toàn miễn phí
 +Hỗ trợ pháp lý từ A-Z, tư vấn đầu tư Bất Động Sản hiệu quả hoàn 
 toàn miễn phí",53 triệu/m2,Nội thất đầy đủ,120 m²,Đông Nam,Chung cư,Mặt tiền,Văn phòng
A5,,trệt Lửng Lầu 3m * 9m hẻm 1/ đường Lò Gốm.,3 phòng,Khu phú Quới C,Đã có sổ,Căn góc,Chưa bàn giao,L47 - 66,Đất thổ cư,35 m²,5,3,9 m,- 23 m2,"Lò Gốm, Phường 9, Quận 6, Tp Hồ Chí Minh",3 m,2 phòng,"2,35 tỷ- 23 m2",Nam,"Nhà ngõ, hẻm",23 m²,"Chính Chỉ bán gấp nhà hẻm 1/ đường Lò Gốm p9 q6.
Diện tích: 3m * 9m (Công Nhận 23,1m2).
Kết Cấu:Trệt Lửng Lầu.
Nhà cách mặt tiền Lò Gốm 200m,khu dân cư an ninh yên tĩnh,không bao giờ ngập nước.
Sổ Hồng chính chủ,Mua bán sang tên Công Chứng trong ngày.
giá bán:2 tỷ 250 triệu.","102,17 triệu/m²",Nội thất đầy đủ,51 m²,Đông Nam,Chung cư,Nở hậu,Văn phòng
A5,,"Đất vườn 532m2 (15x36) Đặng Thị Tô, Củ Chi",3 phòng,Khu phú Quới C,Đã có sổ,Căn góc,Chưa bàn giao,L47 - 66,Đất công nghiệp,35 m²,5,3,36 m,- 532 m2,"đặng thị tô, Xã Trung Lập Hạ, Huyện Củ Chi, Tp Hồ Chí Minh",15 m,2 phòng,720 triệu- 532 m2,Nam,"Nhà ngõ, hẻm",532 m2,"-Cần bán lại lô đất vườn trồng Mít có gắn thiết bị béc sẵn cho tưới tiêu
-Diện tích 532m2 (15x36) rào sẵn 
-Đường 9m trải nhựa
-Sổ sẵn
-Giá 720tr","1,35 triệu/m2",Nội thất đầy đủ,51 m²,Đông Bắc,Chung cư,Mặt tiền,Văn phòng
A5,,# Bán Nhà Vườn Tại Khánh Xuân 869 triệu,2 phòng,Khu phú Quới C,Đã có sổ,Căn góc,Chưa bàn giao,L47 - 66,Đất công nghiệp,35 m²,5,3,36 m,- 600 m2,"Đường Phan Huy Chú, Phường Khánh Xuân, Thành phố Buôn Ma Thuột, Đắk Lắk",15 m,1 phòng,869 triệu- 600 m2,Nam,"Nhà ngõ, hẻm",600 m²,"❌SIÊU RẺ SIÊU ĐẸP NGAY TRUNG TÂM PHỐ- NHÀ VƯỜN THỔ CƯ ❌ GIÁ 869 Triệu ❌
❤SIÊU PHẨM NHÀ VƯỜN CÓ THỔ CƯ PHƯỜNG KHÁNH XUÂN GÍÁ SIÊU RẺ CHỐT NHANH ĐỂ NGHỈ DƯỠNG VUI CHƠI NGÀY TẾT ACE ƠI❤️
BÁN NHANH SIÊU NHÀ VƯỜN GIÁ RẺ
✅Diện tích 600m2
✅Thổ cư 40m
✅Đường Ô tô đến tận nơi nhà và vườn ao cá đã cải tạo siêu xinh
✅Ngay trung tâm phố cách ngã 6 chỉ 7km - Giao thông thuận lợi 
❤️Giá siêu rẻ chỉ 869 triệu","1,45 triệu/m²",Nội thất đầy đủ,600 m²,Đông Bắc,Chung cư,Hẻm xe hơi,Văn phòng
A5,,Đất hẻm 5m Cây Keo Thủ Đức 51m² giá rẻ,2 phòng,Khu phú Quới C,Đã có sổ,Căn góc,Chưa bàn giao,L47 - 66,Đất thổ cư,35 m²,5,3,11 m,- 51 m2,"Đường Cây Keo, Phường Tam Phú, Quận Thủ Đức, Tp Hồ Chí Minh",5 m,1 phòng,"3,4 tỷ- 51 m2",Nam,"Nhà ngõ, hẻm",51 m2,"Bán lô đất hẻm xe tải ngay đường Cây Keo, đối diện KDC Thăng Long Home Hưng Phú, sát Tô Ngọc Vân 
DT 51m2( 5 x 10,1)
Sổ riêng 
KDC hiện hữu 
Giá 3.4 tỷ thương lượng tuỳ thiện chí 
Lh Mr Lưu","66,67 triệu/m2",Nội thất đầy đủ,600 m²,Đông Bắc,Chung cư,Hẻm xe hơi,Văn phòng
A5,,"Bán gấp đất phường An Phú, Thuận An, Bình Dương",2 phòng,Khu phú Quới C,Đã có sổ,Căn góc,Chưa bàn giao,L47 - 66,Đất thổ cư,35 m²,5,3,17.75 m,- 71 m2,"Đường Nguyễn Văn Trỗi, Phường An Phú, Thị xã Thuận An, Bình Dương",4 m,1 phòng,900 triệu- 71 m2,Nam,"Nhà ngõ, hẻm",71 m2,"Chính chủ cần bán gấp lô đất gần đường Nguyễn Văn Trỗi, P.An Phú, Thuận An, Bình Dương, cách vòng xoay An Phú 600m, kế bên chợ, tiện ở hoặc kinh doanh, đường nhựa 6m
~DT: 71m2, full thổ, sổ riêng, xây dựng ngay
~Lô đất y hình, bao check quy hoạch
Xem đất và sổ trực tiếp","12,68 triệu/m2",Nội thất đầy đủ,600 m²,Đông Bắc,Chung cư,Mặt tiền,Văn phòng
A5,,BÁN CH 2PN GATEWAY 2.1 TỶ FULL NT CÓ TL VAY 70%.,2 phòng,Khu phú Quới C,Đã có sổ,Căn góc,Đã bàn giao,L47 - 66,Đất thổ cư,65 m²,5,3,17.75 m,- 65 m2,"Đường Xa lộ Hà Nội, Phường Hiệp Phú, Quận 9, Tp Hồ Chí Minh",4 m,2 phòng,"1,6 tỷ- 65 m2",Nam,"Nhà ngõ, hẻm",71 m2,"Căn hộ cần bán:
- Diện tích: 65m2
- Thiết kế: 2PN2WC
- Tầng 12 view Đông Nam
- Gía bán TT 1.6 tỷ- có thương lượng thêm
Đầy đủ nội thất chuẩn châu Âu

Tiện ích đầy đủ: Hồ bơi, công viên, phố đi bộ, siêu thị, spa, gym...
Khu dân cư dân trí cao, an ninh 24/24.
Tiện ích vị trí:
Ngân hàng, nhà sách, các trường đại học, chợ, bệnh viện.
Tiện ích nội khu:
Bãi cỏ nội khu, công viên nội khu, hồ bơi, BBQ, khu vui chơi trẻ em.

CÁC CHI PHÍ KHI BẠN Ở ĐÂY
- Phí quản lý: 8.000 VND/m2/tháng
- Điện nước giá nhà nước
- Phí giữ xe: 120.000 VND/xe máy/tháng, 1.200.000 VND/xe ô tô/tháng

Liên hệ mình để được hỗ trợ nha.","24,62 triệu/m²",Nội thất đầy đủ,600 m²,Đông Bắc,Chung cư,Mặt tiền,Văn phòng
A5,,"Bán nhà Xuân La, ở sướng, giá rẻ 3.7 Tỷ",3 phòng,Khu phú Quới C,Đã có sổ,Căn góc,Đã bàn giao,L47 - 66,Đất thổ cư,65 m²,5,3,17.75 m,- 35 m2,"Đường Xuân La, Phường Xuân La, Quận Tây Hồ, Hà Nội",4 m,3 phòng,"3,7 tỷ- 35 m2",Nam,"Nhà ngõ, hẻm",35 m²,"-Xuân La là khu vực Vip thuộc quận Tây Hồ, gần những con đường mới hiện đại của Thủ Đô như Nguyễn Văn Huyên, Võ Chí Công, giao thông thuận tiện,phố xá sạch sẽ, tiện ích ngập tràn, chợ, trường học, bệnh viện, không thiếu thứ gì.
-Nhà nằm trong ngõ 38 Xuân La, sầm uất 5 phút ra chợ, gần trường ĐH Nội vụ, khu chung cư cao cấp Kosmo Tây Hồ, nhà hàng quán ăn mọc lên như nấm, cửa hàng tiện lợi Vin Mark, Cikle K, Coffee HighLand, Aha chỉ vài bước chân, ngân hàng bưu điện ngay cạnh, ở không sướng không lấy tiền.
-Thiết kế: 5 tầng 3 ngủ thoáng sáng phòng nào cũng có cửa sổ, nhà mới, chủ tặng toàn bộ nội thất cho khách mua.
-Diện tích: 35m2 nở hậu nhẹ
-Sổ đỏ chính chủ sẵn sàng giao dịch.
-Liên hệ: Em Khang chỉ bán nhà đẹp Khu Vực Tây Hồ, Từ Liêm.","105,71 triệu/m²",Nội thất đầy đủ,35 m²,Đông Bắc,Chung cư,Mặt tiền,Văn phòng
A5,,"CẦN BÁN NHÀ GẤP (Ba Đình Q8,TpHCM)",2 phòng,Khu phú Quới C,Đã có sổ,Căn góc,Đã bàn giao,L47 - 66,Đất thổ cư,65 m²,5,1,12 m,- 34 m2,"613b/21, Đường Ba Đình, Phường 9, Quận 8, Tp Hồ Chí Minh",4.03 m,1 phòng,"1,85 tỷ- 34 m2",Nam,"Nhà ngõ, hẻm",34 m²,"Nhà CHÍNH CHỦ, có sổ hồng đầy đủ, không tranh chấp.
- Vị trí thuận tiện: gần cầu Nguyễn Tri Phương
- Ngay trung tâm, sát bên trường học ( vài bước đi bộ)
- Cách chợ Ba Đình chưa tới 100m
- Gần bệnh viện, quán ăn, cửa hàng tiện lợi
- Thuận tiện di chuyển: qua quận 5 (chỉ mất 1p)
- Giờ cao điểm KO bị ùn tắt giao thông, mưa KO sợ nước ngập 
- Tình trạng: nhà còn mới có thể dọn vào ở ngay hoặc trang trí lại tùy thích
Nhà gồm: 2 phòng ngủ, 1 lửng gác, 1 tolet
 Giá cả phải chăng: 1,850 tỷ (còn THƯƠNG LƯỢNG, cho người có ý muốn mua qua 
-> Đặc biệt: Nếu ai dẫn khách qua xem mà bán được nhà sẽ chia 1% hoa hồng nha <-","54,41 triệu/m²",Nội thất đầy đủ,35 m²,Đông Bắc,Chung cư,Nở hậu,Văn phòng
A5,,"11tỷ Bán nhà 3 lầu (4x15m) Trần Khắc Chân Quận1,",4 phòng,Khu phú Quới C,Đã có sổ,Căn góc,Đã bàn giao,L47 - 66,Đất thổ cư,65 m²,5,1,14 m,- 56 m2,"Đường Trần Khắc Chân, Phường Tân Định, Quận 1, Tp Hồ Chí Minh",4 m,4 phòng,11 tỷ- 56 m2,Nam,"Nhà ngõ, hẻm",56 m²,"Cần bán nhà 2 mặt tiền hẻm xe tải Trần Khắc Chân phường Tân Định quận 1
Diện tích : 4 x 15m
Kết cấu : trệt 3 lầu 
Hẻm xe hơi vào thoải mái, khu dân trí cao. 
Vị trí : Ngay trung tâm đắc địa quận 1, thuận tiện di chuyển,sát mặt tiền đường 
Giá : 11.5 tỷ TL
Liên hệ : ( miễn tiếp môi giới)","196,43 triệu/m²",Nội thất đầy đủ,35 m²,Đông Bắc,Chung cư,Nở hậu,Văn phòng
A5,,NHÀ ĐẸP - LÔ GÓC - NGÕ THOÁNG- GIÁ RẺ,5 phòng,Khu phú Quới C,Đã có sổ,Căn góc,Đã bàn giao,L47 - 66,Đất thổ cư,65 m²,5,4,14 m,- 43 m2,"Đường Bùi Xương Trạch, Phường Khương Trung, Quận Thanh Xuân, Hà Nội",4 m,3 phòng,"3,58 tỷ- 43 m2",Nam,"Nhà ngõ, hẻm",43 m²,"MÔ TẢ:
+ Ngõ rộng hai xe máy tránh nhau thoải mái, ba gác vào được, khu dân cư đông đúc, ngõ thoáng.
+ nhà diện tích rộng, lô góc thoáng sáng, nhà mình là nhà lô góc bên trong khá yên tĩnh.
+ Diện tích rộng, từ tầng 2 đua ra 45m nhà chỉ việc về ở luôn.
Thiết kế rất nhiều phòng tha hồ ở và sử dụng cho gia đình nhiều thế hệ: 
Tầng 1 là phòng khách và để xe + phòng bếp rộng.
Tầng 2 là 2 phòng ngủ rộng 
Tầng 3 là 3 phòng ngủ.
Tầng 4 là phòng thờ và sân phơi.
+ sổ đỏ chính chủ giao dịch ngay.","83,26 triệu/m²",Hoàn thiện cơ bản,43 m²,Đông Bắc,Chung cư,Nở hậu,Văn phòng
A5,,Bán nhà Khương Trung 45m2 4 tầng oto vào nhà,3 phòng,Khu phú Quới C,Đã có sổ,Căn góc,Đã bàn giao,L47 - 66,Đất thổ cư,65 m²,5,4,14 m,- 50 m2,"43, Đường Khương Trung, Phường Khương Trung, Quận Thanh Xuân, Hà Nội",4 m,4 phòng,"4,5 tỷ- 50 m2",Nam,"Nhà ngõ, hẻm",50 m²,"+ Vị trí: 100m ra mặt phố Khương Trung, thông sang tô vĩnh diện, cực hiếm nhà bán khu vực này.
Mô tả:
+ Nhà Mặt ngõ thông ô tô đổ cửa, vào nhà, nằm tại vị trí giáp ranh giữa Quận Thanh Xuân và Đống Đa, ACE thoải mái tư vấn khách, nhà rất tiện kinh doanh, làm văn phòng.
+ Nhà 2 mặt ngõ, ngõ trước nhà rộng ô tô 7 đỗ thoải mái, ngõ sau ba gác đua, ngõ thông ra phố tô vĩnh Diện, ngã tư sở.
+ Diện tích sổ 43,1m2, từ tầng 2 đua trước sau 50m2, sổ đỏ nở hậu đẹp, chủ tặng lại toàn bộ nội thất cho khách.
+ Thiết kế cơ bản: 
- Tầng 1: phòng khách, Bếp.
- Tầng 2,3: mỗi tầng 2 phòng, 1 WC.
- Tầng 4: sân phơi trước sau.
liên hệ trực tiếp anh cầu:",90 triệu/m²,Hoàn thiện cơ bản,50 m²,Đông Bắc,Chung cư,Nở hậu,Văn phòng
A5,,Bán Nhà Quận Tây Hồ 48m²,4 phòng,Khu phú Quới C,Đã có sổ,Căn góc,Đã bàn giao,L47 - 66,Đất thổ cư,65 m²,5,4,14 m,- 48 m2,"Đường Tứ Liên, Phường Xuân La, Quận Tây Hồ, Hà Nội",4 m,4 phòng,"6,5 tỷ- 48 m2",Nam,"Nhà mặt phố, mặt tiền",48 m²,"Ô TÔ VÀO NHÀ - KINH DOANH - NHÀ ĐẸP Ở NGAY - NỘI THẤT CAO CẤP - TIỆN ÍCH ĐẦY ĐỦ - TRUNG TÂM TÂY HỒ.
Tứ Liên 48 nhà 5t MT 5.6m Giá 6.5 tỷ Tây Hồ
Mô tả:
✓ Vị trí:
- Vị trí nhà thoáng đẹp nằm ở trung tâm quận Tây Hồ, tiện ích xung quanh không thiếu thứ gì, gần trường học, chợ, siêu thị Vinmart …
- Khu vực phân lô bàn cờ, ngõ rộng 2 ô tô tránh lại thông khắp mọi nơi nên đi lại thuận tiện vô cùng, ô tô đỗ cửa.
✓ Thiết kế:
- Nhà được thiết kế với phong cách hiện đại, nội thất sang trọng với cầu thang và sàn gỗ tự nhiên, có tổng 4 phòng ngủ, các tầng đều có 2 mặt thoáng và tràn ngập ánh sáng.
- Chủ tặng lại hết toàn bộ nội thất, điều hòa âm trần và rất nhiều đồ xịn khác lại cho chủ mới.
- Tầng 1 : Gara + Bàn ăn + Bếp + WC.
- Tầng 2 : Phòng khách + phòng làm việc
- Tầng 3,4 : Mỗi tầng 2 phòng ngủ + WC
- Tầng 5 : Phòng thờ, sân phơi…
+ Sổ đỏ hoa hậu, sẵn sàng giao dịch.","135,42 triệu/m²",Hoàn thiện cơ bản,48 m²,Đông Bắc,Chung cư,Nở hậu,Văn phòng
A5,,Nhà 1 trục Thống Nhất P.16 Gò Vấp (3.5*14)CN 51m2,2 phòng,Khu phú Quới C,Đã có sổ,Căn góc,Đã bàn giao,L47 - 66,Đất thổ cư,65 m²,5,4,14 m,- 51.2 m2,"Đường Thống Nhất, Phường 16, Quận Gò Vấp, Tp Hồ Chí Minh",3.5 m,2 phòng,"3,6 tỷ- 51.2 m2",Nam,"Nhà ngõ, hẻm",51.2 m²,"MS(156475)
Vị trí: Trung tâm Gò vấp, từ Thống Nhất 1 trục vào đến nhà. Cách Uỷ ban Phường 16 chỉ 100m
Vì cần tiền gấp trước Tết nên giảm 250 triệu từ 3,85 xuống 3,6 tỉ. Hỗ trợ TL tối đa cho khách thiện chí sẵn tiền mặt mua ngay

Nhà xây dựng kiên cố DT 51,2m2 công nhận đủ. nở hậu. 
Kết cấu 1 trệt 1 lầu, sàn gỗ, 2PN,2WC. chừa sẵn khoảng sân phía trước rộng rãi, có trồng nhiều cây cảnh
Hẻm ba gác, ra hẻm xe hơi 200m, ra khu CityLand ParkHill 4 phút.
Thuận tiện di chuyển về Q.Tân Bình, Q.12,...
Sổ hồng riêng sang tên nhanh gọn

Liên hệ xem nhà e Tú (nc)","70,59 triệu/m²",Hoàn thiện cơ bản,92.4 m²,Đông Nam,Chung cư,Nở hậu,Văn phòng
A5,,Đô Thị ôm trọn mặt sông Cổ Cò COCOAQUA_RIVERSIDE,2 phòng,Khu phú Quới C,Đang chờ sổ,Căn góc,Đã bàn giao,L47 - 66,Đất nền dự án,65 m²,5,4,19 m,- 99 m2,"Võ Nguyên Giáp, Phường Điện Dương, Thị xã Điện Bàn, Quảng Nam",5 m,2 phòng,"1,1289 tỷ- 99 m2",Nam,"Nhà ngõ, hẻm",99 m2,"Dự án: COCOAQUA_RIVERSIDE
Thông tin chi tiết: 
* Vị trí chiến lược - độc đáo:
- Gần tổ hợp giải trí lớn Đông Nam Á - Cocobay.
- Gần 2 sân golf quốc tế BRG Golf Resort và Montgomerie Links Vietnam.
- Có 3 trục thông tuyến Võ Nguyên Giáp - Trường Sa với hơn 30 resort cao cấp.
- View sông Cổ Cò đắt giá (năm 2020 được UBND Tỉnh đầu tư nạo vét khơi thông Cổ Cò sẽ trở thành ""Con Đường Tơ Lụa"" nối ĐN và Hội An).

* CHÀO BÁN SẢN PHẨM NGOẠI GIAO VỚI BLOCK MẶT SÔNG 21 NỀN ( CHỈ CÒN 8 NỀN )
- Diện tích 98m2 hướng Đông Bắc 
- Lòng đường 7m5 lề mỗi bên 3m
- Giá : 1,15 tỷ ( bao sổ )
- Thanh toán linh hoạt từ 10 ngày đến 40 ngày
- CAM KẾT TÁI ĐẦU TƯ CHO KHÁCH VỚI MỨC LỢI NHUẬN 20%
- Vui lòng call :Mr Thiệp để đi xem đât ( có xe đưa đón ) và book lô đẹp","11,4 triệu/m2",Hoàn thiện cơ bản,92.4 m²,Đông Bắc,Chung cư,Mặt tiền,Văn phòng
A5,,"BÁN NHÀ GÒ VẤP CHÍNH CHỦ , HẺM 8M , 4X32M , 3 LẦU",5 phòng,Khu phú Quới C,Đã có sổ,Căn góc,Đã bàn giao,L47 - 66,Đất nền dự án,65 m²,5,4,32 m,- 114 m2,"Đường Số 3, Phường 9, Quận Gò Vấp, Tp Hồ Chí Minh",4 m,4 phòng,"7,9 tỷ- 114 m2",Nam,"Nhà mặt phố, mặt tiền",114 m²,"Nhà chính chủ bán , khu dân cư Thạch Đà , Quận Gò Vấp
Thông tin chi tiết :
Bán Nhà Phố Gò Vấp : 1 triệt 3 lầu ( 5 phòng ngủ , 1 phòng sinh hoạt chung , 4 WC) , 2 sân thượng , hồ bơi
Diện tích 114m2 , diện tích sàn 256m , sổ hồng chính chủ ( Sổ đang vay ngân hàng Vietcombank, khách mua khỏi lo vấn đề pháp lý . Ngân hàng định giá 9 tỷ cam kết cho vay trên 6 tỷ ) 
Nhà xây và hoàn công 2019 hướng Tây - Tây Bắc. 
Nhà đã sắm full nội thất : điều hòa , thiết bị vệ sinh cao cấp , đèn trang trí , quạt trần , sàn gỗ , rèm cửa 2 lớp .... Phòng chơi cho bé với nhiều đồ chơi hiện đại.
Khu quy hoạch dân cư ổn định , công nhận đủ 114m2 không vướng quy hoạch, lộ giới .
Đường trước nhà 8m trải nhựa . Phạm Văn Chiêu vào chỉ 250m, đường số 3 vào chỉ 70m
Giá bán 7,9 tỷ . Khách thiện chí thương lượng thêm.","69,3 triệu/m²",Nội thất cao cấp,114 m²,Đông Bắc,Chung cư,Hẻm xe hơi,Văn phòng
A5,,"Bán gấp penthouse OPAL 4P 2lầu 140m2, view Sông SG",3 phòng,A1,Đang chờ sổ,Căn góc,Đã bàn giao,L47 - 66,Đất nền dự án,140 m²,15,4,32 m,- 140 m2,"đường số 10, Phường Hiệp Bình Chánh, Quận Thủ Đức, Tp Hồ Chí Minh",4 m,2 phòng,"5,29 tỷ- 140 m2",Đông Nam,"Nhà mặt phố, mặt tiền",114 m²,"Bán căn hộ vip penthouse 2 tầng, nằm ở tầng thượng (T16) ,view trực tiếp sông Sài Gòn và Quận 2, Quận 1 (cửa sổ Đông Nam)

Từ Quận 1 (cầu Nguyễn Thị Minh Khai) đi đúng 4km (15p) đến Khu căn hộ nằm MT đ.số 10 (rộng 20m), cách Phạm Văn Đồng 700m, nằm liền Q.Bình Thạnh và Sông Sài Gòn

căn hộ trong dự án Opal Riverside đã hình thành hoàn chỉnh, được bảo vệ khép kín, có quản lý dịch vụ tốt (khuôn viên rộng 2ha (20.000m2), có bến du thuyền và công viên giáp sông Sài Gòn dài, sân bóng, hồ bơi lớn, 3 tầng để xe máy và xe hơi..) Trong khuôn viên có trường học mẫu giáo, Siêu thị, cửa hàng ăn uống cafe... 

Căn hộ vip tầng thượng, có 2 tầng (cao 6m), diện tích 140m2 rộng như 200m2 thiết kế riêng, có sàn gỗ, 3phòng ngủ + 2 phòng sinh hoạt, 1 Khu bếp rộng, 1Phòng giặt phơi, 1 phòng kho, . có thể thêm 1 phòng ngủ thành 4PN, ban công hướng Đông Nam nhìn sông sài Gòn Và Thảo Điền Q2,

 tặng lại toàn nội thất (khoảng 400tr) tủ gường bàn ghế, 2tivi OLED 55In 3D, tủ lạnh 3 cửa, Máy giặt cửa trước, 1 bộ sofa điện da thật toàn bộ, 1 máy chạy bộ lớn, 5 máy lạnh Toshiba mới...v.v, 

Tầng thông 6 Tháng máy, chỉ có 8 hộ trong tầng, (tầng thượng, tầng 16)

Giá bán 5 tỷ 290 triệu (vay được NH 70%),
 hợp đồng công chứng sang tên ngay.","37,79 triệu/m²",Nội thất đầy đủ,114 m²,Tây Bắc,Duplex,Hẻm xe hơi,Văn phòng
A5,,ĐẤT THỔ CƯ XÂY TRỌ SÁT KCN MINH HƯNG - HÀN QUỐC,3 phòng,A1,Đã có sổ,Căn góc,Đã bàn giao,L47 - 66,Đất thổ cư,140 m²,15,4,43 m,- 434 m2,"Đường Quốc Lộ 13, Xã Minh Hưng, Huyện Chơn Thành, Bình Phước",10 m,2 phòng,"1,4 tỷ- 434 m2",Đông Nam,"Nhà mặt phố, mặt tiền",434 m2,"TIN VUI CHO ANH ANH CHỊ KINH DOANH XÂY TRỌ.
ngang 10 x dài 43 x 100 thổ cư
Chuyển nhượng cho anh chị xây trọ, xây biệt thự lô đất đẹp ngay KCN Minh Hưng - Hàn Quốc. 
- Sát vách KDC Đại Nam 96ha của chú Dũng Lò Vôi. 
- Liền kề KCN Minh Hưng - Hàn Quốc 700ha.
- Nằm trên trục đường chính 19m nhà nước bê tông hiện hữu.
- Nằm phía sau quỹ đất Nhà Khách Tỉnh Uỷ Chơn Thành.
Giá đầu tư, xây trọ cực êm
Liên hệ:","3,23 triệu/m2",Nội thất đầy đủ,114 m²,Tây Bắc,Duplex,Mặt tiền,Văn phòng
A5,,"Bán nhà mới đẹp ngõ 79 Cầu Giấy, chỉ 2.6 tỷ",5 phòng,A1,Đã có sổ,Căn góc,Đã bàn giao,L47 - 66,Đất thổ cư,140 m²,15,4,10 m,- 36 m2,"Đường Cầu Giấy, Phường Yên Hoà, Quận Cầu Giấy, Hà Nội",3.6 m,2 phòng,"2,6 tỷ- 36 m2",Đông Nam,"Nhà ngõ, hẻm",36 m²,"NHÀ ĐẸP ĐÓN TẾT - KHU VỰC CẦU GIẤY HIẾM NHÀ BÁ - XEM LÀ CHỐT.
Ngõ rộng xe ba gác vào vô tư, có sân để xe, view nhà văn hoá vô cùng thoáng, khách đến chơi nhà tha hồ để xe. Giao thông thuận tiện. 
Nhà 4 tầng.
Tầng 1: Phòng khách, bếp, phòng ăn, vs.
Tầng 2,3: 2 phòng ngủ, vs khép kín.
Tầng 4: phòng thờ, sân phơi.
Sổ riêng, nở hậu đẹp.
Vị trí nằm trung tâm của Cầu Giấy, giao thông vô cùng thuận tiện, khu vực cơ sở hạ tầng phát triển mạnh, giá nhà khu vực tăng chóng mặt. 

+ Chủ nhà thiện chí bán, có thương lượng và tặng lại toàn bộ nội thất sang trọng cho khách hàng thiện chí, để sở hữu nhà mới đẹp, giá rẻ đón chào năm mới 2021.
LH ngay Mr William Thưởng, miễn trung gian môi giới làm phiền.","72,22 triệu/m²",Nội thất đầy đủ,36 m²,Tây Bắc,Duplex,Mặt tiền,Văn phòng
A5,,"Bán nhà phố Tân Thụy, 34m2 X 5T mới, ô tô đỗ cổng",4 phòng,A1,Đã có sổ,Căn góc,Đã bàn giao,L47 - 66,Đất thổ cư,140 m²,15,4,10 m,- 34 m2,"Tân thụy, Phường Phúc Đồng, Quận Long Biên, Hà Nội",3.6 m,4 phòng,"2,2 tỷ- 34 m2",Đông Nam,"Nhà mặt phố, mặt tiền",34 m²,"Nhà phố Tân Thụy, 34m2, 5 tầng đẹp long lanh, mặt tiền 4m, ô tô đỗ cổng, 2.2 tỷ.

+ Vị trí hiếm, khu vip, ngõ ô tô, ô tô đỗ cổng, gần trường quốc tế Vin, gần khu liền kề, đấu giá, biệt thự Vincom, BigC, cầu Trần Hưng Đạo, thuận tiện di chuyển giao thông.

+ Nhà 5 tầng xây đẹp, 4 phòng ngủ, 4 vệ sinh, phòng thờ, sân phơi, đầy đủ công năng sử dụng, khách mua chỉ việc xách vali về ở, dân trí cao, an ninh tốt.

+ Sổ đỏ đẹp, chính chủ.

+ Giá Chào: 2.2 tỷ (Có thương lượng).

Liên hệ Ms Duyên 0967.182.629 xem nhà miễn phí (Miễn TG, QC).","64,71 triệu/m²",Nội thất đầy đủ,34 m²,Tây Bắc,Duplex,Mặt tiền,Văn phòng
A5,,"Trệt Lầu 4,2m * 7m hẻm 27/ đường Bùi Tư Toàn.",2 phòng,A1,Đã có sổ,Căn góc,Đã bàn giao,L47 - 66,Đất thổ cư,140 m²,15,2,7 m,- 30 m2,"Bùi Tư Toàn., Phường 10, Quận 6, Tp Hồ Chí Minh",4.2 m,2 phòng,"2,3 tỷ- 30 m2",Đông Nam,"Nhà ngõ, hẻm",30 m²,"Chính chủ bán gấp nhà hẻm 27 đường Bùi Tư Toàn P An Lạc Q BT.
Diện Tích : 4m nở Hậu 4,35m dài 7m.
kết cấu:1 Trệt 1 Lầu (Nhà mới,2 phòng ngủ,2 toilet).
Hẻm rộng 3,5m thông ra hẻm 99 Bùi Tư Toàn.Xung quanh khu dân cư an ninh yên tĩnh,cách hẻm xe hơi 3 căn nhà.
sổ Hồng chính chủ .sang tên mua bán công chứng trong ngày.
Hỗ trợ bên mua tất cả thủ tục mua bán Sang tên Công Chứng.","76,67 triệu/m²",Nội thất đầy đủ,58 m²,Tây Bắc,Duplex,Nở hậu,Văn phòng
A5,,"Lô đất đẹp kiệt ô tô Nguyễn Huệ, P.Phú Nhuận",2 phòng,A1,Đã có sổ,Căn góc,Đã bàn giao,L47 - 66,Đất thổ cư,140 m²,15,2,7 m,- 46 m2,"Đường Nguyễn Huệ, Phường Phú Nhuận, Thành phố Huế, Thừa Thiên Huế",4.2 m,2 phòng,"1,699888 tỷ- 46 m2",Đông Nam,"Nhà ngõ, hẻm",46 m2,"Lô đất hiếm phường Phú Nhuận - ngay Trung tâm Thành phố. kiệt ô tô Nguyễn qua

💖Gi.á: 1,7 Tỷ - thương lượng chính chủ 
💗Diện tích đất: 46m2 - bề ngang 4m
Đất vuông vức đẹp 
🎉kiệt ô tô cách đường chính Nguyễn Huệ chỉ 100m .
Ngay trung tâm, các dịch vụ gần kề. Quá thích hợp để an cư 

☎️Liên hệ: em Hằng để xem đất 
Trân trọng !","36,95 triệu/m2",Nội thất đầy đủ,58 m²,Đông Nam,Duplex,Hẻm xe hơi,Văn phòng
A5,,"NHÀ HOÀNG HOA THÁM 51M, 3 PHÒNG NGỦ ĐẸP",3 phòng,A1,Đã có sổ,Căn góc,Đã bàn giao,L47 - 66,Đất thổ cư,140 m²,15,2,15.9 m,- 51 m2,Đường Hoàng Hoa Thám,3.2 m,2 phòng,"3,85 tỷ- 51 m2",Đông Nam,"Nhà ngõ, hẻm",51 m²,"Dự án: SIÊU RẺ - HOÀNG HOA THÁM 51M, 3 PHÒNG NGỦ ĐẸP, FULL NỘI THẤT, 3.85 TỶ - CÓ THƯƠNG LƯỢNG.
 Thông tin chi tiết: Cơ hội mua được nhà rộng đẹp giá rẻ.

Gia đình mình có căn nhà Hoàng Hoa Thám, do đã đặt cọc chung cư nên rất cần bán gấp căn nhà đang ở.

Diện tích 51m, 3 tầng, 3 phòng ngủ. Tiện ích xung quanh đầy đủ không thiếu gì.

Giá: 3.85 tỷ - có thương lượng

Ai có nhu cầu mời liên hệ: Mr Tuấn","75,49 triệu/m²",Nội thất đầy đủ,155 m²,Đông Nam,Duplex,Hẻm xe hơi,Văn phòng
A5,,80m2 thổ cư shr Lái thiêu 05 giao Nguyễn Văn Tiết,3 phòng,A1,Đã có sổ,Căn góc,Đã bàn giao,L47 - 66,Đất thổ cư,140 m²,15,2,16 m,- 80 m2,"lái thiêu 05, Phường Lái Thiêu, Thị xã Thuận An, Bình Dương",5 m,2 phòng,980 triệu- 80 m2,Đông Nam,"Nhà ngõ, hẻm",80 m2,"Kẹt tiền ra nhanh lô đất vị trí đẹp dân cư đông đúc, buôn bán sầm uất, ngay đường Lái Thiêu 05 Phường Lái Thiêu Thuận An Bình Dương, 
Đi trên đường Nguyễn Văn Tiết gặp phòng khám Đa Khoa Thánh Tâm rẻ vào đi tầm 150m
Dt 80m2
Sổ hồng riêng, sang tên công chứng trong ngày","12,25 triệu/m2",Nội thất đầy đủ,155 m²,Đông Nam,Duplex,Hẻm xe hơi,Văn phòng
A5,,Nhà 56m2 Hưng Long Sổ Hồng BST,3 phòng,A1,Đã có sổ,Căn góc,Đã bàn giao,L47 - 66,Đất thổ cư,140 m²,15,1,14 m,- 56 m2,"đường hương lộ 11, Xã Hưng Long, Huyện Bình Chánh, Tp Hồ Chí Minh",4 m,2 phòng,"1,05 tỷ- 56 m2",Đông Nam,"Nhà ngõ, hẻm",56 m²,"Nhà sổ hồng bao sang tên
Giá còn thương lượng
Nhận mua bán - kí gửi nhà - hỗ trợ vay ngân hàng 50/50
Nhà - kho - đất từ quận 8 tới bình chánh long an mình có rất nhiều liên hệ để biết thêm","18,75 triệu/m²",Nội thất đầy đủ,56 m²,Bắc,Duplex,Hẻm xe hơi,Văn phòng
A5,,Bán Nhà Đảo Vip Hoà Xuân Hướng Đông Nam 3.75 tỷ,3 phòng,A1,Đã có sổ,Căn góc,Đã bàn giao,L47 - 66,Đất thổ cư,140 m²,15,2,20 m,- 100 m2,"Trung Lương 12, Phường Hòa Xuân, Quận Cẩm Lệ, Đà Nẵng",5 m,3 phòng,"4,75 tỷ- 100 m2",Đông Nam,"Nhà mặt phố, mặt tiền",100 m²,"Bán Nhà 2 tầng Trung Lương 12 hướng Đông Nam Khu Đảo vip Hòa Xuân Gần Euro village2.
Nhà 100m2 (5×20), DT xây dựng 180m2
Công năng
1 sân trước để ô tô, 1 phòng khách, 1 phòng bếp, 3 phòng ngủ, 2WC và 1 sân phơi. Nhà xây rất kiên cố và đẹp
Để lại tất cả nội thất như hình ảnh.
Giá 4t750","47,5 triệu/m²",Nội thất cao cấp,56 m²,Bắc,Duplex,Hẻm xe hơi,Văn phòng
A5,,Cần bán 100m2 Trung Tâm TDM Phú Lợi đường 13m,3 phòng,Khu Đô Thị Phúc Đạt,Đã có sổ,Căn góc,Đã bàn giao,L47 - 66,Đất thổ cư,140 m²,15,2,20 m,- 100 m2,"Đường D12, Phường Phú Lợi, Thành phố Thủ Dầu Một, Bình Dương",5 m,3 phòng,"4,15 tỷ- 100 m2",Đông Nam,"Nhà mặt phố, mặt tiền",100 m2,"Toạ lạc tại khu đô thi phú đạt thuộc phường Phú lợi tp Thủ Dầu Một tỉnh Bình Dương
Cạnh lô góc D2 mặt tiền đường D12 khu vực
Diện tích 5x20 = 100m2 full thổ cư hành lang kỹ thuật 2m rộng rãi
Tiện ích; nằm ngay trung tâm thành phố TDM, di chuyển 5 phút đến các khu thương mại, siêu thị, khu mua sấm và ăn uốn, 5p di chuyển đến bệnh viện 512 giường...vv
Giá 4tỷ 150tr 
Call ( hoài Nhân bds bình dương)","41,5 triệu/m2",Nội thất cao cấp,56 m²,Bắc,Duplex,Mặt tiền,Văn phòng
A5,,"BÁN NHÀ 2 MẶT NGÕ OTO-5 TẦNG,38M2,DỌN VỀ Ở NGAY",4 phòng,Khu Đô Thị Phúc Đạt,Đã có sổ,Căn góc,Đã bàn giao,L47 - 66,Đất thổ cư,140 m²,15,5,20 m,- 38 m2,"Quang Trung, Phường La Khê, Quận Hà Đông, Hà Nội",5 m,4 phòng,"2,85 tỷ- 38 m2",Đông Nam,"Nhà mặt phố, mặt tiền",38 m²,"Nhà 38m2 lô góc hai mặt thoáng taxi đỗ cửa tại phố Quang Trung, Hà Đông, HN.
Cần bán nhanh căn nhà 4 tầng 1 tum xây mới, nhà 2 mặt thoáng taxi đỗ cửa Quang Trung, cách đường lớn Quang Trung, Hà Đông chỉ 100m xung quanh kinh doanh sầm uất.
Vị trí nhà gần trường THPT chuyên Nguyễn Huệ, khu vực dân cư đông đúc, dân trí cao, an ninh cực tốt yên tâm để an cư lâu dài.
Diện tích 38m2.
Mặt tiền 4.5m. Hướng Đông Nam.
Ngõ rộng 3.5 m
Nhà xây mới 4,5 tầng thiết kế hiện đại sang trọng nội thất xịn khách hàng chỉ việc dọn đồ đến ở.
Tầng 1 bếp và phòng khách,
Tầng 2, 3 4 mỗi tầng 1 phòng ngủ rộng, vệ sinh khép kín.
Tầng 5, 1 phòng thờ và 1 phòng ngủ,
Tầng tum, sân thượng và sân phơi.
Giá yêu thương cho khách hàng thiện chí, bao sang tên và hỗ trợ trả góp 75% giá trị căn nhà.",75 triệu/m²,Nội thất đầy đủ,38 m²,Bắc,Duplex,Mặt tiền,Văn phòng
A5,,BÁN CĂN HỘ NOVALAND GALAXY 9 Q.4 ĐÃ CÓ SỔ HỒNG,2 phòng,G2,Đã có sổ,Căn góc,Đã bàn giao,L47 - 66,Đất thổ cư,70 m²,15,5,20 m,- 70 m2,"Số 9, Đường Nguyễn Khoái, Phường 1, Quận 4, Tp Hồ Chí Minh",5 m,2 phòng,"3,5 tỷ- 70 m2",Đông Nam,"Nhà mặt phố, mặt tiền",38 m²,"Chuyên bán và cho thuê căn hộ Chung Cư GALAXY 9 NOVALAND.

- Vị trí GALAXY 9 : Số 9 Nguyễn Khoái, Phường 1, Quận 4, chỉ cách Q.1, Q.2, Q.5, Q.7, Q.8 mất 7 phút xe máy.

* 1 phòng ngủ, 1 toilet - Diện tích: 48m2.
- Bán : 2.6 tỷ (tặng hết nội thất)
- Cho thuê : 14 triệu/tháng (nội thất đầy đủ chỉ xách vali vào ở) 

* 2 phòng ngủ, 1 toilet - Diện tích: 58m2.
- Bán : 2.9 tỷ (tặng hết nội thất)
- Cho thuê : 16 triệu/tháng (nội thất đầy đủ chỉ xách vali vào ở) 

* 2 phòng ngủ, 2 toilet - Diện tích: 70m2.
- Bán : 3.5 tỷ (tặng hết nội thất)
- Cho thuê : 18 triệu/tháng (nội thất đầy đủ chỉ xách vali vào ở)

* 3 phòng ngủ, 3 toilet - Diện tích: 95m2 - 120m2
- Bán từ : 4.5 tỷ (tặng hết nội thất)
- Cho thuê : 20 triệu/tháng (nội thất đầy đủ chỉ xách vali vào ở)
 
- Tiện ích GALAXY 9: 
- Hồ bơi tràn Singapore
- Công viên, Phòng Gym, BBQ, Nhà sinh hoạt cộng đồng.
- Bảo vệ 24/24, thẻ từ thang máy và camera giám sát thang máy và ngoài hành lang căn hộ.
- Thang máy tốc độ cao, hệ thống PCCC tiêu chuẩn Quốc tế.

Vui lòng liên hệ để được hổ trợ - Ngoài ra mình còn cho Thuê - Bán các Chung Cư khác tại Q4 : The Gold View, The Tresor, Grand Riverside, Riva Park, River Gate, Masteri Millennium, Icon 56, Saigon Royal...!",50 triệu/m²,Nội thất đầy đủ,38 m²,Tây Bắc,Chung cư,Mặt tiền,Văn phòng
A5,,BÁN CHUNG CƯ MINI GIÁ RẺ L5 GIẢI PHÓNG - VỌNG,1 phòng,G2,Đã có sổ,Căn góc,Chưa bàn giao,L47 - 66,Đất thổ cư,42 m²,15,5,20 m,- 42 m2,"Đường Giải Phóng, Phường Giáp Bát, Quận Hoàng Mai, Hà Nội",5 m,1 phòng,600 triệu- 42 m2,Đông Nam,"Nhà mặt phố, mặt tiền",38 m²,"Dự án: CHUNG CƯ L5 GIẢI PHÓNG.
 Thông tin chi tiết: MỞ BÁN CHUNG CƯ MINI ĐƯỜNG GIẢI PHÓNG- NGÃ TƯ VỌNG - NHẬN NHÀ Ở NGAY

GẦN NGAY NGÃ TƯ VỌNG - BỆNH VIỆN BẠCH MAI

ĐẦY ĐỦ NỘI THẤT- CHIẾT KHÂU 5% CHO KHÁCH HÀNG NHÂN DỊP MỞ BÁN

Đa dạng từng phân khúc từ 1 ngủ đến 3 ngủ.

Diện tích : 30 – 33 -34 – 40 – 43 – 46 – 48 – 55m2.

Giá : từ 600tr -700tr - 800tr - 900tr - hơn 1 tỷ

Pháp lý đầy đủ, tách sổ hồng theo quy định của pháp luật việt nam.

DỰ ÁN TIN CHÍNH CHỦ ĐẦU TƯ - KHÔNG QUA TRUNG GIAN

XEM NHÀ 24/24","14,29 triệu/m²",Nội thất đầy đủ,38 m²,Tây Bắc,Chung cư,Mặt tiền,Văn phòng
A5,,"Nhà 2 Tầng đường Tô Hiến Thành, Phước Mỹ, Sơn Trà",2 phòng,G2,Đã có sổ,Căn góc,Chưa bàn giao,L47 - 66,Đất thổ cư,42 m²,15,5,16 m,- 80 m2,"Tô Hiến Thành, Phường Phước Mỹ, Quận Sơn Trà, Đà Nẵng",5 m,2 phòng,"7,9 tỷ- 80 m2",Đông Nam,"Nhà mặt phố, mặt tiền",80 m²,"Cần Bán Nhà 2 tầng mới đẹp MT đường Tô Hiến Thành, P. Phước Mỹ, Q. Sơn Trà, Đà Nẵng
- Thông tin: Diện tích đất 80m2 (5x16) – Nhà Hướng Đông
- Kết cấu nhà 2 tầng, mới đẹp, 2PN, 2WC, phòng phơi giặt, Có sân để xe, Phòng khách, bếp rộng rãi.
- Nhà thiết kế theo phong cách hiện đại, chất lượng xây dựng chắc chắn, thoáng mát, không thấm mưa, ẩm ướt, có tầng 1 cửa kính trong suốt để kinh doanh.
- Vị trí : Tọa lạc nằm tại khu vực sầm uất, tuyến phố kinh doanh du lịch, ngay Biển Mỹ Khê đi bộ ra biển 300m, khu dân trí cao, an ninh tốt, gần ngay trường mầm non và trường cấp 2, phù hợp vừa mua ở vừa kinh doanh.
+ Giá bán: 7,9 tỷ có TL.
+ LH Mr Sỹ chuyên bất động sản nhà phố
BĐS NewLands chuyên nhà Đất Thổ Cư Đà Nẵng
ĐC: PKD1: 12 Vũ Văn Dũng – PKD2: 23-25 Loseby. Sơn Trà","98,75 triệu/m²",Nội thất đầy đủ,160 m²,Tây Bắc,Chung cư,Mặt tiền,Văn phòng
A5,,Nhà Bình Chuẩn giá rẻ 900tr,3 phòng,G2,Giấy tờ khác,Căn góc,Chưa bàn giao,L47 - 66,Đất thổ cư,42 m²,15,5,13 m,- 52 m2,"bình chuẩn 72, Phường Bình Chuẩn, Thị xã Thuận An, Bình Dương",4 m,2 phòng,900 triệu- 52 m2,Đông Nam,"Nhà ngõ, hẻm",52 m²,"Nhà lầu trệt bc72 , dt 4*13 , nhà 3 phòng ngủ ,2 toalet , đg bê tông 4m điện riêng nước sạch đầy đủ ,bao mọi thủ tục hồ sơ pháp lý ,chanh chấp quy hoạch","17,31 triệu/m²",Nội thất đầy đủ,160 m²,Tây Bắc,Chung cư,Hẻm xe hơi,Văn phòng
A5,,Đất SHR 164m. An Phú Đường OTO thông MPTV,3 phòng,G2,Đã có sổ,Căn góc,Chưa bàn giao,L47 - 66,Đất thổ cư,42 m²,15,5,34 m,- 164 m2,"An Phú 13, Phường An Phú, Thị xã Thuận An, Bình Dương",5 m,2 phòng,"2,55 triệu- 164 m2",Đông Nam,"Nhà ngõ, hẻm",164 m²,Chủ gởi bán lô đất An Phú phù hợp xây trọ or nhà kinh doanh buôn band đa nghành nghề,15.548 đ/m²,Nội thất đầy đủ,160 m²,Tây Bắc,Chung cư,Mặt tiền,Văn phòng
A5,,"ĐẤT CHỈ 925tr/95M2 NGUYỄN THỊ MINH KHAI, PH,TDM,BD",3 phòng,G2,Đã có sổ,Căn góc,Chưa bàn giao,L47 - 66,Đất thổ cư,42 m²,15,5,19 m,- 95 m2,"Đường Nguyễn Thị Minh Khai, Phường Phú Hòa, Thành phố Thủ Dầu Một, Bình Dương",5 m,2 phòng,925 triệu- 95 m2,Đông Nam,"Nhà ngõ, hẻm",95 m2,"Chủ kẹt tiền gửi đất bán để chi trả nợ nần 
Đường nhựa, xung quanh dân cư đông đúc điện nước đầy đủ 
DT: 95M2
Giá 925 triệu
Sổ hồng riêng, bao sang tên( mua là sang tên ngay lập tức )
Hỗ trợ giấy phép xây dựng hoàn công 
Tiện ích: Gần Trường học, Công An, Chợ, Cây Xăng, chùa....
Dễ dàng di chuyển ra Đại Lộ Mỹ Phước - Tân Vạn","9,74 triệu/m2",Nội thất đầy đủ,160 m²,Tây Bắc,Chung cư,Mặt tiền,Văn phòng
A5,,Nhà 2 lầu đường ô tô 56m2 p.Bình Trưng Tây Quận 2,3 phòng,G2,Đã có sổ,Căn góc,Chưa bàn giao,L47 - 66,Đất thổ cư,42 m²,15,3,13.3 m,- 56 m2,"Đường Số 42, Phường Bình Trưng Tây, Quận 2, Tp Hồ Chí Minh",4.2 m,4 phòng,6 tỷ- 56 m2,Đông Nam,"Nhà ngõ, hẻm",56 m²,"BÁN NHÀ 1 TRỆT 2 LẦU ĐƯỜNG Ô TÔ P.BÌNH TRƯNG ĐÔNG QUẬN 2
💓💓💓
👉Nhà 1 trệt 2 lầu có sân thượng, 3PN, 4toilet, sân thượng trồng cây, ban công thoáng mát....
👉Nhà có gara ôtô, nằm trong khu dân ninh, an ninh, gần bvq2 
💥💥Dt: 55.4m2 (4.2x13.3)
Dt sàn: 150m2
❤❤❤Giá 6 tỷ TL","107,14 triệu/m²",Hoàn thiện cơ bản,150 m²,Đông,Chung cư,Nở hậu,Văn phòng
A5,,"Bán tòa căn hộ đường Trần Hửu Tước, Đà Nẵng",nhiều hơn 10 phòng,G2,Đã có sổ,Căn góc,Đã bàn giao,L47 - 66,Đất thổ cư,300 m²,5,3,13.3 m,- 300 m2,"Trần Hửu Tước, Phường Phước Mỹ, Quận Sơn Trà, Đà Nẵng",4.2 m,Nhiều hơn 6 phòng,45 tỷ- 300 m2,Tây Nam,"Nhà ngõ, hẻm",56 m²,"Bán tòa căn hộ đường Trần Hửu Tước, Đà Nẵng
Vị trí sát biển và đường Võ Nguyên Giáp",150 triệu/m²,Nội thất đầy đủ,150 m²,Tây Nam,"Căn hộ dịch vụ, mini",Nở hậu,Văn phòng
A5,,Mặt phố Ngô Gia Tự 145m mặt tiền 4.5m giá 13.3 tỷ.,3 phòng,G2,Đã có sổ,Căn góc,Đã bàn giao,L47 - 66,Đất thổ cư,300 m²,5,3,13.3 m,- 145 m2,"Đường Ngô Gia Tự, Phường Đức Giang, Quận Long Biên, Hà Nội",4.5 m,Nhiều hơn 6 phòng,"13,3 tỷ- 145 m2",Tây Nam,"Nhà mặt phố, mặt tiền",145 m²,"Căn nhà nằm trên chính mặt phố Ngô Gia Tự có diện tích thực tế 145m trên sổ 113m.
Nhà xây 3 tầng cũ kiên cố, phần ngoài thiết kế làm cửa hàng siêu rộng để được cả ô tô.
Mặt tiền 4.5m cũng rất đẹp.
Vị trí gần ngã ba Đức Giang. Vỉa hè rộng 10m, ô tô vẫn đỗ dưới lòng đường.
Sổ đỏ đẹp, chủ nhà cần bán gấp giá đã giảm so với thị trường.
Tương lai là khu vực tăng giá rất cao khi Gia Lâm lên quận vì vậy đây là cơ hội tốt để sở hữu căn nhà mặt phố rộng tiềm năng.
Liên hệ xem nhà miễn phí: Minh Huệ.","91,72 triệu/m²",Nội thất đầy đủ,150 m²,Tây Nam,"Căn hộ dịch vụ, mini",Nở hậu,Văn phòng
A5,,"căn hộ mới 100% vô ở ngay dịp Tết, 39m2 HĐ Mua Bán",1 phòng,G2,Đang chờ sổ,Căn góc,Chưa bàn giao,L47 - 66,Đất thổ cư,39 m²,5,3,13.3 m,- 39 m2,"Đường Đồng Khởi, Phường Tam Hòa, Thành phố Biên Hòa, Đồng Nai",4.5 m,1 phòng,770 triệu- 39 m2,Tây Nam,"Nhà mặt phố, mặt tiền",145 m²,"Dự án Chung Cư của công ty cổ phần đầu tư và phát triển có tiếng bậc nhất Đồng Nai Cường Thuận IDICO đã đi vào sử dụng

Chỉ 1 căn duy nhất HĐ mua bán

Diện tích : 39m2

Thiết kế 1 PN ,1WC và 1 lô gia

Hoàn thiện cơ bản

Giá bán 770tr ( Quý I năm 2021 có sổ luôn )

View đẹp nhìn ra sông Đồng Nai, cửa sổ hướng Tây Nam gió cực mát

Gọi đường dây nóng: 0981 437 506 để biết thêm thông tin và đi xem nhà","19,74 triệu/m²",Hoàn thiện cơ bản,150 m²,Tây Nam,Chung cư,Nở hậu,Văn phòng
A5,,NỀN HẺM NHÁNH HẺM 150 NGUYỄN THÔNG 4.3X15 THỔ CƯ,1 phòng,G2,Đã có sổ,Căn góc,Chưa bàn giao,L47 - 66,Đất thổ cư,39 m²,5,3,15 m,- 64 m2,"HẺM 150, Đường Nguyễn Thông, Phường An Thới, Quận Bình Thuỷ, Cần Thơ",4.3 m,1 phòng,"1,25 tỷ- 64 m2",Tây Nam,"Nhà mặt phố, mặt tiền",64 m2,"¶¶ HẺM 150 NGUYỄN THÔNG ( Có 2 nền ) 
• DT 4,3mx15m thổ cư, Lộ 4m, Giá 1,25 tỷ
HƯỚNG ĐÔNG NAM
LIÊN HỆ ƯỚC","19,53 triệu/m2",Hoàn thiện cơ bản,150 m²,Đông Nam,Chung cư,Nở hậu,Văn phòng
A5,,Đất gần trung tâm thị xã Bến Cát,1 phòng,G2,Đã có sổ,Căn góc,Chưa bàn giao,L47 - 66,Đất thổ cư,39 m²,5,3,20 m,- 100 m2,"Dt240, Xã Long Nguyên, Huyện Bàu Bàng, Bình Dương",5 m,1 phòng,320 triệu- 100 m2,Tây Nam,"Nhà mặt phố, mặt tiền",100 m2,"cần tiền xây nhà tôi bán lại lô đất trong khu dân cư đô thị mới Bình Dương. cách thị xã Bến Cát 3km. diện tích 5×20 thổ cư full hết sổ riêng. 
Ai thiện chí Lh em xem đất.","3,2 triệu/m2",Hoàn thiện cơ bản,150 m²,Đông Nam,Chung cư,Nở hậu,Văn phòng
A5,,"Bán nhà mới xây đường 3A KDC Thới Nhựt 2, An Khánh",3 phòng,G2,Đã có sổ,Căn góc,Chưa bàn giao,L47 - 66,Đất thổ cư,39 m²,5,1,19 m,- 76 m2,"Đường 3A||23715, Phường An Khánh, Quận Ninh Kiều, Cần Thơ",4 m,3 phòng,"4,6 tỷ- 76 m2",Tây Nam,"Nhà mặt phố, mặt tiền",76 m²,"Bán nhà mới xây đường 3A KDC Thới Nhựt 2, An Khánh, Ninh Kiều. Cổng sau trường cấp 3 An Khánh
- DT 4m x 20m = 80m2 
- Pháp lý: Sổ hồng hoàn công
- Hướng Tây nam
- Lộ 15m
- Nhà 1 trệt 1 lầu gồm sân trước, phòng khách, 3 phòng ngủ, 3 toilet, bếp, phòng sinh hoạt chung 
- Vị trí thuận tiện, gần trường học cấp 1 2 3, chợ, ủy ban phường An Khánh...
- Giá 4 tỷ 600 triệu (bao sang tên)
Liên hệ:1 gặp Hiền","60,53 triệu/m²",Hoàn thiện cơ bản,140 m²,Tây Nam,Chung cư,Hẻm xe hơi,Văn phòng
A5,,Căn hộ 41m2 Bcons MĐ. giá sang nhượng: 982tr,1 phòng,G2,Đang chờ sổ,Căn góc,Chưa bàn giao,L47 - 66,Đất thổ cư,41 m²,5,1,19 m,- 41 m2,"54 Tân lập, Phường Đông Hòa, Thị xã Dĩ An, Bình Dương, Phường Đông Hòa, Thị xã Dĩ An, Bình Dương",4 m,1 phòng,982 triệu- 41 m2,Tây Nam,"Nhà mặt phố, mặt tiền",76 m²,"Cần sang lại căn hộ 41m2 chung cư Bcons Miền Đông

Tầng 10 - View thành phố

Giá bán hiện tại 982tr ( 70% giá trị căn hộ )

Sau khi nhận nhà và sổ hồng TT 30% còn lại

Ngân hàng hỗ trợ vay 70%

LH: 032 689 6666 (zalo/ Viber)

Vị trí dự án : Mặt tiền đường Tân Lập, cổng vào làng đại học quốc gia
- Đối diện Bx Miền Đông mới và Trạm 14 tuyến Metro số 1
- Kết nối nhanh đến trung tâm Tp với xa lộ HN

+ Tiện ích ngoại khu: công viên làng ĐH hơn 600ha, gần chợ, trường học,.
+ Tiện ích nội khu : Nhà trẻ, hồ bơi, công viên, shophouse...

LH: 032 689 6666 (zalo/ Viber)","23,95 triệu/m²",Hoàn thiện cơ bản,140 m²,Tây Nam,Chung cư,Hẻm xe hơi,Văn phòng
A5,,bán gấp căn richstar tô hiệu 93m2 3pn 2wc căn góc,3 phòng,G2,Đang chờ sổ,Căn góc,Đã bàn giao,L47 - 66,Đất thổ cư,93 m²,5,1,19 m,- 93 m2,"Đường Tô Hiệu, Phường Hiệp Tân, Quận Tân Phú, Tp Hồ Chí Minh",4 m,2 phòng,"3,32 tỷ- 93 m2",Tây Nam,"Nhà mặt phố, mặt tiền",76 m²,"do làm ăn không thua lỗ nên cần bán gấp căn hộ chung cư richstar 1 ở đường tô hiệu . 
diện tích căn nhà 93m2 3pn 2wc , nhà đã làm nội thất xịn để ở nhưng nay cần tiền nên bán , 
rất mong gặp được a chị thiện chí mua nhanh. 
ở chung cư richstar có đầy đủ môi trường sống đẳng cấp 5* , tiện ích phục vụ a chị đến tận nhà , hồ bơi , công viên , khu vui chơi trẻ e, khu BBQ, khu coffe , khu thương mại , khu guym , yoga...v.v.
liên hệ dũng để xem nhà thực tế.","35,7 triệu/m²",Hoàn thiện cơ bản,140 m²,Tây Nam,Chung cư,Hẻm xe hơi,Văn phòng
A5,,"Thuận lợi an cư lập nghiệp, hẻm xe hơi,nhà mới xây",4 phòng,G2,Đã có sổ,Căn góc,Đã bàn giao,L47 - 66,Đất thổ cư,93 m²,5,1,20 m,- 100 m2,"Đường An Phú Tây, Xã An Phú Tây, Huyện Bình Chánh, Tp Hồ Chí Minh",5 m,2 phòng,"1,3 tỷ- 100 m2",Tây Nam,"Nhà mặt phố, mặt tiền",100 m²,"➡ Cần bán gấp nhà mới xây 1 trệt 1 lầu , 4 phòng ngủ, 2 nhà vệ sinh , kiến trúc hiện đại ,rộng rãi,... 
➡ Pháp lý : sổ hồng riêng ( sang tên công chứng trong ngày) 
➡ Tiện ích đầy đủ như : chợ , bệnh viện , trường học (cấp 1- cấp 3) , ủy ban ,.....
➡ Giá còn thương lượng, và sẽ có giá tốt cho anh chị có nhu cầu 
➡ Liên hệ ngay để xem nhà .thank.",13 triệu/m²,Hoàn thiện cơ bản,100 m²,Tây Nam,Chung cư,Hẻm xe hơi,Văn phòng
A5,,"Mặt tiền nguyên căn, chính chủ,miễn cò,quảng cáo",2 phòng,G2,Đã có sổ,Căn góc,Đã bàn giao,L47 - 66,Đất thổ cư,93 m²,5,1,24 m,- 100 m2,"1037, Đường Đại Lộ Bình Dương, Phường Hiệp An, Thành phố Thủ Dầu Một, Bình Dương",4.25 m,1 phòng,"4,85 tỷ- 100 m2",Tây Nam,"Nhà mặt phố, mặt tiền",100 m²,"kẹt vốn kd, nay tôi cần bán 1 căn nhà riêng, nhà cấp 4, dạng nhà phố liền kề, dt 4,25m x 24, nở hậu 4,5m. nhà hướng đông, mát lạnh cả ngày. mặt đường chính của bình dương, khu đông đúc, gần ngay ngã tư đèn giao thông. sân rộng rãi, phù hợp để kinh doanh mọi ngành nghề,hoặc cho thuê làm công sở..., sổ hồng riêng, pháp lý rõ ràng, chính chủ đứng ra bán, công chứng sang tên ngay. giá còn bớt xíu lộc trực tiếp cho người mua, nên chi sẽ ko làm việc với cò lái. miễn tiếp quảng cáo, ưu tiên người đt trước","48,5 triệu/m²",Hoàn thiện cơ bản,98 m²,Đông Nam,Chung cư,Hẻm xe hơi,Văn phòng
A5,,"Căn MT Lũy Bán Bích chỉ 650TR sở hữu ngay, vay 50%",1 phòng,1,Đã có sổ,Căn góc,Chưa bàn giao,L47 - 66,Đất thổ cư,40 m²,5,1,24 m,- 40 m2,"Đường Lũy Bán Bích, Phường Hòa Thạnh, Quận Tân Phú, Tp Hồ Chí Minh",4.25 m,1 phòng,"1,25 tỷ- 40 m2",Tây Nam,"Nhà mặt phố, mặt tiền",100 m²,"CĂN HỘ DỊCH VỤ CAO CẤP LIỀN KỀ ĐẦM SEN GIÁ chỉ 1 Tỷ 3/căn

- Căn hộ MD Home Tân Phú là một sự lựa chọn hợp lý với mức giá vừa túi tiền, phù hợp với gia đình trẻ và các nhà đầu tư

- Vị trí: Nằm gần ngã 4 Lũy Bán Bích - Hòa Bình, Tân Phú

- Gần Đầm Sen (cách 2 phút), vị trí trung tâm quận Tân Phú

- Thiết kế 1 trệt 1 lửng, có ban công, sân phơi, có nội thất

- Căn hộ đa công năng, cho thuê với giá cao.

- Thiết kế siêu sang, siêu hiện đại kiểu nhà kính

- Phù hợp với người độc thân, sinh viên, gia đình nhỏ, các nhà đầu tư lướt sóng, đầu tư cho thuê...

- Cho vay tối đa 50%.

- Bán kính 2 km với tất cả tiện ích như Trường Cấp 1.2.3,chợ, Công Viên Đầm Sen, Siêu thị CopMart sát bên, Hồ Bơi, Bệnh viện, Bách Hóa Xanh...

- 16 tháng sau bàn giao hoàn thiện

Gọi ngay Hotline (miễn phí) để xem vị trí và nhà mẫu","31,25 triệu/m²",Hoàn thiện cơ bản,98 m²,Đông Nam,"Căn hộ dịch vụ, mini",Hẻm xe hơi,Văn phòng
A5,,Chính chủ cần bán gấp Ccu Gò Dầu 2 52m 2PN,2 phòng,1,Đã có sổ,Căn góc,Đã bàn giao,L47 - 66,Đất thổ cư,52 m²,5,1,24 m,- 52 m2,"Đường Trương Vĩnh Ký, Phường Tân Sơn Nhì, Quận Tân Phú, Tp Hồ Chí Minh",4.25 m,1 phòng,"1,5 tỷ- 52 m2",Tây Nam,"Nhà mặt phố, mặt tiền",100 m²,"Tôi cần bán gấp Ccu Gò Dầu 2, lôB, lầu 3, căn 52m với 2PN. Ngay ngã tư Tân Sơn Nhì. Tiện di chuyển đến Q.10, Q.11, Q.Tân Bình, Q.Bình Tân. Nhà thoáng mát, (phòng nào cũng có cửa sổ). Trường mầm non ngay dưới chung cư, trường cấp 1 và cấp 2 cách 500m. Gần bệnh viện, chợ Tân Phú- Tân Hương, siêu thị BigC, trung tâm thương mại oen. Sổ hồng vĩnh viễn, hỗ trợ vay ngân hàng.Ai cần liên hệ chính chủ , có thương lượng cho anh em thiện chí( miễn tiếp cò lái- tránh mất thời gian đôi bên).Xin cảm ơn.","28,85 triệu/m²",Hoàn thiện cơ bản,98 m²,Đông Nam,Chung cư,Hẻm xe hơi,Văn phòng
A5,,"Bán nhà ngõ 79 Cầu Giấy 31m 4 tầng giá 2,65 tỷ",4 phòng,1,Đã có sổ,Căn góc,Đã bàn giao,L47 - 66,Đất thổ cư,52 m²,5,1,24 m,- 31 m2,"Đường Cầu Giấy, Phường Yên Hoà, Quận Cầu Giấy, Hà Nội",4.25 m,3 phòng,"2,65 tỷ- 31 m2",Tây Nam,"Nhà ngõ, hẻm",31 m²,"Ngõ 79 Cầu Giấy 31m xây 4 tầng 
mặt tiền 3.5m
- Thiết kế với 4 tầng như sau:
+ T1: khách + bếp. 
+ T2+3: 2 ngủ khép kín. 
+ T4: phòng thờ + sân phơi, có thể cải tạo thêm 1 ngủ. 
- Ngõ 79 thông tứ tung, trước cửa ba gác đua. 
- Nhà 2 mặt thoáng, đẹp như mới, khách mua về chỉ việc ở. 
- Sổ riêng biệt, vuông vắn nở hậu.","85,48 triệu/m²",Hoàn thiện cơ bản,98 m²,Đông Nam,Chung cư,Hẻm xe hơi,Văn phòng
A5,,Bán lô đất nền xã Đông Thanh- Lâm Hà -Lâm Đồng.,4 phòng,1,Đã có sổ,Căn góc,Đã bàn giao,L47 - 66,Đất nền dự án,52 m²,5,1,70 m,- 2.708 m2,"Đường Hùng Vương, Xã Đông Thanh, Huyện Lâm Hà, Lâm Đồng",398 m,3 phòng,620 triệu- 2.708 m2,Tây Nam,"Nhà ngõ, hẻm",2708 m2,"- Cần bán 4 lô đất nền đất thuộc thôn Tầm Xá xã Đông Thanh huyện Lâm Hà tỉnh Lâm Đồng.Đất cách khu dự án hồ Đông Thanh 1km
- Thế đất dương view cao thoáng mát nhìn hết ra TT Nam Ban.Đường bê tông 3,5m oto ra vào thỏa mái.
- Diện tích từng lô ( 9,8m x 64,3m )=690m2 Bao GPXD
 ( 10m x 68,8m )=688m2 Bao GPXD.
 ( 10m x 67,2m )=672m2 Bao GPXD.
 ( 10m x 65,8m )=658m2 Bao GPXD.
- Đất cách điểm du lịch thác 7 tầng 500m,cách trung tâm ủy ban xã Đông Thanh và trường học cấp I II 3km
- Cách khu du lịch chùa thác voi ( chùa Linh Ẩn) 5km khí hậu mát mẻ quanh năm view cao thoáng thuận tiện cho việc phát triển và đầu tư homestay nghỉ dưỡng
- Giá bán công khai 620tr/ 1 lô đất tùy chọn bao sổ sách.",228.951 đ/m2,Hoàn thiện cơ bản,98 m²,Đông Nam,Chung cư,Hẻm xe hơi,Văn phòng
A5,,ĐẸP ĐỘC LẠ SIÊU PHẨM LONG BIÊN 63M2 - 2 tầng,3 phòng,1,Đã có sổ,Căn góc,Đã bàn giao,L47 - 66,Đất nền dự án,52 m²,5,1,70 m,- 63 m2,"Đường Thượng Thanh, Phường Thượng Thanh, Quận Long Biên, Hà Nội",398 m,2 phòng,"3,25 tỷ- 63 m2",Tây Nam,"Nhà ngõ, hẻm",63 m²,"- Diện tích lớn thiết kế có 1 0 2, phong cách tân cổ điển.
- Ngõ rộng thoáng Ô tô vào, gần ngã tư kết nối 3 tuyến phố Nguyễn Văn Linh, Nguyễn Văn Cừ, Ngô Gia Tự.
- Vài phút tới chợ Thượng Cát, trường học các cấp tại phố Thượng Thanh.
- Giao thông thuận tiện đi các ngả, 1km tới BigC Long Biên, 8 phút tới cầu Chương Dương.
 Nhà hiện trạng 2 tầng thiết kế độc đáo.
 Tầng 1: Phòng khách, Tiểu cảnh , bếp, 1 ngủ, 1 phụ.
 Tầng 2: 2 ngủ, 1 phụ, giếng trời lớn.
Sổ đỏ đẹp nở hậu. 
 LH: e Thế","51,59 triệu/m²",Hoàn thiện cơ bản,63 m²,Đông Nam,Chung cư,Hẻm xe hơi,Văn phòng
A5,,cần gấp bán nhà mặt tiền đường trường trinh giá rẻ,4 phòng,1,Đã có sổ,Căn góc,Đã bàn giao,L47 - 66,Đất nền dự án,52 m²,5,1,16 m,- 64 m2,"Đường Trường Chinh, Phường 15, Quận Tân Bình, Tp Hồ Chí Minh",4 m,5 phòng,"17,5 tỷ- 64 m2",Tây Nam,"Nhà mặt phố, mặt tiền",64 m²,"chủ cần bán gấp căn nhà mặt tiền đường trường trinh giá rẻ

dt 4m x16m đúc 1 trệt,3l,gồm có 4p ngủ,tầng trệt hiện đang buôn bán sầm uất

vị trí đắc địa.buôn bán hoặc mở công ty văn phòng,đều đẹp ai có nhu cầu sở hữu căn mặt tiền trường trinh

thì liên hệ em ạ","273,44 triệu/m²",Hoàn thiện cơ bản,192 m²,Tây Nam,Chung cư,Hẻm xe hơi,Văn phòng
A5,,"Bán nhà QuangTrung, P.10, ngang 5x15m giá 4.95 tỷ.",4 phòng,1,Đã có sổ,Căn góc,Đã bàn giao,L47 - 66,Đất nền dự án,52 m²,5,1,15 m,- 72 m2,"275/138/22, Đường Quang Trung, Phường 10, Quận Gò Vấp, Tp Hồ Chí Minh",5 m,1 phòng,"4,95 tỷ- 72 m2",Tây Nam,"Nhà ngõ, hẻm",72 m²,"Bán nhà Gò Vấp, hẻm 383 Quang Trung, Phường 10. Diện tích Đất : 72m2, ngang 5 x dài 15m (nở hậu), không dính lộ giới quy hoạch (hẻm trước nhà 2.4m). Đi vô hẻm 383 cách nhà thờ Xóm Thuốc 30m, bên phía đối diện Vincom. Địa chỉ : 275/138/22 Quang Trung, P.10, Q. Gò Vấp. Giá 5 tỷ (VCB định giá 4.5 tỷ vào tháng 2 / 2018). Vui lòng gọi điện để được cung cấp chi tiết hơn : Nhat Do. MG vui lòng nhắn tin qua Zalo. Chân thành cám ơn.","68,75 triệu/m²",Hoàn thiện cơ bản,128 m²,Bắc,Chung cư,Nở hậu,Văn phòng
A5,,TÀI CHÍNH 2.05 TỶ DỌN NGAY VÀO CH TẠI HIM LAM 72M2,2 phòng,1,Đang chờ sổ,Căn góc,Đã bàn giao,L47 - 66,Đất nền dự án,72 m²,5,1,15 m,- 72 m2,"số 32, số 32 đường Thủy Lợi, Phường Phước Long A, Quận 9, Tp Hồ Chí Minh",5 m,2 phòng,"2,05 tỷ- 72 m2",Tây Nam,"Nhà ngõ, hẻm",72 m²,"- DT 72m2 (2PN + 2WC, 1 ban công, 1 lô gia phơi đồ). Căn góc view Tây Bắc cực đẹp về đêm.

- Giá TT chỉ 2.05 tỷ. Còn lại NH HT vay.

Mong gặp được khách thiện chí. View nội khu thoáng mát.

Căn hộ Him Lam Phú An sẽ được Him Lam Land đầu tư các tiện ích cao cấp như hồ bơi theo chuẩn Resort, Spa; Beautiful – Salon, Khu Gym, BBQ, Siêu thị tiện ích, Khu vui chơi cho trẻ em... cùng hệ thống cây xanh, An ninh 24/24. vườn nhiệt đới, vườn cảnh, hồ bơi, phòng tắm nước ngọt, shop thương mai, khu BBq ngoài trời, khu tập gym

- Phí dịch vụ sinh hoạt tại chung cư:
+ Xe máy: 120.000 đ/tháng.
+ Xe hơi: 1.200.000 đ/tháng.
+ Phí quản lý: 8.000 đ/m2/tháng.
+ Điện, nước, internet theo giá khu vực.

NGÂN HÀNG HỖ TRỢ VAY MUA NHÀ
Vietcombank bảo lãnh cho vay 70% giá trị thẩm định, gói ưu đãi năm đầu 8,9 %, gói 2 năm 9%. Các năm sau cộng biên độ 3.5%, tức là: 3.5%+ lãi suất tiền gửi 12 tháng = lãi suất thực áp dụng","28,47 triệu/m²",Hoàn thiện cơ bản,128 m²,Bắc,Chung cư,Nở hậu,Văn phòng
A5,,Đất giá siêu rẻ Tp Đà Lạt dg oto,2 phòng,1,Đã có sổ,Căn góc,Đã bàn giao,L47 - 66,Đất nền dự án,72 m²,5,1,16 m,- 75 m2,"Đường Trần Quang Khải, Phường 8, Thành phố Đà Lạt, Lâm Đồng",5 m,2 phòng,9 triệu- 75 m2,Tây Nam,"Nhà ngõ, hẻm",75 m2,"bán vài lô đất nn đg oto tới nơi thế đất bằng vuông vức cực đẹp đầu tư lời ngay giá khởi điểm f0 cực ok .
trần quang khải F8 cách chợ đl 5p xe máy pháp lý rõ ràng . giá từ 671tr/lô 0393 529 771 .",120.000 đ/m2,Hoàn thiện cơ bản,128 m²,Đông Nam,Chung cư,Hẻm xe hơi,Văn phòng
A5,,"LK 90m2x 5T, mt 4.5m, xd thô Louis City 7.8 tỷ",7 phòng,1,Đã có sổ,Căn góc,Đã bàn giao,L47 - 66,Đất nền dự án,72 m²,5,1,16 m,- 90 m2,"Ngọc Đại, Phường Đại Mỗ, Quận Nam Từ Liêm, Hà Nội",4.5 m,4 phòng,"7,8 tỷ- 90 m2",Tây Nam,Nhà phố liền kề,90 m²,"LK 90m2x 5T, mt 4.5m, hoàn thiện ngoài, trong thô, Louis City Đại Mỗ (cách FLC – AEON mall 500m) Giá 7.8 tỷ (gồm đất 5.7 tỷ + xây thô 2.1 tỷ). LH mr Tâm","86,67 triệu/m²",Hoàn thiện cơ bản,350 m²,Đông Nam,Chung cư,Hẻm xe hơi,Văn phòng
A5,,Bán Nhà Mặt Tiền Trịnh Thị Miếng Full TC 300m2,1 phòng,1,Đã có sổ,Căn góc,Đã bàn giao,L47 - 66,Đất nền dự án,72 m²,5,1,47 m,- 300 m2,"Đường Trịnh Thị Miếng, Xã Thới Tam Thôn, Huyện Hóc Môn, Tp Hồ Chí Minh",6.4 m,1 phòng,"11,5 tỷ- 300 m2",Tây Nam,"Nhà mặt phố, mặt tiền",300 m²,"Bán Nhà Mặt Tiền Trịnh Thị Miếng Thới Tam Thôn Hóc Môn.
- Diện tích : 6,4m x 47m ( nở hậu 7,5m ) full thổ cư 300m2.
- Hiện tại đang cho thuê giá 18tr/tháng.
- Nhà mặt tiền thuận tiện kinh doanh buôn bán đa ngành nghề, mở văn phòng, cty, quán ăn, caffe sân vườn, nhà hàng miệt vườn.....!
- Mặt tiền đường lớn thông tứ hướng ngay khu vực trung tâm huyện.
- Cách chợ thới tứ chưa tới 200m, kế bế siêu thị trường học, bệnh viện, khu vui chơi giải trí, khu vực sầm uất khu dân cư hiện hữu nên thuận tiện kinh doanh buôn bán quá hợp lý.
- Vị trí trung tâm huyện nên thuận tiện duy chuyển : Quận 12, Tân Bình, Tân Phú, duy chuyển chưa tới 20p tới Sân Bay Tan Sơn Nhất, Tttung tâm thành phố 30p.
*** Giá iu thương : 11,5 tỷ thương lượng cho khách thiện chí.
- Sổ hồng trao tay, công chứng sang tên trong ngày, bao công chứng sang tên cho khách thiện trí.
- Có giá tốt cho ACE kinh doanh","38,33 triệu/m²",Hoàn thiện cơ bản,300 m²,Bắc,Chung cư,Nở hậu,Văn phòng
A5,,CHỈ VỚI 950TR NHẬN NHÀ+TRỌ KINH DOANH BUÔNBÁN NGAY,2 phòng,1,Đã có sổ,Căn góc,Đã bàn giao,L47 - 66,Đất nền dự án,72 m²,5,1,30 m,- 150 m2,"N10, Phường 9, Quận 3, Tp Hồ Chí Minh",5 m,2 phòng,950 triệu- 150 m2,Tây Nam,"Nhà mặt phố, mặt tiền",150 m²,"CUỐI NĂM RINH NGAY NHÀ MỚI
Bạn tin được không Chỉ với 950TR bạn đã sở hữu căn nhà phố thương mại có sổ hồng riêng nằm ngay trung tâm hành chính, xung quanh là nhà máy xí nghiệp hoạt động sầm uất 
Nhà thiết kế hiện đại và đẹp đẽ 
 1 lầu 1 trệt với thiết kế thêm 4 phòng trọ phía sau 
+ nhà gồm : 1 phòng khách , 2 phòng ngủ , 2 WC , 1 nhà bếp và 1 phòng sinh hoạt trung được thiết kế đẹp và phong cách 
+ 4 phòng trọ được thiết kế rộng rãi , trần cao thoáng mát , phòng được ốp khách lên 1m2 nên nhìn rất sáng sủa 
ĐÃ CÓ SỔ RIÊNG TỪNG CĂN BAO SANG TÊN CHO ANH CHỊ 
NHÀ MỚI XÂY HOÀN THIỆN 100%","6,33 triệu/m²",Nội thất đầy đủ,192 m²,Bắc,Chung cư,Hẻm xe hơi,Văn phòng
A5,,"Bán lô đất cây xăng 75 biên hoà ,trục 16 giá 435tr",2 phòng,1,Giấy tờ khác,Căn góc,Đã bàn giao,L47 - 66,Đất nông nghiệp,72 m²,5,1,18 m,- 82 m2,"Trục 16, Xã Thạnh Phú, Huyện Vĩnh Cửu, Đồng Nai",5 m,2 phòng,435 triệu- 82 m2,Tây Nam,"Nhà mặt phố, mặt tiền",82 m2,"Kẹt tiền gia đình tôi cần bán lô đất vuông vứt đường bê tông ô tô ra vô thoả mái.
Dân cư đông đúc,ra biên hoà ,cty changsinh -chợ -trường
chỉ 6 phút.Ngay gần trục 16 ấp 1 thạnh phú
Tại kẹt tiền nên mới bán hình ảnh thật 100%
Lh ngay e nếu muốn đi xem để mua","5,3 triệu/m2",Nội thất đầy đủ,192 m²,Đông Nam,Chung cư,Hẻm xe hơi,Văn phòng
A5,,"Nhà hẻm đường Cách Mạng Tháng Tám, gần chợ cây Dừa",2 phòng,1,Đã có sổ,Căn góc,Đã bàn giao,L47 - 66,Đất nông nghiệp,72 m²,5,1,18 m,- 111.5 m2,"Đường Cách Mạng Tháng Tám, Phường Phú Cường, Thành phố Thủ Dầu Một, Bình Dương",5 m,1 phòng,"2,05 tỷ- 111.5 m2",Tây Nam,"Nhà ngõ, hẻm",111.5 m²,"Nhà thoáng mát, sạch sẽ, dọn vào ở ngay.

Diện tích: 111,5m2 thổ cư 100%

Gần bệnh viện 512, chợ Cây Dừa, chợ TDM","18,47 triệu/m²",Nội thất đầy đủ,111.5 m²,Đông Nam,Chung cư,Hẻm xe hơi,Văn phòng
A5,,"Nhà 4T DT 31m2 ở Đại Mỗ. Ô tô vào tận cửa. 2,65 tỷ",3 phòng,1,Đã có sổ,Căn góc,Đã bàn giao,L47 - 66,Đất nông nghiệp,72 m²,5,4,18 m,- 31 m2,"Đường Quang Tiến, Phường Đại Mỗ, Quận Nam Từ Liêm, Hà Nội",5 m,3 phòng,"2,65 tỷ- 31 m2",Tây Nam,"Nhà mặt phố, mặt tiền",31 m²,"Mua nhà đón tết!!! Nhà đẹp khu Quang Tiến Đại Mỗ, giá cả hợp lý. Ô tô vào nhà, trước cửa view khu biệt thự Vinhome
Thông tin chung:
Nhà hướng tây
Diện tích sổ đỏ 31m2
Vị trí:
• Nhà mặt ngõ đường Quang Tiến, cách đường chính chỉ hơn chục mét
• Cách trung tâm hội nghị quốc gia Mỹ Đình khoảng 2,5km
• Cách khu biệt thự đơn lập Vinhome Smart City chỉ mấy bước chân
• Khoảng cách từ nhà đến Aeon Mall Hà Đông chưa đầy 5 phút di chuyển
• Cách tuyến đường huyết mạch Đại Lộ Thăng Long chỉ vài trăm mét
Tiện ích:
• Gần trường học, chợ dân sinh
• Nước sạch sông đà, điện lưới ổn định
• Khu dân trí cao, an ninh trật tự đảm bảo
• Hàng xóm thân thiện, đường ngõ thông thoáng
Nội thất:
Tầng 1: Trần thạch cao, đèn led, tủ bếp, cửa hai lớp (Cửa cuốn + cửa gỗ lim)
Tầng 2,3: 01P ngủ + wc 
Tầng 4: 01P thờ, sân phơi
(100% dây điện, thiết bị điện hãng Sino)
Pháp lý: Sổ đỏ chính chủ, pháp lý rõ ràng
Liên hệ gặp chủ nhà (E. Khải Vi)","85,48 triệu/m²",Nội thất cao cấp,125 m²,Tây,Chung cư,Hẻm xe hơi,Văn phòng
A5,,"Bán biệt thự đẹp quận 12 giá rẻ, căn góc 2 MT",4 phòng,1,Đã có sổ,Căn góc,Đã bàn giao,L47 - 66,Đất nông nghiệp,72 m²,5,4,17 m,- 107 m2,"Đường Hà Huy Giáp, Phường Thạnh Lộc, Quận 12, Tp Hồ Chí Minh",7 m,5 phòng,"5,99 tỷ- 107 m2",Tây Nam,Nhà biệt thự,107 m²,"Chính chủ cần bán căn biệt thự kiểu Pháp, mới hiện đại nằm góc 2 mặt tiền đường 7m
- Vị trí: 1/ đường Hà Huy Giáp P. Thạnh Lộc Quận 12
- Diện tích: 6,5 x 17m. CN 107m2. Xây dựng 220m2 sàn
- Nhà biệt thự thiết kế theo phong cách Pháp, 1 trệt 2 lầu + sân thượng. Có 4PN 5WC, sân đậu ô tô. 
- Căn biệt thự nằm ngay góc 2 MT đường 7m thong thoáng và an ninh.
- Nhà xây mới, hoàn thiện nội thất gỗ cao cấp (gõ đỏ)
- Hướng nhà : Tây Bắc
- Giá bán chỉ: 5,99 tỷ","55,98 triệu/m²",Nội thất đầy đủ,220 m²,Tây Bắc,Chung cư,Hẻm xe hơi,Văn phòng
A5,,"Bán đất đg số 8 - Lò Lu, Trường Thạnh, Q. 9 50m2",4 phòng,1,Đã có sổ,Căn góc,Đã bàn giao,L47 - 66,Đất thổ cư,72 m²,5,4,12.5 m,- 50 m2,"Đường Số 8, Phường Trường Thạnh, Quận 9, Tp Hồ Chí Minh",4 m,5 phòng,"2,33 tỷ- 50 m2",Tây Nam,Nhà biệt thự,50 m2,"🇻🇳Bán đất đầu tư KDC Hoàng Kim đường số 8 - Lò Lu, P. Trường Thạnh, Quận 9.
👉Lô A21: diện tích 50m2, giá 2tỷ330 chốt!
👉Lô A26: diện tích 50m2, giá 2tỷ330 chốt!
👉Lô B11: diện tích 65,9m2, giá 2tỷ750 bớt lộc!
👉Lô B16: diện tích 70m2, giá 2ty900 thương lượng
👉Đường 8m có vỉa hè, kế bên Khu đô thị Đông Tăng Long.","46,6 triệu/m2",Nội thất đầy đủ,220 m²,Đông Nam,Chung cư,Nở hậu,Văn phòng
A5,,"500TR Có Nhà Mới Ở Ngay, gần cầu Ông Thìn, QL50",3 phòng,1,Đã có sổ,Căn góc,Đã bàn giao,L47 - 66,Đất thổ cư,72 m²,5,4,14 m,- 56 m2,"Đường Quốc Lộ 50, Xã Quy Đức, Huyện Bình Chánh, Tp Hồ Chí Minh",4 m,2 phòng,500 triệu- 56 m2,Tây Nam,"Nhà ngõ, hẻm",56 m²,"Chính chủ cần bán căn nhà mới xây
Vị trí : gần cầu Ông Thìn, Quốc Lộ 50. cách q8 7km. Xe hơi vào tận nhà

* Giá : 750TR (giá 100%, bớt ít lộc)
* Sổ Hồng Riêng, Công Chứng Trong Ngày

Nhà 1 lầu đút xây mới đẹp, ngay Chợ, Điện Máy Xanh, Bách Hóa Xanh. Gần cụm KCN Tân Kim, Kizuma tiện ở hoặc cho thuê

Vui lòng gọi trước vì tôi bận ko tiện xem tin nhắn. Mong gặp khách thiện chí mua","8,93 triệu/m²",Nội thất đầy đủ,96 m²,Đông Nam,Chung cư,Nở hậu,Văn phòng
A5,,Còn 2 nền nằm trong khu công nghiệp BÀU BÀNG,3 phòng,dân cư,Đã có sổ,Căn góc,Đã bàn giao,L47 - 66,Đất nông nghiệp,72 m²,5,4,50 m,- 500 m2,"Đường HL 610, Thị trấn Lai Uyên, Huyện Bàu Bàng, Bình Dương",10 m,2 phòng,"1,8 tỷ- 500 m2",Tây Nam,"Nhà ngõ, hẻm",500 m2,"Đất chính chủ cần ra nhanh , mua sang tên công chứng luôn. 
Nằm trung tâm bàu bàng .
Đường 8m thông nhau tứ hướng ( lên xem sẽ rõ ) 
Chú ý ( miễn cò )","3,6 triệu/m2",Nội thất đầy đủ,96 m²,Đông Nam,Chung cư,Mặt tiền,Văn phòng
A5,,Đất thổ cư sổ đỏ CC 58.7m2 Võng La Đông Anh,3 phòng,dân cư,Đã có sổ,Căn góc,Đã bàn giao,L47 - 66,Đất thổ cư,72 m²,5,4,14 m,- 59 m2,"Đường Bắc Thăng Long, Xã Võng La, Huyện Đông Anh, Hà Nội",4 m,2 phòng,19 triệu- 59 m2,Tây Nam,"Nhà ngõ, hẻm",59 m2,"Chính chủ bán mảnh đất thổ cư sổ đỏ chính chủ thôn Đại Độ Võng La Đông Anh cạnh trung tâm anh ngữ L&D cơ sở 2.
Mảnh đất 58.7m2 mặt tiền hậu đều 4m.
Hướng Đông Nam
Đường ô tô tránh cách 40m, ô tô đỗ cách 4m, đường trước đất 2.5m. Cách trường cấp 1&2 xã Võng La 200m, cách UB xã, trạm y tế 600m. Chợ dân sinh 300m. Cách chân cầu Thăng Long chỉ hơn 1km. Cổng C khu cn Bắc Thăng Long cách 800m. Đi làm khu cn Bắc Thăng Long hoặc sang nội thành đều rất gần.
Khu dân cư an ninh tốt hàng xóm thân thiện. 
Giá mềm 19 tr/m2 bao phí sang tên, có gia lộc cho khách thiện chí",322.033 đ/m2,Nội thất đầy đủ,96 m²,Đông Nam,Chung cư,Mặt tiền,Văn phòng
A5,,M.tiền Quốc Lộ 1A & Vành Đai 4 gần sân bay L.Thành,3 phòng,dân cư,Đã có sổ,Căn góc,Đã bàn giao,L47 - 66,Đất nền dự án,72 m²,5,4,20 m,- 100 m2,Đường Vành Đai 4,5 m,2 phòng,800 triệu- 100 m2,Tây Nam,"Nhà ngõ, hẻm",100 m2,"--//-- Dự Án 1/500 được duyệt 07/2020 --//--
🔰KDC THƯƠNG MẠI DVỤ TÂY HOÀ AIRPORT 🔰
Thông tin chi tiết: Được duyệt bởi Bộ Xây Dựng và công bố chính thức trên web của Bộ Xây Dựng
Theo tiêu chuẩn Điện Âm Nước Máy đường nội bộ 14m...
💰💰 Phương thức thanh toán hỗ trợ tối đa 0% lãi suất trong 12 tháng
 🌲🌲🌲 Cách 1 bước chân : 
 🔅 Mặt tiền Vành Đai 4
 🔅 Khu CN Bàu Xéo
 🔅 Mầm non Vàng Anh
 🔅 Trường THCS Huỳnh Thúc Kháng
 🍀🍀🍀 Cách 10 bước chân :
 🔆 Trường Tiểu Học Nguyễn Tri Phương
 🔆 Bách Hoá Xanh
 🔆 Chợ Lộc Hoà
 🔆 ... Trường Cao Đẳng KTế KT Vinatex
 🌳🌳🌳 Trong phạm vi 10p :
 🌼 Sân bay Quốc Tế Long Thành
 🌼 UBND Thị Xã Trảng Bom
 🌼 Sân Golf Quốc Tế Đồng Nai
 🌼 Khu DL Sinh Thái Thác Giang Điền
 
 Mọi chuyện phải 🔑 đúng người đúng thời điểm 🔑 và phải 🌻 người thật đất thật 🌻",8 triệu/m2,Nội thất đầy đủ,96 m²,Đông Nam,Chung cư,Mặt tiền,Văn phòng
A5,,"bán đất TĐC SONADZI, lô 20 đường D14",3 phòng,dân cư,Đã có sổ,Căn góc,Đã bàn giao,L47 - 66,Đất thổ cư,72 m²,5,4,18 m,- 99 m2,"TĐC SONADZI đường D14, Xã Suối Nghệ, Huyện Châu Đức, Bà Rịa - Vũng Tàu",5.5 m,2 phòng,900 triệu- 99 m2,Tây Nam,"Nhà ngõ, hẻm",99 m2,"😃Bán lô TĐC Sonadzi. 5,50x18, full thổ cư, thoát hiểm 4m, cách 5m là có nhà mới xây , ôtô, đường nhựa vỉa 17m
😍Lô 20, Đường D14, đường xương sống chạy thẳng từ đg 11 vào, thông qua đg 29, QH mở thẳng ra Đường Hội Bài - Suối Nghệ - Đá Bạc- Bình Châu. Đặc biệt không vướng hố ga, trụ điện, cây xanh
👍Chính chủ 900tr. LH chính chủ","9,09 triệu/m2",Nội thất đầy đủ,96 m²,Đông Nam,Chung cư,Mặt tiền,Văn phòng
A5,,NHÀ SỔ RIÊNG GẦN CHỢ BÌNH CHÁNH,3 phòng,dân cư,Đã có sổ,Căn góc,Đã bàn giao,L47 - 66,Đất thổ cư,72 m²,5,4,18 m,- 160 m2,"Đường Dương Đình Cúc, Xã Bình Chánh, Huyện Bình Chánh, Tp Hồ Chí Minh",4 m,3 phòng,870 triệu- 160 m2,Tây Nam,"Nhà mặt phố, mặt tiền",160 m²,"NHÀ GẦN CHO BINH CHANH 






NHÀ TÔI CHÍNH CHỦ CẦN BÁN GẤP NÊN CÓ SAU NÓI VẬY MONG GẶP KHÁCH THIỆN CHÍ

Tiện ích : gần công viên, chợ, trường học các cấp, công an, bệnh viện khu mua sắm. ..
- Diện tích: 4x20 Diện tích sử dụng: 160m2
- Pháp lý : Sổ hồng đã hoàn công
- Kết cấu : 1 trệt 1 lầu (3pn, 3wc, Sân đậu xe, Phòng Khách, Khu Bếp)
 Nhà bố trí cực kỳ tinh tế,thoáng mát, sang trọng. Cổng rào sắt và lan can được làm bằng sắt mỹ nghệ. Tay vịn cầu thang gỗ căm xe kết hợp với kính. Toàn bộ cửa nhà sử dụng nhôm Xingfa nhập khẩu Quảng Đông, cửa phòng ngủ, bếp, tủ kệ cầu thang (2 mặt) làm bằng gỗ căm xe; kệ tivi, tủ rượu khu bếp, cột trang trí toàn bộ làm bằng gỗ bên (gỗ đỏ).
Giá. 870TR ( thương lượng chính chủ )
SANG TÊN CÔNG CHỨNG TRONG NGÀY
 - Gần đường QL thuận tiện đi lên Bình Tân, AEON, các quận trong thành phố","5,44 triệu/m²",Nội thất đầy đủ,144 m²,Đông Nam,Chung cư,Hẻm xe hơi,Văn phòng
A5,,BÁN NHÀ VĨNH HƯNG-5 TẦNG-GẦN PHỐ-NGÕ NÔNG- 1.55 TỶ,3 phòng,dân cư,Giấy tờ khác,Căn góc,Đã bàn giao,L47 - 66,Đất thổ cư,72 m²,5,5,6 m,- 22 m2,"Đường Vĩnh Hưng, Phường Vĩnh Hưng, Quận Hoàng Mai, Hà Nội",3.6 m,4 phòng,"1,55 tỷ- 22 m2",Tây Nam,"Nhà ngõ, hẻm",22 m²,"BÁN NHÀ VĨNH HƯNG- NHỎ XINH- 5 TẦNG - GẦN PHỐ- NGÕ NÔNG - 1.55 TỶ
Bán nhà ngõ phố Vĩnh Hưng Hoàng Mai. Nhà đẹp 5 tầng, ở ngay, 3 bước chân ra phố Vĩnh hưng.
+ Vị trí: tọa vị trung tâm phố Vĩnh Hưng, gần chợ Lĩnh Nam
+ Ngõ thẳng, nông, rộng thoáng, cách phố Vĩnh Hưng 100m. 
+ Thiết kế chuẩn công năng, nhỏ xinh 5 tầng, 3 PN quá tuyệt vời cho căn nhà 1.55 tỷ.
+ Nhà gần trường mầm non, cấp 1. 2 Vĩnh Hưng, chợ Lĩnh Nam.
+ Chủ nhà đã cao tuổi nay bán nhà về quê sống cùn con cái.
+ Giá 1.55 tỷ( có thương lượng).
>> > Liên hệ xem nhà miễn phí, hỗ trợ tư vấn, pháp lý, phong thủy, ngân hàng.
 Phú Quý_Chuyên Thổ Cư Hà Nội.","70,45 triệu/m²",Nội thất đầy đủ,22 m²,Đông Nam,Chung cư,Hẻm xe hơi,Văn phòng
A5,,ĐẤT VƯỜN 6500M2 MẶT TIỀN QUỐC LỘ 61A PHỤNG HIỆP,3 phòng,dân cư,Đã có sổ,Căn góc,Đã bàn giao,L47 - 66,Đất thổ cư,72 m²,5,5,270 m,- 6.500 m2,"Đường Quốc Lộ 61, Xã Tân Bình, Huyện Phụng Hiệp, Hậu Giang",24 m,4 phòng,"5,8 tỷ- 6.500 m2",Tây Nam,"Nhà ngõ, hẻm",6500 m2,"Chú chủ gửi kênh Nhà Đất Hậu Giang bán đất mặt tiền 24m quốc lộ.
1/ MÔ TẢ VỊ TRÍ:
+ Đất tại: Quốc lộ 61A, xã Tân Bình, Phụng Hiệp, Hậu Giang.

2/ GIÁO DỤC – TIỆN ÍCH:
+ Cách Cần Thơ chỉ 25km, cách ủy ban xã chỉ 3km.
+ Khu vực sung túc buôn bán kinh doanh điều thuận lợi.

3/ PHÁP LÝ:
+ Diện tích : 6500m2 , mặt tiền 24m, có 300m2 thổ cư còn lại đất cây lâu năm.
+ Pháp lý: Sổ hồng
+ Hướng: Đông Nam
+ Lộ: Quốc lộ xe container chạy thoải mái.
+ Giá bán: 900tr/1000m2, tổng trị giá khoảng 5.8 tỷ, cam kết giá chính chủ, không kê nâng giá.

Quý khách có nhu cầu mua và cần đi xem thực tế vui lòng liên hệ trước với chúng tôi để được hỗ trợ tốt có thể.
Cảm ơn Quý khách.",892.307 đ/m2,Nội thất đầy đủ,22 m²,Đông Nam,Chung cư,Mặt tiền,Văn phòng
A5,,Đất mặt tiền DT747A.kinh doanh buôn ok.siêu rẽ.,3 phòng,dân cư,Đã có sổ,Căn góc,Đã bàn giao,L47 - 66,Đất thổ cư,72 m²,5,5,41 m,- 369 m2,"Đường ĐT 747A, Phường Thạnh Phước, Thị xã Tân Uyên, Bình Dương",9 m,4 phòng,"5,1 tỷ- 369 m2",Tây Nam,"Nhà ngõ, hẻm",369 m2,"Đất gia đình .mua để ở.giờ ko ở nửa .nên bán . Tai phường thạnh phước.thị xã tân Uyên.bình dương.
Tổng diện tích : 369m.có thổ cư. Ngang: 9 m. Dài :41m .mặt tiền đường dt 747A.
— kinh doanh buôn bán ok. Đất cao ráo.vuông vứt đẹp.
— sổ hồng đầy đủ.đất chính chủ .làm việc trực tiếp .
— miễn trung gian.","13,82 triệu/m2",Nội thất đầy đủ,22 m²,Tây Nam,Chung cư,Mặt tiền,Văn phòng
A5,,Nhà phố Rich Home P5 Q8 ngay cầu Nhị Thiên Đường,4 phòng,dân cư,Đã có sổ,Căn góc,Đã bàn giao,L47 - 66,Đất thổ cư,72 m²,5,4,14 m,- 57 m2,"Đường Liên Tỉnh 5, Phường 5, Quận 8, Tp Hồ Chí Minh",4 m,4 phòng,"7,5 tỷ- 57 m2",Tây Nam,"Nhà mặt phố, mặt tiền",57 m²,"* Nhà phố cao cấp Rich Home P5 Q8.
- Vị trí: Ngay ngã tư Quốc Lộ 50 (Liên Tỉnh) giao với Tạ Quang Bửu.

- Đơn vị phát triển và phân phối dự án: Công ty Cổ Phần Địa Ốc Gold Star Land.
- Quy mô dự án: 19 căn biệt thự cao cấp.

- Diện tích sản phẩm đa dạng: 4x13m, 4x14m, 7x9m, 6x11m.
- Giá 7,5 tỷ/căn. Chiết khấu cực cao cho khách có thiện chí.

- Được thiết kế theo phong cách chuẩn cổ điển Châu Âu với 1 trệt, lửng, 3 lầu, sân thượng trước sau.. Xây dựng riêng từng căn, tường riêng, móng riêng BTCT kiên cố, vật tư chất lượng cao, thương hiệu nổi tiếng. Với PK + bếp + phòng thờ + 4 PN + 5 WC + phòng giặt riêng, không gian sinh hoạt trên sân thượng rộng rãi, có giếng trời, có nơi đậu ô tô.

- Cơ sở hạ tầng hoàn thiện, hệ thống năng lượng mặt trời, điện âm nước máy hoàn chỉnh; cáp, wifi, đường dây máy lạnh được thiết kế đầy đủ, chỉ cần gắn vào sử dụng ngay, có công viên cây xanh, đặc biệt có bảo vệ, camera an ninh 24/7.

- Pháp lý: Sổ hồng riêng từng căn ngân hàng hỗ trợ vay 70%.
- Bàn giao: Nhà hoàn thiện, nội thất cơ bản.

* Chương trình chiết khấu: Tặng gói nội thất 100 triệu, chiết khấu 5 - 10 chỉ vàng.","131,58 triệu/m²",Nội thất cao cấp,234 m²,Bắc,Chung cư,Hẻm xe hơi,Văn phòng
A5,,Đất Huyện Bến Lức 140m²,4 phòng,dân cư,Đã có sổ,Căn góc,Đã bàn giao,L47 - 66,Đất thổ cư,72 m²,5,4,28 m,- 140 m2,"Đường ĐT 830, Xã Lương Hòa, Huyện Bến Lức, Long An",5 m,4 phòng,760 triệu- 140 m2,Tây Nam,"Nhà mặt phố, mặt tiền",140 m2,"/-strong Đất thổ cư đối diện Kcn Phú an Thạnh... /-heart /-heart
Chủ bán đất thổ cư và đất vuờn thuộc ấp 10, xã Lương Hoà - Bến Lức - Long An . Cách TL 824 (830 củ) khu công nghiệp Phú An Thạnh chỉ 90m - Dân cư đông nghẹt thuận tiện xây trọ cho công nhân ở...
DT: Thổ 5x28m; Vườn 5x63m (cho lên thổ cư).
/-heart Giá chỉ : 760tr/1lô thổ; 330tr/1lô vuờn 
LH : lucky men.
/-heart Nhận ký gởi , tìm đất lớn nhỏ theo yêu cầu. /-heart","5,43 triệu/m2",Nội thất cao cấp,234 m²,Bắc,Chung cư,Hẻm xe hơi,Văn phòng
A5,,"Bán nhà 1 trệt 1 lầu đường Tôn Đản, nhà đẹp",1 phòng,dân cư,Đã có sổ,Căn góc,Đã bàn giao,L47 - 66,Đất thổ cư,72 m²,5,4,5 m,- 15 m2,"Đường Tôn Đản, Phường 10, Quận 4, Tp Hồ Chí Minh",3 m,1 phòng,"1,85 tỷ- 15 m2",Tây Nam,"Nhà ngõ, hẻm",15 m²,"Chính chủ cần bán nhà 1 trệt 1 lầu đường Tôn Đản, Phường 10, Quận 4
+ Nhà nằm ngay ngã tư hẽm 4m thông ra đường Tôn Đản và Vĩnh Khánh.

- Tiện ích:
+ 1 phút di chuyển ra phố ẩm thực Vĩnh Khánh
+ 5 phút đi bệnh viện Quận 4, TT Y tế. 
+ 5 phút đi học: Trường Mầm non, tiểu học, trung học cơ sở, Trường ĐH Luật Tp.HCM, Trường Đại Học Nguyễn Tất Thành.
+ 5 phút đi trung Tâm Hội Nghị - Tiệc Cưới Riverside Palace. Trung Tâm Thương Mại TNL Plaza, ..... 
Khu vực an ninh, đồn bảo vệ, đồn công an gần bên.

Thích hợp cho các gia đình nhỏ, mua cho con đi học,...
Thích hợp kinh doanh trọ nhỏ cho thuê, làm nail, .....

- Hướng nhà: Tây Bắc( sáng mát mẻ tối cũng mát)

- Pháp lý: sổ hồng chính chủ","123,33 triệu/m²",Nội thất cao cấp,30 m²,Nam,Chung cư,Nở hậu,Văn phòng
A5,,CÓ 1-0-2 BÁN NHANH 2 MẶT HẺM DT:203M2 SHR.,6 phòng,dân cư,Đã có sổ,Căn góc,Đã bàn giao,L47 - 66,Đất thổ cư,72 m²,5,4,5 m,- 203 m2,"Đường Phó Cơ Điều, Phường 4, Quận 11, Tp Hồ Chí Minh",3 m,6 phòng,"8,4 tỷ- 203 m2",Tây Nam,"Nhà ngõ, hẻm",203 m²,"- Vị trí nhà tiếp giáp nhiều trung tâm thương mại lớn như trung tâm vàng bạc đá quý của Sài Gòn , siêu thị , Bệnh Viện , Trường Đại Học tất cả không quá bán kính 50m 
- Vì điều kiện nay cần bán với giá rẻ hơn thị trường rất nhiều 
ngôi nhà được xây dựng rất tâm huyết.
- Kết cấu BTCT 1 trệt ,lửng, 3 lầu , sân thượng có 6 PN , 1 PK , 6WC 
- Nhà đang ở và cho thuê kiếm thêm thu nhập hơn 25 triệu/ tháng 
- Nhà ở nên rất sạch sẽ và mới .người mua có thể vào ở luôn vừa ở vừa có tiền .
- tiếp khách thiện chí và hiểu biết giá để rễ ra quyết định 
cam kết giá tốt , giấy tờ sổ sách chuẩn công chứng trong ngày. gọi ngay để có cơ hội sở hữu nhà 2 mặt tiền hiẻm thông tứ hướng.","41,38 triệu/m²",Nội thất cao cấp,30 m²,Nam,Chung cư,Nở hậu,Văn phòng
A5,,BÁN CĂN HỘ CHUNG CƯ R1 PHỐ VỌNG- MINH KHAI,1 phòng,dân cư,Đã có sổ,Căn góc,Chưa bàn giao,L47 - 66,Đất thổ cư,45 m²,5,4,5 m,- 45 m2,"Đường Phố Vọng, Phường Đồng Tâm, Quận Hai Bà Trưng, Hà Nội",3 m,1 phòng,600 triệu- 45 m2,Tây Nam,"Nhà ngõ, hẻm",203 m²,"Dự án: CHUNG CƯ PHỐ VỌNG.
 Thông tin chi tiết: MỞ BÁN CHUNG CƯ MINI PHỐ VỌNG- MINH KHAI - HAI BÀ TRƯNG XÂY MỚI, GIAO NHÀ NGAY, ĐÓN TẾT

Vị trí đắc địa trung tâm quận HAI BÀ TRƯNG, gần các tuyến phố lớn như : TRƯỜNG CHINH- GIẢI PHÓNG- PHỐ VỌNG - ..

Gần nhiều trường Đại học lớn như: BÁCH KHOA - KINH TẾ - XÂY DỰNG - ĐẠI HỌC Y...

+ Căn 1 ngủ: 28m2 -33m2 -35m2- 36m2: Giá từ 500- 550-630- 650tr/căn.

+ Căn 2 ngủ: 45m2 - 48m2 - 50m2 -55m2 -62m2 : Giá từ 800tr - 900tr/ căn

+ Căn 3 ngủ: 62m2 - 75m2 giá từ 1.230 triệu đến 1.450 triệu/ căn 

Giá trên đã bao gồm phí VAT tách sổ đỏ

*Pháp lý đầy đủ: Sổ đỏ riêng từng căn, hợp đồng mua bán công chứng nhà nước

Liên hệ Chính chủ đầu tư ( miễn trung gian)","13,33 triệu/m²",Nội thất đầy đủ,30 m²,Nam,Chung cư,Nở hậu,Văn phòng
A5,,"BÁN NHÀ NGÔ THÌ NHẬM -HÀ ĐÔNG 36M2-GIÁ 2,7 TỶ",3 phòng,dân cư,Đã có sổ,Căn góc,Chưa bàn giao,L47 - 66,Đất thổ cư,45 m²,5,4,5 m,- 36 m2,"Đường Ngô Thì Nhậm, Phường La Khê, Quận Hà Đông, Hà Nội",3 m,4 phòng,"2,7 tỷ- 36 m2",Tây Nam,"Nhà mặt phố, mặt tiền",36 m²,"⚡⚡⚡Siêu hot!!! 1 căn Phố Ngô thì Nhậm- Hà Đông. Ô tô chạy qua nhà.
✔✔✔Diện tích: 36m2.
✔✔✔Mặt tiền 3.5 m.
đường trước nhà 3m.
- Nhà 5 tầng thiết kế hiện đại, cầu thang gỗ, nội thất đầy đủ.
- Tầng 1:phòng khách và bếp.
- Tầng 2,3,4:mỗi tầng1 phòng khách, wc.
- Tầng 5: Phòng thờ và sân phơi.
- Vị trí ngay trung tâm quận Hà Đông.
- Nằm trong khu nhà phân lô Liền kề Ngô Thì Nhậm, ngay gần chợ Bông Đỏ.khu Dân trí cao, giao thông đi lại vô cùng thuận lợi.thông đi các hướng. thích hợp với quý khách hàng sinh sông và làm việc tại Quân Hà Đông và các Quận Huyện lân cận như Thanh Xuân, Đống Đa, Nam Từ Liêm….
💰💰💰💰GIÁ : 2,7 TỶ ( có thương lượng bao phí sang tên chuyển nhượng).
- Sổ đỏ sẵn sàng chờ giao dịch.",75 triệu/m²,Nội thất đầy đủ,36 m²,Nam,Chung cư,Nở hậu,Văn phòng
A5,,BÁN NHÀ MỸ ĐÌNH-35M2-ÔTÔ-LÔ GÓC-TẶNG NỘI THẤT-3TỶ,3 phòng,dân cư,Đã có sổ,Căn góc,Chưa bàn giao,L47 - 66,Đất thổ cư,45 m²,5,5,5 m,- 35 m2,"Đường Mỹ Đình, Phường Mỹ Đình 1, Quận Nam Từ Liêm, Hà Nội",3 m,4 phòng,"3,1 tỷ- 35 m2",Tây Nam,"Nhà ngõ, hẻm",35 m²,"NHÀ ĐẸP Ở NGAY - OTO 30M - TRƯỚC NHÀ 3M - LÔ GÓC 16 CỬA SỔ NHÀ THOÁNG SÁNG CẢ NGÀY LẪN ĐÊM - TẶNG TOÀN BỘ NỘI THẤT
- Khu vực Hồ Tùng Mậu, Mỹ Đình, Lê Đức Thọ,Thiên Hiền, Đình Thôn, Nguyễn Hoàng là trung tâm quận Nam Từ Liêm phát triển từng ngày, Giao thông hoàn thiện, Tiện ích xung quanh ngập tràn.
- Vị trí rất đẹp, Ngõ rộng, kinh doanh sầm uất ngày đêm, khu vực phát triển mạnh. Nhà lô góc nổi bật. 
Xây dựng 2015 chủ tự tay hoàn thiện nội thất đồ gỗ Pơ Mu - Sồi Nga đắt tiền, bán đi mua nhà 12 tỷ. 
Thiết kế 5 tầng với đầy đủ công năng tiện ích
- Diện tích 35m2,nhà thoáng, lô góc, đường ô tô cách vài bước chân
- Giá bán: 3 tỷ ( Thương Lượng).
- Sổ đỏ sẵn sàng giao dịch.
- Liên hệ xem nhà miễn phí: Mr. Khang","88,57 triệu/m²",Nội thất đầy đủ,35 m²,Nam,Chung cư,Nở hậu,Văn phòng
A5,,"cần bán lô đất p15 tân bình,giá 3,750,tỷ,bớt lộc",3 phòng,dân cư,Đã có sổ,Căn góc,Chưa bàn giao,L47 - 66,Đất thổ cư,45 m²,5,5,14 m,- 56 m2,"Đường Huỳnh Văn Nghệ, Phường 15, Quận Tân Bình, Tp Hồ Chí Minh",4 m,4 phòng,"3,75 tỷ- 56 m2",Tây Nam,"Nhà ngõ, hẻm",56 m2,"bán gấp lô đất p15 tân bình,4m x14m hẻm 4m nhựa 

khu dân cư hiện hữu,khu nhà lầu vị trí rất đẹp giá rẻ cho người tiêu dùng 

hoặc xây nhà bán,ai có nhu cầu thì lh em ngay nhé","66,96 triệu/m2",Nội thất đầy đủ,35 m²,Tây Nam,Chung cư,Nở hậu,Văn phòng
A5,,Cần tiền đóng viện phí cho mẹ bán nhà Lê Tấn Bê 1/,2 phòng,dân cư,Đã có sổ,Căn góc,Chưa bàn giao,L47 - 66,Đất thổ cư,45 m²,5,1,11 m,- 44 m2,"Đường Lê Tấn Bê, Phường An Lạc, Quận Bình Tân, Tp Hồ Chí Minh",4 m,2 phòng,960 triệu- 44 m2,Tây Nam,"Nhà mặt phố, mặt tiền",44 m²,"mẹ tôi đang nằm viện do bị viêm phổi nặng do bến chứng của tiểu đường cộng với tuổi già. do k có bảo hiểm nên tiền viện phí quá cao với lại cũng có vay mượn ở bên ngoài 1 số tiền khá lớn giờ để có tiền chữa chạy cho mẹ tôi và trả nợ nên tôi đành bán căn nhà ở đường Lê Tấn Bê
nhà xây 1 lầu có ban công sân trước rộng thoáng có 2 phòng ngủ 2 toilet , tiện ích xung quanh nhà đầy đủ hẻm xe hơi thông khu dân cư đông đúc hiện hữu
ngang 4m dài 11m dt 44m2 có sổ hồng riêng sang tên công chứng trong ngày
giá bán 960 triệu bớt chút đỉnh cho người thiện chí
liên hệ trực tiếp tôi để xem nhà","21,82 triệu/m²",Nội thất đầy đủ,88 m²,Tây Nam,Chung cư,Nở hậu,Văn phòng
A5,,Bán nhà mặt ngõ Thụy Khuê giá 8 tỷ,4 phòng,dân cư,Đã có sổ,Căn góc,Chưa bàn giao,L47 - 66,Đất thổ cư,45 m²,5,1,11 m,- 3 m2,"Đường Thụy Khuê, Phường Bưởi, Quận Tây Hồ, Hà Nội",4 m,4 phòng,8 tỷ- 3 m2,Tây Nam,"Nhà mặt phố, mặt tiền",3 m²,"+ Mình có ngôi nhà mặt ngõ đang cần bán vì gia đình muốn sang ở cùng con cháu diện tích là 33m2 , nhà 5 tầng với giá chỉ có 8 tỷ 
+Nhà rất thuận tiên cho giao thông , ngõ rộng xe máy tránh , gần trường mần non , gần trường câp 1 cách chợ ko xa 
+nhà xây chắc chắn , thiêt kế phong cách hiện đại .
-tầng 1 phòng khách , cầu thang nhà bếp ,nhà vệ sinh 
-tầng 2,3,4,5 phòng ngủ nhà vệ sinh sân phơi rộng
-Nội thất sang trọng hiện đại cầu thang gỗ
+sỏ đỏ chính chủ , đất nở hậu 
+Với giá chỉ có 8 tỷ (có thương lương )
+ Liên hê với Mr Lâm","2,666666666 tỷ/m²",Nội thất đầy đủ,3 m²,Tây Nam,Chung cư,Nở hậu,Văn phòng
A5,,Đất mặt tiền xe tải,4 phòng,dân cư,Đã có sổ,Căn góc,Chưa bàn giao,L47 - 66,Đất thổ cư,45 m²,5,1,16 m,- 80 m2,"Ấp Thanh Dong, Xã Thạnh Đông B, Huyện Tân Hiệp, Kiên Giang",5 m,4 phòng,230 triệu- 80 m2,Tây Nam,"Nhà mặt phố, mặt tiền",80 m2,bán đất.mat tiền xe tải. tăng nhà.thuộc khu dan cư.dong đúc.5*16 thổ cư.thực tế dài 19 m.gần chợ gần trường học.chinh chủ,"2,88 triệu/m2",Nội thất đầy đủ,3 m²,Tây Nam,Chung cư,Nở hậu,Văn phòng
A5,,Cần tiền lỳ xì mấy cháu,4 phòng,dân cư,Đã có sổ,Căn góc,Chưa bàn giao,L47 - 66,Đất thổ cư,45 m²,5,1,20 m,- 100 m2,"Đường Nguyễn Chí Thanh, Phường Hiệp Thành, Thành phố Thủ Dầu Một, Bình Dương",5 m,4 phòng,1 tỷ- 100 m2,Tây Nam,"Nhà mặt phố, mặt tiền",100 m2,"Tết đến xuân về cần tiền chi trả cần bán gấp lô đất tại Trung tâm Thủ Dầu Một
Diện tích 100m2 pháp lý rõ ràng 
Trong khu dân cư hiện hữu nhìn là thấy 
Cư dân hiền hoà thân thiện 
Tiện ích xung quanh ngay cạnh không đi đâu xa 
Vị trí đẹp và nhiều tiềm năng",10 triệu/m2,Nội thất đầy đủ,3 m²,Tây Nam,Chung cư,Mặt tiền,Văn phòng
A5,,Mua Nhà Lầu 150m2 Ngay Thị Xã Bến Cát Giá Mềm,2 phòng,dân cư,Đã có sổ,Căn góc,Chưa bàn giao,L47 - 66,Đất thổ cư,45 m²,5,1,30 m,- 150 m2,"Đường D, Phường Linh Đông, Quận Thủ Đức, Tp Hồ Chí Minh",5 m,2 phòng,"1,45 tỷ- 150 m2",Tây Nam,"Nhà mặt phố, mặt tiền",150 m²,"- Nhà mới xây với thiết kế theo phong cách Châu Âu 1 trệt 1 lầu với 2 phòng ngủ, 2 phòng khách, 1 gian bếp, có sân trước để xe hơi,điện âm , nước máy 
Sau có thêm 4 căn hộ nhỏ 25m2
- Xung quanh dân cư đông đúc với đầy đủ tiện ích như: chợ, bách hóa xanh, điện máy xanh, thế giới di động, bệnh viện, ngân hàng, trường học liên cấp
- Vị trí nhà nằm ngay sau lưng quân đội , chợ đến các vị trí trung tâm khoảng 1,5km xung quanh kinh doanh buôn bán sầm uất
- Diện tích căn nhà là 5*30
- Nhà sổ hồng riêng sang tên công chứng ngay
- Đường nhựa 16m
Liên hệ ngay để xem thực tế","9,67 triệu/m²",Nội thất đầy đủ,192 m²,Tây Nam,Chung cư,Mặt tiền,Văn phòng
A5,,Bán 100m² thổ cư đối diện chợ Bình Minh giá 450TR,2 phòng,dân cư,Đã có sổ,Căn góc,Chưa bàn giao,L47 - 66,Đất thổ cư,45 m²,5,1,20 m,- 100 m2,"Đường Trần Văn Trà, Phường 3, Thành phố Tây Ninh, Tây Ninh",5 m,2 phòng,450 triệu- 100 m2,Tây Nam,"Nhà mặt phố, mặt tiền",100 m2,"Tôi cần bán gấp lô đất đối diện chợ Bình Minh thuộc ấp Giồng Tre, xã Bình Minh, Tp.Tây Ninh.

Vị trí đất từ ngã 4 Bình Minh quẹo vô 200m là tới đất, đất xéo xéo trường THCS Nguyễn Văn Linh.
Đất mặt tiền đường Giồng Cà 12m chuẩn bị mở rộng 30m ( trên sổ đã cập nhật đường sẳn ).
Diện tích 5x20 ( thổ cư 100%), hiện còn 4 lô liền kề nhau.
Sổ sách đầy đủ sang tên công chứng liền ( cần có thể gửi sổ để check quy hoạch ).
Hiện đang cần bán gấp giá 450 triệu thương lượng.

Liên hệ tôi để xem đất và sổ sách.","4,5 triệu/m2",Nội thất đầy đủ,192 m²,Đông,Chung cư,Mặt tiền,Văn phòng
A5,,"BÁN CH CAO CẤP GATEWAY 69M2, NHÀ BAO MỚI VIEW ĐẸP",2 phòng,dân cư,Đã có sổ,Căn góc,Đã bàn giao,L47 - 66,Đất thổ cư,69 m²,5,1,20 m,- 69 m2,"Đường Xa lộ Hà Nội, Phường Hiệp Phú, Quận 9, Tp Hồ Chí Minh",5 m,2 phòng,"1,4 tỷ- 69 m2",Tây Nam,"Nhà mặt phố, mặt tiền",100 m2,"Thông tin căn hộ.
- DT 69M2
- Căn hộ 2PN 2WC
- Giá thanh toán trước 1.4 tỷ.
- Mua nhanh bán nhanh, thương lượng nhẹ cho khách thiện chí

Ngân hàng hỗ trợ vay mua nhà.
Ngân hàng quân đội MB Bank và ngân hàng SCB cho vay 70% trên giá trị HĐMB gốc. Lãi suất ưu đãi năm đầu 7.9%/năm, các năm sau 10.5 - 11%/năm.

- Phí dịch vụ sinh hoạt tại chung cư:
+ Xe máy: 120.000 đ/tháng.
+ Xe hơi: 1.200.000 đ/tháng.
+ Phí quản lý: 8.000 đ/m2/tháng.
+ Điện, nước, internet theo giá khu vực.

Tiện ích vị trí.
Gần sân bay, bệnh viện Thủ Đức, chợ đầu mối, trường tiểu/trung học, đại học quốc gia HCM, các khu ăn uống bên trong bên ngoài.

Tiện ích nội khu.
Hồ bơi, gym, khu vui chơi trẻ em, khu thương mại hàng quán.

Các thủ tục hỗ trợ miễn phí.
- Tìm kiếm nhà phù hợp nhu cầu của bạn.
- Thương lượng giúp bạn giá rẻ.
- Soạn thảo Hợp đồng chặt chẽ.
- Hướng dẫn đăng ký tạm trú tạm vắng.

Liên hệ em dẫn xem nhà trực tiếp ạ","20,29 triệu/m²",Nội thất đầy đủ,192 m²,Đông,Chung cư,Mặt tiền,Văn phòng
A5,,"Hẻm Xe Hơi 5m..6m Ngô Quyền, ngang 3,5x10m 2 Lầu",3 phòng,dân cư,Đã có sổ,Căn góc,Đã bàn giao,L47 - 66,Đất thổ cư,69 m²,5,1,10 m,- 34 m2,"Đường Ngô Quyền, Phường 6, Quận 10, Tp Hồ Chí Minh",35 m,3 phòng,"6,7 tỷ- 34 m2",Tây Nam,"Nhà ngõ, hẻm",34 m²,"Hẻm Xe Hơi 5m....6m Đuờng Ngô Quyền Phuờng 6 Quận 10, ngang 3,5x10m 2 Lầu,nhà còn mới,vị trí căn nhà cách Mặt Tiền đuởng 30m,tiện mua ở hoặc làm cty, vp ,phòng mạch, Spa..., Gía 6,7ty","197,06 triệu/m²",Nội thất đầy đủ,90 m²,Đông,Chung cư,Hẻm xe hơi,Văn phòng
A5,,Đất Huyện Hóc Môn 150m²,3 phòng,dân cư,Đã có sổ,Căn góc,Đã bàn giao,L47 - 66,Đất thổ cư,69 m²,5,1,14 m,- 150 m2,"Đường Huỳnh Thị Mài, Xã Tân Hiệp, Huyện Hóc Môn, Tp Hồ Chí Minh",7 m,3 phòng,"1,5 triệu- 150 m2",Tây Nam,"Nhà ngõ, hẻm",150 m2,"Chủ nhà cần bán đất ngay xã tân hiệp , huyện hôcmon đường Huỳnh. Thị Mài
_số sẵn , full thổ , k quy hoạch mộ , cần bán giá 1ty5",10.000 đ/m2,Nội thất đầy đủ,90 m²,Đông,Chung cư,Mặt tiền,Văn phòng
A5,,Kẹt tiền cuối năm bán gấp lô đất gần chợ hưng long,3 phòng,dân cư,Đã có sổ,Căn góc,Đã bàn giao,L47 - 66,Đất thổ cư,69 m²,5,1,25 m,- 236 m2,"Đường Hưng Long, Xã Hưng Thịnh, Huyện Trảng Bom, Đồng Nai",9.5 m,3 phòng,"1,75 tỷ- 236 m2",Tây Nam,"Nhà ngõ, hẻm",236 m2,"Bán lỗ trước tết lô đất đẹp hưng thịnh đường thông bàn cờ giá 1tyxx
- Diện tích 9,5*25 có 100m thổ cư. Tiện ích k thiếu j. Thích hợp an cư lập nghiệp kinh doanh
- Cách ql1a chỉ 500m, đi long thành 10km
- Ace hợp tác lh Tiến Đạt 
#dat_hưng_thịnh #đất_trảng_bom","7,42 triệu/m2",Nội thất đầy đủ,90 m²,Nam,Chung cư,Mặt tiền,Văn phòng
A5,,Mặt tiền Nguyễn Trọng Quyền-4x19m-6.8 tỷ- Tân Phú,3 phòng,dân cư,Đã có sổ,Căn góc,Đã bàn giao,L47 - 66,Đất thổ cư,69 m²,5,1,19 m,- 76 m2,"Đường Nguyễn Trọng Quyền, Phường Tân Thới Hòa, Quận Tân Phú, Tp Hồ Chí Minh",4 m,3 phòng,"6,8 tỷ- 76 m2",Tây Nam,"Nhà ngõ, hẻm",76 m2,"CÒN 3 LÔ GIÁ GỐC: LÔ 4-5-6 - Sổ hồng đầy đủ-Xây dựng Ngay
Mặt tiền đường Nguyễn Trọng Quyền, Q.Tân Phú- Ngay Khu Du Lịch Đầm Sen 
- Lô: 4-5 diện tích 4x19m, giá 6.8 tỷ 
- Lô: 6 (góc) diện tích 6x19m, giá 12.5 tỷ 
Hiện trạng đất trống, tiện xây mới, khu vực được xây cao tầng.
Vị trí đẹp, đường rộng 16m, gần Đầm Sen, Hoà Bình, Luỹ Bán Bích...đi Tân Bình, Q6, Q11 rất thuận tiện 
- Sổ Hồng cầm tay, hỗ trợ vay 3 bên.
Liên hệ: Ms. Thảo để xem vị trí đất & Sổ- hỗ trợ giá Tốt
Công Ty BĐS Thuận Việt","89,47 triệu/m2",Nội thất đầy đủ,90 m²,Nam,Chung cư,Mặt tiền,Văn phòng
A5,,Nhà phú khương thổ cư 100% quy hoạch đất ở gần lộ,2 phòng,dân cư,Đã có sổ,Căn góc,Đã bàn giao,L47 - 66,Đất thổ cư,69 m²,5,1,21 m,- 155 m2,"Hẻm Gần Ngân Hàng Kiên Long, Phường Phú Khương, Thành phố Bến Tre, Bến Tre",7 m,2 phòng,"1,69 tỷ- 155 m2",Tây Nam,"Nhà ngõ, hẻm",155 m²,"nhà phú khương dt lớn tại trung tâm phú khương tp bến tre 
dt 155m2 ngang 7m thổ cư 100%
quy hoạch đất ờ toàn nhà
giá bán rẻ nhất khu vực 1ty690","10,9 triệu/m²",Nội thất đầy đủ,155 m²,Nam,Chung cư,Nở hậu,Văn phòng
A5,,Bán nhà đối diện Vincity,3 phòng,dân cư,Đã có sổ,Căn góc,Đã bàn giao,L47 - 66,Đất thổ cư,69 m²,5,1,20 m,- 100 m2,"Đường Nguyễn Xiển, Phường Long Thạnh Mỹ, Quận 9, Tp Hồ Chí Minh",5 m,2 phòng,"5,95 tỷ- 100 m2",Tây Nam,"Nhà mặt phố, mặt tiền",100 m²,"-Chính chủ Bán nhà đối diện dự án Vinhome Q.9
Khu dân cư phước thiện Q.9
Diện tich: 5 x20 ( 1 trệt 1 lầu)
- 3 phòng ngủ,2 wc.
- kế bên truong, cap 1, cap 2, cap 3. Mẫu giáo( đi bộ là đến)
- đường: 6 mét, lề đg 2 mét.
- khu vuc an ninh.
- gần TTTM vinhome đang xây dung:
- giấy tờ so hồng.
Anh chi em dich vu cần liên ket inbox e.","59,5 triệu/m²",Nội thất đầy đủ,200 m²,Đông,Chung cư,Nở hậu,Văn phòng
A5,,"Nhà hẻm nhựa xe hơi, đúc 3 tấm mới,đường ÂU CƠ",4 phòng,dân cư,Đã có sổ,Căn góc,Đã bàn giao,L47 - 66,Đất thổ cư,69 m²,5,4,13 m,- 55 m2,"Đường Âu Cơ, Phường 10, Quận Tân Bình, Tp Hồ Chí Minh",45 m,5 phòng,"6,75 tỷ- 55 m2",Tây Nam,"Nhà ngõ, hẻm",55 m²,"Hẻm 618 Âu Cơ ( Khu phân lô ) 
Mua nhà Sang - Xịn - Mịn đón tết 2021
√ Ngang 4.5 x 13 ( CN 55m2 ) 
√ Trệt - 3 Lầu ( 4PN - 4WC - P. Thờ ) 
√ Hẻm đường nhựa, xe hơi đậu trước cửa
√ Nhà đang hoàn công + Đổi Sổ ( Trước Tết xong ) 
√ Xung quanh nhà cao tầng, dân trí cao, an ninh
√ Giá cực iu : 6.75 Tỷ TL
√ Giá Bao Rẻ toàn khu vực
√√ Lh 
Miễn quảng cáo đăng tin","122,73 triệu/m²",Nội thất đầy đủ,210 m²,Đông,Chung cư,Hẻm xe hơi,Văn phòng
A5,,"Nhà Đẹp đón Tết, Lê Lai, Lô góc, ô tô, 50m2 5.4 tỷ",4 phòng,dân cư,Đã có sổ,Căn góc,Đã bàn giao,L47 - 66,Đất thổ cư,69 m²,5,5,10 m,- 50 m2,"Đường Lê Lai, Phường Nguyễn Trãi, Quận Hà Đông, Hà Nội",5 m,4 phòng,"5,4 tỷ- 50 m2",Tây Nam,"Nhà ngõ, hẻm",50 m²,"LÊ LAI – HÀ ĐÔNG – LÔ GÓC – Ô TÔ TRÁNH – NHÀ ĐẸP ĐÓN TẾT– Ở KẾT HỢP KINH DOANH.
+ Nhà trung tâm khu dân trí cao Quận Hà Đông, Lô góc, Gara ô tô, đường trước nhà Ô tô tránh, xung quanh bao phủ toàn Biệt thự, Liền kề, đầy đủ tiện ích: cách chợ Hà Đông 150m, 300m ra Metro Hà Đông, Khu Hành chính Quận, các cơ quan, trường học: Nguyễn Trãi.Lê Lợi, Lê Quý Đôn…. 
+ Nhà Lô góc cực thoáng, nắng – gió chan hòa, khung cột chắc chắn, Nội thất Trang nhã - Đẹp, sàn gỗ tự nhiên, thiết bị nhập khẩu tổng: 4 Phòng ngủ, phòng khách, Bếp, Phòng thờ, Kho sân phơi, 3 VS...
+ Diện tích 50m2, từ T2 đua ra hơn 60m2 sử dụng vô cùngrộng rãi.
+ Sổ đỏ Đẹp, sẵn sàng giao dịch, chủ thiện chí.
+ Giá bán: 5.4 tỷ ( có thương lượng ).
Liên hệ trực tiếp 24/7: 
- Mr Lê - - Email: lehungbds82@gmail.com. 
- Chuyên Nhà đất thổ cư các phân khúc từ 1 tỷ đến trên 100 tỷ. 
- Miễn trung gian và Miễn quảng cáo. 
“CHỈ CẦN QUÝ KHÁCH CÓ NHU CẦU _ VIỆC CÒN LẠI HÃY ĐỂ CHÚNG TÔI”",108 triệu/m²,Nội thất đầy đủ,210 m²,Đông,Chung cư,Nở hậu,Văn phòng
A5,,NHÀ VỊ TRÍ ĐẸP LIÊN KHU 4-5 QUẬN BÌNH TÂN 76m2,4 phòng,dân cư,Đã có sổ,Căn góc,Đã bàn giao,L47 - 66,Đất thổ cư,69 m²,5,5,18 m,- 76 m2,"Đường Liên khu 4-5, Phường Bình Hưng Hoà B, Quận Bình Tân, Tp Hồ Chí Minh",4.1 m,3 phòng,355 tỷ- 76 m2,Tây Nam,"Nhà ngõ, hẻm",76 m²,"Bán gấp căn nhà/ đường liên khu 4-5 . Bhhb. Bình Tân 
4.10m x 18m - 76m2 - SHR - giá: 3ty550 
Nhà cấp 4🏯Có 4phòng trọ đang cho thuê 6trieu/ tháng 
Đường nhựa 6m thông thoáng. Khu dân cư hiện hữu 
Cách Mặt tiền đường liên khu 4-5 chỉ 40m
Cách chợ bình thành 100m
Mong tiếp khách thiện chí. Mong cho anh chị nào đủ duyên về với căn nhà vị trí đẹp này ... cảm ơn.","4,671052631 tỷ/m²",Hoàn thiện cơ bản,76 m²,Tây,Chung cư,Nở hậu,Văn phòng
A5,,Cần bán gấp căn nhà đường Hồ Học Lãm về quê,2 phòng,dân cư,Đã có sổ,Căn góc,Đã bàn giao,L47 - 66,Đất thổ cư,69 m²,5,5,11.8 m,- 56 m2,"Đường Hồ Học Lãm, Phường An Lạc, Quận Bình Tân, Tp Hồ Chí Minh",5 m,2 phòng,962 triệu- 56 m2,Tây Nam,"Nhà mặt phố, mặt tiền",56 m²,"Vợ tôi sắp sinh nên tôi cần bán gấp căn nhà mà tôi đang ở đường hồ học lãm về quê sinh cho tiện ba mẹ chăm sóc 
cần bán gấp trong tháng này vì vợ tôi sắp sinh 
thật tôi không muốn bán nhưng vì làm con phải nghe lời ba mệ nên tôi bán 
nhà trong khu dân cư hiện hữu dân cư đông đúc an ninh yên tĩnh 
tiện ích xung quanh nhà gần chợ bệnh viện trường học và các quận trung tâm 
nhà 1 trệt 1 lầu 2 phòng ngủ 2 tolets phòng khách và phòng bếp riêng có ban công và sân ô tô rộng 
nhà diện tích 56m2 
ngang 5 mét 
dài 11.8 mét 
nhà sổ hồng chính chủ tên tôi mua ra sang tên công chứng liền 
cần bán gấp trong tháng này ai thiện chí gọi tôi ra xem nhà","17,18 triệu/m²",Hoàn thiện cơ bản,112 m²,Tây,Chung cư,Nở hậu,Văn phòng
A5,,Nhà Ninh Kiều,3 phòng,dân cư,Đã có sổ,Căn góc,Đã bàn giao,L47 - 66,Đất thổ cư,69 m²,5,5,11.8 m,- 45 m2,"Đường Hùng Vương, Phường Cái Khế, Quận Ninh Kiều, Cần Thơ",5 m,2 phòng,"1,87 tỷ- 45 m2",Tây Nam,"Nhà ngõ, hẻm",45 m²,"6.809♨️- Nhà lầu đúc - Nằm ngay trung tâm TP - DT và vị trí đẹp.

- Số: 42/73 - Lê Anh Xuân (Hẻm 54 - Hùng Vương).
- DT nhà: 4,5 x 10 = 45m2, nhà lầu đúc kiên cố = 86m2, giấy hồng đã hoàn công rồi.
- Nhà gồm: Sân đậu xe, phòng khách, 2 phòng ngủ, ban công, phòng sinh hoạt.
- Nhà nằm chỉ cách lộ nhựa đúng 10m, vị trí gần và đẹp, nhà mới hoàn công xong (bao qui hoạch).
- Giá: 1 tỉ 870 triệu
- Nhà trống + Khóa số","41,56 triệu/m²",Hoàn thiện cơ bản,112 m²,Tây,Chung cư,Nở hậu,Văn phòng
A5,,Bán khách sạn có hồ bơi sát biển,nhiều hơn 10 phòng,dân cư,Đã có sổ,Căn góc,Đã bàn giao,L47 - 66,Đất thổ cư,160 m²,5,5,11.8 m,- 160 m2,"Đường Võ Nguyên Giáp, Phường Mỹ An, Quận Ngũ Hành Sơn, Đà Nẵng",5 m,Nhiều hơn 6 phòng,"48,9 tỷ- 160 m2",Tây Nam,"Nhà ngõ, hẻm",45 m²,"🇻🇳🇻🇳🇻🇳 Tòa 25p(10 căn hộ+15p khách sạn+Hồ bơi),sát Võ Nguyên Giáp,Đà Nẵng
🔥DT: 160m2(10×16), Đường 7.5m, hướng đông nam
🔥Giá sập hầm : 48.x tỷ","305,63 triệu/m²",Hoàn thiện cơ bản,112 m²,Tây,"Căn hộ dịch vụ, mini",Nở hậu,Văn phòng
A5,,"Biệt Thự Siêu Đẹp, 3 Lầu 200m2 Khu Nam Long Q7",5 phòng,dân cư,Đã có sổ,Căn góc,Đã bàn giao,L47 - 66,Đất thổ cư,160 m²,5,3,25 m,- 200 m2,"Đường Trần Trọng Cung, Phường Tân Thuận Đông, Quận 7, Tp Hồ Chí Minh",8 m,Nhiều hơn 6 phòng,"21,5 tỷ- 200 m2",Tây Nam,Nhà biệt thự,200 m²,"BÁN BIỆT THỰ QUẬN 7 - KHU NAM LONG ( TRẦN TRỌNG CUNG )

Diện tích : 8m x 25m

Diện tích đất công nhận : 200m2

Hiện trạng : 1 Trệt, 2 Lầu, Sân Thượng. Tặng toàn bộ nội thất cao cấp. Khu dân trí cao, an ninh. Tiện ích xung quanh đầy đủ.

Giá chỉ 21,5 tỷ ( sổ hồng chính chủ) 

Hotline/zalo : 0981 090 539 ( Ms. Hân )","107,5 triệu/m²",Nội thất cao cấp,565 m²,Đông,"Căn hộ dịch vụ, mini",Nở hậu,Văn phòng
A5,,Mặt phố Thanh Xuân - Kinh doanh đỉnh - Giá ngõ,5 phòng,dân cư,Đang chờ sổ,Căn góc,Đã bàn giao,L47 - 66,Đất thổ cư,23 m²,5,3,25 m,- 23 m2,"Đường Vũ Hữu, Phường Thanh Xuân Bắc, Quận Thanh Xuân, Hà Nội",8 m,Nhiều hơn 6 phòng,"2,9 tỷ- 23 m2",Tây Nam,Nhà biệt thự,200 m²,"_Nhà Phố Vũ Hữu - Thanh Xuân. Diện tích 23m2 x 4 tầng, mặt tiền 4.1m.
_Mô tả:
Nhà mặt phố xe tải tránh, mặt tiền khủng, kinh doanh buôn bán vô cùng sầm uất, nhà gần tòa nhà UBCK nhà nước, gần khu BT LK Quốc hội, gần ngay ngã ba Vũ Hữu và Nguyễn Quý Đức.
+ Tầng 1: thông sàn kd, WC.
+ Tầng 2, 3: mỗi tầng 1 phòng, 1 WC.
+ Tầng 4: phòng thờ, sân phơi rộng.
+ Nhà còn rất chắc chắn, lên tầng thoải mái.
+ Pháp lý: - Nhà đang chờ sổ, cả phố đều như vậy.
 - Nhà vuông vắn, nở hậu.
_Giá 2.9 tỷ.
Liên hệ e Tùng CV BDS nhà đất thổ cư để được tư vấn và xem nhà hoàn toàn miễn phí, e còn rất nhiều căn đẹp ở các phân khúc khác nhau.","126,09 triệu/m²",Nội thất cao cấp,565 m²,Đông,"Căn hộ dịch vụ, mini",Nở hậu,Mặt bằng kinh doanh
A5,,"ĐƯỜNG 7,5m CẦU KHUÊ ĐÔNG - VÕ CHÍ CÔNG HOÀ QUÝ",5 phòng,dân cư,Đã có sổ,Căn góc,Đã bàn giao,L47 - 66,Đất thổ cư,23 m²,5,3,20 m,- 100 m2,"Đường Bá Tùng||20218, Phường Hoà Quý, Quận Ngũ Hành Sơn, Đà Nẵng",5 m,Nhiều hơn 6 phòng,"2,1 tỷ- 100 m2",Tây Nam,Nhà biệt thự,100 m2,"Bán lô đất gần VÕ CHÍ CÔNG HOÀ QUÝ

DỌC VEN SÔNG , KHU DÂN CƯ ĐÔNG ĐÚC , ĐƯỜNG XÁ KHANG TRANG . 

Gần làng đại học đà nẵng 

Qua cầu Khuê đông 1 đoạn , cách võ chí công 600m 

Đường 7m5 thông suốt khu vực , lề 4m lô sạch đẹp giá rẻ chỉ 1 lô giá 2,1tỷ/ 100m .

Hỗ trợ vay . Lh",21 triệu/m2,Nội thất cao cấp,565 m²,Đông,"Căn hộ dịch vụ, mini",Mặt tiền,Mặt bằng kinh doanh
A5,,Đất hiệp thành hướng đông nam hàng hiếm.2 lô liền,5 phòng,dân cư,Đã có sổ,Căn góc,Đã bàn giao,L47 - 66,Đất thổ cư,23 m²,5,3,23 m,- 110 m2,"Đường Nguyễn Đức Thuận, Phường Hiệp Thành, Thành phố Thủ Dầu Một, Bình Dương",5 m,Nhiều hơn 6 phòng,"2,8 tỷ- 110 m2",Tây Nam,Nhà biệt thự,110 m2,"Đất hiệp thành hướng đông nam hàng hiếm
2 lô liền kề
Diện tích lô 1 và 2 : 5x23m = 110m thổ cư 60. Giá 2ty8 :B 
Diện tích lô 3 : 6x23 ( nở hậu 7) = 148m thổ cư 60 ( lo góc hai mặt tiền không trừ lộ giới)
Giá 3ty8
Mặt tiền đường nhựa 6m vỉa hè 1m thông cách Nguyễn Đức thuận chỉ 10m 
Lh zalo kim phát","25,45 triệu/m2",Nội thất cao cấp,565 m²,Đông,"Căn hộ dịch vụ, mini",Nở hậu,Mặt bằng kinh doanh
A5,,"NHÀ ĐẸP GIÁ RẺ 4 TẦNG CẦU GIẤY - NGÕ ĐẸP, THÔNG",3 phòng,dân cư,Đã có sổ,Căn góc,Đã bàn giao,L47 - 66,Đất thổ cư,23 m²,5,4,23 m,- 31 m2,"Đường Cầu Giấy, Phường Quan Hoa, Quận Cầu Giấy, Hà Nội",5 m,3 phòng,"2,65 tỷ- 31 m2",Tây Nam,"Nhà ngõ, hẻm",31 m²,"Dự án: Cầu Giấy
Thông tin chi tiết: 🔰CHỈ 2,65 TỶ - NHÀ ĐẸP ĐÓN TẾT PHỐ CẦU GIẤY 31m2 x 4 TẦNG - NGÕ ĐẸP THÔNG TỨ TUNG - TẶNG FULL NỘI THẤT CHỈ VỀ Ở - AN SINH ĐỈNH GIAO THÔNG THUẬN TIỆN, SẦM UẤT💥💥💥💥💥💥💥💥💥

🍀Thiết kế với 4 tầng như sau:
+ T1: khách + bếp. 
+ T2+3: 2 ngủ khép kín. 
+ T4: phòng thờ + sân phơi, có thể cải tạo thêm 1 ngủ. 

🍀Sổ đỏ chính chủ, vuống vắn, pháp lý chuẩn.

☎️ Liên Hệ: 0️⃣9️⃣3️⃣4️⃣5️⃣8️⃣9️⃣2️⃣6️⃣2️⃣","85,48 triệu/m²",Nội thất đầy đủ,31 m²,Đông,"Căn hộ dịch vụ, mini",Nở hậu,Mặt bằng kinh doanh
A5,,"Bán nhà mới đẹp phố Đào Tấn, chỉ 1.8 tỷ",5 phòng,dân cư,Đã có sổ,Căn góc,Đã bàn giao,L47 - 66,Đất thổ cư,23 m²,5,4,8 m,- 26 m2,"Đường Đào Tấn, Phường Ngọc Khánh, Quận Ba Đình, Hà Nội",3.5 m,3 phòng,"1,8 tỷ- 26 m2",Tây Nam,Nhà phố liền kề,26 m²,"15M RA MẶT PHỐ - 15M RA OTO - BÃI OTO, CÔNG VIÊN GẦN NHÀ - NHÀ CHẮC CHẮN, MUA Ở HOẶC ĐẦU TƯ QUÁ TỐT.
+ Nhà sổ đỏ là 21m2 nhưng lại được hưởng 20m2 đất lưu không chưa nhập sổ. Đất lưu không đã được Địa chính phường xác nhận và đóng thuế.
+ Nhà C4 có gác sép chắc chắn, khách mua về ở ngay hoặc xây lại thì tuyệt đẹp.
+ Nhà ngay cạnh công viên Thủ Lệ mát mẻ , thể dục thể thao, nghe chim hót líu lo hàng ngày. 
+ Chủ nhà thiện chí bán, có thương lượng và tặng lại toàn bộ nội thất sang trọng cho khách hàng thiện chí, để sở hữu nhà mới đẹp, giá rẻ đón chào năm mới 2021.
LH ngay Mr William Thưởng, miễn trung gian môi giới làm phiền.","69,23 triệu/m²",Nội thất đầy đủ,26 m²,Đông,"Căn hộ dịch vụ, mini",Nở hậu,Mặt bằng kinh doanh
A5,,"Căn góc chung cư Thủ Thiêm Garden view hồ bơi, LM",2 phòng,dân cư,Đang chờ sổ,Căn góc,Đã bàn giao,L47 - 66,Đất thổ cư,64 m²,5,4,8 m,- 64 m2,"Đường Liên Phường, Phường Phước Long B, Quận 9, Tp Hồ Chí Minh",3.5 m,2 phòng,"2,3 tỷ- 64 m2",Tây Nam,Nhà phố liền kề,26 m²,"cần bán nhanh căn hộ Thủ Thiêm Garden, căn góc 2PN, 2 Toilet, tầng có công viên riêng, view hồ bơi và Landmark 81. Full nội thất cao cấp","35,94 triệu/m²",Nội thất cao cấp,26 m²,Đông Nam,Chung cư,Nở hậu,Mặt bằng kinh doanh
A5,,"Nhà 3 tầng, ngõ ôtô, gần chợ Đôn, chợ Hàng",2 phòng,dân cư,Giấy tờ khác,Căn góc,Đã bàn giao,L47 - 66,Đất thổ cư,64 m²,5,3,11.5 m,- 42 m2,"Ngõ 562, Đường Nguyễn Văn Linh, Phường Vĩnh Niệm, Quận Lê Chân, Hải Phòng",3.7 m,2 phòng,"1,45 tỷ- 42 m2",Tây Nam,"Nhà ngõ, hẻm",42 m²,"Bán nhà 3 tầng, s=42,5m; sd=120m, xây độc lập
- Hướng Đông Nam
- Ngõ 4-5m, ô tô đỗ cửa 562 N- V- Linh, Lê Chân, thông ra Thiên Lôi (ngõ ô tô), Phạm Tử Nghi. Khu vực tiện ích đầy đủ. 
-Trích đo địa chính.
- Vừa túi tiền, lại ngõ ô tô, mua về ở ngay. Thích hợp vợ chồng trẻ.
Giá chỉ 1 tỷ 450 (thỏa thuận nhẹ)
Thiện chí LH: 0949- 245 -269","34,52 triệu/m²",Nội thất cao cấp,120 m²,Đông Nam,Chung cư,Nở hậu,Mặt bằng kinh doanh
A5,,"Đất sát dệt may HoàThọ, ĐiệnThắng Bắc,QL1A,880tr!!",2 phòng,289,Đã có sổ,Căn góc,Đã bàn giao,3,Đất thổ cư,64 m²,5,3,18 m,- 88 m2,"QL1A, Xã Điện Thắng Bắc, Thị xã Điện Bàn, Quảng Nam",5 m,2 phòng,880 triệu- 88 m2,Tây Nam,"Nhà ngõ, hẻm",88 m2,"- Cần bán lô đất Điện Thắng Bắc cách QL1A chỉ 150m giáp với Hoà Phước, Đà Nẵng
- Diện tích:88m2
- Đường rộng 5m lề 2,5m
- Dân cư đông đúc, gần uỷ ban, điện máy xanh, chợ, trường mầm non, cấp 1,2, khu công nghiệp dệt may Hoà Thọ mua ở để đi làm gần hoặc xây trọ càng tốt
Ai quan tâm liên hệ ngay nhé!",10 triệu/m2,Nội thất cao cấp,120 m²,Tây Bắc,Chung cư,Mặt tiền,Mặt bằng kinh doanh
A5,,Chính chủ bán đất kiệt 111 Minh Mạng Huế,2 phòng,289,Đã có sổ,Căn góc,Đã bàn giao,3,Đất thổ cư,64 m²,5,3,18 m,- 70 m2,"Đường Minh Mạng, Phường Thuỷ Xuân, Thành phố Huế, Thừa Thiên Huế",4.5 m,2 phòng,751 triệu- 70 m2,Tây Nam,"Nhà ngõ, hẻm",70 m2,"Ban đất kiệt 111 Minh Mạng, cách đường chính 150m
Diện tích: 69,4m2 ngang 4,5m
Đường: kiệt 3,8m
Pháp lí: sổ đỏ","10,73 triệu/m2",Nội thất cao cấp,120 m²,Tây Bắc,Chung cư,Hẻm xe hơi,Mặt bằng kinh doanh
A5,,Mua Villa Kim Long đón tết- Trúng Xe SH,3 phòng,289,Đã có sổ,Căn góc,Đã bàn giao,3,Đất thổ cư,64 m²,5,2,15.5 m,- 100 m2,"Đường Phạm Thị Liên, Phường Kim Long, Thành phố Huế, Thừa Thiên Huế",6.43 m,3 phòng,"3,15 tỷ- 100 m2",Tây Nam,Nhà biệt thự,100 m²,"⭐⭐⭐MUA NHÀ ĐẸP- ĐÓN TẾT SANG- RINH QUÀ KHỦNG
✅MỞ BÁN 5 CĂN NHÀ ĐẸP 2 TẦNG TẠI KIM LONG VILLA
- Diện tích: 100 m2, ngang 6,43m
- Hướng: Đông Nam, Tây Bắc
- Đường nhựa 6 m
- Sổ hồng hoàn công, hạ tầng hoàn thiện
- Nhà bao gồm: 3 phòng ngủ, 3 wc, 1 bếp, 1 khách, 1 thờ, gara xe,..
➡➡➡ĐẶC BIỆT: có CƠ HỘI bốc thăm trúng 1 trong 5 giải thưởng, giải cao nhất là XE SH
——
⛳Giá bán: 2.950-3.150 tr (ngang công chứng)
☎️Liên hệ xem nhà: 0948+062+686 Tùng 
Cám ơn quý anh chị đã xem tin.","31,5 triệu/m²",Nội thất cao cấp,122.5 m²,Đông Nam,Chung cư,Hẻm xe hơi,Mặt bằng kinh doanh
A5,,Bán nhà 1 lầu 1 trệt đường 6m .ngay chợ thanh hóa,2 phòng,289,Giấy tờ khác,Căn góc,Đã bàn giao,3,Đất thổ cư,64 m²,5,2,10 m, GIÁ TỐT,"0005, Đường Thân Nhân Trung, Phường Trảng Dài, Thành phố Biên Hòa, Đồng Nai",6 m,2 phòng,"1,25 tỷ GIÁ TỐT- 64 m2",Tây Nam,"Nhà mặt phố, mặt tiền",64 m²,"Cần bán căn nhà 1 lầu 1 trệt gần chợ thanh hóa trảng dài đổ thật mới 99.9% , nhà được thiêt kế hiện đại không gian mở thoáng mát , mặt đường 6m hiện hữu , dân cư đông đúc điện nước máy đầy đủ ...! Đặt biệt tặng bộ bàn phòng khách .
Vị trí : cách chợ thanh hóa 500m.nằm sau lưng đại học công nghệ đồng nai , gần nhà thờ LỘC LÂM , bán kính 1 km đầy đủ tiện nghi ...!
Nhà được thiết kế hiện đại gồm 2 phòng ngủ .phòng khách phòng thờ và chỗ để oto và 2wc ...!
Dt : 120m2 sử dụng ngang 6m
Mua bán chính chỉ sổ gốc .
Giá chỉ 1ty250 
Lh : gặp danh 15t
Mua bán nhận ký gửi nhà đất .","19,53 triệu/m²",Nội thất đầy đủ,120 m²,Tây Bắc,Chung cư,Hẻm xe hơi,Mặt bằng kinh doanh
A5,,"The Sol City, vi trí HCM giá Long An, SHR từng nền",2 phòng,Phân khu 1,Đã có sổ,Căn góc,Đã bàn giao,3,Đất nền dự án,64 m²,5,2,20 m,- 100 m2,"Đường Hương Lộ 11, Xã Long Thượng, Huyện Cần Giuộc, Long An",5 m,2 phòng,"2,1 tỷ- 100 m2",Tây Nam,"Nhà mặt phố, mặt tiền",100 m2,"The Sol City Khu đô thị đáng sống
Giao thông thuận tiện ngay trục đường HL 11 - DT835, cạnh cao tốc Bến Lức - Long Thành
Pháp lý hoàn chỉnh: (đã có 1/500), quy hoạch bài bản - SHR từng nền
Giá bán hấp dẫn: chỉ 21tr/m2
NH HDBank hỗ trợ vay thời hạn 20 năm
Thanh toán linh hoạt trong 12 tháng
LH ngay hotline bên dưới để đc hỗ trọ chon ngay nền yêu thích

TỔNG QUAN VỀ DỰ ÁN
- Tên dự án: THE SOL CITY
- Chủ đầu tư: Địa Ốc Thắng Lợi Group
- Vị trí dự án: nằm trên Hương lộ 11, ngay cạnh chợ Hưng Long, Bình Chánh
- Quy mô dự án: 104 ha
- Mật độ xây dựng: 35%
- Loại hình phát triển: 
• Đất nền
• Nhà Phố
• Shophouse
• Biệt thự nhà vườn
- Diện tích Từ 75 - 200m2
- Tiện ích nội khu dự án: 
- Bệnh viện, trường học các cấp, TTTM, hồ bơi, công viên, sân thể thao…
- Hệ thống điện âm, nước máy, cây xanh, đường nhựa hoàn thiện 100%
- Pháp lý hoàn chỉnh: Quy hoạch 1/500 - Sổ riêng từng nền, sở hữu vĩnh viễn
- Ngân hàng HDbank hỗ trợ vay 50% trong 20 năm
- Mở bán GĐ 1: 20/12/2020 
- Số lượng 280 nền
- Giá bán: 21tr/m2 (đã VAT)",21 triệu/m2,Nội thất đầy đủ,120 m²,Tây Bắc,Chung cư,Mặt tiền,Mặt bằng kinh doanh
A5,,570tr/1lô Sổ Riêng Thổ Cư Giá bán gấp . Trảng Bom,2 phòng,Phân khu 1,Đã có sổ,Căn góc,Đã bàn giao,3,Đất thổ cư,64 m²,5,2,13 m,- 74.2 m2,"Đường Quốc lộ 1A||17403, Xã Tây Hoà, Huyện Trảng Bom, Đồng Nai",5.6 m,2 phòng,570 triệu- 74.2 m2,Tây Nam,"Nhà mặt phố, mặt tiền",74.2 m2,"✨ Sổ Riêng Thổ Cư xã Tây Hòa
☀️ Chỉ 570tr/1lô (chỉ có 1 lô)
🌟 Cách Ql1A 50m dân ở kín
💫 Đường bê tông hiện hữu 4m
👉 Giá bán gấp trong tuần thôi ạ","7,7 triệu/m2",Nội thất đầy đủ,120 m²,Đông Bắc,Chung cư,Nở hậu,Mặt bằng kinh doanh
A5,,Tôi chính chủ cần bán nhanh ngây Bùi Thị Diệt,2 phòng,Phân khu 1,Đã có sổ,Căn góc,Đã bàn giao,3,Đất thổ cư,64 m²,5,2,25 m, GIÁ TỐT,"Đường Số 8, Xã Phạm Văn Cội, Huyện Củ Chi, Tp Hồ Chí Minh",5 m,2 phòng,"1,25 tỷ GIÁ TỐT- 126 m2",Tây Nam,"Nhà mặt phố, mặt tiền",126 m2,"Dự án: Tôi chính chủ cần bán nhanh mảnh đất kế bênh đường Bùi Thị Diệt 5x25=126m thổ cư 100%.
 Thông tin chi tiết: Tôi chính chủ bán gấp lô đất ngây Bùi Thị Diệt vào 50m
dt 5x25=126m thổ cư 100% đường 6m lộ giới 12m
vị trí đường Bùi Thị Diệt vào 50m đường thông dân cư đông
bán kính 1km trường học chợ y tế,...từ đường Phạm Văn Cội vào 1km
giá bán gấp trong tháng 1ty250tr ae lh tôi theo sđt để xem đất","9,92 triệu/m2",Nội thất đầy đủ,120 m²,Đông Bắc,Chung cư,Mặt tiền,Mặt bằng kinh doanh
A5,,MỞ BÁN CĂN HỘ CHUNG CƯ N2 HỒNG MAI Ô TÔ ĐỖ CỬA,1 phòng,Phân khu 1,Đã có sổ,Căn góc,Chưa bàn giao,3,Đất thổ cư,35 m²,5,2,25 m,- 35 m2,"Đường Hồng Mai, Phường Bạch Mai, Quận Hai Bà Trưng, Hà Nội",5 m,1 phòng,600 triệu- 35 m2,Tây Nam,"Nhà mặt phố, mặt tiền",126 m2,"Dự án: CHUNG CƯ MINI N2 HỒNG MAI.
 Thông tin chi tiết: MỞ BÁN CHUNG CƯ MINI HỒNG MAI - BẠCH MAI ĐẦY ĐỦ NỘI THẤT - Ở NGAY

Ô TÔ ĐỖ CỬA - CHIẾT KHẤU ĐẾN 5% GTCH

Nằm ở vị trí đắc địa của quận HAI BÀ TRƯNG – view thoáng - không khí trong lành thoáng mát.

Gần nhiều trường ĐH lớn: HỌC VIỆN NGÂN HÀNG- ĐẠI HỌC Y HÀ NỘI...ĐẠI HỌC BÁCH KHOA

GẦN CÁC TUYẾN ĐƯỜNG HUYẾT MẠCH NHƯ VÕ THỊ SÁU - BẠCH MAI- PHỐ HUẾ

-Ô tô đỗ cửa – vị trí giao thông thuận lợi.

-Có thang máy tốc độ cao, thang bộ và bảo vệ chuyên nghiệp 24/24h.

-Căn hộ thông thoáng, thiết kế đẹp mắt , tối ưu hóa công năng sử dụng mà vẫn thoáng.

-Diện tích từ 30 - 31 - 42 - 43 – 45 m2.

-Giá từ : 610tr/căn – 850tr - 1 TỶ - 1,2 TỶ/căn tùy theo tầng và diện tích.

-Chiết khấu 2-3 % giá trị căn hộ cho 10 khách hàng đầu tiên.

*****Pháp lý : cam kết có sổ chuẩn chỉnh theo quy định của pháp luật Việt Nam.

*Liên hệ ngay sđt+zalo bên dưới để mua nhà với giá gốc.","17,14 triệu/m²",Nội thất đầy đủ,120 m²,Đông Bắc,Chung cư,Mặt tiền,Mặt bằng kinh doanh
A5,,"Bán nhà Hào Nam, 48m2, ô tô, kinh doanh tốt 5.1 tỷ",6 phòng,Phân khu 1,Đã có sổ,Căn góc,Chưa bàn giao,3,Đất thổ cư,35 m²,5,5,12 m, GIÁ TỐT,"Đường Hào Nam, Phường Ô Chợ Dừa, Quận Đống Đa, Hà Nội",4 m,5 phòng,"5,1 tỷ GIÁ TỐT- 48 m2",Tây Nam,"Nhà ngõ, hẻm",48 m²,"Bán nhà đẹp Hào Nam, Đống Đa, Hà Nội. Diện tích 48m2, xây 4.5 tầng tường khung, ngõ thông ô tô. Nhà còn mới, về ở luôn. 
Nhà vị trí đẹp, nằm trong khu vực đông dân cư, kinh doanh cực tốt.
Sổ đỏ chính chủ, vuông vắn. 
Chủ nhà thiện chí bán, bàn giao nhà ngay.
Giá 5.1 tỷ (có thương lượng)
Liên hệ xem nhà Mr Lương","106,25 triệu/m²",Nội thất đầy đủ,240 m²,Đông Bắc,Chung cư,Hẻm xe hơi,Mặt bằng kinh doanh
A5,,"Bán nhà ngay trường Cấp 2 Vạn Phúc-43m2*4T,oto 10m",4 phòng,Phân khu 1,Đã có sổ,Căn góc,Chưa bàn giao,3,Đất thổ cư,35 m²,5,4,12 m,- 43 m2,"Vạn Phúc, Phường Vạn Phúc, Quận Hà Đông, Hà Nội",4 m,3 phòng,"3,3 tỷ- 43 m2",Tây Nam,"Nhà mặt phố, mặt tiền",43 m²,"Bán nhà ngay trường Cấp 2 Vạn Phúc- HĐ, (43m2 x 4T)giá 3,3 tỷ
Diện tích: 43m2.
đường oto đi cách 1 nhà ,oto đỗ ngày đêm thaoir mái.
Nhà xây theo phong cách hiện đại, có thiết kế riêng nhiều công năng sử dụng gồm 4 tầng:
Tầng 1: Phòng khách + Bếp + Để xe.
Tầng 2, 3: Mỗi tầng 2 phòng ngủ rộng + WC.
Tầng 4: Phòng thờ + Sân phơi thoáng.
Nội thất: Full nội thất cơ bản, phòng ngủ lát sàn gỗ, tủ bếp gỗ tự nhiên, hệ thống cửa nhôm kính Việt Pháp cách âm cách nhiệt, cầu thang tay vịn gỗ, gạch chống xước, hệ thống đèn chiếu sáng trang trí hiện đại đẹp mắt, có sẵn đầu chờ internet, cáp, điều hòa.
Vị trí: Nhà nằm trong khu phố Ngô Thị Sỹ Vạn Phúc Hà Đông, ô tô cách nhà 10m, ngay cạnh THCS Vạn Phúc chỉ 100m ra đến đường đôi Vạn Phúc, đối diện Goldsilk Vạn Phúc Hà Đông, khu dân trí cao, giao thông thuận tiện, đầy đủ các tiện ích.

Giá: 3,35 tỷ (Có thương lượng và bao sang tên sổ + thuế phí).
Hỗ trợ vay ngân hàng lên tới 70% nếu khách có nhu cầu(ảnh minh họa)","76,74 triệu/m²",Nội thất đầy đủ,43 m²,Đông Bắc,Chung cư,Hẻm xe hơi,Mặt bằng kinh doanh
A5,,"Đất Phùng Quán 100m2 p.Thủy Dương, giá đầu tư",4 phòng,Phân khu 1,Đã có sổ,Căn góc,Chưa bàn giao,3,Đất thổ cư,35 m²,5,4,20 m,- 100 m2,"Đường Phùng Quán, Phường Thủy Dương, Thị xã Hương Thủy, Thừa Thiên Huế",5 m,3 phòng,"1,55 tỷ- 100 m2",Tây Nam,"Nhà mặt phố, mặt tiền",100 m2,"Đất đẹp mặt tiền đường Phùng Quán View Hồ thoáng mát, thích hợp câu cá thư giãn vào buổi chiều.
----------------------------------------------------------------------------
* Khu vực cao ráo, nằm ở vị trí thoáng mát, thông ra trục đường chính Trưng Nữ Vương và Nguyễn Tất Thành(chợ Mai Thủy Dương) chỉ 150m thuộc p.Thủy Dương, tx.Hương Thủy, Huế.
* Diện tích: 5*20=100m2.
* Đường: 19,5m(đường nhựa sạch sẽ).
* Hướng: Tây.
* Giá chỉ : 15,x triệu/m2.
* Pháp lí: sổ đỏ.
* Rất thích hợp để an cư, hay đầu tư sinh lời.
-----------------------------------------------------------------------------
* Liên hệ: 09-1800-1553 gặp Sang hỗ trợ xem đất !!!","15,5 triệu/m2",Nội thất đầy đủ,43 m²,Tây,Chung cư,Mặt tiền,Mặt bằng kinh doanh
A5,,Đất Công Mặt Tiền 32m Nguyễn Du - P8- 2600m2,4 phòng,Phân khu 1,Đã có sổ,Căn góc,Chưa bàn giao,3,Đất nông nghiệp,35 m²,5,4,64 m,- 2.600 m2,"Đường Nguyễn Du, Phường 8, Thành phố Trà Vinh, Trà Vinh",32 m,3 phòng,"2,6 tỷ- 2.600 m2",Tây Nam,"Nhà mặt phố, mặt tiền",2600 m2,"Đất đẹp 

Ngang trường trung cấp ba li
32m2 mặt tiền
Dài 63 
Cây lâu năm",1 triệu/m2,Nội thất đầy đủ,43 m²,Tây,Chung cư,Mặt tiền,Mặt bằng kinh doanh
A5,,Bán toà 20 căn hộ có hồ bơi,nhiều hơn 10 phòng,Phân khu 1,Đã có sổ,Căn góc,Đã bàn giao,3,Đất nông nghiệp,300 m²,5,4,64 m,- 300 m2,"Đường Võ Nguyên Giáp, Phường Phước Mỹ, Quận Sơn Trà, Đà Nẵng",32 m,Nhiều hơn 6 phòng,"45,6 tỷ- 300 m2",Tây Nam,"Nhà mặt phố, mặt tiền",2600 m2,"🇻🇳🇻🇳🇻🇳 Tòa 20 căn hộ(hồ bơi) : 2 mặt tiền đường 7.5m, sát biển Võ Nguyên Giáp,Đà Nẵng
🔥DT: 300m2(15×20)
🔥Giá sập hầm: 45.x tỷ( x rất ít)",152 triệu/m²,Nội thất đầy đủ,43 m²,Tây,"Căn hộ dịch vụ, mini",Mặt tiền,Mặt bằng kinh doanh
A5,,NHƯỢNG LẠI LÔ ĐẤT TRÊN ĐẢO NGỌC - QUẢNG NGÃI,nhiều hơn 10 phòng,Dự Án Đảo Ngọc - Quảng Ngãi (Ngay đạp dân hạ sông Trà Khúc),Đã có sổ,Căn góc,Đã bàn giao,3,Đất thổ cư,300 m²,5,4,21.5 m,- 106 m2,"Đảo Ngọc, Xã Tịnh An, Thành phố Quảng Ngãi, Quảng Ngãi",5 m,Nhiều hơn 6 phòng,350 triệu- 106 m2,Tây Nam,"Nhà mặt phố, mặt tiền",106 m2,"Dự án: Đảo Ngọc Quảng Ngãi.
 Thông tin chi tiết: CẦN NHƯỢNG LẠI LÔ ĐẤT TRÊN ĐẢO NGỌC - QUẢNG NGÃI
- Lô đất nằm trên đảo và Thuộc khu đô thị sinh thái Đảo Ngọc
- Đang làm đập dâng hạ sông Trà Khúc
- Thuộc xã Tịnh An - TP. Quảng Ngãi
- Diện tích: 106m2
- Giá bán: 350 triệu
- Sổ đỏ chính chủ
- Có bớt ít cho người thiện chí
- Mọi thông tin chi tiết liên hệ (Mr. Định)
Cảm ơn!","3,3 triệu/m2",Nội thất đầy đủ,43 m²,Tây,"Căn hộ dịch vụ, mini",Hẻm xe hơi,Mặt bằng kinh doanh
A5,,Kẹt tiền bán gấp đất KDC lái thiêu,nhiều hơn 10 phòng,Dự Án Đảo Ngọc - Quảng Ngãi (Ngay đạp dân hạ sông Trà Khúc),Đã có sổ,Căn góc,Đã bàn giao,3,Đất thổ cư,300 m²,5,4,21 m,- 100 m2,"Đường Số 8, Phường Lái Thiêu, Thị xã Thuận An, Bình Dương",5 m,Nhiều hơn 6 phòng,"1,52 tỷ- 100 m2",Tây Nam,"Nhà mặt phố, mặt tiền",100 m2,"Kẹt tiền bán gấp đất thuận an phường lái thiêu 
 - Có sổ Hồng riêng , xdtd, full thổ cư
 - Dân đông , đường lớn ... 
 100m2 
Giá : 1 tỷ 520 
còn thương lượng","15,2 triệu/m2",Nội thất đầy đủ,43 m²,Tây,"Căn hộ dịch vụ, mini",Nở hậu,Mặt bằng kinh doanh
A5,,Thanh Lý nhà Đường nguyễn thượng hiền Bình Thạnh.,3 phòng,Dự Án Đảo Ngọc - Quảng Ngãi (Ngay đạp dân hạ sông Trà Khúc),Đã có sổ,Căn góc,Đã bàn giao,3,Đất thổ cư,300 m²,5,2,10 m,- 40 m2,"nguyễn thượng hiền, Phường 6, Quận Bình Thạnh, Tp Hồ Chí Minh",4 m,2 phòng,"1,6 tỷ- 40 m2",Tây Nam,"Nhà ngõ, hẻm",40 m²,Ngân Hàng VIB Thanh lý căn nhà đường nguyễn thượng hiền- P6 - Quận Bình Thạnh. 40m2 SHR.,40 triệu/m²,Hoàn thiện cơ bản,40 m²,Tây,"Căn hộ dịch vụ, mini",Hẻm xe hơi,Mặt bằng kinh doanh
A5,,"Nhà đẹp Cầu Giấy đón tết-31m2, giá chỉ nhỉnh 2 tỷ",2 phòng,Dự Án Đảo Ngọc - Quảng Ngãi (Ngay đạp dân hạ sông Trà Khúc),Đã có sổ,Căn góc,Đã bàn giao,3,Đất thổ cư,300 m²,5,4,10 m,- 31 m2,"Đường Cầu Giấy, Phường Quan Hoa, Quận Cầu Giấy, Hà Nội",4 m,2 phòng,"2,65 tỷ- 31 m2",Tây Nam,"Nhà ngõ, hẻm",31 m²,"DT: 31m2 x 4 tầng.
MT: 3.5m
- Ngõ thông tứ tung, trước cửa ba gác đua. 
- Nhà 2 mặt thoáng, đẹp như mới, khách mua về chỉ việc ở. 
- Thiết kế với 4 tầng như sau:
+ T1: khách + bếp. 
+ T2+3: 2 ngủ khép kín. 
+ T4: phòng thờ + sân phơi, có thể cải tạo thêm 1 ngủ. 
- Sổ riêng biệt, vuông vắn nở hậu.","85,48 triệu/m²",Hoàn thiện cơ bản,31 m²,Tây,"Căn hộ dịch vụ, mini",Hẻm xe hơi,Mặt bằng kinh doanh
A5,,"BÁN ĐẤT PHÙ HỢP MỞ KHO XƯỞNG, LỘ 20MQ. C. RĂNG",2 phòng,Dự Án Đảo Ngọc - Quảng Ngãi (Ngay đạp dân hạ sông Trà Khúc),Đã có sổ,Căn góc,Đã bàn giao,3,Đất nông nghiệp,300 m²,5,4,147 m,- 2.902 m2,"Đường Trương Vĩnh Nguyên, Phường Phú Thứ, Quận Cái Răng, Cần Thơ",24 m,2 phòng,"13,5 tỷ- 2.902 m2",Tây Nam,"Nhà ngõ, hẻm",2902 m2,"BÁN 2900M2 MẶT TIỀN TRƯƠNG VĨNH NGUYÊN – MẶT TIỀN 24M – PHƯỜNG PHÚ THỨ - Q. CÁI RĂNG – TP. CẦN THƠ.
GIÁ BÁN: 13 T TỶ 500
-------------------
Diện Tích: 24 X 147m = 2902m2.
Pháp Lý: Sổ Hồng – Đất Lúa.
Lộ Giới: 20m. 
Hướng Nền: Tây Bắc.
Thửa Đất Mặt Tiền Trương Vĩnh Nguyên Lộ Giới 20m, Gần Đại Học Tây Đô – Đại Học Đồng Bằng Sông Cửu Long – Tuyến Đường Thuận Tiện Mở Xưởng, Kho Hàng, Nhà Trọ, Quán Ăn Gia Đình, Quán Cà Phê....
Giá Bán: 13 Tỷ 500 Thương Lượng Cho Khách Thiện Chí.
LIÊN HỆ: ANH TUẤN XEM NỀN","4,65 triệu/m2",Hoàn thiện cơ bản,31 m²,Tây Bắc,"Căn hộ dịch vụ, mini",Hẻm xe hơi,Mặt bằng kinh doanh
c7,,"10 CĂN NHÀ PHỐ, 395TR. Đ.TL10- Bình Chánh",2 phòng,Dự Án Đảo Ngọc - Quảng Ngãi (Ngay đạp dân hạ sông Trà Khúc),Đã có sổ,Căn góc,Đã bàn giao,3,Đất nông nghiệp,300 m²,5,2,10 m,- 40 m2,"Đường Tỉnh Lộ 10, Xã Phạm Văn Hai, Huyện Bình Chánh, Tp Hồ Chí Minh",4 m,2 phòng,395 triệu- 40 m2,Tây Nam,"Nhà mặt phố, mặt tiền",40 m²,"Kính Chào Quý Khách Hàng Thân Thương 
➡️Chỉ 200 Triệu có thể sở hữu ngay 1 căn nhà 1 trệt 1 lầu 1 lửng 2 phòng ngủ + 2WC + 1 Phòng khách + 1 bếp.
. KHẲNG ĐỊNH GIÁ FULL 100% ; 395TR , 410TR , 417TR ( tùy vị trí + diện tích của căn ) 
+ Diện tích : 4m x 10m
 - Nhà xây kiên cố. Đúc thật , tường riêng.
- Địa chỉ: Ngay Đường Tỉnh lộ 10 - cầu sáng Bình chánh , sát bên chợ phạm văn hai 
- Pháp lý: giữ sổ từng căn
- Nhà đã hoàn thiện, chỉ việc dọn vào ở ngay. 
- Đặt biệt tặng ngay bộ nội thất cho 5 khách mua nhà đầu tiên trị giá 20 triệu đồng. Số lượng có hạn, pháp lý an toàn, sở hữu trọn đời.
... Quý khách hàng liên hệ em nhân để biết thêm chi tiết , có hỗ trợ xe đưa đón tham quan free các ngày trong tuần .","9,88 triệu/m²",Hoàn thiện cơ bản,80 m²,Tây Bắc,"Căn hộ dịch vụ, mini",Nở hậu,Mặt bằng kinh doanh
c7,,"Hiếm, Cầu Giấy 2.65 tỷ, 31m2 4 tầng nhà đẹp ở ngay",3 phòng,Dự Án Đảo Ngọc - Quảng Ngãi (Ngay đạp dân hạ sông Trà Khúc),Đã có sổ,Căn góc,Đã bàn giao,3,Đất nông nghiệp,300 m²,5,2,10 m,- 31 m2,"Đường Cầu Giấy, Phường Yên Hoà, Quận Cầu Giấy, Hà Nội",3.5 m,2 phòng,"2,65 tỷ- 31 m2",Tây Nam,"Nhà ngõ, hẻm",31 m²,"SIÊU PHẨM Cầu Giấy - NHÀ ĐẸP Ở LUÔN 
NHÀ ĐẸP ĐÓN TẾT chỉ 2.65 tỷ. Ảnh thực tế.
+ Ngõ rộng xe ba gác vào vô tư, có sân để xe, view nhà văn hoá phường vô cùng thoáng, khách đến chơi nhà tha hồ để xe. Giao thông thuận tiện. 
+ Nhà 4 tầng chủ tự thiết kế vô cùng sang trọng. Đầy đủ công năng. Hiếm có nhà bán dưới 3 tỷ. 
+ Sổ riêng, nở hậu đẹp, khách mua về dọn đồ về ở luôn đón tết
Giá 2.65 có ra lộc. Liên hệ Mr Hào miễn phí khách mua 100%.","85,48 triệu/m²",Hoàn thiện cơ bản,80 m²,Tây Bắc,"Căn hộ dịch vụ, mini",Nở hậu,Mặt bằng kinh doanh
c7,,"Đất kiệt 4m Nguyễn Văn Chính, Thủy Phương 80m2",3 phòng,Dự Án Đảo Ngọc - Quảng Ngãi (Ngay đạp dân hạ sông Trà Khúc),Đã có sổ,Căn góc,Đã bàn giao,3,Đất thổ cư,300 m²,5,2,10 m,- 80 m2,"Đường Nguyễn Văn Chính, Phường Thủy Phương, Thị xã Hương Thủy, Thừa Thiên Huế",3.5 m,2 phòng,709 triệu- 80 m2,Tây Nam,"Nhà ngõ, hẻm",80 m2,"☘Đất Kiệt Nguyễn Văn Chính thông Trưng Nữ Vương, Thuỷ Phương ☘️

📌 Diện tích: 80m2 Giá: 709 triệu 
👉 Đất đẹp, đất ở 100%. 
Khu vực tiềm năng lớn . Di chuyển thuận lợi.
👉 Thích hợp an cư, đầu tư sinh lời.

Liên hệ em Hằng để xem đất 
Trân trọng!","8,86 triệu/m2",Hoàn thiện cơ bản,80 m²,Tây Bắc,"Căn hộ dịch vụ, mini",Hẻm xe hơi,Mặt bằng kinh doanh
c7,,Nhà chính chủ 180m,3 phòng,Dự Án Đảo Ngọc - Quảng Ngãi (Ngay đạp dân hạ sông Trà Khúc),Đã có sổ,Căn góc,Đã bàn giao,3,Đất thổ cư,300 m²,5,2,18 m,- 90 m2,"Đường Số 10A, Xã Bình Chánh, Huyện Bình Chánh, Tp Hồ Chí Minh",5 m,2 phòng,"1,2 tỷ- 90 m2",Tây Nam,"Nhà mặt phố, mặt tiền",90 m²,"LH xem nhà trực tiếp 
nhà 1 trệt 1 lầu 3pn 2wc có giếng trời","13,33 triệu/m²",Hoàn thiện cơ bản,180 m²,Tây Bắc,"Căn hộ dịch vụ, mini",Hẻm xe hơi,Mặt bằng kinh doanh
c7,,Đất Huyện Bảo Lâm 107m² thổ cư,3 phòng,Dự Án Đảo Ngọc - Quảng Ngãi (Ngay đạp dân hạ sông Trà Khúc),Đã có sổ,Căn góc,Đã bàn giao,3,Đất thổ cư,300 m²,5,2,21 m,- 107 m2,"Lộc Ngãi, Xã Lộc Ngãi, Huyện Bảo Lâm, Lâm Đồng",5 m,2 phòng,350 triệu- 107 m2,Tây Nam,"Nhà mặt phố, mặt tiền",107 m2,"Đón đầu trào lưu “ Bỏ Phố Lên Rừng”
Sổ hồng riêng từng nền, Quy hoạch đất ở, Công chứng trong ngày
Nhanh tay sở hữu vị trí đẹp: View đồi chè – Săn mây cực đẹp – Không khí mùa thu Hà Nội quanh năm
Vị trí: Bảo Lâm – Bảo Lộc – Lâm Đồng
Diện tích: 107,4 m2 – 500 m2
Hạ tầng hoàn thiện ( điện, nước, trường, trạm), Nằm ở mặt tiền đường lớn, Khu dân cư hiện hữu
Tiện ích:
Cách trung tâm TP Bảo Lộc 20 phút
Thác DAMBRI, Đồi chè TÂM CHÂU 45 phút
Kết nối Tây Nguyên và Bình Thuận qua QL 55, QL 28
Cách sân bay Bảo Lộc, cao tốc Dầu Giây – Liên Khương 45 phút,…","3,27 triệu/m2",Hoàn thiện cơ bản,180 m²,Tây Bắc,"Căn hộ dịch vụ, mini",Mặt tiền,Mặt bằng kinh doanh
c7,,"Đất MT kinh doanh Bình Chuẩn - gần chợ,KCN full TC",3 phòng,Dự Án Đảo Ngọc - Quảng Ngãi (Ngay đạp dân hạ sông Trà Khúc),Đã có sổ,Căn góc,Đã bàn giao,3,Đất thổ cư,300 m²,5,2,16 m,- 80 m2,"Lý Tự Trọng, Phường Bình Chuẩn, Thị xã Thuận An, Bình Dương",5 m,2 phòng,"1,1 tỷ- 80 m2",Tây Nam,"Nhà mặt phố, mặt tiền",80 m2,"Đất nhà nằm mặt tiền đường lớn rộng 22m, kinh doanh buôn bán thuận tiện, cách đường DT743 chỉ 20m, 
Khu dân cư đông đúc, hiện hữu.
- Vị trí đất đẹp, vuông vức, mặt tiền đường nhựa lớn, cửa ngõ ra vào khu dân cư + khu công nghiệp rất tiềm năng để kinh doanh buôn bán đa ngành nghề.","13,75 triệu/m2",Hoàn thiện cơ bản,180 m²,Tây Bắc,"Căn hộ dịch vụ, mini",Nở hậu,Mặt bằng kinh doanh
c7,,"Bán Gấp Đất MT thủ khoa huân,An thạnh,thuận An, BD",3 phòng,Dự Án Đảo Ngọc - Quảng Ngãi (Ngay đạp dân hạ sông Trà Khúc),Đã có sổ,Căn góc,Đã bàn giao,3,Đất thổ cư,300 m²,5,2,18 m,- 90 m2,"Đường Thủ Khoa Huân, Phường An Thạnh, Thị xã Thuận An, Bình Dương",5 m,2 phòng,985 triệu- 90 m2,Tây Nam,"Nhà mặt phố, mặt tiền",90 m2,"❌Cần Bán Gấp Đất Đầu tư trang trại rau sạch ❌
 📣 Chính chủ cần bán gấp đất MT hẻm phố đường Thủ Khoa Huân, An thạnh, TP Thuận an, Bình Dương. 
 Giá :985 triệu 
 Diện tích : 5✖18(90 m2)
=>> tiện ích : gần trường học, nhà hàng, công viên,chợ bún cách 3km ra Aeon Bình dương, lotte, ..... Đặc biệt kết nối ra ngã tư hoà lân thuộc quốc lộ 13 
 =>Có sổ hồng riêng và thổ cư 100%
 =>> muốn tìm khách hàng có thiện chí","10,94 triệu/m2",Hoàn thiện cơ bản,180 m²,Tây Bắc,"Căn hộ dịch vụ, mini",Nở hậu,Mặt bằng kinh doanh
c7,,Nhà tôi kẹt tiền muốn bán lô đất vườn,3 phòng,Dự Án Đảo Ngọc - Quảng Ngãi (Ngay đạp dân hạ sông Trà Khúc),Đã có sổ,Căn góc,Đã bàn giao,3,Đất nông nghiệp,300 m²,5,2,40 m,- 800 m2,"1, Đường 3, Xã An Sơn, Thị xã Thuận An, Bình Dương",20 m,2 phòng,"1,5 tỷ- 800 m2",Tây Nam,"Nhà mặt phố, mặt tiền",800 m2,"Gia đình tôi cuối năm kẹt tiền cần bán 2 lô đất
lô đất vườn nhà tôi 800m2 giá 1ty8
lô đất ông bà tôi đang đứng dt 230m2 có 100m2 thổ cư giá 1ty 
xung quanh dân cư đông đúc, gần chợ gần trường học 
khu này dông dân cư nên rất hợp để xây trọ 
ai có nhu cầu lh tôi trao đổi trực tiếp","1,88 triệu/m2",Hoàn thiện cơ bản,180 m²,Tây Bắc,"Căn hộ dịch vụ, mini",Hẻm xe hơi,Mặt bằng kinh doanh
c7,,"Căn Hộ Vinhomes Q9, 1PN giá 1.2 tỷ ( giá 100%)",1 phòng,Dự Án Đảo Ngọc - Quảng Ngãi (Ngay đạp dân hạ sông Trà Khúc),Đang chờ sổ,Căn góc,Đã bàn giao,3,Đất nông nghiệp,34 m²,5,2,40 m,- 34 m2,"Đường Nguyễn Xiển, Phường Long Thạnh Mỹ, Quận 9, Tp Hồ Chí Minh",20 m,1 phòng,"1,23 tỷ- 34 m2",Tây Nam,"Nhà mặt phố, mặt tiền",800 m2,"Bán căn hộ Studio ( 1PN) Tòa S1.07.14 Dự Án Vinhomes Grand Park Quận 9, giá 1.22 tỷ ( giá 100%). đã nhận nhà, sổ hồng riêng . Ngân hàng hỗ trợ cho vay 70%.
* Tiện ích nổi trội tại dự án:
- Trung tâm thương mại Vincom 5 tầng (Hoạt động tháng 11/2021).
- Công viên ven sông 36 hecta (Đang hoạt động).
- Bệnh viện quốc tế Vinmes (Hoạt động từ 2022).
* Ngoài ra e chuyên KÝ GỬI MUA BÁN CHUYỂN NHƯỢNG tại Dự Án Vinhomes Grand Park Quận 9. Rỏ hàng có hơn 200 căn. Anh chị quan tâm cứ gọi cho em ạ.
* Căn Studio
Diện tích 30.1m2 - Block S2.05 tầng 12 Giá bán 1.230 tỷ.
Diện tích 30.4m2 - Block S1.03 tầng 20 Giá bán 1.285 có

* Căn 1 PN+1. 
Diện tích 46.5m2 - Block S2.02 Giá bán 1.710 tỷ.
Diện tích 47m2 - Block S1.06 Giá bán 1.720 tỷ ( có bếp và rèm)
* Căn 2 phòng ngủ 1WC.
Diện tích 59.1m2 - Block S1.06 Giá bán 1.980 tỷ.
Diện tích 59.1m2 - Block S1.05 Giá bán 2.080 tỷ.

* Căn 2 phòng ngủ 2WC.
Diện tích 67.8m2 - Block S1.06 tầng 26 Giá bán 2.350 tỷ.
Diện tích 69.5m2 - Block S1.05 tầng 20 Giá bán 2.580 tỷ.

* Căn 3 phòng ngủ 2WC.
Diện tích 81.5m2 - Block S5.01 tầng 30 Giá bán 2.800 tỷ.
Diện tích 81.5m2 - Block S1.05 tầng 10 Giá bán 2.880 tỷ.
Và còn nhiều căn nữa, anh chị vui lòng gọi cho em để chọn căn
Tiến độ :
Thanh toán trước 30% giá trị căn hộ và phần giá trị chuyển nhượng.
Được vay vốn 70% với lãi suất ưu đãi chỉ 7.7%/năm
LIÊN HỆ ĐẠI LÝ F1 CỦA CHỦ ĐẦU TƯ ( Gọi trực tiếp/hoặc Nhắn tin Zalo)
* Văn phòng Công Ty ngay tại Dự Án hỗ trợ khách hàng Xem nhà 24/24","36,18 triệu/m²",Hoàn thiện cơ bản,180 m²,Tây Bắc,Chung cư,Hẻm xe hơi,Mặt bằng kinh doanh
c7,,Nhà giá rẻ 520tr/căn dọn vào ở ngay chợ Hưng long,2 phòng,Dự Án Đảo Ngọc - Quảng Ngãi (Ngay đạp dân hạ sông Trà Khúc),Đang chờ sổ,Căn góc,Đã bàn giao,3,Đất nông nghiệp,34 m²,5,2,40 m,- 21 m2,"Đoàn Nguyễn Tuấn, Xã Hưng Long, Huyện Bình Chánh, Tp Hồ Chí Minh",20 m,2 phòng,520 triệu- 21 m2,Tây Nam,"Nhà ngõ, hẻm",21 m²,"Chủ đầu tư mở bán 1 dãy gồm 4 căn nhà đã hoàn thiện cách chợ Hưng Long 300m gần KCN Hải Sơn,mua ở hay cho thuê vẫn tốt
dt 3x7m
nhà 1 trệt 2 lầu,có 2 phòng ngủ,thiết kế sang trọng,cầu thang đá hoa cương,tay vịn gỗ.Nhà đã hoàn thiện nên dọn vào ở ngay
Có tất cả các tiện ích bách hóa xanh,gần chợ,điện máy xanh,thế giới di động,có tuyến xe buýt số 9 đi qua.
Liên hệ chủ đầu tư để được giá tốt .
giá 520tr/căn công chứng trong ngày","24,76 triệu/m²",Hoàn thiện cơ bản,180 m²,Tây Bắc,Chung cư,Hẻm xe hơi,Mặt bằng kinh doanh
c7,,SỐC: Nhà 2 tầng đường Hải Phòng 150m2 giá sụp hầm,4 phòng,Dự Án Đảo Ngọc - Quảng Ngãi (Ngay đạp dân hạ sông Trà Khúc),Đang chờ sổ,Căn góc,Đã bàn giao,3,Đất nông nghiệp,34 m²,5,2,40 m,- 94 m2,"K338, đường Hải Phòng, Phường Chính Gián, Quận Thanh Khê, Đà Nẵng",20 m,3 phòng,"2,99 tỷ- 94 m2",Tây Nam,"Nhà ngõ, hẻm",94 m²,"Nhà 2 tầng 2 mặt kiệt rất kiên cố
Chủ trực tiếp bán
Liên hệ đi xem nhà","31,81 triệu/m²",Hoàn thiện cơ bản,150 m²,Tây Bắc,Chung cư,Hẻm xe hơi,Mặt bằng kinh doanh
c7,,Đất Thổ Cư Diên Toàn trục đường 30m,4 phòng,Dự Án Đảo Ngọc - Quảng Ngãi (Ngay đạp dân hạ sông Trà Khúc),Đã có sổ,Căn góc,Đã bàn giao,3,Đất thổ cư,34 m²,5,2,22 m,- 200 m2,"Đường Võ Nguyên Giáp, Xã Diên Toàn, Huyện Diên Khánh, Khánh Hòa",9.2 m,3 phòng,"1,3 tỷ- 200 m2",Tây Nam,"Nhà ngõ, hẻm",200 m2,"Dự án: Bán lô đất trung tâm Diên Toàn thuộc quy hoạch trục phía Tây Nha Trang. Giá 7 tr/m2.
 Thông tin chi tiết: Lô đất nằm trên trục đường 30m. Hai mặt tiền cách Võ Nguyên Giáp 200m. Gần trường học, trạm y tế, chợ. Cách ngã 4 giao với Quốc lộ 200m.
Đặc biệt thuộc quy hoạch Tây Nha Trang nên chắc chắn nhập vào Nha Trang.","6,5 triệu/m2",Hoàn thiện cơ bản,150 m²,Đông Nam,Chung cư,Nở hậu,Mặt bằng kinh doanh
c7,,"ĐẤT 2.400M2 GIÁ 120 TRIỆU, SỔ HỒNG, ĐƯỜNG VÀO 42M",4 phòng,Dự Án Đảo Ngọc - Quảng Ngãi (Ngay đạp dân hạ sông Trà Khúc),Đã có sổ,Căn góc,Đã bàn giao,3,Đất thổ cư,34 m²,5,2,60 m,- 2.400 m2,"Đường 32, Xã Minh Hưng, Huyện Chơn Thành, Bình Phước",40 m,3 phòng,120 triệu- 2.400 m2,Tây Nam,"Nhà ngõ, hẻm",2400 m2,"Cần bán lô đất chính chủ ngay khu công nghiệp Nhật - Mỹ, trường học cấp 1,2,3, chợ, Ủy ban nhân dân, khu thương mại,...
+ Diện tích: 40x60=2.400m2 (có đất thổ cư 800m2).
– Sổ hồng riêng, xây dựng tự do (có tổng 3 sổ liền kề)
* Giá tôi bán: 120 triệu/sổ
+ Tiện ích:
– Dân cư ở xung quanh sầm uất, nhà cửa san sát với nhau.
– Tiện ích dịch vụ gần đất gồm chợ, trường học, trạm ý tế, bệnh viện, ngân hàng, siêu thị, UBND, Vincom,...
– Đối diện Khu Công Nghiệp 5.500ha.
– Đường trước đất thông ra quốc lộ 13 là tuyến đường chính nhiều công nhân đi lại hàng ngày.
– Thuận tiện mua ở, kinh doanh, xây dựng nhà trọ, đầu tư, buôn bán,...
* Cần bán gấp mong gặp người thật sự thiện chí !!!
==> Ai thấy phù hợp vui lòng liên hệ Hà. Xin cám ơn !!!",50.000 đ/m2,Hoàn thiện cơ bản,150 m²,Đông Nam,Chung cư,Mặt tiền,Mặt bằng kinh doanh
c7,,BIỆT THỰ VIEW ROYAL LÔ GÓC 3 THOÁNG 9.25 tỷ,4 phòng,Dự Án Đảo Ngọc - Quảng Ngãi (Ngay đạp dân hạ sông Trà Khúc),Đã có sổ,Căn góc,Đã bàn giao,3,Đất thổ cư,34 m²,5,5,60 m,- 75 m2,"Đường Nguyễn Trãi, Phường Kim Giang, Quận Thanh Xuân, Hà Nội",6 m,4 phòng,"9,25 tỷ- 75 m2",Tây Nam,"Nhà ngõ, hẻm",75 m²,"Mô tả: 75m2 x5 tầng MT 5.5m
- Nhà mặt ngõ 72 Nguyễn Trãi thông Quan Nhân, ô tô tránh, kinh doanh ngon, ở sang sống sướng, view vào Toà R3 Royal siêu thoáng.
+ Phòng khách 2 tấm đá phong thuỷ ốp tường theo cung mệnh, đèn trần trang trí sang trọng.
+ Tầng 1, 2 là gỗ Xạ Hương, các tầng trên là gỗ Lim Lào nhập khẩu. Tất cả các tủ quần áo làm âm tường, đường điện Snider, thiết bị vệ sinh Toto chính hãng. Biệt thự lãnh đạo tự xây bề thế khủng khiếp, khách bước vào là ko muốn ra.
+ Lô góc 3 mặt thoáng, phòng nào cũng có cửa sổ đón nắng gió, thoáng ba bề bốn bên ngày ko cần bật điện. Đằng sau ngõ thẳng tắp view ra Giáp Nhất.
+ Thiết kế:
 - T1: Gara + Bếp + Phòng ăn + Sân trước sau.
 - T2: Thông sàn làm phòng khách.
 - T3 + T4: Mỗi tầng 2 PN.
 - T5: Phòng thờ + Vườn thượng uyển.
+ Cầu Royal đã hoàn thiện, chuẩn bị mở cổng Phụ của Royal ngay cách nhà đúng 3 bước chân. Vị trí tương lai tăng giá mạnh, ở hay cho thuê, đầu tư kinh doanh đều bảo đảm.
+ Sổ đỏ đẹp, giá 9.25 có thương lượng
+ Liên hệ: Quốc Công chuyên nhà đất thổ cư. Thanks","123,33 triệu/m²",Nội thất cao cấp,75 m²,Đông Nam,Chung cư,Hẻm xe hơi,Mặt bằng kinh doanh
c7,,"BÁN NHÀ 2 TẦNG MẶT TIỀN ĐƯỜNG 5.5M MÂN QUANG , THỌ",3 phòng,Dự Án Đảo Ngọc - Quảng Ngãi (Ngay đạp dân hạ sông Trà Khúc),Đã có sổ,Căn góc,Đã bàn giao,3,Đất thổ cư,34 m²,5,5,60 m,- 100 m2,"Mân Quang, Phường Thọ Quang, Quận Sơn Trà, Đà Nẵng",6 m,2 phòng,"3,75 tỷ- 100 m2",Tây Nam,"Nhà mặt phố, mặt tiền",100 m²,"BÁN NHÀ 2 TẦNG MẶT TIỀN ĐƯỜNG 5.5M MÂN QUANG , THỌ QUANG, SƠN TRÀ 
 Nhà 2 tầng kiên cố, sạch đẹp mua vào ở ngay
Gồm phòng khách, 3 phòng ngủ, 2wc và bếp. Có giếng trời, ban công rộng, có sân để xe 
Sát công viên thoáng mát","37,5 triệu/m²",Nội thất cao cấp,75 m²,Đông Nam,Chung cư,Hẻm xe hơi,Mặt bằng kinh doanh
c7,,Nhà 3 tầng 2 mặt thoáng hướng đông Royal Park Huế,3 phòng,Dự Án Đảo Ngọc - Quảng Ngãi (Ngay đạp dân hạ sông Trà Khúc),Đang chờ sổ,Căn góc,Đã bàn giao,3,Đất thổ cư,34 m²,5,5,16 m,- 112 m2,"Đường số 18 Royal Park Huế, Xã Thủy Thanh, Thị xã Hương Thủy, Thừa Thiên Huế",7 m,3 phòng,"3,58 tỷ- 112 m2",Tây Nam,Nhà phố liền kề,112 m²,"Dự án: Royal Park Huế.
 Thông tin chi tiết: Bán nhà 3 tầng 2 mặt thoáng khu B Royal Park Huế
Diện tích: 112m2
Hướng; cửa chính hướng đông, cửa phụ hướng tây view tổ hợp thương mai chung cư Sakura
Thông số: nhà đã bàn giao, 3 phòng ngủ, 3 wc
Đường: 15,5m
Pháp lí: hợp đồng mua bán
Giá bán: 3 tỷ 580","31,96 triệu/m²",Hoàn thiện cơ bản,235 m²,Đông,Chung cư,Hẻm xe hơi,Mặt bằng kinh doanh
c7,,"Nhà bán.,Nguyễn đình chiều.,quận 3",3 phòng,Dự Án Đảo Ngọc - Quảng Ngãi (Ngay đạp dân hạ sông Trà Khúc),Đã có sổ,Căn góc,Đã bàn giao,3,Đất thổ cư,34 m²,5,5,12 m,- 60 m2,"Đường Nguyễn Đình Chiểu, Phường 4, Quận 3, Tp Hồ Chí Minh",4.2 m,4 phòng,"6,1 tỷ- 60 m2",Tây Nam,"Nhà ngõ, hẻm",60 m²,"Dt : 50m2 vuông vức ( 4,2 x 12 )
Trệt 2lầu sân thượng ( btct)
3 phòng ngủ.,4 toilet.,phòng khách + bếp
Hẻm trước nhà 4m5.,Thông thoáng
cách 10 căn nhà ra mặt tiền.,Khu vực an ninh.,sạch sẽ.,ko ngập nước
Gần chợ.,trường học.,ngân hàng..v.vv","101,67 triệu/m²",Hoàn thiện cơ bản,50.2 m²,Đông,Chung cư,Hẻm xe hơi,Mặt bằng kinh doanh
c7,,Chính chủ cần bán,2 phòng,Dự Án Đảo Ngọc - Quảng Ngãi (Ngay đạp dân hạ sông Trà Khúc),Đã có sổ,Căn góc,Đã bàn giao,3,Đất thổ cư,34 m²,5,5,14 m,- 56 m2,"Đường Trường Sa, Phường 14, Quận 3, Tp Hồ Chí Minh",4 m,2 phòng,"6,2 tỷ- 56 m2",Tây Nam,"Nhà ngõ, hẻm",56 m²,"Cần vốn làm ăn bán gấp nhà hẻm Trần Quang Diệu P14 Q3 -Diện tích 56m2 (4x14) -Sổ hồng chính chủ , công chứng sang tên trong ngày . -Hẻm thông thoáng . -Vị trí gần Mặt tiền đường trường Sa . Khu dân cư đông đúc thuận tiền kinh doanh buôn bán . Cho thuê . -Hiện trạng nhà cấp 4 xuống cấp , tiện xây lại . -Bớt chút lộc cho người thiện chí . Miễn tiếp cò lái môi giới ***Liên Hệ My để xem nhà","110,71 triệu/m²",Hoàn thiện cơ bản,112 m²,Đông Bắc,Chung cư,Hẻm xe hơi,Mặt bằng kinh doanh
c7,,Đất đường 10m Mẹ Nhu Nối dài thông ra Yên Khê 2,2 phòng,Dự Án Đảo Ngọc - Quảng Ngãi (Ngay đạp dân hạ sông Trà Khúc),Đã có sổ,Căn góc,Đã bàn giao,3,Đất thổ cư,34 m²,5,5,14 m,- 66 m2,"Đường Mẹ Nhu, Phường Thanh Khê Đông, Quận Thanh Khê, Đà Nẵng",4.5 m,2 phòng,"3,35 tỷ- 66 m2",Tây Nam,"Nhà ngõ, hẻm",66 m2,"Bán lô đất đường 10m có lề Mẹ Nhu nối dài kẹp kiệt 5m phía sau(2 mặt tiền rất thoáng) có sẵn nhà c4 
Hướng: Đông
Diện tích:66m có thêm 20m ngoài sổ
Gần chợ gần trường học
Giá:3350","50,76 triệu/m2",Hoàn thiện cơ bản,112 m²,Đông,Chung cư,Mặt tiền,Mặt bằng kinh doanh
c7,,"Nhà hẻm Trịnh Đình Trọng, gần Đầm Sen, 4x7m, 1 lầu",2 phòng,Dự Án Đảo Ngọc - Quảng Ngãi (Ngay đạp dân hạ sông Trà Khúc),Đã có sổ,Căn góc,Đã bàn giao,3,Đất thổ cư,34 m²,5,1,14 m,- 28 m2,"Đường Trịnh Đình Trọng, Phường Phú Trung, Quận Tân Phú, Tp Hồ Chí Minh",4.5 m,1 phòng,"2,95 tỷ- 28 m2",Tây Nam,"Nhà ngõ, hẻm",28 m²,"Bán nhà hẻm Trịnh Đình Trọng, P. Phú Trung, Q. Tân Phú.
Diện tích: 4x7m=28m2, vuông vức.
Kết cấu: Trệt + 1 lầu, nhà còn mới, vào ở liền không phải sửa.
Vị trí: Gần trường học Trương Vĩnh Ký, công viên Đầm Sen, giáp Quận 11, cư xá Phú Bình, hẻm an ninh, yên tĩnh, hẻm xe ba gác, gần ra đường lớn,... xung quanh gần chợ, nhiều dịch vụ tiện ích.
Pháp lý: Sổ hồng
Giá: 2.95 tỷ, thương lượng.
Ngân hàng hỗ trợ vay 80%.
Liên hệ: Anh Tú.

MS111155.","105,36 triệu/m²",Nội thất đầy đủ,60 m²,Đông,Chung cư,Mặt tiền,Mặt bằng kinh doanh
c7,,Bán đất đường Cách Mạng Tháng8 thị trấn Dương Đông,2 phòng,Dự Án Đảo Ngọc - Quảng Ngãi (Ngay đạp dân hạ sông Trà Khúc),Đã có sổ,Căn góc,Đã bàn giao,3,Đất nông nghiệp,34 m²,5,1,14 m,- 190 m2,"Đường Cách Mạng Tháng Tám, Thị trấn Dương Đông, Huyện Phú Quốc, Kiên Giang",4.5 m,1 phòng,"5,3 tỷ- 190 m2",Tây Nam,"Nhà ngõ, hẻm",190 m2,"Chính chủ kẹt tiền cần bán gấp đất nền cách mặt tiền đường Cách Mạng Tháng 8 chỉ 7m, khu phố 6 thị trấn Dương Đông Phú Quốc, cách sân bay cũ và cảng Quốc Tế 500m, diện tích 190,8 m2, đất hỗn hợp chiếm 181m2, đất công viên cây xanh chiếm 9,5m2,Vị trí gần chợ Bà Đến, gần nhà Thờ Dương Đông, khu dân cư sầm uất và được phép xây dựng 10 tầng,tiềm năng phát triển trong tương lai, cách cảng hàng không Quốc Tế Phú Quốc 25p,giá 28 triệu/m đã sổ hồng và đất không nằm trong Quy Hoạch ạ, thương lượng khách thiện chí. LH:-Ngọc","27,89 triệu/m2",Nội thất đầy đủ,60 m²,Đông,Chung cư,Mặt tiền,Mặt bằng kinh doanh
c7,,bán gấp goldenhill giá đầu tư nhất thị trường,2 phòng,Dự Án Đảo Ngọc - Quảng Ngãi (Ngay đạp dân hạ sông Trà Khúc),Đã có sổ,Căn góc,Đã bàn giao,3,Đất nền dự án,34 m²,5,1,25 m,- 125 m2,"nguyễn tất thành, Phường Hòa Hiệp Nam, Quận Liên Chiểu, Đà Nẵng",5 m,1 phòng,"1,85 tỷ- 125 m2",Tây Nam,"Nhà ngõ, hẻm",125 m2,"Cần bán 1 lô goldenhill giá đầu tư
khu A5 hướng đông nam
đường 7m5 hạ tầng hoàn thiện
diện tích ; 125 m2
giá bán : 1.85 tỷ
sổ đỏ chính chủ","14,8 triệu/m2",Nội thất đầy đủ,60 m²,Đông,Chung cư,Mặt tiền,Mặt bằng kinh doanh
c7,,Nền đẹp 85m2 D35 KDC Hồng Loan giá đầu tư,2 phòng,Dự Án Đảo Ngọc - Quảng Ngãi (Ngay đạp dân hạ sông Trà Khúc),Đang chờ sổ,Căn góc,Đã bàn giao,3,Đất thổ cư,34 m²,5,1,17 m,- 85 m2,"D35, Phường Hưng Thạnh, Quận Cái Răng, Cần Thơ",5 m,1 phòng,"1,225 tỷ- 85 m2",Tây Nam,"Nhà ngõ, hẻm",85 m2,"🔊BÁN NHANH NỀN ĐẸP 85M2 ĐƯỜNG D35 KDC HỒNG LOAN 6A - GIÁ CHỈ 1.225 TỶ!
===============
+ Vị trí: Đường D35 - KDC Hồng Loan 6A
+ Diện tích: 5x17=85m2
+ Pháp lý: HĐGV - Cộng nợ 612tr

💰 Gía bán chỉ 1.225 tỷ. Thương lượng cho khách thiện chí mua nhanh. 

☎️ Hãy gọi ngay gặp Sơn để được hướng dẫn xem nền cụ thể.","14,41 triệu/m2",Nội thất đầy đủ,60 m²,Đông Bắc,Chung cư,Mặt tiền,Mặt bằng kinh doanh
c7,,Cần bán đất Gò Dầu gần KCN 6x15,2 phòng,Dự Án Đảo Ngọc - Quảng Ngãi (Ngay đạp dân hạ sông Trà Khúc),Đã có sổ,Căn góc,Đã bàn giao,3,Đất thổ cư,34 m²,5,1,15 m,- 90 m2,"Đường Quốc Lộ 22, Xã Bàu Đồn, Huyện Gò Dầu, Tây Ninh",6 m,1 phòng,370 triệu- 90 m2,Tây Nam,"Nhà ngõ, hẻm",90 m2,"Giá 390tr
Đất thổ cư
Ra KCN Phước Đông 3 phút.
Liên hệ xem đất thương lượng chút","4,11 triệu/m2",Nội thất đầy đủ,60 m²,Đông Bắc,Chung cư,Mặt tiền,Mặt bằng kinh doanh
c7,,Nhà Sổ Hồng 2 Lầu Sân Thượng Phước Kiển Nhà Bè,4 phòng,Dự Án Đảo Ngọc - Quảng Ngãi (Ngay đạp dân hạ sông Trà Khúc),Đã có sổ,Căn góc,Đã bàn giao,3,Đất thổ cư,34 m²,5,3,13 m,- 41 m2,"1419, Đường Lê Văn Lương, Xã Phước Kiển, Huyện Nhà Bè, Tp Hồ Chí Minh",3.2 m,3 phòng,"2,75 tỷ- 41 m2",Tây Nam,"Nhà ngõ, hẻm",41 m²,"- Bán nhà mới 100% nằm trong hẻm 1419 đường Lê Văn Lương xã Phước Kiển huyện Nhà Bè. Vào 200m tới nhà
- DT:3.2x13m 
- Thiết kế 1 trệt 2 lầu 4PN,3WC,phòng khách, nhà bếp, ban công, có sân thượng rộng rãi, thoáng mát,....
- Tiện ích: nằm trong khu dân cư đông đúc, an ninh, hẻm xe hơi 6m
- Giá: 2 tỉ 750 triệu ( thuong luong it lay loc). Minh chinh chu","67,07 triệu/m²",Hoàn thiện cơ bản,60 m²,Đông Bắc,Chung cư,Hẻm xe hơi,Mặt bằng kinh doanh
c7,,"BÁN NHÀ TAM TRINH, SIÊU RẺ, NHÀ MỚI 6 TẦNG, 35M,",4 phòng,Dự Án Đảo Ngọc - Quảng Ngãi (Ngay đạp dân hạ sông Trà Khúc),Đã có sổ,Căn góc,Đã bàn giao,3,Đất thổ cư,34 m²,5,3,13 m,- 35 m2,"tam trinh, Phường Minh Khai, Quận Hai Bà Trưng, Hà Nội",3.2 m,3 phòng,3 tỷ- 35 m2,Tây Nam,"Nhà ngõ, hẻm",35 m²,"BÁN NHÀ TAM TRINH, SIÊU RẺ, NHÀ MỚI 6 TẦNG, 35M, ĐẸP, BA GÁC, 0966 729589.
KINH PHÍ HẠN HẸP MUỐN Ở NHÀ ĐẸP THÌ GỌI NGAY 0966 729589.

_ Vị trí trên đường Tam Trinh, 3 bước ra phố, 5 bước tới Tam Trinh, Minh khai, Kim Ngưu, Tân Khai, Lĩnh Nam, Hồ Vĩnh Hoàng...... 

_ Thiết kế nhà 6 tầng đầy TÂM HUYẾT đủ công năng, Khung cột bê tông kiên cố, nhà mới ở luôn.

_ Sổ đỏ chính chủ sang tên trong ngày .
_ Liên hệ: Phương Nhà Đẹp: 0966 729589.
 ++ Hình ảnh thật.","85,71 triệu/m²",Hoàn thiện cơ bản,60 m²,Đông Bắc,Chung cư,Hẻm xe hơi,Mặt bằng kinh doanh
c7,,Bán khách sạn 6 tầng gần biển Mỹ Khê chỉ 10ti,4 phòng,Dự Án Đảo Ngọc - Quảng Ngãi (Ngay đạp dân hạ sông Trà Khúc),Đã có sổ,Căn góc,Đã bàn giao,3,Đất thổ cư,415 m²,5,3,13 m, GIÁ TỐT,"227/79, Đường Nguyễn Văn Thoại, Phường Phước Mỹ, Quận Sơn Trà, Đà Nẵng",3.2 m,3 phòng,10 tỷ GIÁ TỐT- 415 m2,Tây Nam,"Nhà ngõ, hẻm",35 m²,"Dự án: Khách sạn 6 tầng.
 Thông tin chi tiết: Khách sạn 6 tầng có thang máy, có chỗ đậu xe oto
Gồm 10 phòng đầy đủ nội thất, thiết kế theo kiểu căn hộ có bếp ( 5 phòng giường 1m8 và sopha; 5 phòng giường 1m8 và giường 1m6)
tất cả các phòng đều có ban công thoáng mát
1 phòng lễ tân có điều hòa
sân thượng rộng view đẹp
hiện đang kinh doanh có lượng khách ổn định","24,1 triệu/m²",Nội thất đầy đủ,60 m²,Đông,Chung cư,Hẻm xe hơi,Mặt bằng kinh doanh
c7,,MỞ BÁN CĂN HỘ CHUNG CƯ C1 LÒ ĐÚC Ở NGAY - CK 5%,1 phòng,Dự Án Đảo Ngọc - Quảng Ngãi (Ngay đạp dân hạ sông Trà Khúc),Đã có sổ,Căn góc,Chưa bàn giao,3,Đất thổ cư,36 m²,5,3,13 m,- 36 m2,"Đường Lò Đúc, Phường Đống Mác, Quận Hai Bà Trưng, Hà Nội",3.2 m,1 phòng,600 triệu- 36 m2,Tây Nam,"Nhà ngõ, hẻm",35 m²,"Dự án: MỞ BÁN CHUNG CƯ C1 LÒ ĐÚC.
 Thông tin chi tiết: Chủ đầu tư bán chung cư phố LÒ ĐÚC - HAI BÀ TRƯNG giá 750tr - HƠN 1,2 TỶ/32m2 - 50m2, nhận nhà ngay.

Liên hệ Chủ đầu tư

Vị trí: Tòa nhà nằm ngay tại phố Lò Đúc ngõ rộng, nhà 3 mặt thoáng, vị trí đắc địa. giao thông thuận tiện 

Cạnh các tuyến phố lớn TRẦN KHÁT CHÂN - PHỐ HUẾ - BẠCH MAI- VÕ THỊ SÁU....

Gần TTTM, bệnh viện và nhiều trường đại học, gần ngã tư giao thông thuận tiện. 

Có nhiều diện tích để khách hàng lựa chọn.

Diện tích: 34m2 ,38m2, 45m2, 48m2, 55m2, 60m2

Giá:520tr - 600tr - 650tr - 800tr - 1 tỷ - 1.1 tỷ/căn.

Giá trên bao gồm toàn bộ chi phi làm sổ ,VAT

Gồm 1 - 2 - 3 phòng ngủ, phòng khách, bếp, 2wc, sàn gỗ nội thất Châu Âu, có sổ đỏ riêng.

LH trực tiếp chủ đầu tư để xem nhà, tư vấn miễn phí và mua nhà giá gốc.( Miễn môi giới - trung gian)","16,67 triệu/m²",Nội thất đầy đủ,60 m²,Đông,Chung cư,Hẻm xe hơi,Mặt bằng kinh doanh
c7,,Đất mp2 bến cát,1 phòng,Dự Án Đảo Ngọc - Quảng Ngãi (Ngay đạp dân hạ sông Trà Khúc),Đã có sổ,Căn góc,Chưa bàn giao,3,Đất thổ cư,36 m²,5,3,22 m,- 111 m2,"Đường 7B, Phường Mỹ Phước, Thị xã Bến Cát, Bình Dương",5 m,1 phòng,"1,07 triệu- 111 m2",Tây Nam,"Nhà ngõ, hẻm",111 m2,"Cuối năm cần tiền nên bán miếng đất đường 7b mp2, đất full thổ cư, sổ sách pháp lý rõ ràng, công chứng trong ngày, thank’s chotot",9.639 đ/m2,Nội thất đầy đủ,60 m²,Đông Bắc,Chung cư,Mặt tiền,Mặt bằng kinh doanh
c7,,"Gia đình có chuyên,Bán Rẻ lô đất BC 61, SHR, TC",1 phòng,Dự Án Đảo Ngọc - Quảng Ngãi (Ngay đạp dân hạ sông Trà Khúc),Đã có sổ,Căn góc,Chưa bàn giao,3,Đất thổ cư,36 m²,5,3,14.4 m,- 72 m2,"Binh chuan 61, Phường Tân Phước Khánh, Thị xã Tân Uyên, Bình Dương",5 m,1 phòng,945 triệu- 72 m2,Tây Nam,"Nhà ngõ, hẻm",72 m2,"Do gia đình có chuyện, bán gấp lô đất giá rẻ hơn khu vực
Diện tích 72m2; Ngang 5m, dài 14.4m
Thổ cư hết đất, xây dựng thoải mái, điện nước đầy đủ
Dân cư đông đúc, tiên ích đầy đủ
Cách DT 743 800m
Cách miếu ông cù 1,5km
Bán kính 3km là trường học các cấp, UBND, trạm yte Tân Phước Khánh
Liên hệ ngay coi đất","13,13 triệu/m2",Nội thất đầy đủ,60 m²,Đông Bắc,Chung cư,Mặt tiền,Mặt bằng kinh doanh
c7,,"Bán gấp nền đất giá rẻ, gần vòng xoay Phú Hữu, Q.9",1 phòng,Dự Án Đảo Ngọc - Quảng Ngãi (Ngay đạp dân hạ sông Trà Khúc),Đã có sổ,Căn góc,Chưa bàn giao,3,Đất thổ cư,36 m²,5,3,13 m,- 55 m2,"Đường 970, Phường Phú Hữu, Quận 9, Tp Hồ Chí Minh",4 m,1 phòng,"3,15 tỷ- 55 m2",Tây Nam,"Nhà ngõ, hẻm",55 m2,"- 100m ra Nguyễn Duy Trinh (mở rộng 30m với 6 làn xe), thuận tiện đi lại và tiềm năng tăng giá rất cao. Cách vòng xoay Phú Hữu chỉ 1km, giao thông thuận tiện, di chuyển nhanh đến Quận 2, Quận 7 chỉ 10 phút.
- Đường nhựa 9m, vỉa hè mỗi bên 1m đẹp khu vực, xây dựng tự do. Gần công viên, trường học, UBND P. Phú Hữu, nhà thờ, các tiện ích siêu thị, chợ, và cảng Phú Hữu. Vị trí trung tâm các DA lớn xung quanh..
-Khu dân cư hiện hữu, sầm uất, rất thuận tiện cho xây nhà ở hay kinh doanh buôn bán, mở văn phòng.
-Đất vuông đẹp hướng Đông Nam, sổ hồng riêng, sang tên trong ngày.
-Giá bán: 3,15 tỷ (thương lượng chút ít cho khách thiện chí)
Liên hệ Mr Phụng SĐT:","57,27 triệu/m2",Nội thất đầy đủ,60 m²,Đông Nam,Chung cư,Mặt tiền,Mặt bằng kinh doanh
c7,,Đất sổ đỏ 6x25 150 m2 phường 6 gò vấp,1 phòng,Khu 88 căn biệt thự,Đã có sổ,Căn góc,Chưa bàn giao,26,Đất thổ cư,36 m²,5,3,25 m,- 150 m2,"496/63/10b, Đường Dương Quảng Hàm, Phường 5, Quận Gò Vấp, Tp Hồ Chí Minh",6 m,1 phòng,"8,6 tỷ- 150 m2",Tây Nam,"Nhà ngõ, hẻm",150 m2,"Dự án: Khu 88 căn biệt thự.
 Thông tin chi tiết: Cần ra gấp miếng đất khu biệt thự rộng rãi lh số đt chính chủ","57,33 triệu/m2",Nội thất đầy đủ,60 m²,Đông Nam,Chung cư,Hẻm xe hơi,Mặt bằng kinh doanh
c7,,Đất nền homestay Tp Bảo Lộc view suối tự nhiên,1 phòng,Khu 88 căn biệt thự,Đã có sổ,Căn góc,Chưa bàn giao,26,Đất nông nghiệp,36 m²,5,3,33.5 m,- 503 m2,"Đường Lý Thái Tổ, Xã Đạm Bri, Thành phố Bảo Lộc, Lâm Đồng",15 m,1 phòng,850 triệu- 503 m2,Tây Nam,"Nhà ngõ, hẻm",503 m2,"- Đất vườn TP Bảo Lộc diện tích đa dạng 280m2 - 1200m2.
- Có suối tự nhiên bao quanh, view sườn đồi.
- Đường nội bộ rộng 10m.
- Tổng 70 nền, trong khu vực nội bộ có công viên nội khu, homestay hiện hữu, khu vực nướng BBQ.
- Toàn bộ đường đổ nhựa rải thảm, vỉa hè lát đá.
- Ngay điểm xuống của cao tốc Dầu Giây - Liên Khương.
- Sổ đỏ từng nền.
- Cách thác Đambri 3km.
- Phù hợp: Đầu tư, du lịch, nghỉ dưỡng.","1,69 triệu/m2",Nội thất đầy đủ,60 m²,Đông Nam,Chung cư,Hẻm xe hơi,Mặt bằng kinh doanh
c7,,"GIỎ HÀNG ĐẸP ASTRAL CITY, THANH TOÁN 30% NHẬN NHÀ",2 phòng,RIGEL,Đã có sổ,Căn góc,Chưa bàn giao,26,Đất nông nghiệp,62 m²,5,3,33.5 m,- 62 m2,"Đường Quốc Lộ 13, Phường Bình Hòa, Thị xã Thuận An, Bình Dương",15 m,1 phòng,"1,9 tỷ- 62 m2",Tây Nam,"Nhà ngõ, hẻm",503 m2,"* Điểm nổi bật về phương thức thanh toán:
- Đợt 1 chỉ thanh toán 15% tương đương 247.5 triệu.
- 3 đợt tiếp theo, mỗi đợt cách 6 tháng thanh toán 5% tương đương 13.75 triệu/tháng.
- Chủ đầu tư và ngân hàng kết hợp, hỗ trợ khách hàng thanh toán chỉ 30% (tương đương 495 triệu) đến khi bàn giao nhà.
- Khách hàng đầu tư có thể chọn phương án Thanh Toán Nhanh đợt 1 để được hưởng chiết khấu lên đến 12% trên tổng giá trị.
- VPBank hỗ trợ 70% trong 25 năm - ân hạn gốc và 0% lãi suất trong 24 tháng.
* Lợi thế đầu tư với đa dạng diện tích thiết kế:
- Căn hộ 1PN + 1 phòng đa năng: 53 - 55m2.
- Căn hộ 2PN + 1WC: 61 - 62m2.
- Căn hộ 2PN + 2WC: 66 - 72m2.
- Căn hộ 3PN + 2WC: 82m2.
- Căn hộ Dual key: 120 - 150m2.
- Căn hộ Skyvilla: 130 - 160m2.
- Căn hộ trần cao 4.8m: 80m2.
* Được bảo chứng về pháp lý & tiến độ xây dựng thông qua:
- Chủ đầu tư: Phát Đạt Corp (mã chứng khoán PDR).
- Ngân hàng hỗ trợ: VP Bank (ngân hàng Việt Nam Đại Chúng).
- Đơn vị thi công: Central.
- Quản lý vận hành: CBRE & Build on Advantage.
- Tư vấn giám sát: Tuner.
- Tư vấn & cung cấp nội thất: AKA Funiture & RitaVõ (Kohler).
* Với các lợi thế về vị trí như:
- Liền kề 2 trung tâm thương mại lớn là Aeon Mall & Lotte Mart.
- Liền kề các bệnh viện quốc tế: BVQT Hạnh Phúc, BV Colombia, BV Becamex.
- Nằm giữa 3 thành phố lớn là Tp. Thủ Dầu 1, Tp. HCM, Tp. Dĩ An.
* Lợi thế về quy mô, kiến trúc, tiện ích:
- Quy mô lớn tại Bình Dương: 37.300 m2
- Cao Bình Dương với 40 tầng, có 3 tầng hầm,4 tầng TTTM
- Tiện ích đẳng cấp","30,65 triệu/m²",Nội thất cao cấp,60 m²,Đông Nam,Chung cư,Hẻm xe hơi,Mặt bằng kinh doanh
c7,,Bán đất Tân Thạnh Đông,2 phòng,3,Đã có sổ,Căn góc,Chưa bàn giao,3,Đất thổ cư,62 m²,5,3,26 m,- 132 m2,"Đường Bến Than, Xã Tân Thạnh Đông, Huyện Củ Chi, Tp Hồ Chí Minh",5 m,1 phòng,"1,45 tỷ- 132 m2",Tây Nam,"Nhà ngõ, hẻm",132 m2,"Bán lô đất #Tân Thạnh Đông củ chi 
Diện tích 132m2
Mặt tiền đường nhựa 
Hai mặt tiền 
Gần trường gần chợ
Giá hữu nghị 1tỷ450
1 lô","10,98 triệu/m2",Nội thất cao cấp,60 m²,Tây Bắc,Chung cư,Mặt tiền,Mặt bằng kinh doanh
c7,,Bán nhà giá 450tr! Dành cho người k đủ kinh tế,1 phòng,3,Giấy tờ khác,Căn góc,Chưa bàn giao,3,Đất thổ cư,62 m²,5,3,10 m,- 50 m2,"Đường Trường Bình, Xã Trường Bình, Huyện Cần Giuộc, Long An",5 m,1 phòng,450 triệu- 50 m2,Tây Nam,"Nhà ngõ, hẻm",50 m²,"cần bán nhà cấp 4! dành cho cặp vợ chồng không đủ kinh tế! nhà đang xây! dt: 6x8! 1 bếp 1 tolet, 1 phòng khách, vị trí thuộc TRƯỜNG BÌNH CẦN GIUỘC, công chứng vi bằng! alo Ngọc Linh ngay",9 triệu/m²,Nội thất cao cấp,50 m²,Tây Bắc,Chung cư,Hẻm xe hơi,Mặt bằng kinh doanh
c7,,"Ngõ 9 Tăng Thiết Giáp - 33m/5 Tầng/3.8 Tỷ, Ô Tô Đỗ",3 phòng,3,Đã có sổ,Căn góc,Chưa bàn giao,3,Đất thổ cư,62 m²,5,5,8 m,- 33 m2,"9, Đường Tăng Thiết Giáp, Phường Cổ Nhuế 2, Quận Bắc Từ Liêm, Hà Nội",4 m,4 phòng,"3,8 tỷ- 33 m2",Tây Nam,"Nhà mặt phố, mặt tiền",33 m²,"Vị trí nhà thuộc số 9 Phố Tăng Thiết Giáp, ô tô đỗ cổng, cách Đường Phạm Văn Đồng vài bước chân, thông sang Phố Cổ Nhuế, giao thông thuận tiện, an ninh tốt, trường học gần nhà. Nhà đẹp mới xây, trước nhà thông thoáng, ban công thiết kế thoáng và rộng, nội thất chất lượng, sàn lát gỗ, đầy đủ tủ giường, Chủ mới chỉ việc về ở ngay.
- Diện tích: 33m, mặt tiền: 4m, vuông vắn
- Thiết kế 5 tầng, cầu thang và vệ sinh cuối nhà
Tầng 1: phòng khách, bếp
Tầng 2,3,4: mỗi tầng một phòng ngủ rộng, vệ sinh khép kín
Tầng 5: phòng thờ, sân phơi
- Giá bán: 3.8 Tỷ, có thương lượng, Sổ Đỏ Chính Chủ
- Liên hệ: A.Chiến – Môi Giới Nhà Đất","115,15 triệu/m²",Nội thất đầy đủ,33 m²,Tây Bắc,Chung cư,Hẻm xe hơi,Mặt bằng kinh doanh
8,,Bán nhà 3 tầng mới xây thôn văn phong xã đồng thái,3 phòng,3,Đã có sổ,Căn góc,Chưa bàn giao,3,Đất thổ cư,62 m²,5,3,13 m,- 50 m2,"Đường Máng Nước, Xã An Đồng, Huyện An Dương, Hải Phòng",4 m,2 phòng,"1,45 tỷ- 50 m2",Tây Nam,"Nhà ngõ, hẻm",50 m²,"Cần bán nhà 3 tầng mới xây kiểu vinhom
Có sân để xe diện tích 50m2 x3 tầng 
Ngõ oto vào tận nơi 
1 phòng khách 1 phòng bếp riêng biệt cầu thang
3 ngủ 3wc 
1 phòng thờ và 1 sân phơi
Nhà mới xây kiểu vin rất đẹp nhà xây kiên cố chắc chắn
Lh chủ nhà",29 triệu/m²,Nội thất cao cấp,52 m²,Đông Nam,Chung cư,Hẻm xe hơi,Mặt bằng kinh doanh
8,,"Nhà đẹp Tây Sơn bán gấp 45m 4T MT5m chỉ 3,5 tỷ",3 phòng,3,Đã có sổ,Căn góc,Chưa bàn giao,3,Đất thổ cư,62 m²,5,4,13 m,- 45 m2,"tây sơn, Phường Quang Trung, Quận Đống Đa, Hà Nội",4 m,3 phòng,"3,5 tỷ- 45 m2",Tây Nam,"Nhà ngõ, hẻm",45 m²,"Bán nhà đẹp 2 mặt phố 45m 3.5tỷ Tây Sơn, Đống Đa gần trung tâm, ở ngay.
-Vị trí gần ngay ngã tư sở ngã tư Thái Hà, trường Đại học Ngân Hàng, ĐH Công Đoàn, ĐH Thủy Lợi, THPT, THCS, mầm non, siêu thị, chợ, vệc đi lại sẽ tiết kiệm thời gian và dễ dàng hơn.
-Giáp phố Láng, Ngã Tư Sở, Thái Hà, Láng Hạ,Thái Thịnh, Yên Lãng, Chùa Bộc, Thô Thất Tùng, Thái Thịnh giao thông thuận tiện.
-Ngõ trước nhà xe ba gác đỗ, ô tô tránh, an ninh tốt, sạch sẽ, dân trí cao.
-Thiết kế đa dạng, nhiều phòng, các phòng rộng rãi, có nhiều cửa sổ, nhà sáng, hướng đẹp.
-Pháp lí chuẩn, sổ đỏ vuông vức sẵn sàng giao dịch ngay.
-LH Tuấn Anh chuyên nhà thổ cư Hà Nội ( MIÊN TRUNG GIAN ).","77,78 triệu/m²",Nội thất cao cấp,52 m²,Đông Nam,Chung cư,Hẻm xe hơi,Mặt bằng kinh doanh
8,,"Quy hoạch đất ở, lô nền F1, hỗ trợ vay vốn.",3 phòng,3,Đã có sổ,Căn góc,Chưa bàn giao,3,Đất nông nghiệp,62 m²,5,4,19.5 m,- 126 m2,"Sân Bia, Phường Phú Tân, Thành phố Bến Tre, Bến Tre",6.6 m,3 phòng,567 triệu- 126 m2,Tây Nam,"Nhà ngõ, hẻm",126 m2,"Cách trường Chu Văn An, Vĩnh Phúc 5 phút chạy xe máy.
cách lộ vành đai, huyện lộ 173 mới 1km.","4,5 triệu/m2",Nội thất cao cấp,52 m²,Đông Nam,Chung cư,Nở hậu,Mặt bằng kinh doanh
8,,Tôi đang cần bán nhà ở đường Võ Văn Ngân Thủ Đức,4 phòng,3,Đã có sổ,Căn góc,Chưa bàn giao,3,Đất nông nghiệp,62 m²,5,4,13 m,- 65 m2,"Đường Võ Văn Ngân, Phường Bình Thọ, Quận Thủ Đức, Tp Hồ Chí Minh",5 m,3 phòng,725 triệu- 65 m2,Tây Nam,"Nhà ngõ, hẻm",65 m²,"Hiện tại tôi đang muốn bán căn nhà ở đường Võ Văn Ngân Thủ Đức 
Sổ hồng riêng , tôi sẽ bao sang tên công chứng . 
Nhà có 4pn và 3toilet , diện tích 65m2( 5×13) . 
Đường trước nhà rộng 6m trải nhựa , cao ráo không sợ ngập .
Nhà nằm ở khu vực dân cư đông đúc , gần trường đại học , các siêu thị mini , bách hóa xanh và gần ngay bên cạnh chợ . 
Nằm ngay đường lớn nên thuận tiện đi lại qua các quận .","11,15 triệu/m²",Nội thất cao cấp,65 m²,Đông Nam,Chung cư,Nở hậu,Mặt bằng kinh doanh
8,,NHÀ SÁT CHỢ HOA VẠN PHÚC-MẶT NGÕ CHÍNH-VỀ Ở NGAY.,4 phòng,3,Đã có sổ,Căn góc,Chưa bàn giao,3,Đất nông nghiệp,62 m²,5,4,13 m,- 35 m2,"vạn phúc, Phường Vạn Phúc, Quận Hà Đông, Hà Nội",5 m,3 phòng,"2,4 tỷ- 35 m2",Tây Nam,"Nhà ngõ, hẻm",35 m²,"Nhà mặt ngõ,không chung đụng,mặt tiền cực thoáng Phố Lụa Vạn Phúc. 
* Diện tích: 35m2
- Hướng Đông Nam, có căn 2 mặt thoáng hướng Tây Nam.
* Nhà xây 4 tầng phong cách tân cổ điển hiện đại gồm:
- Tầng 1: Phòng khách, bếp, (WC),
- Tầng 2 và 3 mỗi tầng gồm 2 phòng ngủ + (WC).
- Tầng 4: Phòng thờ, phòng giặt và sân phơi thoáng rộng.
* Nội thất: Cửa chính 2 lớp ngoài khung thép hộp inox trong gỗ Lim, cửa thông phòng gỗ Lim, cửa sổ nhôm Việt Pháp, đèn led chiếu sáng trần thạch cao, cầu thang đá Granite, gạch lát chống xước loại A1, đường chờ cáp quang tivi, điều hoà internet, điện nước đầy đủ, chỉ việc dọn về ở ngay.
* Vị trí: Nhà thuộc Phố Lụa Vạn Phúc,gần chợ hoa,chợ đồ cũ Vạn Phúc. gần trục đường đôi Vạn Phúc,Lê Văn Lương kéo dài, chung cư Roman với nhiều tiện ích đẳng cấp,...
- Pháp lý : Sổ đỏ chính chủ + Giấy phép xây dựng
- Giá bán: 2,4 tỷ có thương lượng. (Hỗ trợ ngân hàng nếu khách có nhu cầu).","68,57 triệu/m²",Nội thất đầy đủ,35 m²,Đông Nam,Chung cư,Nở hậu,Mặt bằng kinh doanh
8,,Sang nhượng KIOT chợ đầu mối Điện Ngọc- Đình Chính,1 phòng,3,Đã có sổ,Căn góc,Chưa bàn giao,3,Đất nông nghiệp,62 m²,5,4,3.3 m,- 10 m2,"Tuấn An, Phường Mỹ An, Quận Ngũ Hành Sơn, Đà Nẵng",3 m,1 phòng,150 triệu- 10 m2,Tây Nam,"Nhà mặt phố, mặt tiền",10 m²,"Sang nhượng KIOT chợ đầu mối Điện Ngọc- Đình Chính 
Diện tích: 10m2 
Sổ xanh lâu lâu dài 
Liên hệ Dũng làm việc chính chủ !!!",15 triệu/m²,Nội thất đầy đủ,10 m²,Đông Nam,Chung cư,Nở hậu,Mặt bằng kinh doanh
8,,"9 sào giá 6xx tr/ sào, cao ráo ở thôn 2 Đại Lào",1 phòng,3,Đã có sổ,Căn góc,Chưa bàn giao,3,Đất nông nghiệp,62 m²,5,4,150 m,- 9.000 m2,"Ỷ Lan, Xã Đại Lào, Thành phố Bảo Lộc, Lâm Đồng",60 m,1 phòng,600 triệu- 9.000 m2,Tây Nam,"Nhà mặt phố, mặt tiền",9000 m2,"9 sào giá 6xx tr/ sào view cao ráo ở thôn 2 Đại Lào.

Vị trí: hẻm 5m đường Ỷ Lan, Thôn 2, Đại Lào, Tp. Bảo Lộc đang đổ nhựa 12m
- Diện tích: 9000m2. ( 50m mặt tiền)
- Đất hơi triền, đã đào ao, có suối nhỏ. View toàn cảnh thung lũng
- Thích hợp nghỉ dưỡng, làm cà phê sân chờ, homestay...
- Cách Ql 20 chỉ 1km. Trường học, chợ, nhà thờ bán kính 2km
- Giá 6xx tr/ sào",66.666 đ/m2,Nội thất đầy đủ,10 m²,Đông Nam,Chung cư,Nở hậu,Mặt bằng kinh doanh
8,,"Bán đất 1/Tô Ngọc Vân thông TX22, DT 4x25m cực đẹp",1 phòng,3,Đã có sổ,Căn góc,Chưa bàn giao,3,Đất thổ cư,62 m²,5,4,25 m,- 100 m2,"Tô Ngọc Vân, Phường Thạnh Xuân, Quận 12, Tp Hồ Chí Minh",4 m,1 phòng,"3,08 tỷ- 100 m2",Tây Nam,"Nhà mặt phố, mặt tiền",100 m2,"Chính chủ cần bán lô đất thổ cư đường Tô Ngọc Vân
Diện tích 4m x 25m thổ cư 85m2
Đường thông 5m, kinh doanh buôn bán tốt
Khu dân cư sạch đẹp, cao ráo
Giá bán : 3.08 tỷ còn bớt
Gọi Đông coi đất, xin cảm ơn","30,8 triệu/m2",Nội thất đầy đủ,10 m²,Đông Nam,Chung cư,Hẻm xe hơi,Mặt bằng kinh doanh
GH44,,CĂN NHÀ VUÔNG ĐẸP ĐƯỜNG XUÂN THỦY,6 phòng,Nhà TT ĐH Sư Phạm,Đã có sổ,Căn góc,Chưa bàn giao,3,Đất thổ cư,62 m²,5,5,6 m,- 36.6 m2,"GH44, Đường Xuân Thủy, Phường Dịch Vọng Hậu, Quận Cầu Giấy, Hà Nội",6 m,4 phòng,"5,9 tỷ- 36.6 m2",Tây Nam,"Nhà mặt phố, mặt tiền",36.6 m²,"Dự án: Nhà đất Xuân Thủy - Cầu Giấy.
 Thông tin chi tiết: Căn nhà nằm trong khu Tập thể trường ĐH Sư Phạm, khu dân trí cao kinh doanh sầm uất, nhu cầu thuê nhà cao khu vực Cầu Giấy.
Nhà thiết kế đẹp, Cầu thang và cửa gỗ lim đẹp, thuận tiện ở hoặc kinh doanh cho thuê:
- Tầng 1: hiện đang ngăn làm 2 phòng có thể cho thuê văn phòng hoặc kinh doanh nhỏ.
- Tầng 2 - 4: Mỗi tầng 2 phòng (Đang cho sinh viên thuê) + 1 Vệ sinh
- Tầng 5: Phòng thờ, sân phơi.
Chủ nhà làm ăn có lộc, hiểu chuyện tôn trọng Môi giới, khách hàng, thiện chí bán và sẵn sàng thương lượng.","163,89 triệu/m²",Nội thất đầy đủ,35 m²,Bắc,Chung cư,Hẻm xe hơi,Mặt bằng kinh doanh
501,,"Chính chủ bán căn 90m2, 2 phòng ngủ (như hình)",2 phòng,1,Đã có sổ,Căn góc,Đã bàn giao,3,Đất thổ cư,90 m²,6,5,6 m,- 90 m2,"P501, đơn nguyên 1, Ngõ 15, Đường An Dương Vương, Phường Phú Thượng, Quận Tây Hồ, Hà Nội",6 m,2 phòng,"1,98 tỷ- 90 m2",Bắc,"Nhà mặt phố, mặt tiền",36.6 m²,"Do chuyển công tác nên tôi muốn bán căn hộ: Phòng 501, đơn nguyên 1 chung cư bao bì 7 tầng, 15 An Dương Vương, Phú Thượng, Tây Hồ (có thang máy).
Khu vực gần Hồ Tây, sông Hồng rất thoáng mát, thuận tiện tới tất cả các quận.
Căn hộ 90m2, 2 phòng ngủ, 2 vệ sinh, 2 ban công. Phòng khách và bếp rộng rất thoáng.
Để lại đồ: 3 điều hoà Daikin, tivi, tủ lạnh, máy giặt, bàn ăn kệ tivi,...(như hình)
Giá bán: 1,98 tỷ
Ai có thiện chí mua xin liên hệ chính chủ để xem nhà",22 triệu/m²,Nội thất đầy đủ,35 m²,Nam,Chung cư,Hẻm xe hơi,Mặt bằng kinh doanh
501,,Tôi có căn hộ Safira Khang Điền 68m² 2PN giá tốt.,2 phòng,1,Đã có sổ,Căn góc,Đã bàn giao,3,Đất thổ cư,68 m²,6,5,6 m,- 68 m2,"Đường Võ Chí Công, Phường Phú Hữu, Quận 9, Tp Hồ Chí Minh",6 m,2 phòng,"1,95 tỷ- 68 m2",Đông Nam,"Nhà mặt phố, mặt tiền",36.6 m²,"NHÀ LÀ NƠI ĐỂ VỀ….
* Vị trí: Mặt tiền đường Võ Chí Công, Phường Phú Hữu, Quận 9.
* Diện tích căn hộ:
- Căn 1 phòng ngủ: 45m2 - 52m2
- Căn 2 phòng ngủ: 68m2 - 71m2
- Căn 3 phòng ngủ: 88m2 - 93m2
* Liên hệ ngay - Hoàng Thi (zalo): (Trăm nghe không bằng 1 thấy).

* Thông tin căn hộ Safira Khang Điền:
• Chủ đầu tư: Khang Điền.
• Đơn vị thiết kế: Ong & Ong, đơn vị tư vấn thiết kế tại Singapore.
• Quản lý & vận hành: CBRE – Tập đoàn quản lý bất động sản đa quốc gia.
• Quy mô dự án : 2.7 ha.
• Số lượng: gồm 4 Block, 22 tầng, gần 1570 căn hộ cao cấp, diện tích từ 45 – 89 m2.
• Đơn vị xây dựng: Công ty xây dựng An Phong.
• Đơn vị kiểm định chất lượng: SCQC.
• Ngân hàng bảo lãnh: Vietcombank, Vietinbank, TPbank, MBbank..
• Pháp lý: Sổ hồng vĩnh viễn.
• Hình thức sở hữu: Sổ hồng vĩnh viễn.
- 100% căn hộ đều có logia và bancon thông thoáng, đón gió và ánh sáng tự nhiên.
- Ngân hàng hỗ trợ cho vay 80% giá trị thời hạn lên đến 20 năm. Hỗ trợ mọi giấy tờ thủ tục.
* Căn hộ được bàn giao với nội thất cao cấp, dùng gỗ An Cường, thiết bị vệ sinh Inox , 52 tiện ích nội khu: Phòng gym: 500m2 view hồ bơi, BBQ, khu Cafe sân vườn tầng 9, công viên ven sông…1000m2 hồ bơi, mảng xanh chiếm 60%.

* Liên hệ ngay - Hoàng Thi (zalo): (Trăm nghe không bằng 1 thấy).
* Cảm ơn chợ tốt đã duyệt tin.","28,68 triệu/m²",Nội thất đầy đủ,35 m²,Tây Bắc,Chung cư,Hẻm xe hơi,Mặt bằng kinh doanh
501,,Chung cư Heaven Riverview (Mỹ Phúc) quận 8 52m²,2 phòng,B,Đang chờ sổ,Căn góc,Đã bàn giao,3,Đất thổ cư,52 m²,6,5,6 m,- 52 m2,"192 đường Phạm Đức Sơn, phường 16, quận 8",6 m,2 phòng,2 tỷ- 52 m2,Đông,"Nhà mặt phố, mặt tiền",36.6 m²,"Cần bán căn hộ tầng 6 (Lộc) Heaven City View Q8
View hướng Đông hè mát đông ấm, mưa không tới mặt nắng không tới đầu.
Đang cho thuê giá 8tr
Đã làm nội thất full 250tr, sàn gổ full, máy lạnh full.
Nay bán lỗ, còn thương lượng cho khách thiện chí.","38,46 triệu/m²",Nội thất đầy đủ,35 m²,Tây,Chung cư,Hẻm xe hơi,Mặt bằng kinh doanh
501,,Mở bán Căn Hộ Duplex - Sau Surise City View Q7,1 phòng,B,Đang chờ sổ,Căn góc,Đã bàn giao,3,Đất thổ cư,35 m²,6,5,6 m,- 35 m2,"Đường Trần Xuân Soạn, Phường Tân Hưng, Quận 7, Tp Hồ Chí Minh",6 m,1 phòng,969 triệu- 35 m2,Đông,"Nhà mặt phố, mặt tiền",36.6 m²,"🔥 Căn hộ có Lửng ngay sau Sunrise CityView Q7 - Tặng full nội thất cao cấp cơ bản 
💯 Hỗ trợ thuê lại từ: 𝟕 Triệu/tháng.
💯 Diện tích 33 - 45m2 có gác lửng

======🏵️🏵️======
💎 Quy Mô dự án : 6 tầng + Hầm thiết kế 
💎 Xây dựng kiên cố An ninh bảo vệ 24/24
💎 Tiện ích: Chợ, Trường học, Bệnh viện,...Bán kính 1km hiện hữu đầy đủ
💎 Thanh toán: Hỗ trợ trả góp 120 tháng 0% lãi suất nhận nhà Q4/2021
🎁 Đặc biệt: Mua 𝟏 căn hộ được Tặng Full_bộ_nội_thất cao cấp trị giá 100 triệu

=> #Căn_hộ_duplex đang là Xu hướng của Giới trẻ quan tâm hiện nay. Anh/chị có thể mua cho con đi học #Đại_học, mua ở hoặc cho thuê.
☎LH Trân Trân để được tư vấn thêm","27,69 triệu/m²",Hoàn thiện cơ bản,35 m²,Tây,Duplex,Hẻm xe hơi,Mặt bằng kinh doanh
501,,Đất Thật Gía Thật -Không Báo Gía Ảo .1ty250tr/150m,1 phòng,B,Đã có sổ,Căn góc,Đã bàn giao,3,Đất thổ cư,35 m²,6,5,30 m,- 150 m2,"Đường Cao tốc Mỹ Phước – Tân Vạn, Phường Thới Hòa, Thị xã Bến Cát, Bình Dương",5 m,1 phòng,"1,25 tỷ- 150 m2",Đông,"Nhà mặt phố, mặt tiền",150 m2,"Gia đình tôi đang cần tiền gấp, nên quyết định bán lại 1 trong 4 miếng đất thuộc khu đô thị mỹ phước 3 tỉnh Bình Dương .
Diện tích mỗi miếng đất là 150m2.
- Gía : 1ty250tr / 150m2.
- Rất mong tìm được người thật lòng muốn mua.
- Xung quanh dân cư đông đúc, ngay cổng chính Mỹ Phước 3 nên thuận tiện để buôn bán, công nhân qua lại tấp nập.
- Ngay KĐT mới Bình Dương, gần KDL Đại Nam, cách TP. HCM 30p xe máy, chùa Bà 10p.
- Phong cảnh đẹp, cây xanh vỉa hè thông thoáng, mát mẻ... Lô đất mặt tiền đường nhựa 16m, 25m đã có điện, nước máy.
+ Sổ đỏ, pháp lý rõ ràng,
- Đất đã lên thổ cư toàn bộ điện nước đầy đủ xây dựng ở ngay.
- Sang tên chuyển nhượng tại phòng công chứng tỉnh Bình Dương.
-Liên hệ gặp vợ chông tôi xem sổ và đất .(không làm việc qua môi giới).
- Vợ chồng tôi xin cảm ơn mọi người đã xem tin.","8,33 triệu/m2",Hoàn thiện cơ bản,35 m²,Tây,Duplex,Hẻm xe hơi,Mặt bằng kinh doanh
501,,Đất trung tâm thành phố,1 phòng,B,Đã có sổ,Căn góc,Đã bàn giao,3,Đất thổ cư,35 m²,6,5,70 m,- 1.000 m2,"Đường 741, Xã An Bình, Huyện Phú Giáo, Bình Dương",15 m,1 phòng,580 triệu- 1.000 m2,Đông,"Nhà mặt phố, mặt tiền",1000 m2,"ĐẤT TRUNG TÂM THÀNH PHỐ
280tr khách hàng mua được đất, 
1000m2 giá chốt 580tr(100%)
280tr thanh toán .
kdc đông đúc
cách chợ 500m
trường học 1km 
kcn becamex 1km
tiện ích đàyq đủ
Còn lại ngân hàng cho vay! Không lãi suất .
hỗ trợ trả góp hàng tháng.
Rẻ sập sàn chưa từng có.",580.000 đ/m2,Hoàn thiện cơ bản,35 m²,Tây,Duplex,Mặt tiền,Mặt bằng kinh doanh
501,,Đất MT QL 1A ngã ba Lagi Bình Thuận,1 phòng,B,Đã có sổ,Căn góc,Đã bàn giao,3,Đất thổ cư,35 m²,6,5,540 m,- 27.000 m2,"28, Đường Hùng Vương, Thị trấn Tân Nghĩa, Huyện Hàm Tân, Bình Thuận",50 m,1 phòng,"20,25 tỷ- 27.000 m2",Đông,"Nhà mặt phố, mặt tiền",27000 m2,"ĐẤT MẶT TIỀN CÓ SẴN DOANH THU. 
Vị trí:
+ Mặt tiền Quốc Lộ 1A, ngay ngã ba 46 Hàm Tân, Bình Thuận.
+Hiện đang kinh doanh khu ăn uống phức hợp, Homestay với 20 căn nhà xây riêng biệt nội thất đầy đủ bao gồm khu vui chơi cho trẻ em.
+ Doanh thu, lợi nhuận khủng mỗi tháng từ : 40 - 60tr /tháng trung bình. Đỉnh điểm mùa du lịch 100 tr/ tháng
+ Với Ưu điểm vượt trội có thể khai thác trạm dừng chân.
+ Du lịch thuận tiện - Di chuyển dễ dàng đến các điểm du lịch nổi tiếng: Biển Lagi 15km, Phan Thiết 50Km, Nha Trang 145km, Đà Lạt 165km; xung quanh là nhiều địa điểm check in nổi tiếng: Núi Bảy Tầng, Chùa thiền viện, Du lịch núi Tà Cú, mô hình trồng trọt vườn thanh long.
+ Gần các dự án HOT đang được triển khai và đầu tư như: Cao tốc Bắc Nam đoạn Phan Thiết Dầu Giây.
- *Chính phủ hỗ trợ hết mình, Ra sổ riêng, giá đất tăng cao trong nhiều năm tới.
Thương lượng người thiện chí.
Giá 750.000/m2",750.000 đ/m2,Hoàn thiện cơ bản,35 m²,Tây,Duplex,Nở hậu,Mặt bằng kinh doanh
501,,Cần Bán Gấp Lô Đất Trong Tuần Giá Mềm !!,1 phòng,B,Đã có sổ,Căn góc,Đã bàn giao,3,Đất nông nghiệp,35 m²,6,5,32 m,- 192 m2,"Đường Lê Duẩn, Thị trấn Long Thành, Huyện Long Thành, Đồng Nai",6 m,1 phòng,345 triệu- 192 m2,Đông,"Nhà mặt phố, mặt tiền",192 m2,"- Chú e cần tiền gấp nên gửi bán lại 2 lô mặt tiền đường >6m thông nhiều hướng !
- Kế khu công nghiệp , Bên hông có Trường cấp 3 & Chợ tự phát mua kinh doanh , mua bán đều được
- DT : 6 x 32 - 345TR ( sổ hông riềng - mua bán chính chủ ) 
LH e : Làm việc trực tiếp - Thiện Chí e bớt ít lộc","1,8 triệu/m2",Hoàn thiện cơ bản,35 m²,Đông Nam,Duplex,Nở hậu,Mặt bằng kinh doanh
501,,"TT 300tr sở hữu ngay căn hộ Aeon Bình Tân 40m2 ,2",2 phòng,B,Đã có sổ,Căn góc,Đã bàn giao,3,Đất nông nghiệp,40 m²,6,5,32 m,- 40 m2,"1B, Đường Số 5, Phường An Lạc, Quận Bình Tân, Tp Hồ Chí Minh",6 m,2 phòng,800 triệu- 40 m2,Đông,"Nhà mặt phố, mặt tiền",192 m2,"Dự án: LEVATA CITY.
 Thông tin chi tiết: Căn Hộ Mặt Tiền Đường Bùi Tư Toàn

Khu Dân Cư Sầm Uất, Sát Bến Xe Miền Tây và Cạnh AEON Bình Tân, Bệnh Viện Triều An

* Diện tích: 42m2 (2 Phòng ngủ).

* 2 PN,1 PK, 2WC, 2 Ban công, View toàn cảnh đẹp thơ mộng.

* Giá Chỉ 300Tr/ Căn (30%), Bank 50 - 70% Trong 10 - 20 Năm.

* Thanh toán 50% ,chiết khấu 2%.

* Thanh toán 90% ,chiết khấu 7%.

* Phương thức thanh toán linh hoạt, trả chậm trong vòng 100 tháng với lãi suất ưu đãi.

* Hỗ trợ vay tối đa, thời hạn vay là 10-15 năm, lãi suất cực thấp.

* Thiết kế gồm: Phòng khách, phòng ngủ, WC, bếp, ban công.

* Bàn giao full nội thất cao cấp trị giá 100tr.

* Tiện ích nội khu: Hầm để xe rộng rãi, tầng trệt là shophouse, siêu thị mini có chợ liền kề.

* Tiện ích ngoại khu: Gầm Đầm Sen, AONE Bình Tân, bệnh viện, trường học, công an, PCCC,...

* Pháp lý rõ ràng, minh bạch, Sở hữu lâu dài. Hỗ trợ tái ký.

* An ninh camera 24/24, có bảo vệ trực ngày đêm.

Liên hệ ngay VP CĐT nhận bảng giá gốc và kèm nhiều ưu đãi (Ms Huyền)",20 triệu/m²,Hoàn thiện cơ bản,35 m²,Đông,Chung cư,Nở hậu,Mặt bằng kinh doanh
501,,Đô Thị ôm trọn mặt sông Cổ Cò COCOAQUA_RIVERSIDE,2 phòng,B,Đang chờ sổ,Căn góc,Đã bàn giao,3,Đất nền dự án,40 m²,6,5,19 m,- 99 m2,"Võ Nguyên Giáp, Phường Điện Dương, Thị xã Điện Bàn, Quảng Nam",5 m,2 phòng,"1,1289 tỷ- 99 m2",Đông,"Nhà mặt phố, mặt tiền",99 m2,"Dự án: COCOAQUA_RIVERSIDE
Thông tin chi tiết: 
* Vị trí chiến lược - độc đáo:
- Gần tổ hợp giải trí lớn Đông Nam Á - Cocobay.
- Gần 2 sân golf quốc tế BRG Golf Resort và Montgomerie Links Vietnam.
- Có 3 trục thông tuyến Võ Nguyên Giáp - Trường Sa với hơn 30 resort cao cấp.
- View sông Cổ Cò đắt giá (năm 2020 được UBND Tỉnh đầu tư nạo vét khơi thông Cổ Cò sẽ trở thành ""Con Đường Tơ Lụa"" nối ĐN và Hội An).

* CHÀO BÁN SẢN PHẨM NGOẠI GIAO VỚI BLOCK MẶT SÔNG 21 NỀN ( CHỈ CÒN 8 NỀN )
- Diện tích 98m2 hướng Đông Bắc 
- Lòng đường 7m5 lề mỗi bên 3m
- Giá : 1,15 tỷ ( bao sổ )
- Thanh toán linh hoạt từ 10 ngày đến 40 ngày
- CAM KẾT TÁI ĐẦU TƯ CHO KHÁCH VỚI MỨC LỢI NHUẬN 20%
- Vui lòng call :Mr Thiệp để đi xem đât ( có xe đưa đón ) và book lô đẹp","11,4 triệu/m2",Hoàn thiện cơ bản,35 m²,Đông Bắc,Chung cư,Mặt tiền,Mặt bằng kinh doanh
501,,Nhà sổ chung 48m thái hòa tân uyên chính chủ,2 phòng,B,Đang chờ sổ,Căn góc,Đã bàn giao,3,Đất nền dự án,40 m²,6,5,12 m,- 48 m2,"999, Hồ Trung Quí, Phường Thái Hòa, Thị xã Tân Uyên, Bình Dương",4 m,2 phòng,790 triệu- 48 m2,Đông,"Nhà mặt phố, mặt tiền",48 m²,"🏠 nhà bán
👍Vị trí: khu phố Phước Hải, Thái Hoà, Tân Uyên, Bình Dương.

+ Nhà gác lửng thiết kế hiện đại
@ Sổ chung ..dt 4x12=48m thổ cư 100%. -- Có 2phòng ngủ, 2w, phòng thờ, bếp 
💯 Gần chợ , trường học cấp 1,2,3 bán kính 700m
-- xung quanh dân đã ở kín 
--Đường bê tông trước nhà 5m
--Điện, nước sạch đầy đủ

💥 Cách ngã tư miếu ông cù 1km, vòng xoay an Phú 3km
💯 Bao mọi chi phí thủ tuc vi bằng đầy đủ 
☎️☎️☎️
Hữu toàn chính chủ","16,46 triệu/m²",Hoàn thiện cơ bản,35 m²,Đông Bắc,Chung cư,Mặt tiền,Mặt bằng kinh doanh
501,,Kẹt tiền bN1 gấp nhà đà lạt,2 phòng,B,Đã có sổ,Căn góc,Đã bàn giao,3,Đất nền dự án,40 m²,6,5,20 m,- 96 m2,"899, Đường Nguyễn Trung Trực, Phường 3, Thành phố Đà Lạt, Lâm Đồng",5 m,2 phòng,"4,2 tỷ- 96 m2",Đông,Nhà phố liền kề,96 m²,"- Bán nhà hẻm Nguyễn Trung Trực - Phường 4 - TP Đà Lạt
- Nhà như hình, có sân đậu ô tô, sổ riêng xây dựng, ngân hàng hỗ trợ vay vốn lên đến 70% giá trị nhà
- Diện tích đất: 96m2 (đất ở đô thị)
- Nhà cấp 4, mới đẹp, nhà gồm 2 phòng ngủ 1 khách 1 bếp 1 wc 
- Nhà cách trung tâm thành phố ~ 2km, khu vực đông dân cư, an ninh, xung quanh đã xây kín nhà, thích hợp định cư lầu dài, mua để dành sinh lời ...
- Pháp lý: sổ riêng xây dựng
- Giá: 4.2 tỷ (thương lượng )
- LH : Mr.Vũ","43,75 triệu/m²",Hoàn thiện cơ bản,85 m²,Đông Bắc,Chung cư,Nở hậu,Mặt bằng kinh doanh
501,,Đất Huyện Bàu Bàng 145m2,2 phòng,B,Đã có sổ,Căn góc,Đã bàn giao,3,Đất thổ cư,40 m²,6,5,29 m,- 145 m2,"Đường Thanh Niên 3, Xã Trừ Văn Thố, Huyện Bàu Bàng, Bình Dương",5 m,2 phòng,535 triệu- 145 m2,Đông,Nhà phố liền kề,145 m2,em cần bán lô đất ở ấp 4 trừ Văn thố bàu bàng Bình Dương sau lưng chợ mới cách chợ khoảng 700 m cách khu công nghiệp Chơn Thành 1 - 2 /800m tổng diện tích 145 mét vuông ngang 5 dài 29 anh chị em nào có nhu cầu mua đầu tư hay xây nhà ở thì ok gọi ngay cho em để xem đất,"3,69 triệu/m2",Hoàn thiện cơ bản,85 m²,Đông Bắc,Chung cư,Nở hậu,Mặt bằng kinh doanh
501,,"Mặt tiền 12m đường ĐT855, thổ 100%, 699 mét vuông",2 phòng,B,Đã có sổ,Căn góc,Đã bàn giao,3,Đất thổ cư,40 m²,6,5,58 m,- 699 m2,"ĐT 855, Xã Hoà Bình, Huyện Tam Nông, Đồng Tháp",12 m,2 phòng,1 tỷ- 699 m2,Đông,Nhà phố liền kề,699 m2,"(Không có nhu cầu đăng tin ở các trang khác nên anh chị em làm bên dịch vụ đăng tin quảng cáo khỏi điện để mất thời gian của anh chị)


Đất chính chủ, giá 1 tỷ (đang gấp bán, thương lượng bớt chút ít)
Mặt tiền 12m, mặt sông 12m, dài hơn 58m (trong giấy là 699 m2), có thể xây nhà trọ khách vãng lai, hoặc nhà yến, bãi vật liệu xây dựng....
Mùa lũ nên đất đang bị ngập nước, mùa khô thì không bị ngập, hihi
Giấy tờ rõ ràng, dễ mua bán
Hướng từ Tràm Chim vô Hòa Bình, đất nằm bên tay trái, đầu tuyến dân cư Hòa Bình","1,43 triệu/m2",Hoàn thiện cơ bản,85 m²,Đông Bắc,Chung cư,Mặt tiền,Mặt bằng kinh doanh
501,,Cần ra lô đất gấp 5x18 để về quê,2 phòng,B,Đã có sổ,Căn góc,Đã bàn giao,3,Đất thổ cư,40 m²,6,5,18 m,- 80 m2,"Đường ĐT 741, Phường Mỹ Phước, Thị xã Bến Cát, Bình Dương",5 m,2 phòng,680 triệu- 80 m2,Đông,Nhà phố liền kề,80 m2,"Cần tiền về quê kinh doanh cần ra lô đất 2 mặt tiền
Nằm ngay trục đường DT741 (Ql14) đối diện trường học 
➡️ Đất thuộc phường Chánh Phú Hòa. Bến Cát. Bình Dương.
➡️ Diện tích: 5x18. Tc:100% SHR
➡️Vị trí đẹp , Đường Thông Bàn Cờ. Cho việc kinh doanh. buôn bán
🌲🌲 Tiện ích xung quanh đầy đủ: Chợ. ủy ban nhân dân. Ngân hàng. Trường cấp 1.2.3 
Công viên cây xanh , đèn chiếu sáng , điện âm nước máy.
👉 Sát KCN: visip2. Tân Bình BD.mỹ phước 1,2,3 
Gần trung tâm hành chính Thành phố mới 
👉Giá: 680tr hổ trợ ngân hàng 50% sở hữu lô đất đẹp như mơ .","8,5 triệu/m2",Hoàn thiện cơ bản,85 m²,Đông Bắc,Chung cư,Mặt tiền,Mặt bằng kinh doanh
501,,Đất Chính Chủ Cần Bán Gấp - Giá 37.5 Tỷ,2 phòng,B,Đã có sổ,Căn góc,Đã bàn giao,3,Đất thổ cư,40 m²,6,5,18 m, GIÁ TỐT,"An dương vương, Phường Bình Trị Đông, Quận Bình Tân, Tp Hồ Chí Minh",5 m,2 phòng,"37,5 tỷ GIÁ TỐT- 474.3 m2",Đông,Nhà phố liền kề,474.3 m2,"- Đất thổ cư 100%, 
- Hẻm xe tải vào được, Thuận lợi di chuyển đến trung tâm
- Đất Quy hoạch Khu dân cư hiện hữu
- Xây Dựng tự do hoặc Phù Hợp xây dựng Căn Hộ Mini ...
- Giá 37.5 Tỷ, Liên hệ gấp để xem vị trí đất và sổ .
Bán kính đầy đủ tiện nghi siêu thị, chợ ,trường học...
- Vị trí cực đẹp thuận lơi cho đầu tư .
-> Khu vực này được định giá cực hót trên thị trường Bđs Tp.HCM
☘Nhanh tay liên hệ số điện thoại trên bài để biết thêm thông tin chi tiết về đất.☘️
Xin chân thành cảm ơn !♥️","79,11 triệu/m2",Hoàn thiện cơ bản,85 m²,Đông Bắc,Chung cư,Nở hậu,Mặt bằng kinh doanh
501,,"BÁN NHÀ 4 TẦNG HẺM XE HƠI P. LINH ĐÔNG, DT 230M2",4 phòng,B,Đã có sổ,Căn góc,Đã bàn giao,3,Đất thổ cư,40 m²,6,4,10 m,- 50.1 m2,"Đường Số 22, Phường Linh Đông, Quận Thủ Đức, Tp Hồ Chí Minh",5 m,5 phòng,"5,7 tỷ- 50.1 m2",Đông,Nhà phố liền kề,50.1 m²,"BÁN NHÀ MẶT TIỀN HẺM THÔNG, P. LINH ĐÔNG THỦ ĐỨC, THIẾT KẾ ĐẬU XE HƠI 7 CHỖ
- Vị trí: HẺM 17 Đường 22, Linh Đông, kế bên chung cư 4S, ra Phạm Văn Đồng 300m. Đường trước nhà 6m trải nhựa, xung quanh nhà lầu đã xây kín, dân trí cao, khu vực kHÔNG bị ngập nước.
- Diện tích: 5x10 = 50m2 thiết kế: trệt + lửng + 2 lầu + tum gồm khoang để xe hơi 25m2 + P.Bếp + P.Khách + 4PN + P.Thờ + 5WC + Sân thượng trước + sau. Tổng diện tích sử dụng 230m2.

- Nội thất: tặng bộ sô pha, bàn ăn, tủ bếp, tủ rượu, tủ quần áo, kệ tv riêng từng phòng
- Hướng: Bắc - Đông Tứ Trạch
- Pháp lý: sổ hồng hoàn công
- Hỗ trợ mọi thủ tục công chứng sang tên
- Hỗ trợ vay ngân hàng

- Giá: 5.7 tỷ bớt lộc
Qúy anh chị quan tâm vui lòng liên hệ - Điệp",114 triệu/m²,Nội thất đầy đủ,230 m²,Bắc,Chung cư,Hẻm xe hơi,Mặt bằng kinh doanh
501,,Hơn nữa xào đất Chỉ có mấy trăm để đầu tư tại BB,4 phòng,B,Đã có sổ,Căn góc,Đã bàn giao,3,Đất nông nghiệp,40 m²,6,4,109 m,- 548 m2,"Đường 71, Thị trấn Lai Uyên, Huyện Bàu Bàng, Bình Dương",5 m,5 phòng,775 triệu- 548 m2,Đông,Nhà phố liền kề,548 m2,"Giáp chủ cần bán 
- Diện tích lô 548m2 
- Sổ hồng cầm tay - kí công chứng sang tên ngay khi mua
- Đường 8m nhựa, có đèn đường chiếu sáng
-có Ngân hàng hỗ trợ vay 50%
gần ngay Trung Tâm Hành chính Bàu Bàng (trục đường Mỹ Phước Tân Vạn hoàn thiện 95%) đầu tư mấy trăm sang năm bán mấy tỷ
Ai cần nhanh tay liên hệ em","1,41 triệu/m2",Nội thất đầy đủ,230 m²,Bắc,Chung cư,Mặt tiền,Mặt bằng kinh doanh
501,,Bán 2 dãy trọ thuê kin gần khu du lịch đại Nam,nhiều hơn 10 phòng,B,Đã có sổ,Căn góc,Đã bàn giao,3,Đất nông nghiệp,40 m²,6,4,30 m,- 300 m2,"Đường Lê Hồng Phong, Phường 10, Quận Gò Vấp, Tp Hồ Chí Minh",10 m,Nhiều hơn 6 phòng,"1,75 tỷ- 300 m2",Đông,"Nhà mặt phố, mặt tiền",300 m²,"Tôi muốn bán lại 2 dãy nằm trong khu đô thị BD nằm gần ngay khu du lịch Đại Nam cách trung tâm sài gòn tầm 23 dặm. 

Diện tích : 300m2 (10 x 30) tôi xây 14 phòng 2 kiot (chia làm 2 dãy). 

Thu nhập trung bình 15tr/thang . Giá 1ty750/1day Đất thổ cư 100%, chính chủ , sổ hồng.

Nội thất thiết bị cao cấp , tôi tính để làm lâu năm nên rất kĩ về mặt chất lượng . 

Tôi tuổi cũng cao đi lại cũng khó nên có gửi lại người quản lí nhà trọ trong coi , họ phụ trách thu tiền và coi ngó sữa chữa các thiết bị và 3 tháng họ chuyển khoảng về tui 1 lần . rất tiện a/c mà mua nếu muốn gửi lại thì làm hợp đồng với họ luôn.

 A/c muốn thêm thông tin liên hệ tôi sẽ nói rõ hơn .tks a/c đã xem tin","5,83 triệu/m²",Nội thất đầy đủ,230 m²,Nam,Chung cư,Mặt tiền,Mặt bằng kinh doanh
501,,"Bán nhà, Yên Hòa, Cầu Giấy, 60m2, giá nhỉnh 5.3 tỷ",6 phòng,B,Đã có sổ,Căn góc,Đã bàn giao,3,Đất nông nghiệp,40 m²,6,4,30 m,- 60 m2,"Yên hòa, Phường Yên Hoà, Quận Cầu Giấy, Hà Nội",10 m,5 phòng,"5,3 tỷ- 60 m2",Đông,"Nhà ngõ, hẻm",60 m²,"Bán nhà, Yên Hòa, Cầu Giấy, 60m2, giá nhỉnh 5.3 tỷ : LH 61
+ Nhà hướng Đông, thoáng sau lại hướng Nam, mát mùa hè, ấm mùa đông.
+ Khách xem là mê, tuyệt phẩm, thoáng trước sau, nhà tuyệt đẹp.
Tiện ích nhiều, là trung tâm Cầu Giấy, nhiều Trường Đại Học, lưu thông đường Nguyễn Khang, Cầu Giấy,....thuận tiện gần trường Gần chợ.
 + Nhà chủ tự xây, chắc chắn, thoáng sáng tự nhiên. 
+ Thiết kế chuẩn công năng, gồm phòng khách, phòng thờ và 6 phòng ngủ
+ Sổ đỏ đẹp mê li. 
+ Giá nhỉnh 5.3 tỷ.
*Hùng Bích Thượng Thổ, để được đến với một thửa đất thật sự đáng sống. Hãy đến xem để cảm nhận vẻ đẹp, tư vấn nhiệt tình. Miễn phí hoàn toàn đi xem hoặc mua được đất.","88,33 triệu/m²",Nội thất đầy đủ,230 m²,Nam,Chung cư,Mặt tiền,Mặt bằng kinh doanh
501,,Lô dâtd sát kqh Thanh Lam chỉ 7xxtr - Hướng Nam,6 phòng,B,Đã có sổ,Căn góc,Đã bàn giao,3,Đất thổ cư,40 m²,6,4,30 m,- 84 m2,"Đường Nguyễn Viết Xuân, Phường Thủy Phương, Thị xã Hương Thủy, Thừa Thiên Huế",10 m,5 phòng,"760,56 triệu- 84 m2",Đông,"Nhà ngõ, hẻm",84 m2,"☘Lô Đất Đẹp Khổ Đẹp Kiêt Nguyễn Viết Xuân, Thủy Phương, Huế. cách mặt tiền đường chính chỉ 15m 

📌 Giá: 760 triệu - Diện tích: 84m2 
👉 khu cực cáo ráo. Xe lưu thông nhiều hướng. ô tô thoải mái di chuyển.Sát ngay khu quy hoạch Thanh Lam
👉 Thích hợp đầu tư - an cư 

Liên hệ em Hằng để xem đất 
Trân trọng!","9,05 triệu/m2",Nội thất đầy đủ,230 m²,Nam,Chung cư,Hẻm xe hơi,Mặt bằng kinh doanh
501,,Nhà mặt tiền GiGaMall Phạm Văn Đồng Thủ Đức SHR,5 phòng,B,Đã có sổ,Căn góc,Đã bàn giao,3,Đất thổ cư,40 m²,6,3,14 m,- 60 m2,Đường Phạm Văn Đồng,4.7 m,6 phòng,"8,52 tỷ- 60 m2",Đông,"Nhà mặt phố, mặt tiền",60 m²,"Dự án: nhà mặt tiền đường số Phạm Văn Đồng
Thông tin chi tiết: Bán nhà xây mới mặt tiền đường số Phạm Văn Đồng ngay Gigamall, Hiệp Bình Chánh, Thủ Đức
- Diện tích: 4,6x14 xây kiên cố 3 lầu, đặc biệt có lửng tối đa diện tích.
- Nội thất cao cấp, bảo hành 3 năm
- Sổ Hồng Riêng, ngân hàng hỗ trợ vay tối đa
- Kế bên trung tâm thương mại GiGAMall, ngã tư Bình Triệu nên di chuyển đến Quận 1, Bình Thạnh, Sân Bay, Quận 2 nhanh chóng
- mặt tiền có thể kinh doanh mọi ngành nghề, ở kết hợp văn phòng Công Ty, đầu tư cho thuê.
- Giá 8,52 tỷ
Alo Trúc xem nhà và nhận sổ
Cảm ơn đã đọc tin!",142 triệu/m²,Nội thất cao cấp,210 m²,Nam,Chung cư,Hẻm xe hơi,Mặt bằng kinh doanh
501,,Căn góc Chung cư Lê Thành 60m² 2PN,2 phòng,B,Đã có sổ,Căn góc,Đã bàn giao,3,Đất thổ cư,60 m²,6,3,14 m,- 60 m2,"113/89, 113/89 Đường An Dương Vương, Phường An Lạc, Quận Bình Tân, Tp Hồ Chí Minh",4.7 m,1 phòng,"1,43 tỷ- 60 m2",Đông,"Nhà mặt phố, mặt tiền",60 m²,"Không có nhu cầu ở bán căn hộ Lê Thành An Dương Vương.
Căn góc lầu cao thoáng mát.
Không ngập nước, không kẹt xe.
Diện tích 60m2, 2pn, 1wc.
Sổ hồng chính chủ.","23,83 triệu/m²",Nội thất cao cấp,210 m²,Nam,Chung cư,Hẻm xe hơi,Mặt bằng kinh doanh
501,,"Bán nhà 4 tầng Vân Canh giá rẻ.ngõ 2,5m.dt:31m2",3 phòng,B,Đã có sổ,Căn góc,Đã bàn giao,3,Đất thổ cư,60 m²,6,4,14 m,- 31 m2,"Hậu Ái, Xã Vân Canh, Huyện Hoài Đức, Hà Nội",4.7 m,4 phòng,"1,8 tỷ- 31 m2",Đông,"Nhà ngõ, hẻm",31 m²,"Chỉ 900 triệu dễ dàng sở hữu căn nhà 4 tầng xây mới với vị trí đẹp tại Vân Canh- Hoài Đức.
Vị trí nằm trong làng Hậu Ái- Vân Canh
Bên cạnh trục đường vành đai 3.5 đang thi công
Gần điểm kết nối với đường TrỊnh Văn Bô ( Trần Hữu Dực )
Dt: 31m2
Mặt tiền: 4,5m
Hướng: Bắc
Đường vào 2,5m
Ô tô đỗ cách 50m
Nhà được thiết kế và xây dựng theo phong cách tân cổ điển nhà phố
- tầng 1: phòng khách, bếp, wc, chỗ để xe
- tầng 2,3: mỗi tầng 1 phòng ngủ, wc
- tầng 4: phòng ngủ, phòng thờ, sân phơi
Danh sách thiết bị nội thất:
- cửa chính 2 lớp: cửa ngoài song sắt, cửa trong gỗ lim ván kính cường lực ( an ninh tuyệt đối cho gia đình) 
- tủ bếp trên và tủ bếp dưới
- tay vịn cầu thang gỗ lim , thanh suốt inox
- bậc cầu thang mặt đá đen Grannit, cổ bậc đá trắng
- thiết bị vệ sinh: sen vòi , bồn rửa mặt, bồn cầu thương hiệu Inax
- cửa phòng ngủ gỗ lim
- trần thạch cao
...
Hoàn thành nhà 4 tầng khách chỉ việc xách vali về ở
Giao thông và tiện ích
- cách UBND Vân Canh 200m
- cách chợ, siêu thị 300m
- cách trường mầm non và cấp 1,2 chỉ 300m, 500m
- đường ngõ bê tông rộng 2,5m
- nước máy sông đà
- nằm trong khu dân trí cao, hàng xóm thân thiện
- cách Mỹ Đình 2,5km
Pháp lý và thủ tục mua bán
- nhà sổ đỏ chính chủ
- thủ tục sang tên nhanh gọn chuẩn pháp lý
Chỉ 900triệu sở hữu ngay ( khoản còn lại vay ngân hàng )
Tổng giá trị 1,8 tỷ ( có thương lượng) 
Bao tất cả chi phí sang tên sổ sách","58,06 triệu/m²",Hoàn thiện cơ bản,210 m²,Bắc,Chung cư,Nở hậu,Mặt bằng kinh doanh
501,,Nhà 1 trệt 2 lầu Thuận An 80m² gần Miếu Ông Cù,4 phòng,B,Đã có sổ,Căn góc,Đã bàn giao,3,Đất thổ cư,60 m²,6,3,16 m,- 80 m2,"Đường ĐT 743, Phường Bình Chuẩn, Thị xã Thuận An, Bình Dương",5 m,4 phòng,"2,55 tỷ- 80 m2",Đông,"Nhà mặt phố, mặt tiền",80 m²,"Cần bán căn nhà mới xây , kiểu dáng sang trọng , nhà được đúc kiên cố , chất liệu cao cấp , trang trí đẹp từ ngoài vào bên trong 

Vị trí : Mặt đường DT 743 . Phường Bình Chuẩn . TP Thuận An . Bình Dương , khu vực dân cư đông đúc , an ninh cao , kinh doanh mua bán hay mở văn phòng đều được 

Diện tích 80m2 ( 5 x 16 )
Diện tích sử dụng : 220m2 xây dựng 1 trệt 2 lầu 
Nhà mới toanh , bao gồm 4 phòng ngủ , 4 tolet , 1 phòng thờ , có cả sân thượng được thiết kế phía giữa mái 
Nội thất đầy đủ tiện nghi phục vụ sinh hoặc 
Giá 2 tỷ 550 còn thương lượng 
Đường trước nhà 8m đường nhựa có cả vỉa hè 4m , xung quanh cây xanh thoáng mát tạo không khí trong lành sau những ngày làm việc mệt mỏi 

Liên hệ a Đạt số điện thoại trên để xem nhà","31,88 triệu/m²",Nội thất đầy đủ,220 m²,Bắc,Chung cư,Nở hậu,Mặt bằng kinh doanh
501,,NHÀ NGÕ 344 NGỌC THỤY-TẶNG NỘI THẤT-NGÕ THÔNG,3 phòng,B,Đã có sổ,Căn góc,Đã bàn giao,3,Đất thổ cư,60 m²,6,4,16 m,- 35 m2,"ngoc thuy, Phường Ngọc Thụy, Quận Long Biên, Hà Nội",5 m,3 phòng,"2,7 tỷ- 35 m2",Đông,"Nhà ngõ, hẻm",35 m²,"BÁN GẤP NHÀ NGÕ 344 NGỌC THỤY-TẶNG NỘI THẤT-CÁCH 1 NHÀ RA MẶT NGÕ ÔTÔ TRÁNH-NGÕ THÔNG-GIÁ 2.7 TỶ 

-LIÊN HỆ : (khanh)


-vi trí;
Nhà xây mới 4 tầng mặt tiền 5.2m ngõ thông,nhà cách 5m ra mặt ngõ to ôtô chạy vòng quanh,gần khu đt khai Sơn ,trường việt pháp,đường 40m thông Hồng tiến,giao thông quá thuận tiện ,khu vực đang phát triển tập trung nhiều người nước ngoài sinh sống,nhà cách chợ,trường học các cấp 100m ,đi sân bay chưa đến 30p ,cách cầu long biên,chương dương 2km ,sang trung tâm phố cổ mất 10p đi xe,an ninh tốt,dân trí cao,thoáng mát,yên tĩnh

-Thiết kế; 
Nhà xây mới 4 tầng Thiết kế đấy đủ nội thất khách mua chỉ việc về ở
T1:phòng khách-bếp 
T2.3: mỗi tầng 1 ngủ-vs
T4: phòng thờ-sân phơi

- sổ đỏ chính chủ (giao dịch luôn)","77,14 triệu/m²",Nội thất đầy đủ,35 m²,Bắc,Chung cư,Hẻm xe hơi,Mặt bằng kinh doanh
501,,Nhà mặt tiền12m An phú an khánh thương lượng mạnh,4 phòng,B,Đã có sổ,Căn góc,Đã bàn giao,3,Đất thổ cư,60 m²,6,4,20 m,- 80 m2,"Đường 31, Phường An Phú, Quận 2, Tp Hồ Chí Minh",4 m,4 phòng,15 tỷ- 80 m2,Đông,"Nhà mặt phố, mặt tiền",80 m²,"ID 263545
Bán nhà mặt tiền đường 12m, phường An Phú, Quận 2 - Hướng Đông Nam.

- Diện tích 80m2 ( 4m x 20m ), DTSD 228.8m2.

- Kết cấu nhà: 1 trệt, 3 lầu, 4 phòng ngủ, 4 WC.

- Nội thất cao cấp, được trang bị đầy đủ, tiện nghi, có trang bị thang máy.

- Mặt tiền đường 12m, phương tiện lưu thông thoải mái.

- Khu dân cư đông đúc, an ninh, dân trí cao.

- Hiện đang cho thuê 2 tầng 1 và tầng trệt, 2 tầng trên đang để ở.

- Tiện ích xung quanh đa dạng: Công viên lớn, siêu thị, bệnh viện quốc tế, trường học,...

- Vị trí thuận tiện di chuyển sang các quận trung tâm: Quận 1, Bình Thạnh, Thủ Đức,...

- Sổ hồng có sẵn, sang tên nhanh chóng.","187,5 triệu/m²",Nội thất đầy đủ,229 m²,Đông Nam,Chung cư,Hẻm xe hơi,Mặt bằng kinh doanh
501,,Nhà ở 2 mặt tiền,2 phòng,B,Đã có sổ,Căn góc,Đã bàn giao,3,Đất thổ cư,60 m²,6,2,11.5 m,- 86 m2,Đường Đào Duy Từ,7.5 m,2 phòng,4 tỷ- 86 m2,Đông,"Nhà ngõ, hẻm",86 m²,"Dự án: Nhà ở 2 mặt tiền.
 Thông tin chi tiết: Mình cần bán nhà 2 tầng diện tích 7,5.11,5 m^2 ở khu vực ngõ 130, đường Đào Duy Từ, phố 10, phường Đông Thành, tp Ninh Bình.Khu vực trung tâm ngay cạnh phố đi bộ, siêu thị, trường học. ( nhà đã có sổ đỏ chính chủ, hai mặt tiền hướng Tây và hướng Nam, đường rộng 7m oto đi lại và để thoải mái,có fix giá cho ai thiện chí mua nhà.)
Liên hệ : .","46,51 triệu/m²",Nội thất đầy đủ,80 m²,Nam,Chung cư,Hẻm xe hơi,Mặt bằng kinh doanh
BT5,,CC bán biệt thự KĐT Văn Quán gần hồ Văn Quán 216m2,6 phòng,BT4,Đã có sổ,Căn góc,Đã bàn giao,3,Đất thổ cư,60 m²,6,4,11.5 m,- 216 m2,"Đường Yên Phúc, Phường Văn Quán, Quận Hà Đông, Hà Nội",12 m,6 phòng,"18,99 tỷ- 216 m2",Đông,Nhà biệt thự,216 m²,"+ Biệt thự Khu đô thị Văn Quán gần hồ Văn Quán, trường Ban Mai, đường rộng xe tải tránh, vỉa hè rộng.
+ Liên hệ: (em Hùng Hà Đông U40).
+ Khu vực dân trí cao, an ninh tốt, không khí trong lành, nhiều cây xanh, mát mẻ quanh năm.
+ Thích hợp làm văn phòng, trường học, phòng khám, ở hoặc cho thuê đều được.
+ Tôi người thật thà, bán nhà sát giá, khỏi cần mặc cả, xem nhà là thích. Giá hợp lý chỉ 18.99 tỷ (tặng cây vàng cho khách hàng thiện chí).
+ Liên hệ: (em Hùng Hà Đông U40).
+ Hãy đăng ký ngay để không bỏ lỡ những căn nhà đẹp giá tốt:
+ Zalo, viber: .
+ Nhanh tay nhấc máy không khách khác mua mất lại tiếc ạ.
+ Bán cả Hà Đông không lo về giá, làm việc đàng hoàng không màng lợi nhuận.","87,92 triệu/m²",Nội thất đầy đủ,80 m²,Nam,Chung cư,Nở hậu,Mặt bằng kinh doanh
BT5,,"Bán Nhà Tân Xuân Hóc Môn 1,25 tỷ",2 phòng,BT4,Đã có sổ,Căn góc,Đã bàn giao,3,Đất thổ cư,60 m²,6,4,9 m,- 36 m2,"Đường Tân Xuân 6, Xã Tân Xuân, Huyện Hóc Môn, Tp Hồ Chí Minh",4 m,1 phòng,"1,25 tỷ- 36 m2",Đông,"Nhà ngõ, hẻm",36 m²,"Dự án: Bán Nhà Tân Xuân Hóc Môn 1,25 tỷ.
 Thông tin chi tiết: Cần bán nhà mới Tân Xuân Hóc Môn
- Diện tích 4m x 9m, đúc 1 tấm, 2PN, WC. Sổ hồng chung, có giấy phép xây dựng, số nhà Huyện. Khu dân cư hiện hữu bao quy hoạch, mua bán ccvb.

- Đường 4m xe 7 chỗ đậu trước cửa, nước máy, đồng hồ điện riêng. Khu dân đông, an ninh, yên tĩnh. 
Địa chỉ : ấp Mỹ Hòa 3, Xã.Tân Xuân, H. Hóc Môn.
Giá : 1,25 tỷ.","34,72 triệu/m²",Nội thất đầy đủ,50 m²,Nam,Chung cư,Nở hậu,Mặt bằng kinh doanh
BT5,,"Bán nhà 2 mặt tiền đường số 14,p8, Gò Vấp",3 phòng,BT4,Đã có sổ,Căn góc,Đã bàn giao,3,Đất thổ cư,60 m²,6,4,11 m,- 72 m2,"86/34 đường số 14, phường 08, Gò vấp, Phường 3, Quận Gò Vấp, Tp Hồ Chí Minh",7 m,3 phòng,"5,2 tỷ- 72 m2",Đông,"Nhà ngõ, hẻm",72 m²,"Giá: 5 tỷ 200 triệu
✍✍Nhà 2 MT 86/34 đường số 14, p8, Gò Vấp. Hướng Đông Nam

- Diện tích: 7x11, diện tích công nhận 72,6 mét có sẵn 2 căn. 
+1 căn gồm 1 trệt, 1 lầu, 2 PN, 1PK, bếp, 2WC
+1 căn gồm 1 trệt, 1 lửng, 2PN, 1WC, bếp...

Tiện về xây mới kiểu biệt thự mini bao đẹp... 

Tiện ích xung quanh đầy đủ các món ăn chơi, ra Quang Trung, Cây Trâm, Công Viên Làng Hoa, gần trường điểm Lương Thế Vinh..., đường xe hơi vô nhà 🚗🚗","72,22 triệu/m²",Nội thất đầy đủ,72 m²,Nam,Chung cư,Hẻm xe hơi,Mặt bằng kinh doanh
BT5,,"Đất Thị xã Phú Mỹ, sổ hồng riêng, công chứng ngay.",3 phòng,BT4,Đã có sổ,Căn góc,Đã bàn giao,3,Đất thổ cư,60 m²,6,4,28 m,- 140 m2,"Dường Hội Bài-Châu Pha, Xã Tân Hoà, Thị xã Phú Mỹ, Bà Rịa - Vũng Tàu",5 m,3 phòng,395 triệu- 140 m2,Đông,"Nhà ngõ, hẻm",140 m2,"Đất mặt tiền đường Vành Đai 4, sát khu du lịch Núi Dinh, Cách quốc lộ 51 2km.
Cách trung tâm hành chính, bệnh viện, siêu thị/chợ, trường học các cấp chỉ 5 phút chạy xe. 
Diện tích : 140m2, 100m2 thổ cư.
Còn 1 lô 414m2, 174m2 thổ cư, thích hợp xây nhà nghỉ, khách sạn hoặc homestay phục vụ du lịch.
Giá : 395tr/nền.
Sổ hồng riêng từng nền, công chứng ngay khi đủ tiền.","2,82 triệu/m2",Nội thất đầy đủ,72 m²,Nam,Chung cư,Mặt tiền,Mặt bằng kinh doanh
BT5,,"4 x 18 đúc 3 tấm, hẻm 6m thông, pH. H. Ích p15 TB",4 phòng,BT4,Đã có sổ,Căn góc,Đã bàn giao,3,Đất thổ cư,60 m²,6,4,18 m,- 69 m2,"Đường Phan Huy Ích, Phường 15, Quận Tân Bình, Tp Hồ Chí Minh",4 m,5 phòng,"6,7 tỷ- 69 m2",Đông,"Nhà ngõ, hẻm",69 m²,"Cần bán căn nhà hẻm 118 Phan huy ích phường 15 Tân bình 
Diện tích: 4m x 18m
Diện tích sàn: 230m2
1 trệt lững 3 lầu gồm 4 phòng ngủ, wc riêng từng phòng, tầng lững là phòng khách, tầng trệt anh chị để xe hơi,phòng thờ, sân thượng trước sau, giếng trời, sân để xe máy . Đầy đủ công năng cho ngôi nhà 
Nhà xây ở nên rất chắc chắn và kiên cố, xây kiểu lệch tầng rộng rãi và không gian thoáng mát 
Nhà còn rất mới không có thấm dột hay vết nứt nào anh chị đến xem sẽ biết 

Vị trí hẻm trước nhà 6m thông nhiều hướng gần chợ Bảo ngọc Tú xe tải vào tận nhà khu an ninh lịch sự hàng xóm thân thiện 

Sổ hồng riêng hoàn công đủ hợp pháp 
Cam kết thông tin và hình ảnh chính xác rõ ràng 

Giá trên vẫn còn thương lượng cho anh chị thiện chí đến xem nhà","97,1 triệu/m²",Nội thất cao cấp,230 m²,Tây Bắc,Chung cư,Hẻm xe hơi,Mặt bằng kinh doanh
BT5,,Bán đất đường hoàng hoa thám đà lạt,4 phòng,BT4,Đã có sổ,Căn góc,Đã bàn giao,3,Đất thổ cư,60 m²,6,4,18 m,- 300 m2,"Đường Hoàng Hoa Thám, Phường 10, Thành phố Đà Lạt, Lâm Đồng",4 m,5 phòng,"6,7 tỷ- 300 m2",Đông,"Nhà ngõ, hẻm",300 m2,"bán lô đất xây dựng 300 m2. đường Hoàng Hoa Thám phường 10 thành phố Đà Lạt vị trí đất đẹp nằm trên cao nhìn xuống thung lũng thích hợp vừa ở vừa kinh doanh Homestay .nhà nghỉ cà phê .sổ riêng xây dựng giá bán 6,7 tỷ thương lượng trực tiếp","22,33 triệu/m2",Nội thất cao cấp,230 m²,Tây Bắc,Chung cư,Hẻm xe hơi,Mặt bằng kinh doanh
BT5,,ĐẤT NỀN GIÁ RẺ VỊ TRÍ ĐẸP ĐỐI DIỆN TRƯỜNG HỌC,4 phòng,BT4,Đã có sổ,Căn góc,Đã bàn giao,3,Đất thổ cư,60 m²,6,4,42 m,- 210 m2,"DX, Đường Quốc lộ 14||16824, Thị trấn Chơn Thành, Huyện Chơn Thành, Bình Phước",5 m,5 phòng,420 triệu- 210 m2,Đông,"Nhà ngõ, hẻm",210 m2,"Đường ô tô 7m - Dân ở tấp nập
Vị trí đẹp giá rẻ thị trường xung quanh
ĐẶC BIỆT SỔ HỒNG RIÊNG CÓ SẴN
Diện tích trên 200m2 - thổ cư 100
Giá cực rẻ chỉ 350 triệu",2 triệu/m2,Nội thất cao cấp,230 m²,Tây Bắc,Chung cư,Mặt tiền,Mặt bằng kinh doanh
BT5,,Đất sổ hồng 100m Xã Tây Hoà huyện trảng bom,4 phòng,khu dân cư tây hoà,Đã có sổ,Căn góc,Đã bàn giao,5,Đất nông nghiệp,60 m²,6,4,20 m,- 100 m2,"Tây Hoà 5, Xã Tây Hoà, Huyện Trảng Bom, Đồng Nai",5 m,5 phòng,169 triệu- 100 m2,Đông,"Nhà ngõ, hẻm",100 m2,"🔥🔥 Đất gần kề KCN Bàu Xéo. 
💥💥 Giá từ 169tr - 260tr 💥
🇻🇳 Sổ hồng đứng tên. 
🌞 Không bán giấy tờ tay.
👉 KCN Bàu Xéo 5 phút. 
👉 Quốc lộ 1A, chợ, UBND, nhà thờ Lộc Hòa 5 phút. 
👉 Trường cấp 2 Huỳnh Thúc Kháng 3 phút. 
👉Trường cấp 1 Nguyễn Tri Phương 4 phút........ Đầy đủ tiện ích trong bán kính 2km.... 
✍️: Đất đẹp, cao ráo, bằng phẳng( Không tranh chấp, không quy hoạch) Rõ ràng từng lô
✍️: Giá mềm khu vực Tây Hoà. 
✍️: Hỗ trợ xây dựng cho khách hàng
✍️: Hỗ trợ mua bán lại theo yêu cầu của khách hàng.","1,69 triệu/m2",Nội thất cao cấp,230 m²,Đông,Chung cư,Mặt tiền,Mặt bằng kinh doanh
BT5,,"CHÍNH CHỦ, BIỆT THỰ 6,4x13M, 04 TẦNG , 05 PHÒNG.",4 phòng,khu dân cư tây hoà,Đã có sổ,Căn góc,Đã bàn giao,5,Đất nông nghiệp,60 m²,6,4,13.5 m,- 80 m2,"Đường Huỳnh Tấn Phát, Thị trấn Nhà Bè, Huyện Nhà Bè, Tp Hồ Chí Minh",6 m,5 phòng,"5,5 tỷ- 80 m2",Đông,Nhà phố liền kề,80 m²,"* Kính chào quý khách! 
* Công ty xây dựng và trực tiếp bán nhà phố sổ hồng riêng, khu dân cư biệt lập có cổng bảo vệ, camera an ninh, công viên, đèn đường.......
* Diện tích: 6,2x13m, trệt 02 lầu + sân thượng chuồng cu rất rộng .
* Kết cấu: 05 phòng ngủ, 05 toilets, đường trước nhà 06m, xe hơi vào tận nhà.
* Phong thủy: Còn nhiều căn hướng khác nhau nên hợp cho quý khách Đông Tứ Trạch lẫn Tây Tứ Trạch.
* Công ty chúng tôi có rất nhiều căn đã hoàn thiện cho quý khách có nhu cầu ở liền. Ngoài ra có những căn đang xây phần thô như hình thiết kế, nhà đang hoàn thiện nên sẽ thiết kế nhà theo ý khách nếu khách mua lúc này mẫu gạch, màu sơn, chỉnh sửa các phòng, nội thất......................
* Lưu ý: Nhà do Công ty xây dựng và bán trực tiếp nên quý khách có những ưu đãi đặc biệt sau:
+ Thứ , nếu mua nhà đang hoàn thiện sẽ thanh toán theo tiến độ .........
+ Thứ hai, nhà được công ty bảo hành 01 năm (có thể lâu hơn).... ‭
+ Thứ ba, là pháp nhân, nên hợp đồng đặt cọc và giấy giao nhận tiền có đóng dấu công ty, pháp lý rõ ràng và hợp pháp!
+ Thứ n,...
* Giá bán: 5,5 tỷ ( ngân hàng hỗ trợ vay 3,5 tỷ).
———-*—————*—————
𝐂𝐎̂𝐍𝐆 𝐓𝐘 𝐓𝐍𝐇𝐇 𝐁𝐀̂́𝐓 Đ𝐎̣̂𝐍𝐆 𝐒𝐀̉𝐍 𝐆𝐈𝐀𝐍𝐆 𝐋𝐀𝐖
* Đ/c: 1979/16 Huỳnh Tấn Phát, thị trấn Nhà Bè, huyện Nhà Bè.
* Xin vui lòng liên hệ * 𝐌𝐫.𝐆𝐢𝐚𝐧𝐠* hoặc kết bạn zalo để được tư vấn tận tình và chu đáo.
Cảm ơn vì đã xem tin!","68,75 triệu/m²",Nội thất cao cấp,320 m²,Đông,Chung cư,Nở hậu,Mặt bằng kinh doanh
BT5,,Đất Thành phố Đà Lạt 345m2 KQH Golf Valley,4 phòng,Khu quy hoạch Golf Valley,Đã có sổ,Căn góc,Đã bàn giao,5,Đất thổ cư,60 m²,6,4,23 m,- 345 m2,"Đường Bùi Thị Xuân, Phường 2, Thành phố Đà Lạt, Lâm Đồng",15 m,5 phòng,32 tỷ- 345 m2,Đông,Nhà phố liền kề,345 m2,"CẦN BÁN LÔ ĐẤT BIỆT THỰ KQH GOLF VALLEY _ P2 _ TP ĐÀ LẠT . GIÁ RẺ NHẤT KHU VỰC 
- Diện tích: 345m2 _ full xây dựng ( full thổ cư ) ; 
 Ngang : 15m ; Dài : 23m.
- Hướng : Đông Nam 
- Pháp lý: sổ riêng chính chủ 
- Mô tả: lô đất nằm vị trí vip , gần trung tâm , ra hồ xuân hương 2p đi bộ . Đường xá rộng rãi , có công viên , sân tennis , cách sân Golf Đồi Cừu Đà Lạt 2p đi bộ. Xung quanh nhiều biệt thự sang trọng , nhiều khách sạn lớn đẹp. 
- Cấu trúc: mật độ xây dựng 50% , Biệt Thự Sân Vườn. 
- Giao thông : oto né nhau. 
- Giá :32ti. 
 ----------------------------------------
Mọi thông tin xin liên hệ Hotline : 
 🥰 THỊNH VƯỢNG LAND 🥰","92,75 triệu/m2",Nội thất cao cấp,320 m²,Đông Nam,Chung cư,Mặt tiền,Mặt bằng kinh doanh
BT5,,Bán gấp sổ riêng 1000m2 ngay KCN dân ở xung quanh,4 phòng,Khu quy hoạch Golf Valley,Đã có sổ,Căn góc,Đã bàn giao,5,Đất nông nghiệp,60 m²,6,4,40 m,- 1.000 m2,"đường tây hoà sông trầu, Xã Sông Trầu, Huyện Trảng Bom, Đồng Nai",25 m,5 phòng,750 triệu- 1.000 m2,Đông,Nhà phố liền kề,1000 m2,"Anh chị nào muốn mua 1 sào lẻ 1000m2 đầu tư hoặc mua để đó thì gọi e nhé 
Hiện tại e đang có sào đẹp gần ngay KCN Bàu Xéo
Có dân cư ở, đường 5m
Sổ riêng 1000m. 
Giá 750tr. Thương lượng trực tiếp chủ
Lh : 0784.069.669. Gặp Thuý để dẫn xem đất",750.000 đ/m2,Nội thất cao cấp,320 m²,Đông Nam,Chung cư,Hẻm xe hơi,Mặt bằng kinh doanh
BT5,,"Nhà 2 mặt tiền thôn Như Xuân, xã Vĩnh Phương",2 phòng,Khu quy hoạch Golf Valley,Đã có sổ,Căn góc,Đã bàn giao,5,Đất nông nghiệp,60 m²,6,4,40 m,- 148 m2,"đường hẻm ô tô 4 và 7 chổ vào được, Xã Vĩnh Phương, Thành phố Nha Trang, Khánh Hòa",25 m,1 phòng,"1,1 tỷ- 148 m2",Đông,"Nhà ngõ, hẻm",148 m²,"- Vị trí : trong khu đông dân cư ở, hẻm xe ô tô 4 và 7 chổ vào được
- Mặt tiền: 2
- Hiện trạng: cấp 4 xây còn mới
- Trên đất xây 2 nhà riêng biệt: 1 căn đang cho thuê ổn định giá 2tr5/tháng
- Đất thổ cư: 100 m²
- Mua đầu tư bao lời","7,43 triệu/m²",Nội thất đầy đủ,320 m²,Bắc,Chung cư,Hẻm xe hơi,Mặt bằng kinh doanh
BT5,,"Đất mt 980 NDT P.Phú Hữu 66,2m2 SHR Hướng Đông",2 phòng,Khu quy hoạch Golf Valley,Đã có sổ,Căn góc,Đã bàn giao,5,Đất thổ cư,60 m²,6,4,16.5 m,- 66 m2,"Đường Số 980, Phường Phú Hữu, Quận 9, Tp Hồ Chí Minh",4 m,1 phòng,"3,6 tỷ- 66 m2",Đông,"Nhà ngõ, hẻm",66 m2,"Hàng tốt để ở hoặc đầu tư
Chủ gửi bán 2 lô đất trên đường 980 Nguyễn Duy Trinh, Quận 9
1. Lô đất 66,2m trong hẻm lớn oto tránh nhau trong đường 980
Hướng Tây Nam
Khu dân cư hiện hữu, nhà xây đã gần hết khu vực, 100% đất thổ cư không lộ giới, quy hoạch
Giá 3,6T thương lượng nhẹ 

2. Lô đất Mặt Tiền đường 980 Nguyễn Duy Trinh, Quận 9, cách đường Nguyễn Duy Trinh 70m
Diện tích 72,8m
Hướng Tây Nam
Khu dân cư hiện hữu, 100% đất thổ cư ko lộ giới, quy hoạch
Giá 4,3T thương lượng nhẹ","54,55 triệu/m2",Nội thất đầy đủ,320 m²,Đông,Chung cư,Nở hậu,Mặt bằng kinh doanh
BT5,,Đất Huyện Cần Giuộc 100m2 ngay mặt tiền đường nhựa,2 phòng,Khu quy hoạch Golf Valley,Đã có sổ,Căn góc,Đã bàn giao,700,Đất thổ cư,60 m²,6,4,20 m,- 100 m2,"10, Đường Quốc Lộ 50, Xã Tân Kim, Huyện Cần Giuộc, Long An",5 m,1 phòng,480 triệu- 100 m2,Đông,"Nhà ngõ, hẻm",100 m2,"Đang hoàn thiện công viên
Gồm 30 tiện ích : khu kĩ thuật , trường học , cây xăng , công viên , TTTM , sophuose , ... 
tổng diện tích 10hta , gồm 700 lô đa dạng 
Gần khu công nghiệp , mặt tiền đường nhựa , xe hơi ra vào thoải mái 
Đặc biệt đây là khu đô thị mới đầu tiên của Long An 
Gần UBND , C.A , Bệnh Viện , Điện máy chợ lớn , ...","4,8 triệu/m2",Nội thất đầy đủ,320 m²,Đông,Chung cư,Hẻm xe hơi,Mặt bằng kinh doanh
BT5,,"Nhà Số 9/52 Ngõ 169 Hoàng Mai, 30m/5 Tầng/2.9 Tỷ",3 phòng,Khu quy hoạch Golf Valley,Đã có sổ,Căn góc,Đã bàn giao,700,Đất thổ cư,60 m²,6,5,10 m,- 30 m2,"số 9 ngõ 169/52, Đường Hoàng Mai, Phường Tân Mai, Quận Hoàng Mai, Hà Nội",3.5 m,4 phòng,"2,9 tỷ- 30 m2",Đông,"Nhà ngõ, hẻm",30 m²,"Vị trí nhà thuộc ngõ 169 phố Hoàng Mai, Phường Hoàng Mai, ngõ rộng rãi thông sang phố Đến Lừ, Gốc Đề, thoáng trước sau, giao thông thuận tiện, an ninh tốt, dân trí cao, các tiện ích xung quanh đầy đủ. Nhà mới xây, nội thất đầy đủ giường, tủ, salon, sàn gỗ cao cấp, đá ốp tự nhiên, thiết bị vệ sinh xịn, thiết kế hiện đại, thoáng và sáng từng phòng ngủ.
- Diện tích: 30m, mặt tiền: 3.5m, vuông vắn trước sau
- Thiết kế 5 tầng mới, cầu thang và vệ sinh cuối nhà
Tầng 1: phòng khách, bếp
Tầng 2,3,4: mỗi tầng một phòng ngủ rộng, vệ sinh khép kín
Tầng 5: phòng thờ, sân phơi
- Giá bán: 2.9 Tỷ, có thương lượng, Sổ Đỏ Chính Chủ
- Liên hệ: A.Chiến – Môi Giới Nhà Đất","96,67 triệu/m²",Nội thất đầy đủ,30 m²,Đông,Chung cư,Hẻm xe hơi,Mặt bằng kinh doanh
BT5,,"NỀN GÓC THỔ CƯ - KDC THÀNH CÔNG, BÌNH THUỶ",3 phòng,Khu quy hoạch Golf Valley,Đã có sổ,Căn góc,Đã bàn giao,700,Đất thổ cư,60 m²,6,5,15 m,- 67 m2,"Đường Nguyễn Văn Linh, Phường Long Tuyền, Quận Bình Thuỷ, Cần Thơ",4 m,4 phòng,"1,5 tỷ- 67 m2",Đông,"Nhà ngõ, hẻm",67 m²,"(Chủ gửi)
NỀN GÓC KDC THÀNH CÔNG 
CÁCH NGUYỄN VĂN LINH ~300m
(P. Long Tuyền, Q. Bình Thuỷ)
————————————

- Diện tích: 4,25 x 15,88 = 67,3m2
- Pháp lí: thổ cư 100%
- Hướng: Tây Nam - Đông Nam
- Lộ 4m 

💰Giá bán : 1 tỷ 500 triệu
(Hỗ trợ vay ngân hàng cho KH)
————————————","22,39 triệu/m²",Nội thất đầy đủ,30 m²,Tây Nam,Chung cư,Hẻm xe hơi,Mặt bằng kinh doanh
BT5,,"Bán nhà, Quan Hoa, Cầu Giấy, 65m2, giá 6.4 tỷ",5 phòng,Khu quy hoạch Golf Valley,Đã có sổ,Căn góc,Đã bàn giao,700,Đất thổ cư,60 m²,6,5,15 m,- 65 m2,"Đường Quan Hoa, Phường Quan Hoa, Quận Cầu Giấy, Hà Nội",4 m,5 phòng,"6,4 tỷ- 65 m2",Đông,"Nhà ngõ, hẻm",65 m²,"Bán nhà, Quan Hoa, Cầu Giấy, 65m2, giá 6.4 tỷ : LH 61
+ Nhà nằm vị trí trung tâm quận, ra ngoài rẽ trái là phố Cầu Giấy, rẽ phải là Nguyễn Khánh Toàn, trường học, chợ và các cơ quan ban ngành của quận đều nằm xung quanh.
+ Chủ nhà là người cực kỳ thành đạt do chuyển công tác và đã mua nhà trong Sài Gòn nên bán.
+ Nhà thiết kế để ở nên chắc chắn và rất nghệ thuật, từng chi tiết đều toát lên vẻ sang chảnh như một kiệt tác của công nghệ.
+ Nhà thiết kế tầng 1: Phòng khách, bếp và sân để xe riêng. Các phòng còn lại dành phòng thờ và 5 phòng ngủ, vườn cây cảnh. 
+ Sổ đỏ vuông đẹp chờ giao dịch.
+ Giá chỉ 6.4 tỷ.
*Hùng Bích Thượng Thổ, để được đến với một thửa đất thật sự đáng sống. Hãy đến xem để cảm nhận vẻ đẹp, tư vấn nhiệt tình. Miễn phí hoàn toàn đi xem hoặc mua được đất.","98,46 triệu/m²",Nội thất đầy đủ,30 m²,Tây Nam,Chung cư,Hẻm xe hơi,Mặt bằng kinh doanh
BT5,,Bán nhà hxh gần đường Kha Vạn Cân P.Linh Chiểu.,4 phòng,Khu quy hoạch Golf Valley,Đã có sổ,Căn góc,Đã bàn giao,700,Đất thổ cư,60 m²,6,2,16.2 m,- 64 m2,"CHƯƠNG DƯƠNG, Phường Linh Chiểu, Quận Thủ Đức, Tp Hồ Chí Minh",4 m,4 phòng,6 tỷ- 64 m2,Đông,"Nhà ngõ, hẻm",64 m²,"Bán nhà phường Linh Chiểu quận Thủ Đức, hẻm 6m xe hơi vào tận cửa nhà.
Cách mặt đường Chương Dương chỉ 50m, gần ngã 3 Kha Vạn Cân. Khu dân trí cao, yên tĩnh, văn minh.
DT 4m x 16,3m nhà xây 1 trệt, 2 Lầu, 4 phòng ngủ, 4 toilet, giếng trời sau nhà tạo không gian thoáng giúp nhà luôn đón gió tự nhiên.
Nhà gần trường học các cấp, bệnh viện, Vincom Thủ Đức, di chuyển 5p ra Phạm Văn Đồng, 3p ra Xa Lộ Hà Nội.
Hướng Đông Nam
Giá bán: 6 tỷ (bớt lộc cho khách mua nhanh)
Liên hệ xem nhà trước 30 phút ạ.Xin cảm ơn!","93,75 triệu/m²",Nội thất đầy đủ,160 m²,Đông Nam,Chung cư,Hẻm xe hơi,Mặt bằng kinh doanh
BT5,,"cần bán căn nhà 6.7m x7m đúc 3l,hẻm 6m thông",3 phòng,Khu quy hoạch Golf Valley,Đã có sổ,Căn góc,Đã bàn giao,700,Đất thổ cư,60 m²,6,2,7 m,- 38 m2,"Đường Quang Trung, Phường 12, Quận Gò Vấp, Tp Hồ Chí Minh",6.7 m,4 phòng,"3,9 tỷ- 38 m2",Đông,"Nhà mặt phố, mặt tiền",38 m²,"bán gấp căn nhà 6,7m đúc 3l,giá rất gấp

gồm 3p ngủ,1p khách,1p bếp,4wc

hẻm hiện hữu 6m thông,buôn bán hoặc làm tóc,

buôn bán nhỏ lẻ,giá rất mềm ai có nhu cầu mua ở vừa khuôn tiền mà thuận tiện buôn bán","102,63 triệu/m²",Nội thất đầy đủ,130 m²,Tây Bắc,Chung cư,Hẻm xe hơi,Mặt bằng kinh doanh
BT5,,Đất chính chủ,3 phòng,Khu quy hoạch Golf Valley,Đã có sổ,Căn góc,Đã bàn giao,700,Đất thổ cư,60 m²,6,2,17 m,- 78 m2,"hẻm 246/26, Đường Quốc Lộ 51||17075, Phường Phước Tân, Thành phố Biên Hòa, Đồng Nai",5 m,4 phòng,950 triệu- 78 m2,Đông,"Nhà mặt phố, mặt tiền",78 m2,"nằm sát khu đô thị an Hưng phát đối diện UBN phường Phước Tân.cho hướng phước cách trường cấp 1.2 khoảng 500m.giao thông thuận tiện đi lại.di TP HCM .Bien Hoa.vung tàu.
khu dân cư hiện hữu.an ninh cao","12,18 triệu/m2",Nội thất đầy đủ,130 m²,Tây,Chung cư,Hẻm xe hơi,Mặt bằng kinh doanh
BT5,,"Đất Mỹ Phước 3, Thị xã Bến Cát 125m2",3 phòng,Khu quy hoạch Golf Valley,Đã có sổ,Căn góc,Đã bàn giao,700,Đất thổ cư,60 m²,6,2,25 m,- 125 m2,"Số 4, Phường Thới Hòa, Thị xã Bến Cát, Bình Dương",5 m,4 phòng,"1,2 tỷ- 125 m2",Đông,"Nhà mặt phố, mặt tiền",125 m2,"Cần tiền nên cần bán gấp lô đất 5*25 nằm sát cây xăng thới hoà, Mỹ Phước 3.
Diện tích 5*25 thổ cư 100. Xây dựng tự do.
Mặt tiền đường nhựa, thông ra Ql13. 
Dân cư đông đúc. Vị trí đẹp thuận tiện đầu tư hay ở đều oki hết ạ. Ah chị muốn biết thêm thông tin liên hệ gặp Ngà để được hỗ trợ thêm","9,6 triệu/m2",Nội thất đầy đủ,130 m²,Đông,Chung cư,Mặt tiền,Mặt bằng kinh doanh
BT5,,Cần bán đất nhà đang ở. 400m2 thổ cư. Sổ chính chu,3 phòng,Khu quy hoạch Golf Valley,Đã có sổ,Căn góc,Đã bàn giao,700,Đất thổ cư,60 m²,6,2,35 m,- 730 m2,"ngã tư Thiên Đàng, Xã Bình Thạnh, Huyện Bình Sơn, Quảng Ngãi",21 m,4 phòng,"1,8 tỷ- 730 m2",Đông,"Nhà mặt phố, mặt tiền",730 m2,"Gần trường Mẫu giáo, Cấp 1-2. Gần chợ
Ngã Tư Thiên Đàng, Bình Thạnh- Bình Sơn - Quảng Ngãi
Đất chỉnh chủ","2,47 triệu/m2",Nội thất đầy đủ,130 m²,Đông,Chung cư,Mặt tiền,Mặt bằng kinh doanh
BT5,,Nhà 1 Trệt 2 Lầu 52m2 Ngay Chợ Hiệp Bình Thủ Đức,4 phòng,Khu quy hoạch Golf Valley,Đã có sổ,Căn góc,Đã bàn giao,700,Đất thổ cư,60 m²,6,2,35 m,- 52.2 m2,"Đường Số 36, Phường Hiệp Bình Chánh, Quận Thủ Đức, Tp Hồ Chí Minh",21 m,5 phòng,6 tỷ- 52.2 m2,Đông,"Nhà mặt phố, mặt tiền",52.2 m²,"Nhà Đường số 38, ngay chợ Hiệp Bình phường Hiệp Bình Chánh, Quận Thủ Đức, Tp Hồ Chí Minh, 
Đường xe hơi thông thoáng 4m chạy ra Phạm Văn Đồng chỉ 5p
Kết cấu: 1 trệt + 2 lầu + sân thượng
Bao gồm: 4 phòng ngủ, 5 WC, 1 phòng thờ, San thuong trước sau
Diện tích: 52.3 m² (4.55 x 11.5m)
Giá: 6 tỷ","115,38 triệu/m²",Nội thất đầy đủ,130 m²,Đông,Chung cư,Hẻm xe hơi,Mặt bằng kinh doanh
BT5,,Nhà lầu hẻm 278 Tầm Vu 1ty870,3 phòng,Khu quy hoạch Golf Valley,Đã có sổ,Căn góc,Đã bàn giao,700,Đất thổ cư,60 m²,6,2,12 m,- 48 m2,"Tầm Vu, Phường Hưng Lợi, Quận Ninh Kiều, Cần Thơ",4 m,2 phòng,"1,87 tỷ- 48 m2",Đông,"Nhà ngõ, hẻm",48 m²,"Dự án mới: H278
Thông tin chi tiết: Nắm chủ...!!! Giá bán 1ty870
🍁Nhà lầu đúc mới đẹp - Góc 3 mặt tiền - Số: 22 hẻm 278 Tầm Vu - P.Hưng Lợi - Ninh Kiều - Cần Thơ.
__________________________

• Diện tích: 4 x 12 = 48,2m2 - Hướng: Tây bắc.

• Pháp lý: ODT 100%, nhà đã hoàn công.

• Lộ giới: Trước nhà 2 mét sạch đẹp và không ngập nước.

• Kết cấu: Nhà lầu đúc còn mới thiết kế hiện đại, sang trọng, không gian rộng rãi có 3 phòng ngủ, 1 phòng khách, toilet và bếp + phòng ăn - Nhà nằm góc 3 mặt tiền nên rất thoáng mát và sáng sủa.

• Vị trí: Nhà nằm cách hẻm nhựa 10m, cách đường Tầm Vu 60m hẻm đã nâng cấp sạch sẽ, vị trí rất gần - Khu vực dân cư sung túc, dân trí cao, hạ tầng đã hoàn thiện, vị trí gần và đẹp môi trường sống tuyệt vời, bán kín 500m có đầy đủ các tiện ít sống, rất thuận tiện cho việc cư trú, học tập, kinh online, spa,...
__________________________

• Giá: 1 tỷ 870 triệu (thương lượng)","38,96 triệu/m²",Nội thất đầy đủ,96 m²,Tây Bắc,Chung cư,Hẻm xe hơi,Mặt bằng kinh doanh
BT5,,"Bán nhà , Phan huy ích 63m2 , 7,7 tỷ Q , gò vấp",5 phòng,Khu quy hoạch Golf Valley,Đã có sổ,Căn góc,Đã bàn giao,700,Đất thổ cư,60 m²,6,2,13 m,- 63 m2,"Đường Phan Huy Ích, Phường 12, Quận Gò Vấp, Tp Hồ Chí Minh",5 m,5 phòng,"7,7 tỷ- 63 m2",Đông,"Nhà ngõ, hẻm",63 m²,"- Hàng thơm @@ giá rẻ mới keng xà beng 
# Vị trí gần ngã tư Quang Trung và Phan Huy Ích, khu vực nhà cao tầng đồng bộ rất đẹp.
# Mặt tiền ngang 5m nên xe hơi vô nhà vô tư. 
# Em được thiết kế theo kiểu bán cổ điển đẹp cả bên trong lẫn bên ngoài đến nổi ai đến sẽ không muốn ra về. Kết cấu 1 trệt, 1 lửng 2 lầu sân thượng. 4PN, 1 phòng thờ (có thể làm phòng ngủ), 5WC. Tầng lững là phòng khách cực rộng và nơi sinh hoạt chung của cả gia đình. 
# Tặng nội thất cao cấp, không thiếu thứ gì, chỉ xách vali vào ở. 
# Sổ hồng mới đẹp , Hoàn công đầy đủ, CC trong ngày","122,22 triệu/m²",Nội thất cao cấp,96 m²,Tây Bắc,Chung cư,Hẻm xe hơi,Mặt bằng kinh doanh
BT5,,Nhà kê khai 36m2 phường 16 quận 8,2 phòng,Khu quy hoạch Golf Valley,Giấy tờ khác,Căn góc,Đã bàn giao,700,Đất thổ cư,60 m²,6,1,13 m,- 39 m2,"325, Đường Phú Định, Phường 16, Quận 8, Tp Hồ Chí Minh",3 m,2 phòng,"1,55 tỷ- 39 m2",Đông,"Nhà ngõ, hẻm",39 m²,"Giấy tờ kê khai 99
Giá còn thương lượng
Nhận mua bán - kí gửi nhà - hỗ trợ vay ngân hàng 50/50
Nhà - kho - đất từ quận 8 tới bình chánh long an mình có rất nhiều liên hệ để biết thêm","39,74 triệu/m²",Nội thất cao cấp,39 m²,Nam,Chung cư,Hẻm xe hơi,Mặt bằng kinh doanh
BT5,,Bán nhà gần mặt phố Quang Trung 5 tầng-oto đỗ 20m.,4 phòng,Khu quy hoạch Golf Valley,Đã có sổ,Căn góc,Đã bàn giao,700,Đất thổ cư,60 m²,6,5,13 m,- 35 m2,"Đường Quang Trung, Phường Vạn Phúc, Quận Hà Đông, Hà Nội",3 m,4 phòng,3 tỷ- 35 m2,Đông,"Nhà ngõ, hẻm",35 m²,"Siêu phẩm, bán nhà 35m2, 5 tầng, ngay trục đường Quang Trung giá chỉ 3 tỷ, ô tô đỗ 20m
Tôi cần bán nhà chính chủ 5 tầng diện tích 35m2 sổ đỏ chính chủ . Ngay gần đường Quang Trung, ô tô đỗ 20m.
+ Tầng 1: Bếp + phòng khách.
+ Tầng 2, 3,4: phòng ngủ + WC.
+ Tầng 5: Phòng thờ + sân phơi.
Nhà xây mới đầy đủ tiện nghi. Nhà gần chợ hà đông - cách 300m.đối diện metro hà đông,
Nhà gần chợ, bến xe buýt, đường sắt trên cao, trong tương lai gần cực kỳ thuận tiện cho anh chị nào đi làm việc và sinh sống. Khu dân cư đảm bảo cực kỳ văn hoá, yên tĩnh nếp sống văn minh, hiện đại.
Giá bán: 3 tỷ. bao sang tên","85,71 triệu/m²",Nội thất đầy đủ,35 m²,Nam,Chung cư,Hẻm xe hơi,Mặt bằng kinh doanh
BT5,,"Chính chủ bán nhà Vũ Trọng Phụng, ngõ oto,7.2 tỷ",4 phòng,Khu quy hoạch Golf Valley,Đã có sổ,Căn góc,Đã bàn giao,700,Đất thổ cư,60 m²,6,4,13.2 m,- 40 m2,"63.14, Đường Vũ Trọng Phụng, Phường Thanh Xuân Trung, Quận Thanh Xuân, Hà Nội",2.9 m,4 phòng,"7,2 tỷ- 40 m2",Đông,"Nhà ngõ, hẻm",40 m²,"🏘Chính chủ bán nhà đẹp Vũ trọng phụng, thanh Xuân, Hà nội 🏡

Cần bán nhà 14 ngõ 63 Vũ Trọng Phụng,
, 40m2 
Hướng: Đông nam ( hướng nhà cực tài Lộc )
✅ 4 phòng ngủ điều hoà + 4 nhà vs full thiết bị inax + bidet hiện đại 
✅ Phía sau nhà là sảnh chung cư nên thoáng va hút gió cực . Nhà lúc nào cũng dồi dào sinh khí 
♻️Nhà ngay sát phố, ngõ rộng oto quay đầu thoải mái .
Hiện tại nhà đang làm Shophouse kinh doanh cực tốt .
💎 Giá : 8 tỷ 
- Nhà vị trí quá đẹp, ngay sát phố vip Vũ Trọng Phụng( đang mở rộng thành đường đôi to đùng) 
 🔅 Săp tới toà báo pháp luật về xây tòa văn phòng ngay trong ngõ thì lên giá nữa 💹
‼đối diện đại học đại nam - cạnh tòa nhà Hapulico, công an phường . 
✳xung quanh đầy đủ tiện ích chục cái siêu thị . Nhà sách 3,4 cái chợ . Đầy đủ trường học cấp 1,2,3 nhân chính . Thanh Xuân . Phan đình giót nên gdinh có con nhỏ thì tha hồ chính trường ., khu vui chơi phía sau nhà có bể bơi đồ xinh sò , nơi đẹp của Quận Thanh Xuân. 
💠- Thiết kế vô cùng hiện đại, phòng nào cũng có 2 cửa sổ, không thể tuyệt vời hơn, 
Ngõ ngắn và đi lại cực kỳ thuận tiện vài chục bước chân ra phố. - hàng xóm thì cực thân thiện vì toàn cán bộ của công ty giấy bên cạnh lễ Tết tất niên vui cực . 
Chính chủ: a Kha",180 triệu/m²,Nội thất đầy đủ,155 m²,Đông Nam,Chung cư,Nở hậu,Mặt bằng kinh doanh
1,,BÁN CHUNG CƯ PALM HEIGHTS NHÀ ĐẸP GIÁ RẺ,2 phòng,T3,Đang chờ sổ,Căn góc,Đã bàn giao,700,Đất thổ cư,80 m²,10,4,13.2 m,- 80 m2,"Đường Song Hành, Phường An Phú, Quận 2, Tp Hồ Chí Minh",2.9 m,2 phòng,"3,95 tỷ- 80 m2",Tây Nam,"Nhà ngõ, hẻm",40 m²,"Dự án: CHUNG CƯ PALM HEIGHTS.
 Thông tin chi tiết: CHUNG CƯ PALM HEIGHT ( THÁP T3-10.01)
FULL NỘI THẤT ĐẸP, CAO CẤP, NHÀ MỚI
VIEW SÔNG, HỒ BƠI, CÔNG VIÊN CÂY XANH. 
ĐẢM BẢO XEM NHÀ THÍCH NGAY","49,38 triệu/m²",Nội thất cao cấp,155 m²,Đông Bắc,Chung cư,Nở hậu,Mặt bằng kinh doanh
1,,"BIỆT THỰ 1200m2 XÂY TÂM HUYẾT Tại AN SƠN, THUẬN AN",5 phòng,T3,Đã có sổ,Căn góc,Đã bàn giao,700,Đất thổ cư,80 m²,10,4,64 m,- 1.203 m2,"An Sơn, Xã An Sơn, Thị xã Thuận An, Bình Dương",19 m,5 phòng,"19,5 tỷ- 1.203 m2",Tây Nam,Nhà biệt thự,1203 m²,"Biệt thự xây rất tâm huyết - toạ lạc tại An Sơn - Thuận An - Bình Dương
- Diện tích Đất : 18x64m nở hậu 19,5m tổng 1203m2 có 300m2 thổ cư
- Diện tích sàn xây dựng : 515m2 với kiến trúc 1 trệt 1 lầu
- Biệt thự xây dựng : 
Tầng 1: 1 Sảnh chờ, 1p khách, 3TL, 1p ngủ
Tầng 2 : 4p ngủ, 4Wc, 1p làm việc, 1p học, 1p mát xa
Sân Ngoài + Công trình phụ : 1 hồ cá 50m2, 1p Karaoke Cách âm, 1 bếp, 1 nhà xe, 2 wc, và 1 nhà kho lớn.
- Cửa gỗ cao cấp dùng bằng khoá vân tay 100%
- hệ thống Camera quan sát tự động
- Đường xe tải 15 Tấn đi oke, thông thẳng ra sông SG
- Vị trí : Cách sông SG 300m, ra tới chợ An Sơn 500m, và Trường Mầm non + Cấp 1 chỉ trong bán kính 500m. Từ nhà về tới TT Tp.HCM đúng 18km
- Sung quanh nhiều cây cối rất thoáng mát, sạch sẻ và yên tĩnh. 
- Tính chi phí xây căn biệt thự đã ngoài 10 tỷ đồng (cam kết hơn 10 tỷ) - Vật Liệu sd toàn hàng tốt - Vô xem nhà sẽ rỏ.
☘️ Nay cần bán trong năm với giá rất tốt : 19,5 Tỷ (Giá Đất 1203m2 ~ 12 tỷ tiền đất rồi)
Anh chị quan tâm LH : Mr Nghĩa (gcđq) xin cám ơn!
👉 Anh chị nào muốn xem Video full căn BT này vui lòng Kb zalo theo sđt để xem nhé!","16,21 triệu/m²",Nội thất đầy đủ,1203 m²,Tây Bắc,Chung cư,Nở hậu,Mặt bằng kinh doanh
1,,Nhà trệt đường Nhật Tảo.,2 phòng,T3,Đã có sổ,Căn góc,Đã bàn giao,700,Đất thổ cư,80 m²,10,4,13 m,- 105 m2,"35/9 hẻm 9, Đường Nhật Tảo, Phường Lê Bình, Quận Cái Răng, Cần Thơ",7 m,1 phòng,"2,25 tỷ- 105 m2",Tây Nam,"Nhà mặt phố, mặt tiền",105 m²,"Do dọn nhà ra trung tâm buôn bán nên cần bán lại căn nhà hẻm 9 đường Nhật Tảo, P.Lê Bình, Q.Cái Răng, cách chợ nỗi và chợ Cái Răng 600m, nhà trệt 2 phòng ngủ có sân rộng, diện tích 7m x 13m, thích hợp hộ gia đình trẻ ở buôn bán gần chợ và cho con cái học hành trong trung tâm quận Cái Răng. Giấy tờ đầy đủ, chính chủ bán, bớt nhẹ phí chuyển nhượng và làm hồ sơ sang tên.","21,43 triệu/m²",Nội thất đầy đủ,71 m²,Tây,Chung cư,Hẻm xe hơi,Mặt bằng kinh doanh
1,,"Căn hộ Tecco Home Thuận An BD,TT 30% đến nhận nhà.",2 phòng,T3,Giấy tờ khác,Căn góc,Chưa bàn giao,700,Đất thổ cư,60 m²,10,4,13 m,- 60 m2,"Đường ĐT 743, Phường An Phú, Thị xã Thuận An, Bình Dương",7 m,2 phòng,22 triệu- 60 m2,Tây Nam,"Nhà mặt phố, mặt tiền",105 m²,"Dự án: TECCO HOME.
 Thông tin chi tiết: 💎💎💎 Chỉ 30% Khách Hàng Có thể Đầu Tư Hoặc Mua Để Ở 
💰💰 Ngân Hàng bảo lãnh 0% lãi suất và ân hạn gốc đến khi nhận nhà, Khách Hàng chỉ thanh toán 30% và đặc biệt hơn là được tặng 1 phần quá giá trị đến 30 triệu đồng.
----————————————————-
♻️ Vị trí: ngay mặt tiền DT743 An Phú, TX. Thuận An, Tỉnh Bình Dương.
🌻 Chủ đầu tư: Tập Đoàn Tecco Miền Nam
🌿 Diện tích: 40.13 m² - 75.83 m² 1-2-3PN
✅ Tiện ích cao cấp : TTTM 2 tầng, 
✅ SỞ hữu lâu dài - Sổ hồng từng căn – Đã có Giấy Phép Xây Dựng
📌 7 lý do sở hữu căn hộ Thuận An, Bình Dương
📌 Sở hữu vị trí trung tâm Thuận An, thuận tiện kết nối
📌 Chuỗi tiện ích nội khu đẳng cấp
📌 Tận hưởng tiện ích ngoại khu đa dạng , phong phú , lại kề bên
📌 Giá bán hấp dẫn nhất khu vực hiện nay
📌 Sản phẩm giới hạn , số lượng chỉ 100 căn cực đẹp cho khách hàng lựa chọn.
📌 Diện tích vừa phải , thiết kế vuông vức ,phù hợp tài chính đại đa số , dễ mua dễ bán dễ cho thuê
📌 Hệ thống an ninh 24/7
 Giữ chỗ : 30 Triệu/ Căn ( Ưu tiên chọn vị trí đẹp - Hoàn tiền 100% nếu không mua )
☘️☘️ Chủ đầu tư uy tín hàng đầu: tập đoàn Tecco Miền Nam.
☎️Trực tiếp Chủ Đầu Tư 
TECCO BÌNH DƯƠNG – MÁI ẤM GIA ĐÌNH – GẮN KẾT YÊU THƯƠNG
🏡 Địa chỉ: Khu nhà ở phúc đạt, Đường DT743C, Phường Tân Đông Hiệp, Dĩ An, Bình Dương.",366.666 đ/m²,Hoàn thiện cơ bản,71 m²,Tây,Chung cư,Hẻm xe hơi,Mặt bằng kinh doanh
1,,"Đất 3 mặt tiền gần đường Bến Đình,Bến Cầu Tây Ninh",2 phòng,40,Đã có sổ,Căn góc,Chưa bàn giao,700,Đất thổ cư,60 m²,10,4,13 m,- 877 m2,"Đường 3 mặt tiền gần khu địa đạo Lợi Thuận, Xã Lợi Thuận, Huyện Bến Cầu, Tây Ninh",25 m,2 phòng,"3,3 tỷ- 877 m2",Tây Nam,"Nhà mặt phố, mặt tiền",877 m2,"Ba Mẹ mình cần bán gấp khu đất đẹp tại ấp Thuận Hoà xã Lợi Thuận huyện Bến Cầu Tây Ninh
Diện tích: 877,7 mét vuông, trong đó đất thổ cư giành xây nhà ở là 400 mét vuông, 477,7 mét vuông còn lại là đất trồng cây lâu năm.
Vị trí đất 3 mặt tiền chạy đường nhựa xe tải lớn, đi từ TP. HCM (từ quận 2 khoảng 2 tiếng: Xuyên Á/QL22, đi theo lối ra đầu tiên Đặng Văn Sơn tại bùng binh, Tỉnh lộ 786/ĐT786, rẽ trái tại cây xăng vào Hẻm 27, rẽ phải đi ngang trại gà ta, quẹo trái khoảng 500 mét là tới. Ra đường chính Bến Đình chỉ 5 phút, và nhiều tiện ích xung quanh như: Chợ, trường học, Nhà thuốc tây, Trạm y tế xã Lợi Thuận, bưu điện v.v.. Anh chị xem hình bản đồ Google Maps, Anh Chị quan tâm mình sẽ gửi Link chỉ đường hoặc bên mình có thể dắt Anh Chị đến xem đất. 
Ngoài ra : gần Khu Di Tích Địa Đạo Lợi Thuận (chỉ 2,1km, 6 phút), gần cửa khẩu quốc tế Mộc Bài 6,5 km (11 phút), Đi QL22b và Bến Đình tới thẳng Tòa Thánh Tây Ninh (25km, 39 phút), Cách khu du lịch Long Điền Sơn đi (QL22b) 34 km (50 phút), Cách khu du lịch Ma Thiên Lãnh và Núi Bà Đen 39 km (1 tiếng), Cách Chùa Thái Sơn Núi Cậu 43 km (1 tiếng 5 phút). 
Chính chủ, giấy tờ đầy đủ rõ ràng minh bạch không tranh chấp, bảo đảm chuyển tên cho chủ mới nhanh gọn dễ dàng.
Giá: 3 tỉ 300 triệu (đã giảm mạnh 200 triệu)
Liên hệ trực tiếp với chị Lang. Có thể vì lo phụ bán quán ăn chị mình không tiện nghe reng điện thoại, tốt Anh Chị vui lòng hãy để lại số điện thoại qua chat ở chợ tốt, mình sẽ hồi âm trong vòng 24 tiếng.
Chân thành cảm ơn","3,76 triệu/m2",Hoàn thiện cơ bản,71 m²,Tây,Chung cư,Nở hậu,Mặt bằng kinh doanh
1,,Căn góc 6x15m An Phú Đông - Hẻm xe Tải - 3 tỷ 15,3 phòng,40,Đã có sổ,Căn góc,Chưa bàn giao,700,Đất thổ cư,60 m²,10,4,15 m,- 90 m2,"T15, Phường An Phú Đông, Quận 12, Tp Hồ Chí Minh",6 m,2 phòng,"3,15 tỷ- 90 m2",Tây Nam,"Nhà ngõ, hẻm",90 m²,"- Bán nhà riêng Quận 12 - Chỉ 3 phút ra chợ An Phú Đông, Trạm Y Tế, UBND Phường An Phú Đông - MS(100838).

- Diện tích chiều ngang 6m, chiều dài 15. Nhà xây dựng 1 trệt 1 lửng gồm 3 phòng ngủ, 2 nhà vệ sinh, sân trước để xe, trồng cây...

- Nhà 2 mặt hẻm betong, hẻm 6m phía trước, xe hơi, xe tải di chuyển thuận tiện, hẻm 3m bên hông. Khu vực an ninh, yên tỉnh, dân cư sinh sống hiện hữu, đông đúc, sầm uất xung quanh. 

- Vị trí nhà bán tập trung rất nhiều tiện ích xung quanh: gần chợ, trường học các cấp, siêu thị, cửa hàng, hàng quán, ....

- Giao thông thuận tiện bằng những tuyến đường Quốc Lộ 1A, Vườn Lài, An Phú Đông 27...nhanh chóng đi về quận Gò Vấp, Thủ Đức, tỉnh Bình Dương. 

- LH: ⓪⑨③①⓪①③①②② - Bình.",35 triệu/m²,Hoàn thiện cơ bản,71 m²,Tây,Chung cư,Nở hậu,Mặt bằng kinh doanh
1,,"MT Đg Bưng Ông Thoàn, Phú Hữu, Quận 9. DT: 158,6m2",3 phòng,40,Đã có sổ,Căn góc,Chưa bàn giao,700,Đất thổ cư,60 m²,10,4,23 m,- 158.6 m2,"Đường Bưng Ông Thoàn, Phường Phú Hữu, Quận 9, Tp Hồ Chí Minh",6.9 m,2 phòng,"8,5 tỷ- 158.6 m2",Tây Nam,"Nhà ngõ, hẻm",158.6 m2,"💥💥💥Cần bán Lô góc 2 Mặt đường Bưng Ông Thoàn, P. Phú Hữu, Quận 9. Thuận tiện kinh doanh. 
— Diện tích 158,6m công nhận thổ cư 100,5m
Ngang 6,9m
— Giá bán 8,5 tỷ","53,8 triệu/m2",Hoàn thiện cơ bản,71 m²,Tây Nam,Chung cư,Mặt tiền,Mặt bằng kinh doanh
1,,Đất Khu Đô Thị Cát Tường Western Pearl 100m²,3 phòng,40,Đã có sổ,Căn góc,Chưa bàn giao,700,Đất nền dự án,60 m²,10,4,20 m,- 100 m2,"Đường Trần Hưng Đạo, Phường 5, thành phố Vị Thanh, Hậu Giang",5 m,2 phòng,500 triệu- 100 m2,Tây Nam,"Nhà ngõ, hẻm",100 m2,"Mở bán block A10 trục đường chính 29m vỉa hè 5m chỉ từ 500tr
Nhận giữ chỗ ngay hôm nay chỉ 5tr đồng không mua trả lại tiền
Cơ sở hạ tầng hoàn thiện
Đã có sổ riêng từng nền
Chính sách thanh toán linh động
Hỗ trợ xe đưa đón miễn phí",5 triệu/m2,Hoàn thiện cơ bản,71 m²,Tây Nam,Chung cư,Mặt tiền,Mặt bằng kinh doanh
1,,"Đất KĐT mới Bình Chiểu Thủ Đức 86m², giá 1.35 tỷ",3 phòng,40,Đã có sổ,Căn góc,Chưa bàn giao,700,Đất nền dự án,60 m²,10,4,20 m,- 86 m2,"Đường 15, Phường Bình Chiểu, Quận Thủ Đức, Tp Hồ Chí Minh",5 m,2 phòng,"1,35 tỷ- 86 m2",Tây Nam,"Nhà ngõ, hẻm",86 m2,"Bán đất gần chợ nông sản Thủ Đức, Ngô Chí Quốc, Bình Chiểu, Thủ Đức, khu dân cư sầm uất an ninh.
Với diện tích: 5x15m, 5x18m, 5x20m thổ cư hoàn toàn.
Đất thuộc dự án của KDC Bình Chiểu giai đoạn 2.
Đường 12m có vỉa hè.
Sổ hồng riêng. Sang tên công chứng sổ ngay
Dân cư ở ổn định, đông đúc, tiện ích trong bán kính 500m, UBND, trường học Bình Chiểu 300m.
Thích hợp để đầu tư và mua ở.
Giá bán: 1.350 tỷ, hỗ trợ chiết khấu cho khách thiện chí.","15,7 triệu/m2",Hoàn thiện cơ bản,71 m²,Tây Nam,Chung cư,Mặt tiền,Mặt bằng kinh doanh
1,,Bán Nhà 55.2 m2 / 3 Tầng Tại Nam Hoà – Nam Hải,3 phòng,40,Đã có sổ,Căn góc,Chưa bàn giao,700,Đất nền dự án,60 m²,10,4,20 m,- 55 m2,"Đường Nam Hòa, Phường Nam Hải, Quận Hải An, Hải Phòng",4.2 m,3 phòng,"1,75 tỷ- 55 m2",Tây Nam,"Nhà ngõ, hẻm",55 m²,"Bán Nhà 55.2 m2 / 3 Tầng Tại Nam Hoà – Nam Hải – Hải An – HP.
- DTMB 55.2 m2.
- Ngàng trước 4.2m / Ngang sau 4.3m. (Nở Hậu)
- Cấu trúc nhà: 3 tầng thiết kế hiện đại. Khung cứng đồng bộ chắc chắn…
- Hướng Bắc. / Đường trước nhà 4m Thực tế rộng hơn 5 m . ôTô vào trong nhà luôn.
Bán nhà Ngõ Nam Hoà – Nam Hải - HA - HP.
- Tình trạng Nhà mới xây100% 3 tầng kiến trúc hiện đại, 3 phòng ngủ , 1 phòng khách, phòng bếp, 1 phòng thờ, sân phơi, 3 wc.
- Bìa đỏ chính chủ.
Giá : 1 tỷ 750 triệu.
Liên Hệ Em Toàn: .","31,82 triệu/m²",Hoàn thiện cơ bản,150 m²,Bắc,Chung cư,Hẻm xe hơi,Mặt bằng kinh doanh
1,,Bán gấp trong tết nhà Kim ngưu 45m 4 tầng 3.65 tỷ,3 phòng,40,Đã có sổ,Căn góc,Chưa bàn giao,700,Đất nền dự án,60 m²,10,4,20 m,- 40 m2,"Đường Kim Ngưu, Phường Minh Khai, Quận Hai Bà Trưng, Hà Nội",4.2 m,3 phòng,"3,65 tỷ- 40 m2",Tây Nam,"Nhà ngõ, hẻm",40 m²,"👉Kim Ngưu Hai Bà Trưng 
👉Cần bán gấp trước Tết diện tích 40/45m(T2) 4 tầng Mặt tiền 6.2m Giảm còn 3.65 tỷ
Chủ cần bán giảm chào 100 triệu.
NHÀ ĐẸP TRUNG TÂM HAI BÀ TRƯNG - 

Mô tả:

+ Vị trí: Trung tâm quận Hai Bà Trưng, 10 phút chạy xe lên phố Cổ. Khu toàn cán bộ viên chức dân trí cao. Ngõ trước nhà rộng thoáng, sạch sẽ. 

+ Nhà còn rất đẹp, phòng nào cũng có cửa sổ thoáng sáng. Khách mua về ở luôn không phải sửa chữa gì. 

+ Sổ đỏ đẹp, nở hậu. Đang trong két, sẵn sàng giao dịch.
Nhanh liên hệ Dương dẫn xem nhà","91,25 triệu/m²",Hoàn thiện cơ bản,45 m²,Bắc,Chung cư,Nở hậu,Mặt bằng kinh doanh
1,,Bán 600m² ngay Phường 3 Tp.Tây Ninh giá 320 Triệu,3 phòng,40,Đã có sổ,Căn góc,Chưa bàn giao,700,Đất thổ cư,60 m²,10,4,30 m,- 600 m2,"nguyễn hữu thọ, Thị trấn Hòa Thành, Huyện Hòa Thành, Tây Ninh",20 m,3 phòng,320 triệu- 600 m2,Tây Nam,"Nhà ngõ, hẻm",600 m2,"Cần bán gấp lô đất ngay đường Nguyễn Hữu Thọ, thuộc phường 3, Tp.Tây Ninh

Diện tích 600m2 đất đẹp thổ cư sẳn
sổ sách đầy đủ sang tên công chứng ngay.
Hiện cần bán gấp giá 320 triệu.

Liên hệ tôi để xem đất.",533.333 đ/m2,Hoàn thiện cơ bản,45 m²,Tây Nam,Chung cư,Mặt tiền,Mặt bằng kinh doanh
1,,BÁN NỀN THỔ CƯ LỘ 6M RẠCH KHOÁN CHÂU BÌNH THỦY,3 phòng,40,Đã có sổ,Căn góc,Chưa bàn giao,700,Đất thổ cư,60 m²,10,4,30 m,- 170 m2,"Đường Bùi Hữu Nghĩa, Phường Long Tuyền, Quận Bình Thuỷ, Cần Thơ",20 m,3 phòng,"1,33 tỷ- 170 m2",Tây Nam,"Nhà ngõ, hẻm",170 m2,"Chủ gửi
Nền Cực Đẹp và Rộng Rạch Khoán Châu - Long Tuyền - Bình Thủy - Cần thơ
Diện tích: 9.15 x 18= 170,6m2
Pháp lý: 133m2 thổ cư, còn lại là câu lâu năm
Hướng: Tây Bắc
Lộ giới: giấy 6m thực tế lộ 5m.
🚘🚘 Vị Trí: từ Cầu Bình Thủy 3 quốc lộ 91B lòn dạ cầu quẹo phải chạy dọc đường Bùi Hữu Nghĩa khoảng 500m thấy bảng Rạch Khoáng Châu chạy thẳng theo đường lộ đan 700m đến nền.
🏠🏠 Tiện ích: Nằm đối diện khu nhà điện năng lượng mặt đang xây dựng, xinh giấy phép xây dựng được liền lộ giấy 6m thực tế 5m rộng rãi, cao ráo.♨️♨️♨️
💰💰💰 1tỷ330 thương lượng nhẹ
☎️☎️☎️ 0786 860 604 - 0988 558 144 Gặp Phương","7,82 triệu/m2",Hoàn thiện cơ bản,45 m²,Tây Bắc,Chung cư,Hẻm xe hơi,Mặt bằng kinh doanh
1,,"Căn hộ 2PN 63m2 CC Gia Phú, CẦN BÁN NHANH",2 phòng,40,Đã có sổ,Căn góc,Đã bàn giao,700,Đất thổ cư,63 m²,10,4,30 m,- 63 m2,"Hẻm 219, Hẻm 219 Đường số 5, Phường Bình Hưng Hòa, Quận Bình Tân, Tp Hồ Chí Minh",20 m,2 phòng,"1,65 tỷ- 63 m2",Tây Nam,"Nhà ngõ, hẻm",170 m2,"💥💥 CĂN HỘ CHUNG CƯ GIA PHÚ - CẦN BÁN
🍀 DT 63m2, 2pn, pk, bếp, phòng tắm riêng, wc riêng
🍀 Nhà mới, sáng sạch đẹp, có sẵn nội thất: tủ bếp gỗ, tủ quần áo, bộ ghế gỗ.
🍀 Rất phù hợp cho vợ chồng trẻ.
🍀 Đã có sổ hồng riêng vĩnh viễn, công chứng ngay
🍀 Giá bán 1tỷ650 (thương lượng trực tiếp chính chủ)
☎️ KHÁCH ĐANG CẦN NHÀ Ở LH MÌNH LIỀN NHÉ.","26,19 triệu/m²",Hoàn thiện cơ bản,45 m²,Tây Bắc,Chung cư,Hẻm xe hơi,Mặt bằng kinh doanh
1,,"Bán nhà phố liền kề quận 12, chính chủ,SHR, hẻm 7m",4 phòng,40,Đã có sổ,Căn góc,Đã bàn giao,700,Đất thổ cư,63 m²,10,4,17 m,- 85 m2,"Đường Hà Huy Giáp, Phường Thạnh Lộc, Quận 12, Tp Hồ Chí Minh",5 m,4 phòng,"4,55 tỷ- 85 m2",Tây Nam,Nhà phố liền kề,85 m²,"Chính chủ cần bán căn nhà phố kiểu Pháp, mới hiện đại nằm mặt tiền đường 7m
- Vị trí: 1/ đường Hà Huy Giáp P. Thạnh Lộc Quận 12
- Diện tích: 5 x 17m. CN 85m2. Xây dựng 193m2 sàn
- Nhà biệt thự thiết kế theo phong cách Pháp, 1 trệt 2 lầu + sân thượng. Có 4PN 5WC, sân đậu ô tô.
- Căn nhà phố nằm trung tâm P. Thạnh Lộc, đường 7m thông thoáng và an ninh.
- Nhà xây mới, hoàn thiện nội thất gỗ cao cấp (gõ đỏ)
- Hướng nhà : Tây Bắc
- Giá bán chỉ: 4,55 tỷ","53,53 triệu/m²",Nội thất đầy đủ,193 m²,Tây Bắc,Chung cư,Hẻm xe hơi,Mặt bằng kinh doanh
1,,Bán nhà 2 tầng đường Nguyễn Duy Năng. Cạnh chợ,1 phòng,40,Đã có sổ,Căn góc,Đã bàn giao,700,Đất thổ cư,63 m²,10,2,13.5 m,- 40 m2,"Đường Nguyễn Duy Năng, Phường Thọ Xương, Thành phố Bắc Giang, Bắc Giang",3 m,1 phòng,480 triệu- 40 m2,Tây Nam,"Nhà ngõ, hẻm",40 m²,"Chính chủ cần bán ngôi nhà 2 tầng. Diện tích 40m2 
Cách chợ cơ khí 30m
Để lại đồ dùng bao gồm: giường, tủ, bàn ghế, quạt trần, điều hoà,...
Do gia đình mở cửa hàng kinh doanh lâu dài ở tại cửa hàng và cần tiền vốn kinh doanh nên bán. Phù hợp với vợ chồng trẻ. 
Nhà trong ngõ 64 cách đường to ô tô tránh nhau 30m.
Sổ đỏ chính chủ 

Ko tiếp SMS vì mình rất bận.",12 triệu/m²,Hoàn thiện cơ bản,80 m²,Đông Nam,Chung cư,Hẻm xe hơi,Mặt bằng kinh doanh
1,,"Nhà 5T lô góc,ngõ ô tô qua, kinh doanh tốt; 3,5 tỷ",3 phòng,40,Đã có sổ,Căn góc,Đã bàn giao,700,Đất thổ cư,63 m²,10,5,13.5 m,- 31 m2,"68, Đường Quang Tiến, Phường Đại Mỗ, Quận Nam Từ Liêm, Hà Nội",4 m,4 phòng,"3,5 tỷ- 31 m2",Tây Nam,"Nhà mặt phố, mặt tiền",31 m²,"Nhà xây 5 tầng đẹp, chắc chắn, tiện kinh doanh: Tạp hóa, bán hàng khô, tiệm làm tóc nam nữ…
Nhà mặt ngõ to cách đường Quang Tiến một nhà đi lại thuận tiện khu vực tấp nập người qua lại
Kết nối vùng khá tiện, gần trường học, siêu thị AeonMall, Vincom Đại Mỗ…
Thích hợp đi làm khu vực Mỹ Đình, Cầu Giấy, Hà Đông…
Diện tích 31m2
Hướng bắc
Pháp lý: Sổ đỏ chính chủ
Giá: 3,5 tỷ (có thương lượng¬-hỗ trợ vay ngân hàng nếu cần)
Giá trên đã bao gồm phí sang tên sổ sách, thuế và các loại phí
Liên hệ: Gọi điện thoại qua số bên dưới để xem nhà chính chủ (Mr. Vi: 032năm không hai7988)","112,9 triệu/m²",Nội thất cao cấp,155 m²,Bắc,Chung cư,Hẻm xe hơi,Mặt bằng kinh doanh
1,,Nhà mặt tiền Tỉnh Lộ 10A đường 26m- Phú Xuân,3 phòng,40,Đã có sổ,Căn góc,Đã bàn giao,700,Đất thổ cư,63 m²,10,5,20 m,- 104 m2,"Đường Tỉnh lộ 10A, Xã Phú Xuân, Huyện Phú Vang, Thừa Thiên Huế",5.2 m,1 phòng,"1,55 tỷ- 104 m2",Tây Nam,"Nhà mặt phố, mặt tiền",104 m²,"💧💧căn nhà mặt tiền TL10a, đường 26m
💥:Ngay khu chợ Diên Đại. phù hợp kinh doanh
💥:Nhà gác lửng 104m2 gồm Phòng khách, 2PN, 2WC, sân rộng đậu ô tô.
💥xung quanh kinh doanh sầm uất
💥:Giá chỉ: 1tỷ 550 triệu
📞Lh : 0948+062+686 Tùng","14,9 triệu/m²",Nội thất đầy đủ,104 m²,Bắc,Chung cư,Hẻm xe hơi,Mặt bằng kinh doanh
1,,Đất ruộng mặt tiền vip 114x40,3 phòng,40,Đã có sổ,Căn góc,Đã bàn giao,700,Đất công nghiệp,63 m²,10,5,40 m,- 4.471 m2,"Hương lộ hoà thạnh, Xã Hòa Thạnh, Huyện Tam Bình, Vĩnh Long",114 m,1 phòng,"6,3 tỷ- 4.471 m2",Tây Nam,"Nhà mặt phố, mặt tiền",4471 m2,"Ruộng mặt tiền lớn cho ace đầu tư cách ql 53-500m lộ 5 tấn
114x40
Đường bờ lộ mới quẹo vào 500m là tới đất, gần chợ xã hoà thạnh
6ti3(chủ hỗ trợ lên cln)
Giấy tờ người mua lo. Không bán lẻ.","1,41 triệu/m2",Nội thất đầy đủ,104 m²,Bắc,Chung cư,Mặt tiền,Mặt bằng kinh doanh
1,,"Ô tô, Hai Thoáng Mỹ Đình 45M2x5Tx3.7M 5.5 tỷ.",5 phòng,40,Đã có sổ,Căn góc,Đã bàn giao,700,Đất công nghiệp,63 m²,10,5,12 m,- 45 m2,"Đường Mỹ Đình, Phường Mỹ Đình 1, Quận Nam Từ Liêm, Hà Nội",3.7 m,4 phòng,"5,5 tỷ- 45 m2",Tây Nam,"Nhà ngõ, hẻm",45 m²,"Vị trí cực đẹp, khu vực nhiều tiện ích, gần trường, chợ, bến xe Mỹ Đình... khu vực đang phát triển chóng mặt giá trị tăng từng ngày. 
Đường trước nhà rộng ô tô ra vào thoải mái, giao thông cực thuận tiện, xung quanh nhiều nhà xây mới, đẹp tạo thành quần thể kiến trúc các căn nhà mới rất sáng lạng.
Thiết kế:
Chủ nhà thiết kế rất khéo, hợp lý, lợi thế hai mặt thoáng các phòng đều mở cửa sổ nên rất thoáng và sáng. Toàn bộ hệ thống cửa, cầu thang làm từ Lim Nguyên tấm, thiết bị vệ sinh cao cấp.
Tầng 1: Gara xe, bếp, phụ, tiểu cảnh.
Tầng 2: phòng khách, phụ, 1 phòng ngủ rộng.
Tầng 3;4: mỗi tầng 2 phòng cực rộng, 1 phụ.
Tầng 5: phòng thờ, sân phơi.
Chủ nhà cực hợp tác, máu bán, cần bán để chuyển công tác vào Nam. 
Liên hệ:Em Hải để được xem nhà miễn phí. Bên em hỗ trợ pháp lý giấy tờ mua bán, hoàn toàn miễn phí về thời gian.","122,22 triệu/m²",Nội thất đầy đủ,45 m²,Bắc,Chung cư,Mặt tiền,Mặt bằng kinh doanh
1,,Nền Thổ Cư Hẻm 534 Đường 30/4 _Đối Diện CĐ Cần Thơ,5 phòng,40,Đã có sổ,Căn góc,Đã bàn giao,700,Đất thổ cư,63 m²,10,5,8 m,- 45 m2,"HẺM 534, Phường Hưng Lợi, Quận Ninh Kiều, Cần Thơ",5 m,4 phòng,"1,849 tỷ- 45 m2",Tây Nam,"Nhà ngõ, hẻm",45 m2,"💥Nền Đẹp Hẻm 534 Đường 30/4💥
Hẻm Thông từ Đường 30/4 -> Đường 3/2
HẺM 4M - THÔNG THOÁNG

🔸️Diện tích: 5,5 x 8m = 44m²
🔸️Lộ Ô tô 4m tới nền ( Đã Nâng Cấp Đô Thị )
🔸️Pháp lý: Sổ hồng - thổ cư 100%
❤ Giá 1 tỷ 850 triệu ❤

》》》》》》》》》》》》

🔸️Diện tích: 4 x 12,8m = 51,2m²
🔸️Lộ Ô tô 4m tới nền ( Đã Nâng Cấp Đô Thị )
🔸️Pháp lý: Sổ hồng - thổ cư 100%
❤ Giá 2 tỷ 400 triệu ❤

👉Đối diện Truyền Hình TPCT
👉Đối diện Cao Đẳng Cần Thơ
👉Khu dân cư Đông Đúc

Mọi thông tin chi tiết liên hệ em","41,09 triệu/m2",Nội thất đầy đủ,45 m²,Bắc,Chung cư,Hẻm xe hơi,Mặt bằng kinh doanh
1,,"GIẢM SỐC, nhà ở ngay, gần phố, gần OTO Phú Thượng.",3 phòng,40,Đã có sổ,Căn góc,Đã bàn giao,700,Đất thổ cư,63 m²,10,4,8 m,- 40 m2,"Phú Thượng, Phường Phú Thượng, Quận Tây Hồ, Hà Nội",5 m,2 phòng,"2,4 tỷ- 40 m2",Tây Nam,"Nhà ngõ, hẻm",40 m²,"Chủ nhà cần tiền đầu tư dự án, giảm giá cực sốc.

Bán nhà Phú Thượng, Tây Hồ, Hà Nội.
- Rất gần đường đôi CIPUTRA.
- Khu vực đang là tâm điểm sau khi thông đường qua Phạm Văn Đồng.
- Trước nhà 3 gác quay đầu, vài mét ra OTO.
- Thiết kế 4 tầng BTCT chắc chắn.
- DT 40m2, mặt tiền 5.5m.

GIẢM KỊCH SÀN CÒN 2.4tỷ (ra lộc).
LH em Dũng..!",60 triệu/m²,Nội thất cao cấp,40 m²,Bắc,Chung cư,Nở hậu,Mặt bằng kinh doanh
1,,"Nhà 1 lầu đang cho thuê , MT Đinh Đức Thện , SHR",2 phòng,40,Đã có sổ,Căn góc,Đã bàn giao,700,Đất thổ cư,63 m²,10,4,10 m,- 40 m2,"Đường tĩnh 835, Xã Bình Chánh, Huyện Bình Chánh, Tp Hồ Chí Minh",4 m,1 phòng,400 triệu- 40 m2,Tây Nam,"Nhà mặt phố, mặt tiền",40 m²,"Gia đình có căn nhà đang cho thuê 4tr/ tháng , một trệt lầu suốt như hình
Giá 429tr/ xem nhà có thể công chứng trong ngày 
Do gia đình đang kẹt tiền nên bán gấp có thể cho trả chậm nhưng không cho thương lượng giá rẽ quá rồi
Diện tích nhà 4x10 
Địa chỉ ngay cầu vượt Đinh Đức Thiện 
Đường nhựa trước nhà 5m có sân oto đậu thoải mái
Nhà như hình anh chị em xem kỹ rồi hãy gọi oke xuống coi tránh mất thời gian đôi bên xin cám ơn.
Cách chợ Bình Chánh 1km , Bình Tân , Quận 6 10 phút đi xe",10 triệu/m²,Nội thất cao cấp,80 m²,Bắc,Chung cư,Nở hậu,Mặt bằng kinh doanh
1,,đất sổ đỏ { 45x50 } ấp an hiệp xã an ninh đông,2 phòng,40,Đã có sổ,Căn góc,Đã bàn giao,700,Đất thổ cư,63 m²,10,4,50 m,- 2.248 m2,"ấp an hiệp, dường đất 3,5, Xã An Ninh Đông, Huyện Đức Hòa, Long An",45 m,1 phòng,"1,3 tỷ- 2.248 m2",Tây Nam,"Nhà mặt phố, mặt tiền",2248 m2,"Cần bán gâp lô đất ở và lúa .ngay ấp an định xã an ninh tây .huyện đức hòa tỉnh long an ..;Diện Tích { 2.248m2 } đất có 188m2 thổ cư .còn lại là đất lúa . đường đất 3,5m cách đường nhựa an ninh 700m cách trung tâm xã và chợ ,trường học cấp 1 -2 tới đất 1km .;; Gía Bán ;; 1 tỷ 300 triệu .,,có thương lượng giấy tờ ,, vui long Liên Hệ gặp anh long , hoạc anh hải xem đất",578.291 đ/m2,Nội thất cao cấp,80 m²,Bắc,Chung cư,Nở hậu,Mặt bằng kinh doanh
1,,Bán nền đẹp KDC Hồng Loan 6A đường D13 chưa qua D5,2 phòng,40,Đã có sổ,Căn góc,Đã bàn giao,700,Đất thổ cư,63 m²,10,4,16 m,- 80 m2,"Đường D13, Phường Hưng Thạnh, Quận Cái Răng, Cần Thơ",5 m,1 phòng,"2,4 tỷ- 80 m2",Tây Nam,"Nhà mặt phố, mặt tiền",80 m2,"Cần bán nền đẹp đường D13 chưa qua D5 (trục thông rất sáng đẹp có hẻm hông 2m) KDC Hồng Loan 6A, P. Hưng Thạnh, Cái Răng, TP Cần Thơ
* Nền rất đẹp đoạn chưa qua D5, có hẻm hông 2m& hẻm sau 2m
* Giá bán: 2 tỷ 400 triệu
* Diện Tích: 5x16m = 80m2 
* Lộ nhựa đẹp 20m
* Pháp lý: HĐGV dằn nợ lại 300 triệu, đã có sổ khách mua tự làm sổ
* Hướng: Đông nam
* Liên hệ: gặp Mỹ Dung",30 triệu/m2,Nội thất cao cấp,80 m²,Đông Nam,Chung cư,Nở hậu,Mặt bằng kinh doanh
1,,Chính chủ bán lô đất 7x35 có thổ cư sát Quốc Lộ13,2 phòng,40,Đã có sổ,Căn góc,Đã bàn giao,700,Đất thổ cư,63 m²,10,4,34 m,- 253 m2,"Đường Ngã Ba Lăn Xi, Phường Tân Định, Thị xã Bến Cát, Bình Dương",7.2 m,1 phòng,"2,45 tỷ- 253 m2",Tây Nam,"Nhà mặt phố, mặt tiền",253 m2,"Chính chủ bán lô đất ngang 7x35m mặt tiền đường Nhựa cách Quốc Lộ 13 chưa đến 30m
Kinh doanh buôn bán được ngay
Có 159m2 thổ cư
Giá bán 2ty450tr - Sổ sách đầy đủ
Liên hệ chính chủ","9,68 triệu/m2",Nội thất cao cấp,80 m²,Bắc,Chung cư,Mặt tiền,Mặt bằng kinh doanh
1,,Mặt tiền 283 lý thường kiệt dĩ an Tp dĩ an bd,2 phòng,40,Đã có sổ,Căn góc,Đã bàn giao,700,Đất thổ cư,63 m²,10,4,22 m,- 88 m2,"Đường Lý Thường Kiệt, Phường Dĩ An, Thị xã Dĩ An, Bình Dương",4 m,1 phòng,"5,3 tỷ- 88 m2",Tây Nam,"Nhà mặt phố, mặt tiền",88 m²,"Đầu tư dự án khác bán nhà số 283 lý thường kiệt. Con đường sầm uất số 1 dĩ an. Số nhà cũng đẹp luôn￼￼,Diện tích đất 88m ngang 4 dài 22. Thổ cư 76.5m2. 2 bên là nhà Ko có đường hẻm Ko cấn trừ gì nhé. Đang cho thuê 9t/ tháng. Đường ko có dự án Làm xây hết đất ko lo cấn trừ, kinh doanh mọi ngành nghề ok, 
Giá 5ty 3 giá mặt tiền rẻ nhất lý thường kiệt,Công chứng sang tên 1 phút￼. Ngân hàng hỗ trợ 80% bớt Lộc cho Ae thiện chí, ko cần quảng cáo, miễn trung gian.","60,23 triệu/m²",Nội thất cao cấp,88 m²,Bắc,Chung cư,Mặt tiền,Mặt bằng kinh doanh
1,,"BÁN NHÀ 4,5X14- TRỆT-2 LẦU- XVNT P25-GẦN CV TẦM VU",3 phòng,40,Đã có sổ,Căn góc,Đã bàn giao,700,Đất thổ cư,63 m²,10,4,14 m,- 62 m2,"Đường Xô Viết Nghệ Tĩnh, Phường 25, Quận Bình Thạnh, Tp Hồ Chí Minh",4.5 m,4 phòng,"7,2 tỷ- 62 m2",Tây Nam,"Nhà ngõ, hẻm",62 m²,"Nhà đẹp khu Phường 25,Sầm uất- hẻm 685 xô viết nghệ tĩnh-thông ra công viên tâm vu 
hẻm trước nhà 3,5m cách 10m là sân chung đậu xe hơi gần 1000m2- khu nhà cao tầng, căn hộ dịch vụ, 
Gần chợ, siêu thị, đường 2 chiều, ngay khu các trường đại học lớn, cao ốc căn hộ, đầy đủ tiện ích
Diện tích đẹp 4,5x14- Xây Dựng 4,5x12 - có sân trước để xe, trồng hoa, 3 Phòng ngủ lớn, sân thượng, bếp, phòng khách, nhà decor nội thất cao cấp chỉ cần vào ở ngay, 
Hình chụp thực tế căn nhà, sổ hồng hoàn công đầy đủ
giá bán thiện chí 7,2 tỷ- còn thương lượng khách giao dịch nhanh gọn.
xem nhà xin liên hệ số điện thoại bên dưới
cảm ơn
MTG-QC","116,13 triệu/m²",Nội thất cao cấp,200 m²,Bắc,Chung cư,Hẻm xe hơi,Mặt bằng kinh doanh
1,,"BIDV THANHLÍ ĐẤT GIÁ RẺ,P.LÁI THIÊU,BD/1T050/102m2",3 phòng,40,Đã có sổ,Căn góc,Đã bàn giao,700,Đất thổ cư,63 m²,10,4,14 m,- 102 m2,"Đường Phan Thanh Giản, Phường Lái Thiêu, Thị xã Thuận An, Bình Dương",4.5 m,4 phòng,"1,05 tỷ- 102 m2",Tây Nam,"Nhà ngõ, hẻm",102 m²,"Ngân hàng BIDV thanh lí 1 lô đất đẹp KDC Bình Đức Tiến,P. Lái Thiêu,Bình Dương
GIÁ : 1T050
DT : 102,3m2
-Nằm mặt tiền đường Phan Thanh Giản, tuyến đường chính chợ lái thiêu,ngay sát đường CMT8 nối dài xuống TP.Thủ Dầu Một
-Cách chợ Lái Thiêu 600m,xung quanh dân cư đã ở kín,kinh doanh sầm uất
-Đường nhựa 16m, cơ sở hạ tầng hoàn thiện điện âm nước máy.Khuôn viên cây xanh vỉa hè thoáng mát
-Sổ hồng riêng,thổ cư 100%
-Thanh toán linh hoạt,ngân hàng hỗ trợ vay 50% 
LH để đi xem đất trực tiếp","10,29 triệu/m²",Nội thất cao cấp,200 m²,Bắc,Chung cư,Mặt tiền,Mặt bằng kinh doanh
1,,bán nhà mặt phố Đinh Tiên Hoàng Đà nẵng,3 phòng,40,Đã có sổ,Căn góc,Đã bàn giao,700,Đất thổ cư,63 m²,10,4,4 m,- 50 m2,"Đường Đinh Tiên Hoàng, Phường Tam Thuận, Quận Thanh Khê, Đà Nẵng",12 m,2 phòng,"5,7 tỷ- 50 m2",Tây Nam,"Nhà mặt phố, mặt tiền",50 m²,"nhà mặt tiền đinh tiên hoàng đà nẵng, ngang 12m rộng hơn 4m, thêm kiệt ô tô 4m đầu hồi, cách Ông ích khiêm 50m.vị trí kinh doanh rất tốt, dân đông đúc.nhà có 3 tầng, 3 phòng ngủ, tầng 1 tiện cho thuê 2 phòng mặt tiền giá chính chủ. thiện chí liên hệ xem nhà. giá ó thương lượng",114 triệu/m²,Nội thất cao cấp,150 m²,Tây Bắc,Chung cư,Mặt tiền,Mặt bằng kinh doanh
1,,"Hẻm Xe Hơi 5m..6m Ngô Quyền, ngang 3,5x10m 2 Lầu",3 phòng,40,Đã có sổ,Căn góc,Đã bàn giao,700,Đất thổ cư,63 m²,10,4,10 m,- 34 m2,"Đường Ngô Quyền, Phường 6, Quận 10, Tp Hồ Chí Minh",35 m,3 phòng,"6,7 tỷ- 34 m2",Tây Nam,"Nhà ngõ, hẻm",34 m²,"Hẻm Xe Hơi 5m....6m Đuờng Ngô Quyền Phuờng 6 Quận 10, ngang 3,5x10m 2 Lầu,nhà còn mới,vị trí căn nhà cách Mặt Tiền đuởng 30m,tiện mua ở hoặc làm cty, vp ,phòng mạch, Spa..., Gía 6,7ty","197,06 triệu/m²",Nội thất cao cấp,90 m²,Tây Bắc,Chung cư,Hẻm xe hơi,Mặt bằng kinh doanh
1,,Chỉ Cần Bỏ Ra 200 triệu nhận nhà ngay Chợ Gò Đen,2 phòng,40,Đã có sổ,Căn góc,Đã bàn giao,700,Đất thổ cư,63 m²,10,4,8 m,- 32 m2,"Đường Quốc Lộ 1, Xã Mỹ Yên, Huyện Bến Lức, Long An",4 m,1 phòng,200 triệu- 32 m2,Tây Nam,"Nhà mặt phố, mặt tiền",32 m²,"Thay vì ở trọ suốt đời thì bỏ ra 200 triệu bằng 10 năm ở trọ để được căn nhà như hình
Nhà ngay Chợ Gò Đen
Giá: 200 triệu
Diện Tích: 48m2
Đường Trước Nhà oto đi vi vu
Sổ Hồng Riêng Sang Tên Công Chứng Trong Ngày
Liên Hệ: 0964.515.626","6,25 triệu/m²",Nội thất cao cấp,48 m²,Tây Bắc,Chung cư,Nở hậu,Mặt bằng kinh doanh
1,,Cần bán 5000m đất ở. Tc300m.,2 phòng,40,Đã có sổ,Căn góc,Đã bàn giao,700,Đất thổ cư,63 m²,10,4,90 m,- 5.000 m2,"Đường 81, Xã Tóc Tiên, Thị xã Phú Mỹ, Bà Rịa - Vũng Tàu",52 m,1 phòng,"9,5 tỷ- 5.000 m2",Tây Nam,"Nhà mặt phố, mặt tiền",5000 m2,"cần bán 5000m đất quy hoạch đất ở . tc300m. 
* đường rộng 6m. cách đường đường 81 thị xã phú mỹ 100m .
* vị trí rất đẹp. khu dân cư đông đúc. gần công ty . chợ trường học xã tóc tiên 500m . trung tâm thị xã phú mỹ 2km . 
* đất vuông vắn , cao ráo bằng phẳng đẹp 
* thích hợp ace đầu tư. làm nhà xưởng. hoặc phân lô bán nền. 
* giá bán 9 tỷ. 500tr .
* a chị quan tâm xem đất Lh","1,9 triệu/m2",Nội thất cao cấp,48 m²,Bắc,Chung cư,Hẻm xe hơi,Mặt bằng kinh doanh
1,,"Nhà ô tô đỗ cửa 3 tầng 1,4 tỷ Yên Nghĩa - HÀ Đông",3 phòng,40,Đã có sổ,Căn góc,Đã bàn giao,700,Đất thổ cư,63 m²,10,3,8 m,- 31 m2,"Khu đô thị Geleximco Đường Lê Trọng Tấn, Phường Dương Nội, Quận Hà Đông, Hà Nội",4 m,2 phòng,"1,4 tỷ- 31 m2",Tây Nam,"Nhà mặt phố, mặt tiền",31 m²,"💎Nhà ô tô đỗ cửa, có 2 đường vào thông nhau, vi trí thoáng đãng , 
💎Cách đường Yên nghĩa chỉ 100m- Gần ngay đô thị Đô Nghĩa- Công viên nhạc nước và gần Dương Nội, Dân cư sầm uất đông vui

💎Đất 31m xây 3 tầng với 3 ngủ và 2 vệ sinh, 1 khách, bếp
💎Nhà xây kiểu bán cổ điển mặt ngoài sang trọng như hình

❌***NỘI THẤT ***❌
- 💎Nội thất cầu thang gỗ lim, tủ bếp gỗ tự nhiên, cầu thang ốp đá hoa cương
- 💎Cửa phòng khách, cửa nhà vệ sinh, cửa sổ làm bằng nhôm việt pháp cao cấp, cửa chính có 2 lớp cửa chắc chắn an toàn
- 💎Thiết bị vệ sinh inax, sơn jotun

- ❌ *** PHÁP LÝ SỔ ĐỎ *** ❌
- ✅Sổ vừa tách sổ cách đây 1 tháng, có vấn đề j thì ko bao h đc cấp sổ mới , mua bán tại phòng công chứng- Sổ đỏ của tôi có thể vay đc ngân hàng tầm 70% ngay lập tức
- 
- ✅ Đã qua phòng công chứng và vay được ngân hàng là đc thẩm định đất sạch ko quy hoạch nên ai mua thì ko bao giờ phải suy nghĩ vì khu đất tôi mua đã có quy hoạch đường xá mới va chia lô xong hết rồi
❌ ❌
Phone 
***Giá bán 1,4 tỷ ( lưu ý là ô tô đỗ cửa)***
- Sổ đỏ chính chủ tên của tôi luôn- Mua bán thì tôi bao sang tên và mọi thủ tục","45,16 triệu/m²",Hoàn thiện cơ bản,90 m²,Đông Nam,Chung cư,Hẻm xe hơi,Mặt bằng kinh doanh
1,,Thành phố Thủ Dầu Một 267.1m² 1 trệt 1 lầu,3 phòng,40,Đã có sổ,Căn góc,Đã bàn giao,700,Đất thổ cư,63 m²,10,3,8 m,- 267.1 m2,"Đường Võ Văn Kiệt, Phường Định Hoà, Thành phố Thủ Dầu Một, Bình Dương",4 m,3 phòng,"2,99 tỷ- 267.1 m2",Tây Nam,"Nhà mặt phố, mặt tiền",267.1 m²,"Phường Định Hòa - Thủ Dầu Một - Bình Dương
1 trệt 1 lầu 3PN + 3WC có sân trước sân sau + ban công rộng rãi
Nằm sau Trung Tâm Văn Hóa Thể Thao Cộng Đồng P.Đình Hòa
Cách đường Mỹ Phước Tân Vạn và Võ Văn Kiệt 500m. Gần trường THCS Định Hòa, Tiện ích xung quanh đầy đủ.","11,2 triệu/m²",Hoàn thiện cơ bản,90 m²,Đông Nam,Chung cư,Hẻm xe hơi,Mặt bằng kinh doanh
1,,Nhà 2 tầng nở hậu kiệt trung tâm thành phố Huế,4 phòng,40,Đã có sổ,Căn góc,Đã bàn giao,700,Đất thổ cư,63 m²,10,2,8 m,- 64 m2,"Đường Hà Nội, Phường Phú Nhuận, Thành phố Huế, Thừa Thiên Huế",4 m,4 phòng,"3,16 tỷ- 64 m2",Tây Nam,"Nhà ngõ, hẻm",64 m²,"Ban đất tặng nhà kiệt Đường Hà Nội, cách đường chính 35m
Diện tích: 63m2 nở hậu
Thông số: nhà 3 tầng, 4 phòng ngủ
Hướng: bắc
Nhà thích hợp làm homstay, nhà nghĩ cho người nước ngoài
GIá bán : 3 tỷ 150","49,38 triệu/m²",Nội thất đầy đủ,244 m²,Đông Bắc,Chung cư,Nở hậu,Mặt bằng kinh doanh
1,,đất làm kho xưỡng giá mềm cho đầu tư .(ngang 8m),4 phòng,40,Đã có sổ,Căn góc,Đã bàn giao,700,Đất thổ cư,63 m²,10,2,8 m,- 201 m2,"Đường Mỹ Phước Tân Vạn, Phường Bình An, Thị xã Dĩ An, Bình Dương",7.3 m,4 phòng,"3,7 tỷ- 201 m2",Tây Nam,"Nhà ngõ, hẻm",201 m2,"cần bán lô đất ngang 8m , dt 201m2 
hướng tây , vị trí mặt tiền đường nhựa 7m thông thoáng đẹp , gần đường mptv chỉ có 50m, cách qlo 1k chỉ 300m 
rất thuận tiện đi lại 
đất thuộc phường bình an , tp dĩ an , bình dương 
ai có nhu cầu xây nhà ,kho xưỡng ,liên hệ đi xem nhé ( giá cực rẻ , hình ảnh thực tế )
đt (a .nguyên)","18,41 triệu/m2",Nội thất đầy đủ,244 m²,Tây,Chung cư,Nở hậu,Mặt bằng kinh doanh
1,,"Nhà liên chiểu , giá rẻ",2 phòng,40,Đã có sổ,Căn góc,Đã bàn giao,700,Đất thổ cư,63 m²,10,2,18 m,- 81 m2,"Đường Phạm Như Xương, Phường Hòa Khánh Nam, Quận Liên Chiểu, Đà Nẵng",4.5 m,1 phòng,"1,55 tỷ- 81 m2",Tây Nam,"Nhà ngõ, hẻm",81 m²,"Nhà kiệt oto Mẹ Suốt ( kiệt 1 Phạm Như Xương )
Dien tich : 81m2 ( ngang 4,5x18m )
- Hướng Bắc
Đầy đủ công năng : 2 phòng ngủ , bếp , sân phơi , pk 

Giá bán : 1tỷ550 bớt ít làm sổ 

Vui lòng liên hệ để làm việc chính chủ","19,14 triệu/m²",Nội thất đầy đủ,244 m²,Bắc,Chung cư,Nở hậu,Mặt bằng kinh doanh
1,,"BÁN GẤP LÔ MT AN PHÚ 05, TA,BD. SHR - FULL THỔCƯ",2 phòng,40,Đã có sổ,Căn góc,Đã bàn giao,700,Đất thổ cư,63 m²,10,2,17 m,- 84 m2,"An Phú 05, Phường An Phú, Thị xã Thuận An, Bình Dương",5 m,1 phòng,885 triệu- 84 m2,Tây Nam,"Nhà ngõ, hẻm",84 m2,"Tôi nhận bán ra lô đất MT An Phú 05, Thuận An, Bình Dương nằm cách vòng xoay An Phú 500m
Ra Cao tốc Mỹ Phước Tân Vạn 3p di chuyển
Vị trí gần chợ, trường học, TTHC An Phú, dãy Ngân Hàng,...
Giá: 885tr/ 84m2 ( Thổ cư 100% )
Chồng đủ sang tên liền, tặng GPXD
Không gửi sổ qua MXH 
Liên hệ đi xem đất, không tiếp CÒ !","10,54 triệu/m2",Nội thất đầy đủ,244 m²,Bắc,Chung cư,Mặt tiền,Mặt bằng kinh doanh
1,,Nhà Hẻm Ô Tô- Kinh Doanh Được- Giá Tốt,2 phòng,40,Đã có sổ,Căn góc,Đã bàn giao,700,Đất thổ cư,63 m²,10,2,10 m,- 30 m2,"Đường Số 4, Phường 16, Quận Gò Vấp, Tp Hồ Chí Minh",3.1 m,2 phòng,"2,98 tỷ- 30 m2",Tây Nam,"Nhà ngõ, hẻm",30 m²,"🏡Bán Căn nhà đs4 P16 GV
- Diện tích 3,1m*10m CN 25m2 đất , 1 trệt 1 lầu DTXD 50mư hoàn công đầy đủ✅
- Nhà 1PKhach , 1PBep , 2PNgu , 2ƯC✅
- Nhà hướng Bắc lệch qua Đông Bắc✅
- Hẻm xe hơi 4m sạch sẽ an ninh cách MT đs4 50m , gần ngã 4 Phạm Văn Chiêu✅

Giá : 2tỷ980💜","99,33 triệu/m²",Nội thất đầy đủ,50 m²,Bắc,Chung cư,Nở hậu,Mặt bằng kinh doanh
1,,"nhà 2 lầu mặt tiền đường ,giáp linh xuân thủ đức",4 phòng,40,Đã có sổ,Căn góc,Đã bàn giao,700,Đất thổ cư,63 m²,10,3,10 m,- 83 m2,"Đường Huỳnh Tấn Phát, Phường Đông Hòa, Thị xã Dĩ An, Bình Dương",5 m,5 phòng,"3,65 tỷ- 83 m2",Tây Nam,"Nhà mặt phố, mặt tiền",83 m²,"Nhà 1 Trệt 2 Lầu diện tích 82,1m2
 Mặt tiền Kinh Doanh Phường Đông Hòa, TP Dĩ an. Tiện tích: gần trường học cấp 1, 2 đông hòa. 
Cách chợ đông hòa 300m, Cách BigC Dĩ An 700m, Cách Thủ đức 1km
 kết hợp ở kinh doanh, văn phòng công ty.
 Hướng chính Nam 
Nhà TK gồm 4p ngủ, 4wc, phòng khách, phòng thờ, bếp, sân để xe. Thiết kế hiện đai, đường thông.
 NGÂn hàng hỗ trợ 2,5 tỷ 
LH ;","43,98 triệu/m²",Nội thất đầy đủ,180 m²,Nam,Chung cư,Hẻm xe hơi,Mặt bằng kinh doanh
1,,CHỈ NHỈNH 2 TỶ CÓ NGAY NHÀ TRUNG TÂM CẦU GIẤY.,3 phòng,40,Đã có sổ,Căn góc,Đã bàn giao,700,Đất thổ cư,63 m²,10,4,10 m,- 33 m2,"Đường Cầu Giấy, Phường Quan Hoa, Quận Cầu Giấy, Hà Nội",3.5 m,3 phòng,"2,6 triệu- 33 m2",Tây Nam,"Nhà ngõ, hẻm",33 m²,"TIN ĐƯỢC KHÔNG CHỈ 2,6 TỶ CÓ NHÀ TRUNG TÂM CẦU GIẤY
 DIỆN TÍCH: 33m2, MẶT TIỀN: 3,5 M
- Khách thật nhanh mới kịp, thật hiếm có, rẻ không tưởng tượng nổi vì chủ cần tài chính gấp nên cần bán nhanh.
- Nhà 4 tầng tự xây chắc chắn, ngay ngõ 79 Cầu Giấy, thông Nguyễn Khang, Yên Hòa, giá rẻ như bán đất.
- Trước nhà cực thoáng, sân chơi nhà Văn Hóa rộng đẹp không bị che khuất, chợ dân sinh gần nhà rất tiện sinh hoạt hàng ngày.
- Khách xem nhà mang tiền ngay mới kịp, không có căn thứ 2 khu vực này.
Thiết kế như sau:
+ Tầng 1 phòng khách, bếp.
+ Tầng 2,3 mỗi tầng một phòng ngủ khép kín.
+ Tầng 4, phòng thờ sân phơi.
Sổ đỏ chính chủ nở hậu hút lộc.",78.787 đ/m²,Nội thất đầy đủ,33 m²,Nam,Chung cư,Hẻm xe hơi,Mặt bằng kinh doanh
1,,"Nhà mới đón tết phố Yên Duyên 33m,4 tầng 2.3 tỷ",3 phòng,40,Đã có sổ,Căn góc,Đã bàn giao,700,Đất thổ cư,63 m²,10,4,10 m,- 33 m2,"Đường Yên Duyên, Phường Yên Sở, Quận Hoàng Mai, Hà Nội",3.5 m,3 phòng,"2,3 tỷ- 33 m2",Tây Nam,"Nhà ngõ, hẻm",33 m²,"- Vị trí quá đẹp, cách mặt ngõ ô tô vài bước chân, rất gần mặt phố Yên Duyên, Tam Trinh, Vành đai 3.
- Nằm liền kề hồ điều hòa Yên Duyên, không khí thoáng mát, trong lành. Bán kính 100m đầy đủ tiện ích, Mầm non, Tiểu học, Trung học, khu đô thị kiểu mới Gamuda, chợ, không thiếu thứ gì.
- Nhà xây khung cột bê tông kiên cố chắc chắn, trước nhà rộng thoáng. Thiết kế khoa học, cực kỳ hợp lý, nội thất đẹp, sang trọng:
+ Tầng 1 phòng khách, bếp, vệ sinh.
+ Tầng 2, 3 mỗi tầng 1 phòng ngủ rộng rãi, nhà tắm vệ sinh đầy đủ
+ Tầng 4 phòng ngủ, phòng thờ, sân phơi rộng thoáng.
- Nội thất mới đẹp, đẳng cấp. Trần thạch cao, đèn trần, sàn gỗ, tủ bếp trên, tủ bếp dưới, vách kính bếp, thiết bị phòng tắm, thiết bị vệ sinh sang trọng.

Liên hệ anh Lâm để xem nhà.","69,7 triệu/m²",Nội thất đầy đủ,33 m²,Nam,Chung cư,Hẻm xe hơi,Mặt bằng kinh doanh
1,,"Bán nhà Nguyễn Chế Nghĩa p13q8,dt:3mx13m 2lau.SHR",4 phòng,40,Đã có sổ,Căn góc,Đã bàn giao,700,Đất thổ cư,63 m²,10,4,13 m,- 39 m2,"Đường Nguyễn Chế Nghĩa, Phường 13, Quận 8, Tp Hồ Chí Minh",3 m,3 phòng,"3,7 tỷ- 39 m2",Tây Nam,"Nhà ngõ, hẻm",39 m²,"Bán nhà đường Nguyễn Chế Nghĩa p13 q8 
Dt: 3mx13m 2lau 4phong ngu 3 WC
Sổ hồng chính chủ, hỗ trợ vay ngân hàng 
Nhà trống giao ngay.NHÀ NHƯ HÌNH
Gia 3ty700tr thương lượng 
Liên hệ Kim Anh xem nhà trực tiếp 
Miễn tiếp môi giới","94,87 triệu/m²",Nội thất đầy đủ,33 m²,Nam,Chung cư,Hẻm xe hơi,Mặt bằng kinh doanh
1,,"Nhà gác lửng dtich 85m kiệt 3m Nguyễn Như Hạnh,Lc",3 phòng,40,Đã có sổ,Căn góc,Đã bàn giao,700,Đất thổ cư,63 m²,10,4,18.5 m,- 84 m2,"Đường Nguyễn Như Hạnh, Phường Hòa Minh, Quận Liên Chiểu, Đà Nẵng",5 m,2 phòng,"2,15 tỷ- 84 m2",Tây Nam,"Nhà ngõ, hẻm",84 m²,"Bán nhà gác lửng kiệt 3m Nguyễn Như Hạnh, Liên Chiểu cách đường chính 30m có bãi đổ ô tô.
- Diện tích:84m
- Hướng: Nam
Có 3pn,wc phòng khách,bếp,phòng thờ...
Giá:2150 có thương lượng","25,6 triệu/m²",Nội thất đầy đủ,33 m²,Nam,Chung cư,Hẻm xe hơi,Mặt bằng kinh doanh
1,,Nhà cấp 2 ngô sỹ liên / Phan thiết,5 phòng,40,Đã có sổ,Căn góc,Đã bàn giao,700,Đất thổ cư,63 m²,10,4,18.5 m,- 100 m2,"Đường Ngô Sĩ Liên, Phường Đức Thắng, Thành phố Phan Thiết, Bình Thuận",5 m,5 phòng,"6,5 tỷ- 100 m2",Tây Nam,"Nhà mặt phố, mặt tiền",100 m²,"2 căn nhà cấp 2 đường ngô sỹ lien . Gần chợ Phan thiết
Một trệt 2 lầu .
Giá: 6,8 ty thương lượng 
085 3945639",65 triệu/m²,Nội thất đầy đủ,280 m²,Nam,Chung cư,Hẻm xe hơi,Mặt bằng kinh doanh
1,,CHUNG CƯ MINI GẦN CÔNG VIÊN THỐNG NHẤT-ĐẠI CỒ VIỆT,1 phòng,40,Đã có sổ,Căn góc,Chưa bàn giao,700,Đất thổ cư,34 m²,10,4,18.5 m,- 34 m2,"Đường Đại Cồ Việt, Phường Đống Mác, Quận Hai Bà Trưng, Hà Nội",5 m,1 phòng,600 triệu- 34 m2,Tây Nam,"Nhà mặt phố, mặt tiền",100 m²,"Dự án: CHUNG CƯ MINI CÔNG VIÊN THỐNG NHẤT.
 Thông tin chi tiết: MỞ BÁN CĂN HỘ CHUNG CƯ MINI CÔNG VIÊN THỐNG NHẤT - MỚI 100%

NHẬN NHÀ Ở NGAY - GẦN CÁC TUYẾN ĐƯỜNG LỚN- GẦN PHỐ CỔ

GẦN NGAY CV THỐNG NHẤT - ĐẠI HỌC BÁCH KHOA

Vị trí ô tô đỗ cửa – không có vị trí thứ 2.

Nằm trong tòa nhà được thiết kế thoáng mát, có ban công rộng rãi.

Có thang máy tốc độ cao, thang bộ và bảo vệ chuyên nghiệp.

Đa dạng từng phân khúc từ 1 ngủ đến 2 ngủ.

DT : 30 – 33 – 35 – 43 – 47 – 50 – 55m2.

Giá : 610tr – 650tr – 880tr – 950tr – 1.2 tỷ.

Chiết khấu từ 4 % đến 5% giá trị căn hộ.

Pháp lý đầy đủ ,tách sổ hồng theo quy định của pháp luật.

LIÊN HỆ CHỦ ĐẦU TƯ ĐỂ MUA NHÀ GIÁ RẺ","17,65 triệu/m²",Nội thất đầy đủ,280 m²,Nam,Chung cư,Hẻm xe hơi,Mặt bằng kinh doanh
1,,"Đất 120m2 Đường An Thạnh 8, Thuận An, Thổ cư, shr",1 phòng,40,Đã có sổ,Căn góc,Chưa bàn giao,700,Đất thổ cư,34 m²,10,4,22 m,- 120 m2,"Đường An Thạnh 8, Phường An Thạnh, Thị xã Thuận An, Bình Dương",5 m,1 phòng,"1,2 tỷ- 120 m2",Tây Nam,"Nhà mặt phố, mặt tiền",120 m2,"chính chủ cần tiền qua tết kinh doanh cửa hàng sang gấp lô đất MT đường An Thạnh 08, Thuận An, Bình Dương 
Đường trước mặt 6m đường nhựa, đường thông thoáng
Dân cư đông đúc sầm uất, gần đại lộ Bình Dương chỉ 7p di chuyển 
Cách chợ Búng 1km
Đất ở đô thị 80m2, xây dựng liền xây dựng tự do
Giá: 1ty2/120m2 ( 5x22 )
Bao sang tên công chứng",10 triệu/m2,Nội thất đầy đủ,280 m²,Nam,Chung cư,Mặt tiền,Mặt bằng kinh doanh
1,,Bán gấp giá mềm đất mặt tiền Bến xe Miền Đông Q.9,1 phòng,40,Đã có sổ,Căn góc,Chưa bàn giao,700,Đất thổ cư,34 m²,10,4,22 m,- 649 m2,"Đường Số 13, Phường Long Bình, Quận 9, Tp Hồ Chí Minh",5 m,1 phòng,55 tỷ- 649 m2,Tây Nam,"Nhà mặt phố, mặt tiền",649 m2,"Tui chính chủ cần bán miếng đất Mặt tiền đường xe tải ngay ngã 4 Hoàng Hữu Nam - Đường số 13 liền kề Bến xe Miền Đông mới Quận 9, xe 2’ ra đến quốc lộ 1A (đính kèm bản đồ hình ảnh), cạnh Depot Metro, Bệnh viện Ung bứu, KDL Suối Tiên, Làng đại học Thủ Đức...

Thuận lợi giao thông về: Đồng Nai, Bình Dương, Vũng Tàu...

Tổng diện tích công nhận 651m2 ODT, nở hậu (xem hình sổ), phần còn lại người mua được miễn phí cho đến lúc mở đường lớn, thích hợp làm Kho bãi, Khách sạn, Nhà nghỉ và đầu tư dài hạn theo Bến xe Miền Đông đã đi vào hoạt động

Giá bán: 55 tỷ/649m2 chỉ 84tr/m2 đã bao gồm tất cả các loại thuế phí, có ưu tiên cho người đến sớm. Cần bán gấp

Đất nằm giữa Bến xe Miền Đông mới và Ga cuối tàu điện ngầm Bến Thành - Suối Tiên

Hoa hồng: 1% cho anh chị giới thiệu, hoặc trừ trực tiếp cho người mua.

Mọi chi tiết vui lòng liên hệ tui chính chủ. Cảm ơn!
————————————

Tổng công ty Cơ khí giao thông vận tải Sài Gòn TNHH một thành viên (SAMCO) – chủ đầu tư dự án bến xe miền Đông mới cho biết sẽ khai trương và đưa vào sử dụng giai đoạn 1 từ ngày 10/10/2020

SAMCO cho biết trong giai đoạn 1, bến xe mới này sẽ phục vụ vận tải hành khách tuyến đường cố định có cự ly từ 1.000km trở lên. Chủ yếu đi từ TP.HCM đến các tỉnh, thành từ tỉnh Quảng Trị trở ra các tỉnh phía Bắc.","84,75 triệu/m2",Nội thất đầy đủ,280 m²,Nam,Chung cư,Nở hậu,Mặt bằng kinh doanh
1,,"Bán nhà lửng 150m2 cách QL13 500m, Thuận Giao, shr",2 phòng,40,Đã có sổ,Căn góc,Chưa bàn giao,700,Đất thổ cư,34 m²,10,4,25 m,- 150 m2,"Thuận giao 16, Phường Thuận Giao, Thị xã Thuận An, Bình Dương",6 m,2 phòng,"1,47 tỷ- 150 m2",Tây Nam,"Nhà mặt phố, mặt tiền",150 m²,"__ Nhà cach MT đường Đại Lộ Bình Dương 500m, phường Thuận Giao, Bình Dương.
Nhà mặt tiền đường nhựa 24m, ngay trên đường Đại Lộ Bình Dương (Quốc lộ 13), thuộc phường Thuận Giao. Cách ngã tư Hòa Lân chỉ 150m.
• Diện tích : 150m, thổ cư 70m, có 2 phòng ngủ, 2 toilet. Phòng khách và phòng thờ rộng. Có lối thoát hiểm sau.
--> Mặt tiền sảnh để cho thuê kinh doanh buôn bán dài 15m, sân trong và ngoài rộng gần 10m. Buôn bán cực Vip.
• Giá bán chỉ trong năm 1ty470 ( có bớt chút đỉnh )
Miễn tiếp còn lái. KHÁCH HÀNG HÃY LIÊN HỆ !","9,8 triệu/m²",Nội thất đầy đủ,70 m²,Nam,Chung cư,Nở hậu,Mặt bằng kinh doanh
1,,"Lệ Mật, Việt Hưng, DÂN XÂY, OTO Vào Nhà, LÔ GÓC",3 phòng,40,Đã có sổ,Căn góc,Chưa bàn giao,700,Đất thổ cư,34 m²,10,5,25 m,- 42 m2,"Đường Lệ Mật, Phường Việt Hưng, Quận Long Biên, Hà Nội",6 m,2 phòng,4 tỷ- 42 m2,Tây Nam,"Nhà mặt phố, mặt tiền",42 m²,"Bán Nhà Phố Lệ Mật, Việt Hưng, DÂN XÂY, OTO Vào Nhà, LÔ GÓC
- Vị Trí Đẹp, ngay Đình Làng Lệ Mật, Vài Phút đến BigC Long Biên
- Gần chợ gần trường, Đường Rộng, Ô TÔ Ra Vào Thoải Mái, Vào Nhà
- Sổ đẹp, Vuông vắn trước sau như một, LÔ GÓC 2 ngõ đều đi được Ô TÔ
- Pháp lý sạch, sẵn sàng giao dịch
- DT 42m 5 tầng, DÂN XÂY vô cùng đẹp và chắc chắn
* Giá 4 Tỷ ( có thương lượng)
LH","95,24 triệu/m²",Nội thất đầy đủ,42 m²,Nam,Chung cư,Hẻm xe hơi,Mặt bằng kinh doanh
1,,"Bán Nhà 52 Ngõ 169 Hoàng Mai, 30m/5 Tầng/2.9 Tỷ",3 phòng,40,Đã có sổ,Căn góc,Chưa bàn giao,700,Đất thổ cư,34 m²,10,5,9 m,- 30 m2,"169/52, Đường Hoàng Mai, Phường Hoàng Văn Thụ, Quận Hoàng Mai, Hà Nội",3.5 m,4 phòng,"2,9 tỷ- 30 m2",Tây Nam,"Nhà ngõ, hẻm",30 m²,"Nhà thuộc ngõ 169/52 phố Hoàng Mai, Phường Hoàng Mai, ngõ rộng rãi thông sang phố Đến Lừ, Gốc Đề, thoáng trước sau, giao thông thuận tiện, an ninh tốt, dân trí cao, các tiện ích xung quanh đầy đủ. Nhà mới xây, nội thất đầy đủ giường, tủ, salon, sàn gỗ cao cấp, đá ốp tự nhiên, thiết bị vệ sinh xịn, thiết kế hiện đại, thoáng và sáng từng phòng ngủ.
- Diện tích: 30m, mặt tiền: 3.5m, vuông vắn trước sau
- Thiết kế 5 tầng mới, cầu thang và vệ sinh cuối nhà
Tầng 1: phòng khách, bếp
Tầng 2,3,4: mỗi tầng một phòng ngủ rộng, vệ sinh khép kín
Tầng 5: phòng thờ, sân phơi
- Giá bán: 2.9 Tỷ, có thương lượng, Sổ Đỏ Chính Chủ
- Liên hệ: A.Chiến – – Môi Giới Nhà Đất



-","96,67 triệu/m²",Nội thất cao cấp,30 m²,Nam,Chung cư,Hẻm xe hơi,Mặt bằng kinh doanh
1,,Nhà trệt 200tr tại bình dương,2 phòng,40,Đã có sổ,Căn góc,Chưa bàn giao,700,Đất thổ cư,34 m²,10,5,16.5 m,- 78 m2,"Đường 7B, Phường Mỹ Phước, Thị xã Bến Cát, Bình Dương",4 m,1 phòng,1 tỷ- 78 m2,Tây Nam,Nhà phố liền kề,78 m²,"Tháng 12 này tập đoàn Huỳnh gia là chủ đầu tư có đợt ưu đãi cho khách hàng mua nhà chỉ cần 200tr là bạn đã sở hữu nhà trệt 78m2. Tiến độ thanh toán linh hoạt . Pháp lý rõ ràng , sổ Hồng riêng từng căn. Địa chỉ khu đô thị happy home thị trấn Mỹ Phước thị xã bến cát bình dương","12,82 triệu/m²",Nội thất cao cấp,70 m²,Đông Bắc,Chung cư,Hẻm xe hơi,Mặt bằng kinh doanh
1,,Đất trục công viên KDC Song Phương.100m2 giá 1ty35,2 phòng,40,Đã có sổ,Căn góc,Chưa bàn giao,700,Đất thổ cư,34 m²,10,5,20 m,- 100 m2,"Đường Quốc Lộ 51, Xã Phước Thái, Huyện Long Thành, Đồng Nai",5 m,1 phòng,"1,35 tỷ- 100 m2",Tây Nam,Nhà phố liền kề,100 m2,"Cuối năm cần bán gấp lô đất nằm trong KDC Song Phương, Phước Thái, tt Long Thành.
Nằm trên trục đường công viên, vỉa hè 2 bên, đường nhựa 6m.
Khu dân cư đông đúc, đối diện trung tâm hành chính xã Phước Thái, trường học, chợ...
Diện tích: 5x20 m2, sổ hồng riêng, thổ cư 100%.
Giá bán 1 tỷ 350. 
Vị trí cách QL 51 chỉ 100m, hệ thống cơ sở hạ tầng hoàn thiện, điện, đèn đường, cây xanh, vỉa hè....
Nằm gần sân bay QT Long Thành, cao tốc Bến Lức - Long Thành, cao tốc Biên Hòa - Vũng Tàu ( 1,5 km).
Hệ thống giao thông công cộng, giá rẻ cho các nhà đầu tư.
XUng quanh là các cụm KCN Lớn: KCN Phước Bình, cụm KCN Long phước, KCN Gò Dầu, cty Vedan, ....
Vị trí tiềm năng, cơ hội đầu tư hấp dẫn.","13,5 triệu/m2",Nội thất cao cấp,70 m²,Đông Bắc,Chung cư,Hẻm xe hơi,Mặt bằng kinh doanh
1,,Central Premium 43m² giá rẻ 2.050 tỷ tầng 12.,1 phòng,40,Đã có sổ,Căn góc,Đã bàn giao,700,Đất thổ cư,43 m²,10,5,20 m,- 43 m2,"đường Tạ Quang Bửu, Phường 5, Quận 8, Tp Hồ Chí Minh",5 m,1 phòng,"2,05 tỷ- 43 m2",Tây Nam,Nhà phố liền kề,100 m2,"Căn hộ OFF central Premium mặt tiền Tạ Quang Bửu, Quận 8. Thông tin cần bán lại:
- Diện tích 43m2, 1 bếp, 1 wc, 1 tủ quần áo, 1 bancon rộng.
- Tầng 12
- Giá mình cần bán 2.050 tỷ bao gồm giấy tờ và thuế phí
Gia đình cần tiền làm ăn nên mình muốn bán nhanh, hy vọng gặp được khách hàng thiện trí.
Anh/chị muốn coi nhà xin vui lòng liên hệ số điện thoại hoặc zalo.","47,67 triệu/m²",Nội thất cao cấp,70 m²,Đông Bắc,Officetel,Hẻm xe hơi,Mặt bằng kinh doanh
1,,"Sở Hữu Căn hộ Tp.Thuận An, Bình Dương chỉ 839triệu",2 phòng,40,Đang chờ sổ,Căn góc,Đã bàn giao,700,Đất thổ cư,42 m²,2,5,20 m,- 42 m2,"Thuan giao 23, Phường Thuận Giao, Thị xã Thuận An, Bình Dương",5 m,2 phòng,839 triệu- 42 m2,Tây Nam,Nhà phố liền kề,100 m2,"Bán căn hộ ngay Tp Thuận An chỉ 839tr/căn
Vị trí Căn Hộ Thuận An :
+ Nằm ngay mặt tiền đường 23, Thuận Giao, Thuận An
+ Đối diện trường trung học cơ sở Thuận giao, cách 500 m2 là trường mầm non và tiểu học Thuận Giao
+ Siêu thị Nhật Bản AEON MALL 10p, trung tâm TP Thuận An 17p, bệnh viện quốc tế Comlumbia, BV QT Becamex,... trong vòng 10-15p
+ Cách cụm khu công nghiệp Tân Thành 5 phút, KCN Visip 10p,...
+ Cách đại lộ Bình Dương 7 phút
+ Cách cao tốc Mỹ Phước - Tân Vạn 10 phút
Diện tích căn hộ : 42m2
Ai có nhu cầu xem vị trí căn hộ vui lòng liên hệ : Ms Đào","19,98 triệu/m²",Hoàn thiện cơ bản,70 m²,Đông Bắc,Chung cư,Hẻm xe hơi,Mặt bằng kinh doanh
1,,Đất nền homestay Tp Bảo Lộc view suối tự nhiên,2 phòng,40,Đã có sổ,Căn góc,Đã bàn giao,700,Đất nông nghiệp,42 m²,2,5,33.5 m,- 503 m2,"Đường Lý Thái Tổ, Xã Đạm Bri, Thành phố Bảo Lộc, Lâm Đồng",15 m,2 phòng,850 triệu- 503 m2,Tây Nam,Nhà phố liền kề,503 m2,"- Đất vườn TP Bảo Lộc diện tích đa dạng 280m2 - 1200m2.
- Có suối tự nhiên bao quanh, view sườn đồi.
- Đường nội bộ rộng 10m.
- Tổng 70 nền, trong khu vực nội bộ có công viên nội khu, homestay hiện hữu, khu vực nướng BBQ.
- Toàn bộ đường đổ nhựa rải thảm, vỉa hè lát đá.
- Ngay điểm xuống của cao tốc Dầu Giây - Liên Khương.
- Sổ đỏ từng nền.
- Cách thác Đambri 3km.
- Phù hợp: Đầu tư, du lịch, nghỉ dưỡng.","1,69 triệu/m2",Hoàn thiện cơ bản,70 m²,Đông Bắc,Chung cư,Hẻm xe hơi,Mặt bằng kinh doanh
1,,CHUNG CƯ MINI GẦN CÔNG VIÊN THỐNG NHẤT-ĐẠI CỒ VIỆT,1 phòng,40,Đã có sổ,Căn góc,Chưa bàn giao,700,Đất nông nghiệp,34 m²,2,5,33.5 m,- 34 m2,"Đường Đại Cồ Việt, Phường Đống Mác, Quận Hai Bà Trưng, Hà Nội",15 m,1 phòng,600 triệu- 34 m2,Tây Nam,Nhà phố liền kề,503 m2,"Dự án: CHUNG CƯ MINI CÔNG VIÊN THỐNG NHẤT.
 Thông tin chi tiết: MỞ BÁN CĂN HỘ CHUNG CƯ MINI CÔNG VIÊN THỐNG NHẤT - MỚI 100%

NHẬN NHÀ Ở NGAY - GẦN CÁC TUYẾN ĐƯỜNG LỚN- GẦN PHỐ CỔ

GẦN NGAY CV THỐNG NHẤT - ĐẠI HỌC BÁCH KHOA

Vị trí ô tô đỗ cửa – không có vị trí thứ 2.

Nằm trong tòa nhà được thiết kế thoáng mát, có ban công rộng rãi.

Có thang máy tốc độ cao, thang bộ và bảo vệ chuyên nghiệp.

Đa dạng từng phân khúc từ 1 ngủ đến 2 ngủ.

DT : 30 – 33 – 35 – 43 – 47 – 50 – 55m2.

Giá : 610tr – 650tr – 880tr – 950tr – 1.2 tỷ.

Chiết khấu từ 4 % đến 5% giá trị căn hộ.

Pháp lý đầy đủ ,tách sổ hồng theo quy định của pháp luật.

LIÊN HỆ CHỦ ĐẦU TƯ ĐỂ MUA NHÀ GIÁ RẺ","17,65 triệu/m²",Nội thất đầy đủ,70 m²,Đông Bắc,Chung cư,Hẻm xe hơi,Mặt bằng kinh doanh
1,,"Đất 120m2 Đường An Thạnh 8, Thuận An, Thổ cư, shr",1 phòng,40,Đã có sổ,Căn góc,Chưa bàn giao,700,Đất thổ cư,34 m²,2,5,22 m,- 120 m2,"Đường An Thạnh 8, Phường An Thạnh, Thị xã Thuận An, Bình Dương",5 m,1 phòng,"1,2 tỷ- 120 m2",Tây Nam,Nhà phố liền kề,120 m2,"chính chủ cần tiền qua tết kinh doanh cửa hàng sang gấp lô đất MT đường An Thạnh 08, Thuận An, Bình Dương 
Đường trước mặt 6m đường nhựa, đường thông thoáng
Dân cư đông đúc sầm uất, gần đại lộ Bình Dương chỉ 7p di chuyển 
Cách chợ Búng 1km
Đất ở đô thị 80m2, xây dựng liền xây dựng tự do
Giá: 1ty2/120m2 ( 5x22 )
Bao sang tên công chứng",10 triệu/m2,Nội thất đầy đủ,70 m²,Đông Bắc,Chung cư,Mặt tiền,Mặt bằng kinh doanh
1,,Bán gấp giá mềm đất mặt tiền Bến xe Miền Đông Q.9,1 phòng,40,Đã có sổ,Căn góc,Chưa bàn giao,700,Đất thổ cư,34 m²,2,5,22 m,- 649 m2,"Đường Số 13, Phường Long Bình, Quận 9, Tp Hồ Chí Minh",5 m,1 phòng,55 tỷ- 649 m2,Tây Nam,Nhà phố liền kề,649 m2,"Tui chính chủ cần bán miếng đất Mặt tiền đường xe tải ngay ngã 4 Hoàng Hữu Nam - Đường số 13 liền kề Bến xe Miền Đông mới Quận 9, xe 2’ ra đến quốc lộ 1A (đính kèm bản đồ hình ảnh), cạnh Depot Metro, Bệnh viện Ung bứu, KDL Suối Tiên, Làng đại học Thủ Đức...

Thuận lợi giao thông về: Đồng Nai, Bình Dương, Vũng Tàu...

Tổng diện tích công nhận 651m2 ODT, nở hậu (xem hình sổ), phần còn lại người mua được miễn phí cho đến lúc mở đường lớn, thích hợp làm Kho bãi, Khách sạn, Nhà nghỉ và đầu tư dài hạn theo Bến xe Miền Đông đã đi vào hoạt động

Giá bán: 55 tỷ/649m2 chỉ 84tr/m2 đã bao gồm tất cả các loại thuế phí, có ưu tiên cho người đến sớm. Cần bán gấp

Đất nằm giữa Bến xe Miền Đông mới và Ga cuối tàu điện ngầm Bến Thành - Suối Tiên

Hoa hồng: 1% cho anh chị giới thiệu, hoặc trừ trực tiếp cho người mua.

Mọi chi tiết vui lòng liên hệ tui chính chủ. Cảm ơn!
————————————

Tổng công ty Cơ khí giao thông vận tải Sài Gòn TNHH một thành viên (SAMCO) – chủ đầu tư dự án bến xe miền Đông mới cho biết sẽ khai trương và đưa vào sử dụng giai đoạn 1 từ ngày 10/10/2020

SAMCO cho biết trong giai đoạn 1, bến xe mới này sẽ phục vụ vận tải hành khách tuyến đường cố định có cự ly từ 1.000km trở lên. Chủ yếu đi từ TP.HCM đến các tỉnh, thành từ tỉnh Quảng Trị trở ra các tỉnh phía Bắc.","84,75 triệu/m2",Nội thất đầy đủ,70 m²,Nam,Chung cư,Nở hậu,Mặt bằng kinh doanh
1,,"Bán nhà lửng 150m2 cách QL13 500m, Thuận Giao, shr",2 phòng,40,Đã có sổ,Căn góc,Chưa bàn giao,700,Đất thổ cư,34 m²,2,5,25 m,- 150 m2,"Thuận giao 16, Phường Thuận Giao, Thị xã Thuận An, Bình Dương",6 m,2 phòng,"1,47 tỷ- 150 m2",Tây Nam,"Nhà mặt phố, mặt tiền",150 m²,"__ Nhà cach MT đường Đại Lộ Bình Dương 500m, phường Thuận Giao, Bình Dương.
Nhà mặt tiền đường nhựa 24m, ngay trên đường Đại Lộ Bình Dương (Quốc lộ 13), thuộc phường Thuận Giao. Cách ngã tư Hòa Lân chỉ 150m.
• Diện tích : 150m, thổ cư 70m, có 2 phòng ngủ, 2 toilet. Phòng khách và phòng thờ rộng. Có lối thoát hiểm sau.
--> Mặt tiền sảnh để cho thuê kinh doanh buôn bán dài 15m, sân trong và ngoài rộng gần 10m. Buôn bán cực Vip.
• Giá bán chỉ trong năm 1ty470 ( có bớt chút đỉnh )
Miễn tiếp còn lái. KHÁCH HÀNG HÃY LIÊN HỆ !","9,8 triệu/m²",Nội thất đầy đủ,70 m²,Nam,Chung cư,Nở hậu,Mặt bằng kinh doanh
1,,"Lệ Mật, Việt Hưng, DÂN XÂY, OTO Vào Nhà, LÔ GÓC",3 phòng,40,Đã có sổ,Căn góc,Chưa bàn giao,700,Đất thổ cư,34 m²,2,5,25 m,- 42 m2,"Đường Lệ Mật, Phường Việt Hưng, Quận Long Biên, Hà Nội",6 m,2 phòng,4 tỷ- 42 m2,Tây Nam,"Nhà mặt phố, mặt tiền",42 m²,"Bán Nhà Phố Lệ Mật, Việt Hưng, DÂN XÂY, OTO Vào Nhà, LÔ GÓC
- Vị Trí Đẹp, ngay Đình Làng Lệ Mật, Vài Phút đến BigC Long Biên
- Gần chợ gần trường, Đường Rộng, Ô TÔ Ra Vào Thoải Mái, Vào Nhà
- Sổ đẹp, Vuông vắn trước sau như một, LÔ GÓC 2 ngõ đều đi được Ô TÔ
- Pháp lý sạch, sẵn sàng giao dịch
- DT 42m 5 tầng, DÂN XÂY vô cùng đẹp và chắc chắn
* Giá 4 Tỷ ( có thương lượng)
LH","95,24 triệu/m²",Nội thất đầy đủ,42 m²,Nam,Chung cư,Hẻm xe hơi,Mặt bằng kinh doanh
1,,"Bán Nhà 52 Ngõ 169 Hoàng Mai, 30m/5 Tầng/2.9 Tỷ",3 phòng,40,Đã có sổ,Căn góc,Chưa bàn giao,700,Đất thổ cư,34 m²,2,5,9 m,- 30 m2,"169/52, Đường Hoàng Mai, Phường Hoàng Văn Thụ, Quận Hoàng Mai, Hà Nội",3.5 m,4 phòng,"2,9 tỷ- 30 m2",Tây Nam,"Nhà ngõ, hẻm",30 m²,"Nhà thuộc ngõ 169/52 phố Hoàng Mai, Phường Hoàng Mai, ngõ rộng rãi thông sang phố Đến Lừ, Gốc Đề, thoáng trước sau, giao thông thuận tiện, an ninh tốt, dân trí cao, các tiện ích xung quanh đầy đủ. Nhà mới xây, nội thất đầy đủ giường, tủ, salon, sàn gỗ cao cấp, đá ốp tự nhiên, thiết bị vệ sinh xịn, thiết kế hiện đại, thoáng và sáng từng phòng ngủ.
- Diện tích: 30m, mặt tiền: 3.5m, vuông vắn trước sau
- Thiết kế 5 tầng mới, cầu thang và vệ sinh cuối nhà
Tầng 1: phòng khách, bếp
Tầng 2,3,4: mỗi tầng một phòng ngủ rộng, vệ sinh khép kín
Tầng 5: phòng thờ, sân phơi
- Giá bán: 2.9 Tỷ, có thương lượng, Sổ Đỏ Chính Chủ
- Liên hệ: A.Chiến – – Môi Giới Nhà Đất



-","96,67 triệu/m²",Nội thất cao cấp,30 m²,Nam,Chung cư,Hẻm xe hơi,Mặt bằng kinh doanh
1,,"Bán nhà 3 tầng,hẻm Đào Tông Nguyên, N Bè, 2.2 tỷ",3 phòng,40,Đã có sổ,Căn góc,Chưa bàn giao,700,Đất thổ cư,34 m²,2,5,15 m,- 51 m2,"Đường Đào Tông Nguyên, Thị trấn Nhà Bè, Huyện Nhà Bè, Tp Hồ Chí Minh",3.4 m,2 phòng,"2,2 tỷ- 51 m2",Tây Nam,"Nhà ngõ, hẻm",51 m²,"🌹🌹NHÀ 3 TẦNG, MẶT TIỀN HẺM NHỰA 8M ĐÀO TÔNG NGUYÊN, TIỆN KINH DOANH, GIÁ 2.2 TỶ 
Nhà 3,4 x15m, trệt, 2 lầu, 4 phòng ngủ 
Đường nhựa 8m, hơi ra vào thoải mái. 
Tiện ở, bán tạp hoá, kinh doanh tiệm tóc nail...
🎁🎁Giá: 2.2 tỷ 
Liên hệ Ms Hải
www.nhagiare.co","43,14 triệu/m²",Nội thất cao cấp,30 m²,Nam,Chung cư,Hẻm xe hơi,Mặt bằng kinh doanh
1,,Bán lô đất kiệt ô tô phan tứ - ngũ hành Sơn,3 phòng,40,Đã có sổ,Căn góc,Chưa bàn giao,700,Đất thổ cư,34 m²,2,5,25 m,- 101 m2,"Đường Phan Tứ, Phường Mỹ An, Quận Ngũ Hành Sơn, Đà Nẵng",4 m,2 phòng,"4,3 tỷ- 101 m2",Tây Nam,"Nhà ngõ, hẻm",101 m2,"bán lô đất kiệt phan tứ - ngũ hành Sơn - Đà Nẵng 
Bán lô đất kiệt Phan tứ 
Diện tích : 100m2 ngang 4,2m vuông vắn 
Hướng đông Bắc 
Vị trí gần đường chính phan tứ - kiệt ô tô 5m . 
Kiệt Thông thoáng . Gần chợ và khu buôn bán sầm uất 
Cách biển 500m . Rất phù hợp xây căn hộ hoặc làm nhà ở 
Đầu tư sinh lời cao 
Giá 4ty3 có tl 
Liên hệ : gặp Nhân","42,57 triệu/m2",Nội thất cao cấp,30 m²,Đông Bắc,Chung cư,Hẻm xe hơi,Mặt bằng kinh doanh
1,,Chính Chỉ bán 6 lô đất Kim Sơn oto vào nhà,3 phòng,40,Đã có sổ,Căn góc,Chưa bàn giao,700,Đất thổ cư,34 m²,2,5,4 m,- 50 m2,"Đường Quốc Lộ 17, Xã Kim Sơn, Huyện Gia Lâm, Hà Nội",13 m,2 phòng,930 triệu- 50 m2,Tây Nam,"Nhà ngõ, hẻm",50 m2,"Bán gấp 6 lô đất Kim Sơn - Gia Lâm- Hà Nội
Diện tích sử dụng 347m2
Diện tích theo sổ 317m2
Chia 6 lô diện tích từ 44m2 đến 53m2
Giá từ 700tr đến 960tr
Giá đầu tư cả lô liên hệ trực tiếp","18,6 triệu/m2",Nội thất cao cấp,30 m²,Đông Bắc,Chung cư,Nở hậu,Mặt bằng kinh doanh
1,,Đất Quận Bình Thuỷ 73m²,3 phòng,40,Đã có sổ,Căn góc,Chưa bàn giao,700,Đất công nghiệp,34 m²,2,5,15 m,- 73 m2,"long tuyền, Phường Long Tuyền, Quận Bình Thuỷ, Cần Thơ",5 m,2 phòng,350 triệu- 73 m2,Tây Nam,"Nhà ngõ, hẻm",73 m2,"Bán 2 nền CLN thuộc Long Tuyền Bình Thuỷ. 
Dt ( 68,9m2-73m2)
Lộ 5m ô tô ts nền","4,79 triệu/m2",Nội thất cao cấp,30 m²,Đông Bắc,Chung cư,Mặt tiền,Mặt bằng kinh doanh
1,,NHÀ BẰNG LIỆT-HOÀNG MAI-LÔ GÓC –HIẾM,4 phòng,40,Đã có sổ,Căn góc,Chưa bàn giao,700,Đất công nghiệp,34 m²,2,5,15 m,- 30 m2,"Đường Bằng Liệt, Phường Đại Kim, Quận Hoàng Mai, Hà Nội",5 m,3 phòng,"3,05 tỷ- 30 m2",Tây Nam,"Nhà ngõ, hẻm",30 m²,"Mô tả:
-Nhà Bằng Liệt, diện tích 30m2, mặt tiền 5m, xây 5 tầng
-Nhà lô góc cực đẹp, ngõ xe ba gác chạy, khu an ninh tốt, xung quanh nhiều tiện ích như, siêu thị, trường học…..
+ Thiết kế:
+ Tầng 1, phòng khách, tolet.
+ Tầng 2, Phòng rộng vệ sinh khép kín, chủ đang làm văn phòng tại nhà.
+ Tầng 3, 4 mỗi tầng 2 phòng và 1 vệ sinh.
+ Tầng 5 phòng thờ sân phơi, trồng cây cảnh.
+ Sổ đẹp chờ giao dịch
+Giá 3.05 tỷ","101,67 triệu/m²",Nội thất cao cấp,30 m²,Đông Bắc,Chung cư,Mặt tiền,Mặt bằng kinh doanh
1,,"Kẹt tiền bán đất gần giáo sứ thuận hoà,giá rẻ",4 phòng,40,Giấy tờ khác,Căn góc,Chưa bàn giao,700,Đất nông nghiệp,34 m²,2,5,11 m,- 55 m2,"Đường Nguyễn Ái Quốc, Phường Tân Phong, Thành phố Biên Hòa, Đồng Nai",5 m,3 phòng,550 triệu- 55 m2,Tây Nam,"Nhà ngõ, hẻm",55 m2,"Chính chủ cần bán lô đất ngay gần ubnd phường tân phong-Giáo sứ Thuận Hoà,Diện tích 5x11 hai mặt tiền trước sau phù hợp xây 1 trệt 1 lầu bao đẹp.Đường ô tô vào tận nơi.Dân cư đông đúc,ra tý là tới trường học,chợ ,vincom ,quảng trường .Vị trí rất thuận lợi,tại kẹt tiền nên mới bán.Gọi ngay e dẫn đi xem mua ạ,xin cảm ơn",10 triệu/m2,Nội thất cao cấp,30 m²,Đông Bắc,Chung cư,Hẻm xe hơi,Mặt bằng kinh doanh
1,,BÁN ĐẤT VỊ TRÍ ĐẸP KHU ĐÔ THỊ LÊ HỒNG 1,4 phòng,40,Đang chờ sổ,Căn góc,Chưa bàn giao,700,Đất thổ cư,34 m²,2,5,11 m,- 100 m2,"Đường 10, Phường Phước Hải, Thành phố Nha Trang, Khánh Hòa",5 m,3 phòng,"3,2 tỷ- 100 m2",Tây Nam,"Nhà ngõ, hẻm",100 m2,"🎇 BÁN ĐẤT VỊ TRÍ ĐẸP KHU ĐÔ THỊ LÊ HỒNG 1 ĐỐI DIỆN DÃY CHUNG CƯ THUẬN TIỆN KINH DOANH 🎇 📌Vị trí: gần công viên, gần bờ kè sông Quán Trường, đối diện các dãy chung cư đang hoàn thiện,gần chợ, gần siêu thị, gần trường học, cách đường số 4 khoảng 50m… 👉Hướng: Bắc 👉Diện tích: 100m2 💵Giá: 32tr/m2 📲Liên hệ: - Hiền.
Đặt biệt tặng bản vẽ thiết kế thi công khi khách hàng có nhu cầu xây dựng.",32 triệu/m2,Nội thất cao cấp,30 m²,Bắc,Chung cư,Hẻm xe hơi,Mặt bằng kinh doanh
1,,Đất bàu bàng 225m2 có sẳn 100m thổ cư,4 phòng,40,Đã có sổ,Căn góc,Chưa bàn giao,700,Đất thổ cư,34 m²,2,5,45 m,- 225 m2,"Đường Tân Chánh Hiệp, Phường Thạnh Lộc, Quận 12, Tp Hồ Chí Minh",5 m,3 phòng,690 triệu- 225 m2,Tây Nam,"Nhà ngõ, hẻm",225 m2,"bán gấp lô đất ngay trung tâm Bàu Bàng sát bên trường THCS.
Mặt tiền đường nhựa, dân cư đông đúc
Bán kính 500m có chợ, trường học, UBND...
Diện tích: 5x45 100m2 thổ cư.
Giá: 690tr
4 tháng công chứng tha hồ để lướt sóng.","3,07 triệu/m2",Nội thất cao cấp,30 m²,Bắc,Chung cư,Mặt tiền,Mặt bằng kinh doanh
1,,"Thanh Lý Nhà Q7 56,7m2 nguyễn văn Quỳ vào Ở Ngay.",2 phòng,40,Đã có sổ,Căn góc,Chưa bàn giao,700,Đất thổ cư,34 m²,2,5,15 m,- 56 m2,"Đường Nguyễn Văn Quỳ, Phường Phú Thuận, Quận 7, Tp Hồ Chí Minh",4 m,1 phòng,"1,2 tỷ- 56 m2",Tây Nam,"Nhà ngõ, hẻm",56 m²,"Diện tích 56,7 ( 4.15 ) Nhà 1 lầu 1 trệt. Hẻm 160. Gần cầu Phú Mỹ, gần Trung Tâm hội nghị chợ Triển Lãm, dân cư đông đúc thuận tiện cho An cư lâu dài. 
SHR bao sang tên công chứng trong ngày.","21,43 triệu/m²",Hoàn thiện cơ bản,56 m²,Bắc,Chung cư,Hẻm xe hơi,Mặt bằng kinh doanh
1,,"Bán gấp nhà Nguyễn Oanh p.6 Gò Vấp, 280m2, có Gara",4 phòng,40,Đã có sổ,Căn góc,Chưa bàn giao,700,Đất thổ cư,34 m²,2,5,15 m,- 60 m2,"Đường Nguyễn Oanh, Phường 6, Quận Gò Vấp, Tp Hồ Chí Minh",4 m,5 phòng,"4,6 tỷ- 60 m2",Tây Nam,"Nhà mặt phố, mặt tiền",60 m²,"• Quy mô
- Xây dựng đồng bộ 60 căn 
- DTSD lên đến 280m2
- Sổ hồng riêng từng căn, công chứng sang tên trong ngày
- Kiến trúc cổ điển độc đáo, sang trọng, khu dân cư dân trí cao
- Xây dựng 1 trệt 1 lửng 3 lầu có Gara
• Được đầu tư cơ sở hạ tầng: 
- Đường lớn ô tô 12m, vỉa hè 3m cây xanh thoáng mát 
- Bán kính 500m có nhiều tiện ích: trường học từ mẫu giáo đến đại học, ngân hàng, chợ, siêu thị, bệnh viện.....
- Cách sân bay Tân Sơn Nhất chỉ 15p đi xe
• Phương thức thanh tóan linh hoạt: 
- Ngân hàng hỗ trợ cho vay lên đến 70% trong vòng 20 năm => chỉ 1,6 tỷ nhận nhà ngay
Giá chỉ 4,6 tỷ đồng.line Tâm","76,67 triệu/m²",Hoàn thiện cơ bản,280 m²,Bắc,Chung cư,Hẻm xe hơi,Mặt bằng kinh doanh
1,,Đất 3 mặt tiền 4001m2 trung tâm Rạch Giá,4 phòng,40,Đã có sổ,Căn góc,Chưa bàn giao,700,Đất thổ cư,34 m²,2,5,105 m,- 4.001 m2,"Đường Lâm Quang Ky, Phường Vĩnh Lạc, Thành phố Rạch Giá, Kiên Giang",49 m,5 phòng,50 tỷ- 4.001 m2,Tây Nam,"Nhà mặt phố, mặt tiền",4001 m2,"Gia đình Anh chủ cần thu gọn để định cư nước ngoài gửi kênh Nhà Đất Hậu Giang bán lại vị trí hiếm có với 3 mặt tiền tại trung tâm thành phố.
1/ MÔ TẢ VỊ TRÍ:
+ Đất tại: Đường Lâm Quang Ky, Vĩnh Lạc, Rạch Giá, Kiên Giang.
2/ GIÁO DỤC – TIỆN ÍCH:
+ Bán kính xung quanh các tiện ích như chợ, trường học, bệnh viện tỉnh điều có,....
+ Mặt bằng đang cho thuê 1000m2 với giá mỗi tháng là 50tr đồng,hợp đồng thuê gần giữa năm sau hết hạn, có thể gian hạn tiếp.
+ Vị trí nằm 3 mặt tiền diện tích lớn rất có lợi thế để mở các dịch vụ  liên quan đến du lịch,.... có thể mở khách sạn lớn, nhà hàng tiệc cưới, phân lô bán nền.....
3/ PHÁP LÝ:
+ Diện tích : 4001m2, mặt tiền chính 22m, mặt tiền hồng 105m, mặt tiền sau 49m, 2826m2 đất SKC, còn lại 1174m2 đất CLN.
+ Pháp lý: Sổ hồng có hoàn công.
+ Hướng: Đông bắc, tây bắc, tây nam.
+ Lộ: 20m
+ Giá bán: 50 tỷ mão hết đất hạ tầng đang có, cam kết giá chính chủ, không kê nâng giá.

Quý khách có nhu cầu mua và cần đi xem thực tế vui lòng liên hệ trước với chúng tôi để được hỗ trợ tốt có thể.
Cảm ơn Quý khách.","12,5 triệu/m2",Hoàn thiện cơ bản,280 m²,Đông Bắc,Chung cư,Mặt tiền,Mặt bằng kinh doanh
1,,Bán CH The Habitat Bình Dương 61m² 2PN giá tốt,2 phòng,B1,Đang chờ sổ,Căn góc,Đã bàn giao,700,Đất thổ cư,61 m²,10,5,105 m,- 61 m2,"Đường Hữu Nghị, Phường Bình Hòa, Thị xã Thuận An, Bình Dương",49 m,2 phòng,"1,9 tỷ- 61 m2",Tây Nam,"Nhà mặt phố, mặt tiền",4001 m2,"⏭Chính chủ cần bán gấp căn hộ The Habitat Vsip 1 kè cạnh Aeon Mall Bình Dương
⏭Căn hộ The Habitat Bình Dương Vsip 1 🗯Căn 2pn-61m tầng cao, view đẹp, ban công, nhận nhà ở ngay mới 100%
⏭⏭Bán căn hộ The Habitat 2pn-61m tầng cao, view đẹp,nhận nhà ở ngay mới 100%
👉🏻 Bàn giao nội thất cơ bản:gạch sàn,trần,tường,bếp...đặc biệt có ốp gỗ như hình.
📲📲Khách hàng nhu cầu alo e để được xem trực tiếp nha: Phúc Thảo
👉🏻Vị trí mặt tiền đại lộ Bình Dương và cổng Viship 1 liền kề ngân hàng..
💰💰 Giá cực ưu đãi ban đầu :1,9 tỷ","31,15 triệu/m²",Hoàn thiện cơ bản,280 m²,Đông Bắc,Chung cư,Mặt tiền,Mặt bằng kinh doanh
1,,"nhà trung tâm cần thơ 1.237,2m2 đất tại Cần Thơ",nhiều hơn 10 phòng,B1,Đã có sổ,Căn góc,Đã bàn giao,700,Đất thổ cư,61 m²,10,5,100 m,- 1.237 m2,"102/42, đường 3/2, Phường Hưng Lợi, Quận Ninh Kiều, Cần Thơ",12 m,Nhiều hơn 6 phòng,30 tỷ- 1.237 m2,Tây Nam,"Nhà ngõ, hẻm",1237 m²,"Cần bán nhà trọ cao cấp tại trung tâm TP. Cần Thơ.
- Nhà trọ: Có nhiều phòng cao cấp, có gác lửng, ốp gạch men trong và ngoài phòng, có vòi tắm, vòi xịt vệ sinh, bàn cầu cao, lavabo, kiếng, kệ kiếng, kệ bếp, xe du lịch đến tận nơi.
-Đất: Trước mặt là hẻm 3m, trên giấy bên hông phải có sẵn đường đi nội bộ 2m, 
-Dự án: Qua năm, sắp mở bờ kè rạch Ngã bát trước mặt nhà trọ.
- Diện tích: 1.237,2 m2 (1.117,7m2 ODT mới lên thổ cư xong +119,5 m2 CLN), đất pháp lý rõ ràng, không bị quy hoạch, không tranh chấp.
- Địa chỉ: 102/42 đường 3/2, P. Hưng Lợi, TP. Cần Thơ (vào hẻm 500m bên trái).
- Doanh thu va lượng khách ổn định 90tr/tháng, giá: 1tr2-1tr6/tháng/phòng.
- Giá: 30 tỷ (24tr24 /m2 luôn 62 phòng trọ và đất)","24,25 triệu/m²",Nội thất đầy đủ,1237 m²,Đông Bắc,Chung cư,Nở hậu,Mặt bằng kinh doanh
1,,"Bán căn 49m2 view hồ bơi, 1,050Tỷ trả góp 5-6tr/th",2 phòng,B1,Đã có sổ,Căn góc,Đã bàn giao,700,Đất thổ cư,49 m²,10,5,100 m,- 49 m2,"Đường Xa lộ Hà Nội, Phường Bình Thắng, Thị xã Dĩ An, Bình Dương",12 m,1 phòng,"1,05 tỷ- 49 m2",Đông Nam,"Nhà ngõ, hẻm",1237 m²,"Bán căn hộ Samsora Riverside phường Bình Thắng, thành phố Dĩ An, Bình Dương.
Căn hộ view hồ bơi, tầng thấp, view hồ bơi công viên đẹp.
Diện tích 49m2 thiết kế 1 phòng ngủ chính, 1 phòng ngủ nhỏ, 1wc, phòng khách có ban công rộng rãi.
Gía bán nhanh 1 tỷ 50 triệu. Liên hệ chị Trang để xem nhà và làm việc chính chủ.","21,43 triệu/m²",Nội thất đầy đủ,1237 m²,Tây Bắc,Chung cư,Nở hậu,Mặt bằng kinh doanh
1,,Tòa nhà Văn phòng Quận Tân Bình khu vực sân bay,2 phòng,B1,Đã có sổ,Căn góc,Đã bàn giao,700,Đất thổ cư,233.5 m²,10,5,100 m,- 233.5 m2,"Đường Lam Sơn, Phường 2, Quận Tân Bình, Tp Hồ Chí Minh",12 m,1 phòng,65 tỷ- 233.5 m2,Đông Nam,"Nhà ngõ, hẻm",1237 m²,"- Cần bán tòa nhà văn phòng mặt tiền đường Lam Sơn, Tân Bình cách sân bay 2 phút.
- Tòa nhà kết cấu 1 hầm + 5 tầng lầu
- Xung quanh là khu vực dân cư sầm uất, tiện ích đầy đủ","278,97 triệu/m²",Nội thất đầy đủ,1237 m²,Tây Bắc,Chung cư,Nở hậu,Văn phòng
1,,Chào bán lô đất bùi trang chước giá tốt,2 phòng,B1,Đã có sổ,Căn góc,Đã bàn giao,700,Đất nền dự án,233.5 m²,10,5,20 m,- 100 m2,"Bùi Trang Chước, Phường Hòa Xuân, Quận Cẩm Lệ, Đà Nẵng",2 m,1 phòng,"3,7 tỷ- 100 m2",Đông Nam,"Nhà ngõ, hẻm",100 m2,"Chào bán lô đất bùi trang chước giá tốt
B1.14 ĐB 
Diện tích đất: 100m2
Bao bọc xung quanh là các tiện ích bậc khu vực như
Gần công viên cây xanh trường học , bệnh viện, quảng trường , gần cầu Hòa Xuân
Quý Anh Chị cần hỗ trợ xem đất thực tế hoặc tìm hiểu thêm thông tin về khu Đô Thị Hoà Xuân vui lòng liên hệ:",37 triệu/m2,Nội thất đầy đủ,1237 m²,Đông Bắc,Chung cư,Mặt tiền,Văn phòng
1,,"Bán nhà Nơ Trang Long, Bình Thạnh, 31m2, 2 lầu,",2 phòng,B1,Đã có sổ,Căn góc,Đã bàn giao,700,Đất nền dự án,233.5 m²,10,2,20 m,- 31 m2,"Đường Nơ Trang Long, Phường 11, Quận Bình Thạnh, Tp Hồ Chí Minh",2 m,2 phòng,"2,8 tỷ- 31 m2",Đông Nam,"Nhà ngõ, hẻm",31 m²,"NỞ HẬU - THÔNG THOÁNG - NHÀ ĐẸP Ở NGAY

+ Sổ nở hậu nhẹ sinh lộc mạnh.
+ Khu vực sầm uất, chưa đầy 10p ra ngay Q1.
+ Hẻm ba gác thông thoáng, cách mặt tiền vài bước chân.
+ Nhà đẹp ở ngay, 2 PN, 2 WC có thể thiết kế thành 3 PN.","90,32 triệu/m²",Nội thất đầy đủ,62 m²,Đông Bắc,Chung cư,Hẻm xe hơi,Văn phòng
1,,MẢNH ĐẤT VÀNG GIÀNH CHO KHÁCH ĐẦU TƯ TÀI BA,2 phòng,B1,Đã có sổ,Căn góc,Đã bàn giao,700,Đất thổ cư,233.5 m²,10,2,20 m,- 189 m2,"KIM NGƯU, Phường Thanh Nhàn, Quận Hai Bà Trưng, Hà Nội",2 m,2 phòng,"12,5 tỷ- 189 m2",Đông Nam,"Nhà ngõ, hẻm",189 m2,"Mô Tả: 
- Ngõ Kim Ngưu, ngõ to như phố. Đường trước nhà ô tô tải tránh nhau. Khu vực trung tâm gần nhiều Trường học, bệnh viên, TTTM...
- Nhà cũ Cấp 4 chủ xác định bán đất.","66,14 triệu/m2",Nội thất đầy đủ,62 m²,Đông Bắc,Chung cư,Hẻm xe hơi,Văn phòng
1,,BÁN NHÀ HẺM ÔTÔ TRUNG TÂM THÀNH PHỐ CẦN THƠ,2 phòng,B1,Đã có sổ,Căn góc,Đã bàn giao,700,Đất thổ cư,233.5 m²,10,2,16 m,- 62 m2,"99, đường đoàn thị điểm, Phường Xuân Khánh, Quận Ninh Kiều, Cần Thơ",4 m,2 phòng,"2,89 tỷ- 62 m2",Đông Nam,"Nhà ngõ, hẻm",62 m²,"Nhà lầu mới đẹp - Vị trí tuyệt đẹp - Hẻm ô tô ngay vòng xoay CMT8 P.Cái Khế, Ninh Kiều, Cần Thơ.
__________________________

* Diện tích: 4 × 16 = 61,5m2 - Hướng: Tây Nam, nhà đã hoàn công.Lộ giới: 3m đã nâng cấp cao ráo, sạch sẽ không ngập nước, ô tô tới nhà.
* Kết cấu: Nhà trệt, lầu mới đẹp, kiên cố, kiến trúc hiện đại có mương hở phía sau nên rất thoáng mát.
* Tầng trệt: Sân rộng có cổng rào chắc chắn, phòng khách, phòng ăn, bếp và 1 toilet.
* Tầng lầu: Có 2 phòng ngủ, 1 toilet, phòng thờ, ban công
* Tặng nội thất kèm theo: 3 máy lạnh, rèm cửa, máy năng lượng mặt trời, bồn nước,...
__________________________

• Giá: 2 tỷ 890 triệu (thương lượng","46,61 triệu/m²",Nội thất đầy đủ,110 m²,Tây Nam,Chung cư,Hẻm xe hơi,Văn phòng
1,,Căn hộ dịch vụ full nội thất có ban công,1 phòng,B1,Đã có sổ,Căn góc,Đã bàn giao,700,Đất thổ cư,25 m²,10,2,16 m,- 25 m2,"Đường Bình Giã, Phường 13, Quận Tân Bình, Tp Hồ Chí Minh",4 m,1 phòng,"4,7 triệu- 25 m2",Tây Nam,"Nhà ngõ, hẻm",62 m²,"Cần cho thuê căn hộ full nội thất có ban công, an ninh 24/24, cửa khoá vân tay, giờ giấc tự do. Ngay copfood, chợ, các tiện ích đầy đủ. Bán đồ ăn sáng ăn tối ngay dưới nhà luôn..",188.000 đ/m²,Nội thất đầy đủ,110 m²,Đông Bắc,"Căn hộ dịch vụ, mini",Hẻm xe hơi,Văn phòng
1,,Đất ruộng xã Vĩnh Thạnh Lấp Vò diện tích 20.000m2,1 phòng,B1,Đã có sổ,Căn góc,Đã bàn giao,700,Đất nông nghiệp,25 m²,10,2,200 m,- 20.000 m2,"Đường Tỉnh lộ 849, Xã Vĩnh Thạnh, Huyện Lấp Vò, Đồng Tháp",100 m,1 phòng,"4,5 tỷ- 20.000 m2",Tây Nam,"Nhà ngõ, hẻm",20000 m2,"Cần bán 20.000m2 đất ruộng có lối đi riêng vào đất ngang 5,5m đất nở hậu tiếp giáp kênh thủy lợi và lộ đá nhiễn thích hợp mở kho bãi trường lái giá giao dịch 4,5 tỷ. xã Vĩnh Thạnh Lấp Vò",225.000 đ/m2,Nội thất đầy đủ,110 m²,Đông Bắc,"Căn hộ dịch vụ, mini",Nở hậu,Văn phòng
1,,2 MẶT PHỐ KD ĐỐNG ĐA dt64m 4t mt4.1m dưới 28.5tỷ,5 phòng,B1,Đã có sổ,Căn góc,Đã bàn giao,700,Đất nông nghiệp,25 m²,10,4,16 m,- 64 m2,"O CHỢ DỪA, Phường Ô Chợ Dừa, Quận Đống Đa, Hà Nội",4.1 m,5 phòng,"28,5 tỷ- 64 m2",Tây Nam,"Nhà mặt phố, mặt tiền",64 m²,"NHÀ 2 MẶT PHỐ Ô CHỢ DỪA VÀ ĐÔNG CÁC - VỈA HÈ ĐÁ BÓNG - HIẾM NHÀ BÁN.
Sổ đẹp, giao dịch ngay.
MÔTẢ: VỚI DT 64M MẶT4.1M 4TẦNG DƯỚI 28.5TỶ
- Phố hiếm nhà bán, kinh doanh đa ngành nghề, vỉa hè đá bóng, tiện ích xung quanh đầy đủ, giao thông cực thuận tiện. 
- Nhà mình 2 mặt phố là Ô Chợ Dừa và Đông Các, nhà xây BTCT rất chắc chắn, nhà thiết kế tầng 2 phòng cầu thang giữa. Đằng sau mặt phố Đông Các có thể tách để kinh doanh 2 mặt phố phù hợp mọi loại hình kinh doanh: Spa , Karaoke, Thời Trang, Văn Phòng....
- Chủ cho người nhà thuê 70tr/ tháng, nhưng nay hết hợp đồng nên lấy lại để bán. Chủ cần bán chia cho anh chị em trong gia đình.
LIÊN HỆ MR TIỆM MẶT PHỐ (MIỄN MÔI GIỚI)
 (HỖ TRỢ VAY NGÂN HÀNG 70% NẾU KHÁCH CẦN)","445,31 triệu/m²",Nội thất đầy đủ,64 m²,Đông Bắc,"Căn hộ dịch vụ, mini",Nở hậu,Văn phòng
1,Cần mua,Nhà 1 trệt 2 lầu Tại Ngã tư bốn xã,2 phòng,B1,Đã có sổ,Căn góc,Đã bàn giao,700,Đất nông nghiệp,25 m²,10,4,16 m,- 24 m2,"8/8b, Đường Lê Văn Quới, Phường Bình Hưng Hoà A, Quận Bình Tân, Tp Hồ Chí Minh",4.1 m,5 phòng,"2,65 tỷ- 24 m2",Tây Nam,"Nhà ngõ, hẻm",24 m²,"Cần bán gấp nhà Ngã tư Bốn Xã(giáp ranh Tân Phú và Bình Tân) số nhà 8/8b Lê Văn Quới khu phố 17, Phường Bình Hưng Hòa A. Quận Bình Tân.
Diện tích sử dụng 80m2 , diện tích đất 24 mv. 
Cách ngã tư 4 xã 30 m , đường trước nhà 5m, cách đường lớn Lê Văn Quới 20m
Nhà mới vào ở ngay , 2 phòng ngủ, 3 WC , 1 bếp, 
Nhà ở mát mẻ khu vực an ninh(Đầu đường là chốt dân phòng) .
Trước nhà buôn bán sầm uất, chợ đầu mối họp mỗi buổi sáng từ 2h đến 6h ,
Đối diện nhà là khu quy hoạch trường học và công viên. 
Thích hợp cho ai muốn ở và đầu tư.
Sổ hồng riêng
Giá bán trong tháng 2.650 tỉ có thương lượng . 
Có Hoa hồng 1% cho mua giới.
 Liên hệ chính chủ","110,42 triệu/m²",Hoàn thiện cơ bản,80 m²,Đông Bắc,"Căn hộ dịch vụ, mini",Nở hậu,Văn phòng
1,Cần mua,Bán nhà Mặt tiền Quận Ngũ Hành Sơn,3 phòng,B1,Đã có sổ,Căn góc,Đã bàn giao,700,Đất nông nghiệp,25 m²,10,4,17 m,- 85 m2,"Đường Đa Mặn 3, Phường Khuê Mỹ, Quận Ngũ Hành Sơn, Đà Nẵng",5 m,4 phòng,"3,7 tỷ- 85 m2",Tây Nam,"Nhà mặt phố, mặt tiền",85 m²,"🏘SỞ HỮU NHÀ NGAY TRUNG TÂM QUẬN NGŨ HÀNH SƠN🏘
-----------------------------
Cần bán nhanh nhà Đa Mặn 3, Ngũ Hành Sơn, Đà Nẵng.
Nhà 2 Tầng, 3PN, Kiên cố.
Nhà có nền, móng chắc chắn, lên được 4 tầng.
Trước nhà là công viên, rất thoáng mát.
Khu dân cư đông đúc, dân trí cao.
Giá bán lỗ 3.x tỷ (có thương lượng)
Liên hệ Hồng ngay để xem nhà và thương lượng giá","43,53 triệu/m²",Hoàn thiện cơ bản,80 m²,Đông Bắc,"Căn hộ dịch vụ, mini",Nở hậu,Văn phòng
1,Cần mua,"Bán 300m2 Đất Đô Thị,Shr,Giá 1,33Tỷ Để Bù Lỗ Cty",3 phòng,B1,Đã có sổ,Căn góc,Đã bàn giao,700,Đất thổ cư,25 m²,10,4,30 m,- 300 m2,"Đường Số 8, Phường Mỹ Phước, Thị xã Bến Cát, Bình Dương",10 m,4 phòng,"1,33 tỷ- 300 m2",Tây Nam,"Nhà mặt phố, mặt tiền",300 m2,"Năm nay vì ảnh hưởng dịch Covid nên công việc kinh doanh Nhà Hàng Khách Sạn của tôi lỗ nặng, nguyên 1 năm bù lỗ để duy trì cầm chừng giờ tôi đã gần cạn vốn nên muốn bán đi 2 lô đất của gia đình để có tiền cầm cự và có vốn sang năm vực dậy công việc làm ăn.

- Vị Trí + Diện Tích : 300m2 ( 10x30 ) Đã tách làm 2 sổ hồng mỗi sổ 150m2.

+ Đất nằm trong Khu Đô Thị Mỹ Phước - Thị Xã Bến Cát. MT đường phía trước lô đất rộng 16m trải bê tông thông thẳng ra Khu Công Nghiệp đang hoạt động với rất đông công nhân làm việc. Xung quanh có các khu tiện ích vục phụ người dân như : Trường Học các cấp, Chợ dân sinh, Ngân Hàng, Bệnh Viện, Khu Mua Sắm... dân cư tập trung đông đúc.

- Hạ tầng hoàn thiện : Điện âm, nước máy, vỉa hè, đèn đường hiện hữu.

- Giấy tờ đầy đủ : Đất thuộc Khu Đô Thị thổ cư toàn bộ Diện Tích, đã có Sổ Hồng, Xây dựng tự do.

- Giá tôi bán : 1 Tỷ 330 Triệu / 1 Sổ ( Ai Mua Hết 2 Lô Tôi Xin Bớt Chút Lộc )

Đã Gần Hết Năm Nên Mong Gặp Được Người Thực Sự Thiện Chí Mua Nhanh Để Tôi Lấy May Mắn Trong Năm Mới.

+++ LIÊN HỆ : A HOAN","4,43 triệu/m2",Hoàn thiện cơ bản,80 m²,Đông Bắc,"Căn hộ dịch vụ, mini",Mặt tiền,Văn phòng
1,Cần mua,"Nhà 1 trệt 1 lầu, 4x11m,đường Quang Trung,p10,GV",2 phòng,B1,Đã có sổ,Căn góc,Đã bàn giao,700,Đất thổ cư,25 m²,10,1,11 m,- 44 m2,"Đường Quang Trung, Phường 10, Quận Gò Vấp, Tp Hồ Chí Minh",4 m,2 phòng,"3,95 tỷ- 44 m2",Tây Nam,"Nhà ngõ, hẻm",44 m²,"Nhà bán Quận Gò Vấp,1 trệt 1 lầu, thiết kế hiện đại 
✔Hẻm an ninh- Khu dân trí cao, ko ngập nước
✔Hẻm trước nhà 3m, cách hẻm xe hơi 20m
✔Diện tích 4m x 11m, diện tích sử dụng 76,8m2, nhà 1 trệt 1 lầu, 2 phòng ngủ-2wc, sân thượng đã đúc BTCT
✔2 máy lạnh Daikin, 4 Quạt trần Mishubishi, hệ thống cửa Euro window, sàn gỗ,thiết bị phòng tắm Toto...
✔Nhà xây để ở kiên cố và dùng vật liệu tốt, thiết kế hiện đại thoáng mát
✔Nhà hướng Tây Bắc
✔Vi trí nhà bán Quận Gò Vấp, thuận tiện di chuyển qua các tuyến đường như: đường Quang Trung, đường Phan Văn Trị, Thóng Nhất, Nguyễn Kiệm...
✔Dễ dàng di chuyển qua các quận như Phú Nhuận, Quận 12, Quận Bình Thạnh, Quận Tân Bình...
✔Gần bệnh viện Hồng Đức, Vincom Quang Trung, Lottemart, đường Quang Trung sầm uất đủ các tiện ích 
✔Xung quanh có các tiện ích như Uỷ Ban, Công An, Mầm non, Tiểu học, Trung Học, Bẹnh Viện, Sthi ...
✔Sổ hồng riêng chính chủ, hỗ trợ vay ngân hàng
✔Mua vào ở ngay, giao dịch an toàn, giảm giá cho người có thiện chí 😁","89,77 triệu/m²",Nội thất đầy đủ,77 m²,Tây Bắc,"Căn hộ dịch vụ, mini",Mặt tiền,Văn phòng
810,Cần mua,"Căn hộ Vinhome Grand Park Quận 9, 69m² 2PN+1",2 phòng,S202,Đang chờ sổ,Căn góc,Đã bàn giao,700,Đất thổ cư,69 m²,8,1,11 m,- 69 m2,"Nội khu dự án Vinhomes Grand Park- đường Nguyễn Xiển, Phường Long Thạnh Mỹ, Quận 9, TP HCM.",4 m,2 phòng,"2,8 tỷ- 69 m2",Đông Bắc,"Nhà ngõ, hẻm",44 m²,"Bán hoặc cho thuê căn hộ Vinhomes Q9, công viên 36 hecta. Tiện ích đầy đủ. 
Full nội thất có đồ điện tử, chỉ xách vali vào ở.
Ngân hàng cho vay 70%
LH chính Chủ: Anh Dũng","40,58 triệu/m²",Nội thất đầy đủ,77 m²,Tây Nam,Chung cư,Mặt tiền,Văn phòng
810,Cần mua,Đường nguyễn thị lăng 6x25 trệt lửng 950 triệu,2 phòng,S202,Giấy tờ khác,Căn góc,Đã bàn giao,700,Đất thổ cư,69 m²,8,1,12 m,- 72 m2,"võ thị nghị, Xã Tân Phú Trung, Huyện Củ Chi, Tp Hồ Chí Minh",6 m,2 phòng,950 triệu- 72 m2,Đông Bắc,"Nhà mặt phố, mặt tiền",72 m²,"Bán nhà cấp 4 gát lửng như hình đường oto
6x25*72m2 
Giá 950 triệu.","13,19 triệu/m²",Nội thất đầy đủ,72 m²,Tây Nam,Chung cư,Mặt tiền,Văn phòng
810,Cần mua,Nhà bán quận 10.,2 phòng,S202,Đã có sổ,Căn góc,Đã bàn giao,700,Đất thổ cư,69 m²,8,1,5 m,- 25 m2,"Đường Cách Mạng Tháng Tám, Phường 15, Quận 10, Tp Hồ Chí Minh",5 m,3 phòng,"3,55 tỷ- 25 m2",Đông Bắc,"Nhà ngõ, hẻm",25 m²,"Dt : 5x5 = 25m2 vuông vức
Trệt 2lầu đúc btct 
Hẻm 2m5.,cách 7 căn ra mặt tiền trường sơn
Nhà mới có sẵn nội thất.,dọn vô là ở
Giá cho thuê được 10trieu/tháng
Khu an.,ko ngập nước
Giá còn thương lượng",142 triệu/m²,Nội thất đầy đủ,25 m²,Tây Nam,Chung cư,Mặt tiền,Văn phòng
810,Cần mua,Đất Cầu An Thành - Phú Đức,2 phòng,S202,Đã có sổ,Căn góc,Đã bàn giao,700,Đất nền dự án,69 m²,8,1,38 m,- 227.4 m2,"Đường Tỉnh lộ 909, Xã Phú Đức, Huyện Long Hồ, Vĩnh Long",6 m,3 phòng,685 triệu- 227.4 m2,Đông Bắc,"Nhà ngõ, hẻm",227.4 m2,"Cần bán đất
Diện tích 6x38
Giá tốt
Khu vực đông dân cư, tìm năng","3,02 triệu/m2",Nội thất đầy đủ,25 m²,Đông Bắc,Chung cư,Mặt tiền,Văn phòng
810,Cần mua,"khu nhà ở thái bình dương, bc 17, sổ sẳn , giá tốt",2 phòng,S202,Đã có sổ,Căn góc,Đã bàn giao,700,Đất thổ cư,69 m²,8,1,16 m,- 80 m2,"Đường Bình Chuẩn 17, Phường Bình Chuẩn, Thị xã Thuận An, Bình Dương",5 m,3 phòng,"1,2 tỷ- 80 m2",Đông Bắc,"Nhà ngõ, hẻm",80 m2,"tôi cần bán lô đất nằm trong khu nhà ở thái bình dương 17 gần ngã tư 
diện tích 80m2 thổ cư full 
cây xanh vĩa hè đường 13m 
dân cư đông đúc . 
ai có nhu cầu gọi ngay gặp thành",15 triệu/m2,Nội thất đầy đủ,25 m²,Đông Bắc,Chung cư,Mặt tiền,Văn phòng
810,Cần mua,Đất cà phê xen cây ăn trái,2 phòng,S202,Đã có sổ,Căn góc,Đã bàn giao,700,Đất nông nghiệp,69 m²,8,1,150 m,- 16.000 m2,"Thôn 10, Xã Hòa Bắc, Huyện Di Linh, Lâm Đồng",110 m,3 phòng,"2,24 tỷ- 16.000 m2",Đông Bắc,"Nhà ngõ, hẻm",16000 m2,"Trên đất bao gồm 1800 cây cà phê Thu chính ,hơn 100 cây chuối , 60 cây sầu năm 4 , 150 cây mắc ca đã cho thu , 40 cây dổi ,bơ...đã chôn ống tưới . cách trung tâm xã 4km .",140.000 đ/m2,Nội thất đầy đủ,25 m²,Đông Bắc,Chung cư,Mặt tiền,Văn phòng
810,Cần mua,"Nhà Nguyễn Trãi, Lái Thiêu, Thuận An",3 phòng,S202,Đã có sổ,Căn góc,Đã bàn giao,700,Đất nông nghiệp,69 m²,8,1,20 m,- 80 m2,"Đường Nguyễn Trãi, Phường Lái Thiêu, Thị xã Thuận An, Bình Dương",4 m,2 phòng,"1,15 tỷ- 80 m2",Đông Bắc,"Nhà ngõ, hẻm",80 m²,"Bán nhà Nguyễn Trãi, Lái Thiêu, Thuận An.
Diện tích:80m2
Giá: 1ty150
Đã có sổ hồng riêng.
Gần trường THCS Phú Long, trường Mầm Non Phương Mai, bệnh viện quốc tế Becamex,...
Nhà 1 Trệt, 1 Lầu gồm: 1 sân để xe, 1 phòng khách, 1 phòng bếp, 3 phòng ngủ, 2 wc.
Nhanh tay liên hệ để được hỗ trợ.","14,38 triệu/m²",Nội thất đầy đủ,80 m²,Đông Bắc,Chung cư,Nở hậu,Văn phòng
810,Cần mua,Gia đình kẹt tiền bán gấp đất sổ riêng sau kcn,3 phòng,S202,Đã có sổ,Căn góc,Đã bàn giao,700,Đất thổ cư,69 m²,8,1,25 m,- 125 m2,"Đường Suối Dinh, Xã Tây Hoà, Huyện Trảng Bom, Đồng Nai",5 m,2 phòng,720 triệu- 125 m2,Đông Bắc,"Nhà ngõ, hẻm",125 m2,"- kẹt tiền bán gấp lô đất tây hoà trảng bom giá 720tr. 
- Thích hợp an cư lập nghiệp, xây trọ dân công nhân kín
- Đường bê tông tiện ích xung quanh bán kính 500m, ql1a 700m 
- ace cần lh trực tiếp xin cám ơn","5,76 triệu/m2",Nội thất đầy đủ,80 m²,Tây,Chung cư,Hẻm xe hơi,Văn phòng
810,Cần mua,ĐẤT BÁN ĐƯỜNG 25 HIỆP BÌNH CHÁNH THỦ ĐỨC,3 phòng,S202,Đã có sổ,Căn góc,Đã bàn giao,700,Đất thổ cư,69 m²,8,1,14 m,- 56 m2,"đường số 25, Phường Hiệp Bình Chánh, Quận Thủ Đức, Tp Hồ Chí Minh",4 m,2 phòng,380 triệu- 56 m2,Đông Bắc,"Nhà ngõ, hẻm",56 m2,"BÁN ĐẤT HXH ĐƯỜNG 25 HIỆP BÌNH CHÁNH THỦ ĐỨC 
vị trí : đường 25 Hẻm 3,5m cách đường xe hơi 30m cách phạm văn đồng 150m ,cách Gigamall, 300m ,khu dân trí cao ,ko ngập ,giao thông thuận thiện ..
Dt : 4 x 14 = 56m2 thổ cư 100%
hướng tây nam 
pháp lý sổ đỏ 
giá bán : 3 tỷ800 lv chính chủ","6,79 triệu/m2",Nội thất đầy đủ,80 m²,Tây Nam,Chung cư,Hẻm xe hơi,Văn phòng
810,Cần mua,TOPAZ ELITE Q8 NHÀ MỚI BÀN GIAO Ở NGAY ĐÓN TẾT,2 phòng,S202,Đang chờ sổ,Căn góc,Đã bàn giao,700,Đất thổ cư,92 m²,8,1,14 m,- 92 m2,"196, 196 Đường Cao Lỗ, Phường 4, Quận 8, Tp Hồ Chí Minh",4 m,2 phòng,"2,315 tỷ- 92 m2",Đông Bắc,"Nhà ngõ, hẻm",56 m2,"TOPAZ ELITE QUẬN 8 NGAY QUẬN 1, NHÀ MỚI BÀN GIAO Ở NGAY CÓ TRUNG TÂM THƯƠNG MẠI LỚN QUẬN 8.

Anh chị quan tâm thì gọi số em giúp em (nhấn vào mục hiện số - số em hiện ra) hoặc inbox zalo giúp em, chứ nhắn tin trên chợ tốt em k check 24/7 kịp, cảm ơn các anh chị!

Topaz Elite Q8 dự án công viên cây xanh 16 ha - Phoenix 1 mới bàn giao, ở ngay, vị trí đẹp ngay Quận 1- giá rẻ!
OCB hỗ trợ vay đến 70%, thời gian lên đến 20 năm.

Diện tích từ: 60m2 đến 85m2 với căn 2PN và 3PN, giá dao động từ 2.2 tỷ đến 2,5 tỷ.

Cập nhật tiến độ từng block.
- Block Phoenix 1 đang hoàn thiện, thanh toán 97%, nhà mới bàn giao, cọc vào ở liền.
- Block Phoenix 2 xây đến tầng 33, thanh toán 80%, đang bàn giao, đầu tháng 11 ở ngay.
- Block Dragon 1, 2 xây đến tầng 33, thanh toán 70%, gần cuối năm 2020 nhận nhà.

Topaz Elite là dự án lớn quận 8, với địa thế hoàn hảo khi nằm trong tổng thể dự án khuôn viên ven sông 16ha tiếp giáp 2 mặt tiền đường lớn Tạ Quang Bửu và Cao Lỗ, cách trung tâm quận 1,5,4,7 chỉ 5 phút đi xe máy.

Với hệ thống 66 tiện ích đẳng cấp như: Hồ bơi tràn bờ chân mây 600m2 phong cách Địa Trung Hải, khu vườn thiền và trà đạo Nhật Bản, Sky bar San Francisco hay hệ thống giải trí trên cao, đặc biệt là trung tâm thương mại đẳng cấp quốc tế Elite Mall rộng 38,000 m2 hơn 200 thương hiệu lớn tập trung là nơi thỏa mãn mọi tín đồ mua sắm khó tính.","25,16 triệu/m²",Nội thất đầy đủ,80 m²,Tây Nam,Chung cư,Hẻm xe hơi,Văn phòng
810,Cần mua,Bán 30 phòng trọ tách làm 2 sổ tại KCN Đồng An,nhiều hơn 10 phòng,S202,Đã có sổ,Căn góc,Đã bàn giao,700,Đất thổ cư,92 m²,8,1,25 m,- 250 m2,"Đường Bình Hòa 24, Phường Bình Hòa, Thị xã Thuận An, Bình Dương",10 m,Nhiều hơn 6 phòng,608 triệu- 250 m2,Đông Bắc,"Nhà mặt phố, mặt tiền",250 m²,"Bán gấp 30 phòng trọ chia làm 2 sổ trong tháng gần KCN Đồng An và KCN Chế Xuất Linh Trung 2, đường rộng 10m xung quanh dân đông, tiện kinh doanh, phòng đang thuê kín thu nhập 36tr/tháng 
Dãy trọ có người quản lý, camera giám sát, bảo vệ 24/7
Bán gấp 600tr/dãy/15 phòng bao giấy tờ công chứng
Anh chị quan tâm vui lòng gọi giùm số","2,43 triệu/m²",Nội thất đầy đủ,250 m²,Tây Nam,Chung cư,Nở hậu,Văn phòng
810,Cần mua,ĐẤT MẶT TIỀN KINH DOANH,nhiều hơn 10 phòng,S202,Đã có sổ,Căn góc,Đã bàn giao,700,Đất thổ cư,92 m²,8,1,21 m,- 107 m2,"Đường Bắc Sơn - Bình Minh, Xã Bình Minh, Huyện Trảng Bom, Đồng Nai",5 m,Nhiều hơn 6 phòng,"1,15 tỷ- 107 m2",Đông Bắc,"Nhà mặt phố, mặt tiền",107 m2,"về quê nên bán lại lô đất ở bình minh , trảng bom , đồng nai , thổ cư ,sổ riêng ,đất mặt tiền kinh doanh được ,đường nhựa lớn .chấp nhận môi giới.(không tiếp quảng cáo)","10,75 triệu/m2",Nội thất đầy đủ,250 m²,Đông Nam,Chung cư,Nở hậu,Văn phòng
810,Cần mua,Nhà Sổ Riêng 109.5m2 1 lầu Phước Kiển Nhà Bè,3 phòng,S202,Đã có sổ,Căn góc,Đã bàn giao,700,Đất thổ cư,92 m²,8,1,20 m,- 109.5 m2,"1419, Đường Lê Văn Lương, Xã Phước Kiển, Huyện Nhà Bè, Tp Hồ Chí Minh",5 m,3 phòng,"3,8 tỷ- 109.5 m2",Đông Bắc,"Nhà ngõ, hẻm",109.5 m²,"Thông tin chi tiết: Chính chủ cần bán nhà hẻm 1419 ( chùa Phước Tường ) đường Lê Văn Lương xã Phước Kiển huyện Nhà Bè
- DT: 5x20m, nhà 1 trệt 1 lầu 
- Nhà có 3 phòng ngủ.
- Sổ hồng nhà chính chủ.
- Giá: 3.8 tỷ ( có thương lượng ) 
LH: gặp Tiến để xem nhà.","34,86 triệu/m²",Hoàn thiện cơ bản,250 m²,Đông Nam,Chung cư,Nở hậu,Văn phòng
810,Cần mua,Nhà 1 lầu 1 trệt đúc thật 100% sau trường Đại Học,2 phòng,S202,Giấy tờ khác,Căn góc,Đã bàn giao,700,Đất thổ cư,92 m²,8,2,10 m,- 40 m2,"34, Đường Nguyễn Khuyến, Phường Trảng Dài, Thành phố Biên Hòa, Đồng Nai",4 m,2 phòng,"1,25 tỷ- 40 m2",Đông Bắc,"Nhà ngõ, hẻm",40 m²,"Nhà 1 lầu 1 trệt đúc thật 100% sau trường Đại Học Công Nghệ Đồng Nai
Một siêu phẩm có 1 không 2 được tọa lạc vị trí đắc địa Trảng Dài, thiết kế cực kỳ tinh sảo hiện đại:
- Phòng khách, 2 phòng ngủ, phòng thờ, 2 nhà vệ sinh (trên dưới)
- Nội thất đồ cao cấp 100%
- Đường trước nhà 5m. an ninh cao
- Trong phạm vi 500m có đầy đủ các tiện ích như trường học+ chợ+ khu vui chơi giả trí…
- Mua bán qua văn phòng luật sư công chứng đầy đủ
- Giá chỉ 1ty250 triệu. bao mọi thủ tục sang tên trong ngày
Mọi chi tiết xin liên hệ chính chủ để được tư vấn & xem nhà trực tiếp","31,25 triệu/m²",Nội thất đầy đủ,80 m²,Tây,Chung cư,Hẻm xe hơi,Văn phòng
810,Cần mua,Đất 2 mặt tiền Sổ Hồng Riêng 117.2m²,2 phòng,S202,Đã có sổ,Căn góc,Đã bàn giao,700,Đất thổ cư,92 m²,8,2,10 m,- 117.2 m2,"1419, Đường Lê Văn Lương, Xã Phước Kiển, Huyện Nhà Bè, Tp Hồ Chí Minh",4 m,2 phòng,"4,3 tỷ- 117.2 m2",Đông Bắc,"Nhà ngõ, hẻm",117.2 m2,"Thông tin chi tiết: Chính chủ cần tiền bán gấp đất hẻm 1419 chùa Phước Tường đường Lê Văn Lương xã Phước Kiển huyện Nhà Bè
- dt ; 117.2m2
- pháp lý sổ hồng bao sang tên
- giá bán nhanh 4 tỷ 300 triệu , vị trí thoáng mát , giao thông thuận tiện
Liên hệ Tiến để xem vị trí ( rất mong gặp khách hàng thiện chí )","36,75 triệu/m2",Nội thất đầy đủ,80 m²,Tây,Chung cư,Hẻm xe hơi,Văn phòng
810,Cần mua,"Bán đất qui hoạch khu chăn nuôi,6000m2 chỉ 1ty150",2 phòng,S202,Đã có sổ,Căn góc,Đã bàn giao,700,Đất nông nghiệp,92 m²,8,2,10 m,- 6.100 m2,"Đường Quốc Lộ 20, Xã Phú Ngọc, Huyện Định Quán, Đồng Nai",4 m,2 phòng,"1,15 tỷ- 6.100 m2",Đông Bắc,"Nhà ngõ, hẻm",6100 m2,"Còn gì đẹp hơn lô đất này nữa ,anh chị có nhu cầu chăn nuôi ,làm trang trại thì 10,000m2 đất qui hoạch khu chăn nuôi anh chị có thể chăn nuôi tất cả các loại ,đất đẹp bằng phằng ,nước quanh năm ,trên đất đang trồng nhiều cây ăn trái .Chỉ có khu qui hoạch đất chăn nuôi mới được chăn nuôi ,còn những khu khác không có qui hoạch chăn nuôi sẽ không được phép chăn nuôi với số lượng lớn .Sô lượng đất qui hoạch có giới hạn ,anh chị nhanh liên hệ em để được xem đất",188.524 đ/m2,Nội thất đầy đủ,80 m²,Tây,Chung cư,Hẻm xe hơi,Văn phòng
810,Cần mua,CHUNG CƯ MINI LƯƠNG ĐỊNH CỦA Ở NGAY GẦN ĐH KTQD,1 phòng,S202,Đã có sổ,Căn góc,Chưa bàn giao,700,Đất nông nghiệp,34 m²,8,2,10 m,- 34 m2,"LƯƠNG ĐỊNH CỦA, Phường Đồng Tâm, Quận Hai Bà Trưng, Hà Nội",4 m,1 phòng,600 triệu- 34 m2,Đông Bắc,"Nhà ngõ, hẻm",6100 m2,"Dự án: CHUNG CƯ MINI LƯƠNG ĐỊNH CỦA.
 Thông tin chi tiết: TÔI CHÍNH CHỦ ĐẦU TƯ BÁN CĂN HỘ CHUNG CƯ MINI LƯƠNG ĐỊNH CỦA - HAI BÀ TRƯNG

TÒA NHÀ NGAY TRÊN PHỐ PHƯƠNG MAI- LƯƠNG ĐỊNH CỦA - GẦN CÔNG VIÊN THỐNG NHẤT

GẦN NGAY BV BẠCH MAI - VIN COM PHẠM NGỌC THẠCH

-Chiết khấu ngay từ 3-5% cho 5 khách hàng đầu tiên mua căn hộ 

-Căn studio 25m:giá 520-550tr

-Căn hộ 1 phòng ngủ :30-35m2: Giá từ 600tr - 660tr - 750tr - 850tr - 880tr/căn

-Căn hộ 2 phòng ngủ : 45m2-50m2 -60m2Giá : 840tr - 950tr - 1,1ty/căn - 1,2ty/căn 

-căn hộ 76m2 thiết kế 3 phòng ngủ 2 vệ sinh (thông tầng) : giá 1.450tr/căn 

Nội thất.
Chung cư mini ược bàn giao với đầy đủ nội thất từ sàn gạch cao cấp, trần thạch cao, tủ bếp trên dưới, bếp từ, hút mùi, nóng lạnh, thiết bị vệ sinh đầy đủ, hệ thống điện chiếu sáng, các đầu chờ điều hòa, internet, truyền hình cáp,...

Quý khách mua nhà chỉ việc dọn đến ở mà không phải trả thêm bất kỳ khoản chi phí nào. 

Thông tin chi tiết vui lòng liên hệ trực tiếp chủ đầu tư.","17,65 triệu/m²",Nội thất đầy đủ,80 m²,Tây,Chung cư,Hẻm xe hơi,Văn phòng
810,Cần mua,"Nền thổ cư giá rẻ, Nhơn Nghĩa, Phong Điền, Cần Thơ",1 phòng,S202,Đã có sổ,Căn góc,Chưa bàn giao,700,Đất thổ cư,34 m²,8,2,23 m,- 115 m2,"4, Đường Quốc Lộ 61C, Xã Nhơn Nghĩa, Huyện Phong Điền, Cần Thơ",5 m,1 phòng,380 triệu- 115 m2,Đông Bắc,"Nhà ngõ, hẻm",115 m2,"Nền thổ cư giá rẻ sau lưng khu dân cư Vàm Xáng, Nhơn Nghĩa, Phong Điền, Cần Thơ.
- D.tích: 5 x 23 - có 75m2 thổ cư, còn lại CLN
- Đường đi chung 3m, có giấy xác nhận đường đi vĩnh viễn cua văn phòng công chứng.
- Sau lưng KDC Vàm Xáng, cách kdc chỉ 300m, đường thông.
** Giá bán: 380 triệu/ nền (có giá cho đầu tư)
Lh","3,3 triệu/m2",Nội thất đầy đủ,80 m²,Tây,Chung cư,Hẻm xe hơi,Văn phòng
810,Cần mua,Đất Thị Trấn Giá Thu Hồi Vốn 604m2,1 phòng,S202,Đã có sổ,Căn góc,Chưa bàn giao,700,Đất thổ cư,34 m²,8,2,23 m,- 604 m2,"Đường ĐT 750, Thị trấn Lai Uyên, Huyện Bàu Bàng, Bình Dương",5 m,1 phòng,"1,2 tỷ- 604 m2",Đông Bắc,"Nhà ngõ, hẻm",604 m2,"Tôi có lô đất thị trấn Lai Uyên 604m2 do kẹt tiền nên cần bán gấp giá 1,2 tỷ để Thu Hồi vốn trả ngân hàng. giá liên hệ chính chủ không qua cò cho những ai có nhu cầu thật sự.","1,99 triệu/m2",Nội thất đầy đủ,80 m²,Tây,Chung cư,Hẻm xe hơi,Văn phòng
810,Cần mua,Đất Huyện Đức Hòa 152m²,1 phòng,S202,Đã có sổ,Căn góc,Chưa bàn giao,700,Đất thổ cư,34 m²,8,2,19 m,- 152 m2,"tỉnh lộ9, Xã Mỹ Hạnh Bắc, Huyện Đức Hòa, Long An",8 m,1 phòng,"1,2 tỷ- 152 m2",Đông Bắc,"Nhà ngõ, hẻm",152 m2,"Ngay ngã ba mỹ hạnh cây xăng minh toàn.
Cuối năm ông kh kẹt tiền trả nợ bán lỗ lỗ lỗ lô đất
8x19 sổ hồng riêng, thổ cư
Xây nhà bán hay ở đều rất ok
Đường ô tô vào tới chỗ
1ty20","7,89 triệu/m2",Nội thất đầy đủ,80 m²,Tây,Chung cư,Mặt tiền,Văn phòng
810,Cần mua,Nhà cấp 4,3 phòng,S202,Đã có sổ,Căn góc,Chưa bàn giao,700,Đất thổ cư,34 m²,8,2,18.5 m,- 81.5 m2,"70, Ta 11, Phường Thới An, Quận 12, Tp Hồ Chí Minh",4.5 m,2 phòng,"4,7 tỷ- 81.5 m2",Đông Bắc,"Nhà mặt phố, mặt tiền",81.5 m²,"nhà mặt tiền ta11 .nhà cấp 4 , diện tích 4,5*18,5m .cuối năm kẹt tiền cần bán gấp để trả nợ .các cò lái xin tha cho e","58,02 triệu/m²",Nội thất đầy đủ,81.5 m²,Tây,Chung cư,Hẻm xe hơi,Văn phòng
810,Cần mua,Nhà 1 trệt 1 lầu đường 1 Ông Nhiêu DT 4.3 x 21=89m,3 phòng,S202,Đã có sổ,Căn góc,Chưa bàn giao,700,Đất thổ cư,34 m²,8,2,21 m,- 89 m2,"Đường Số 1, Phường Long Trường, Quận 9, Tp Hồ Chí Minh",4.3 m,3 phòng,"3,75 tỷ- 89 m2",Đông Bắc,"Nhà ngõ, hẻm",89 m²,"Nhà hẻm 1 sẹt đường số 1 Ông Nhiêu, khu dân cư đông đúc, sầm uất, chỉ cách mặt tiền đường chỉ 40m ( vài căn nhà )
4km tới Quận 2, 6km tới cảng Cát Lái, 5p tới khu công nghệ cao Quận 9, cận kề siêu dự án Vinhome Grand Park Q.9
DT: 4.3 x 21m=89m2 thổ cư 100%, đã trừ hết lộ giới, công nhận đủ, full thổ cư, hướng tây nam, sổ hồng riêng, đã hoàn công
Kết cấu: 1 trệt 1 lầu 3 Phòng ngủ, 1 phòng thờ, wc rộng rãi, nhà xây kiên cố, sàn trên đỗ thật, mái thái, nhìn biết chủ nhà tâm huyết rồi
Giá: 3.8 tỷ , quá rẻ so với mặt bằng chung, không tìm ra được căn thứ 2, thích hợp đầu tư
Ngân hàng cho vay max 3 tỷ","42,13 triệu/m²",Hoàn thiện cơ bản,147 m²,Tây Nam,Chung cư,Hẻm xe hơi,Văn phòng
810,Cần mua,Đất 2 MT Quốc Lộ 55. Bình thuận. 3200 m2 giá 8 tỷ.,3 phòng,S202,Đã có sổ,Căn góc,Chưa bàn giao,700,Đất nông nghiệp,34 m²,8,2,65 m,- 3.200 m2,"QUÔC LÔ 55, Xã Thắng Hải, Huyện Hàm Tân, Bình Thuận",32 m,3 phòng,8 tỷ- 3.200 m2,Đông Bắc,"Nhà ngõ, hẻm",3200 m2,"Bán lô đất 2 MẶT TIỀN quốc lộ 55. Dt 3200 m2 . Mặt tiền 32 m. Nở hậu 70 m. Thôn Hà Lãng , xã Thắng Hải , Hàm Tân , Bình thuận . Cách khu du lịch HÒ ZÔ TA . 500 mz . Sát dự án ( LẠC VIỆT.)
__ dt 32 x 60 m. ( nở hậu 70 m) dt công nhận 3200 m2 ( đất trồng câu lâu năm)
Giá bán 8 tỷ thương lượng","2,5 triệu/m2",Hoàn thiện cơ bản,147 m²,Tây Bắc,Chung cư,Mặt tiền,Văn phòng
810,Cần mua,"Đất Huyện Cần Giuộc 401m2 giá 2,5 tỷ",3 phòng,S202,Đã có sổ,Căn góc,Chưa bàn giao,700,Đất thổ cư,34 m²,8,2,20 m,- 401 m2,"Thầy Ba Lô, Xã Long An, Huyện Cần Giuộc, Long An",20 m,3 phòng,"2,5 tỷ- 401 m2",Đông Bắc,"Nhà ngõ, hẻm",401 m2,"nhà vườn 401m2 xã long an huyện cần giuộc tỉnh long an .. cách đường thầy ba lô 100m.. đường xe hơi tới nhà.. giá 2,5 tỷ.. thích hợp nghỉ dưỡng cuối tuần.
Liên hệ em Loan","6,23 triệu/m2",Hoàn thiện cơ bản,147 m²,Tây Bắc,Chung cư,Mặt tiền,Văn phòng
810,Cần mua,Bán căn hộ dịch vụ HXH,nhiều hơn 10 phòng,S202,Đã có sổ,Căn góc,Chưa bàn giao,700,Đất thổ cư,34 m²,8,2,25 m,- 150 m2,"Đường Hồ Văn Huê, Phường 9, Quận Phú Nhuận, Tp Hồ Chí Minh",5 m,Nhiều hơn 6 phòng,27 triệu- 150 m2,Đông Bắc,Nhà phố liền kề,150 m²,"Bán tòa nhà căn hộ dịch vụ HXH trải nhựa đường Hồ Văn Huê Phường 9- Quận Phú Nhuận. 4,2x25 nở hậu 13,5m diện tích đất 150,1m2: Tổng diện tích sàn 556,7 m2 1 trệt 4 lầu có thang máy, tổng 27 phòng , đang cho thuê 100tr/ tháng, hợp đồng còn hơn 5 năm. Khu dân trí cao , an ninh , sát trung tâm thành phố.
Thuận tiện kinh doanh nhà nghỉ or cho thuê phòng trọ lâu dài. Giá 27 tỷ tl",180.000 đ/m²,Hoàn thiện cơ bản,556 m²,Tây Bắc,Chung cư,Nở hậu,Văn phòng
810,Cần mua,Nhà Trệt Lầu 4m * 7m hẻm 27/ đường Bùi Tư Toàn.,2 phòng,S202,Đã có sổ,Căn góc,Chưa bàn giao,700,Đất thổ cư,34 m²,8,2,7 m,- 30 m2,"Bùi Tư Toàn., Phường An Lạc, Quận Bình Tân, Tp Hồ Chí Minh",4.2 m,2 phòng,"2,3 tỷ- 30 m2",Đông Bắc,"Nhà ngõ, hẻm",30 m²,"Chính chủ bán gấp nhà hẻm 27 đường Bùi Tư Toàn P An Lạc Q BT.
Diện Tích : 4m nở Hậu 4,35m dài 7m.
kết cấu:1 Trệt 1 Lầu (Nhà mới,2 phòng ngủ,2 toilet).
Hẻm rộng 3,5m thông ra hẻm 99 Bùi Tư Toàn.Xung quanh khu dân cư an ninh yên tĩnh,cách hẻm xe hơi 3 căn nhà.
sổ Hồng chính chủ .sang tên mua bán công chứng trong ngày.
Hỗ trợ bên mua tất cả thủ tục mua bán Sang tên Công Chứng.","76,67 triệu/m²",Nội thất đầy đủ,58 m²,Tây Bắc,Chung cư,Nở hậu,Văn phòng
810,Cần mua,bán 2 dãy trọ cho thuê kín gần chợ khu Cn Mỹ phước,10 phòng,S202,Đã có sổ,Căn góc,Chưa bàn giao,700,Đất thổ cư,34 m²,8,2,30 m,- 300 m2,"ttc, Phường Tân Thới Hiệp, Quận 12, Tp Hồ Chí Minh",10 m,Nhiều hơn 6 phòng,"1,8 tỷ- 300 m2",Đông Bắc,"Nhà mặt phố, mặt tiền",300 m²,"Gia đình chuyển về quê nên cần nhượng lại 2 dãy trọ đang cho thuê kín phòng ở mỹ phước bình dương.
Vị trí dãy nhà trọ thì nằm gần chợ và khu công nghiệp nên công nhân thuê ở đây rất nhiều .
diện tích đất: 300m2 xây 2 dãy gồm 14 phòng trọ và 2 kiot
Gia đình thu nhập trung bình 18tr/ tháng . 
Lượng khách đã cho thuê hết rồi a/c vào thì tiếp tục kinh doanh thôi.
Nhà tôi ở thủ đức muốn xem sổ thì ghé nhà tôi xem trực tiếp luôn .
Giá bán 1ty8 /dãy 
Có hình dãy trọ và chợ , trường học , kcn .,A/c cứ xem qua . đi xem thì liên hệ tôi dẫn đi xem.",6 triệu/m²,Nội thất cao cấp,300 m²,Nam,Chung cư,Nở hậu,Văn phòng
810,Cần mua,"ĐẤT THỔ CƯ AN PHÚ, TP THUẬN AN",10 phòng,S202,Đã có sổ,Căn góc,Chưa bàn giao,700,Đất thổ cư,34 m²,8,2,16.8 m,- 75.9 m2,"Đường An phú 18, Phường An Phú, Thị xã Thuận An, Bình Dương",4.5 m,Nhiều hơn 6 phòng,820 triệu- 75.9 m2,Đông Bắc,"Nhà mặt phố, mặt tiền",75.9 m2,"Cần bán gấp để trả nợ ngân hàng
Lô đất nằm trên đường An Phú 18, phường An Phú, Tp Thuận An, Bình Dương
Khu dân cư đông đúc, gần chợ, trường học
Diện tích 75,9m2 (100% thổ cư)
Giá 820 triệu (có thể thương lượng thêm)
LH ĐỂ XEM ĐẤT (đt hoặc zalo)","10,93 triệu/m2",Nội thất cao cấp,300 m²,Nam,Chung cư,Mặt tiền,Văn phòng
810,Cần mua,Đất Huyện Đức Huệ 1.822m²,10 phòng,S202,Đã có sổ,Căn góc,Chưa bàn giao,700,Đất thổ cư,34 m²,8,2,16.8 m,- 1.822 m2,"Ấp 2, Xã Bình Hòa Nam, Huyện Đức Huệ, Long An",4.5 m,Nhiều hơn 6 phòng,500 triệu- 1.822 m2,Đông Bắc,"Nhà mặt phố, mặt tiền",1822 m2,"Cuối năm nên e muốn xả hàng 
Cần bán gấp 2 miếng đất ở Đức Huệ, Long An.

1 thửa : 1348m2 , trồng cây hàng năm
1 thửa : 474m2 , đất ở
 Em bán đi đôi ko tách lẻ ạ ❤️
Chính chủ, bao sang tên
Liên hệ để bàn về em nó",274.423 đ/m2,Nội thất cao cấp,300 m²,Nam,Chung cư,Mặt tiền,Văn phòng
810,Cần mua,Đất Huyện Củ Chi 150m2,10 phòng,S202,Đã có sổ,Căn góc,Chưa bàn giao,700,Đất thổ cư,34 m²,8,2,15 m,- 90 m2,"Đường Nguyễn Thị Lắng, Xã Tân Phú Trung, Huyện Củ Chi, Tp Hồ Chí Minh",6 m,Nhiều hơn 6 phòng,"1,3 tỷ- 90 m2",Đông Bắc,"Nhà mặt phố, mặt tiền",90 m2,"Mặt Đường 8m , chỉ mất 5p là ra quốc lộ 22 .Tỉnh lộ 15 , nằm ngay trục nối với các tuyến đường về sau thành cao tốc , Mộc bài 
_sổ hồng riêng , xây dựng và KD tự do. hỗ trợ sang tên công chúng trong ngày , giấy phép xây dựng, thủ tục thành công","14,44 triệu/m2",Nội thất cao cấp,300 m²,Nam,Chung cư,Mặt tiền,Văn phòng
810,Cần mua,NHÀ 3 TẦNG MỚI XÂY 1 TỶ 290 CẠNH AEON MALL HÀ ĐÔNG,3 phòng,S202,Đã có sổ,Căn góc,Chưa bàn giao,700,Đất thổ cư,34 m²,8,3,15 m, GIÁ TỐT,"Khu đô thị Geleximco Đường Lê Trọng Tấn, Phường Dương Nội, Quận Hà Đông, Hà Nội",4 m,2 phòng,"1,29 tỷ GIÁ TỐT- 33 m2",Đông Bắc,"Nhà ngõ, hẻm",33 m²,"- Nhà ở trung tâm thành phố mới của quận Hà Đông, cạnh ngã tư Tố Hữu và Lê Trọng Tấn.
- Cạnh đại siêu thị của Nhật Bản Aeon Mall Hà Đông.
- Gần Vinhomes Smart City là đại đô thị thông minh đẳng cấp quốc tế đầu tiên của Việt Nam với gần 60 tòa chung cư cao cấp cao 40 tầng.
- Nằm giữa các khu đô thị mới, được thừa hưởng đầy đủ dịch vụ và tiện ích ăn theo đô thị đã đi vào hoạt động sầm uất., có nơi gửi xe ô tô, an ninh tốt, người dân thân thiện.

- Nhà xây 3 tầng, diện tích đất 33m, 3 ngủ, 1 khách, 1 bếp, 2 wc và sân phơi.
- Nhà móng chịu lực 5 tầng, móng riêng, tường riêng, cột riêng - nhà thiết kế có bể nước ngầm và téc nước dự trữ.

- Sổ đỏ chính chủ, bao sang tên sổ đỏ.
- Nhà xây như hình ảnh đính kèm.
- Ngân hàng hỗ trợ cho vay 60 - 70%.

* Nội thất.
1. Cầu thang gỗ Lim.
2. Cửa thông phòng gỗ Chò. Tủ bếp gỗ tự nhiên.
3. Cửa nhôm hệ Việt Pháp, cửa chính xếp kéo Đài Loan.
4. Thiết bị vệ sinh Inax. Trần thạch cao.
5. Sơn cao cấp Jotun. Bồn nước Sơn Hà.
6. Dây điện Trần Phú, ống nhựa Tiền Phong.
7. Đá ốp cầu thang hoa cương tự nhiên.

Sổ đỏ chính chủ nhà đất tên tôi NHƯ ẢNH SỔ ĐỎ Ở TIN ĐĂNG: Phạm Thu Trang, không tiếp môi giới.
* Chỉ 1 tỷ 290 triệu có ngay căn nhà xây mới 3 tầng về ở ngay - bao sang tên.","39,09 triệu/m²",Nội thất đầy đủ,90 m²,Đông Nam,Chung cư,Mặt tiền,Văn phòng
810,Cần mua,"Biệt thự mini Phúc An City 6x15 giá 2,42 tỷ",4 phòng,S202,Đang chờ sổ,Căn góc,Chưa bàn giao,700,Đất thổ cư,34 m²,8,2,15 m,- 90 m2,"Đường 824, Xã Mỹ Hạnh Nam, Huyện Đức Hòa, Long An",6 m,5 phòng,"2,42 tỷ- 90 m2",Đông Bắc,Nhà biệt thự,90 m²,"Dự án: Biệt thự Phúc An City - 6m x15m - hai lầu 4 PN.
 Thông tin chi tiết: Biệt thự Phúc An City, 6x15, 2 lầu, giá 2,42 tỷ
- 90 m² giáp Hóc Môn, Bình Chánh
🚘🚕🚘Nhà thiết kế theo phong cách Châu Âu 1 trệt 2 lầu, gồm 4PN+ 5WC+ Pk+ Bếp+ sân trước+ sân sau.
💜Tiện ích nội khu: công viên, hồ bơi, khu vui chơi trẻ em, công viên nước, phố đi bộ, trung tâm thương mại, chợ,....
💛Ngoại khu trong bán kính 1 Km có đầy đủ chợ, bệnh viện, trường học,...
Pháp lý: sổ hồng riêng.
Giá : 2,420,000,000đ ( bao gồm cả VAT)
Liên hệ : A.Phong để biết thêm thông tin.
Cảm ơn đã đọc tin !","26,89 triệu/m²",Hoàn thiện cơ bản,90 m²,Tây Nam,Chung cư,Mặt tiền,Văn phòng
810,Cần mua,Nhà cấp 4. Đẹp gần bv nhi Đức Tâm. Trung tâm GTVL,2 phòng,S202,Đã có sổ,Căn góc,Chưa bàn giao,700,Đất thổ cư,34 m²,8,2,23 m,- 138 m2,"24, Đường 10/3, Phường Tân Lợi, Thành phố Buôn Ma Thuột, Đắk Lắk",6 m,2 phòng,680 triệu- 138 m2,Đông Bắc,"Nhà ngõ, hẻm",138 m²,"+ Nhà cấp 4. 
+ 2 phòng ngủ, phòng bếp, phòng khách,2 phòng vệ sinh,hiên sân ô tô rộng 5 m 
gần trường Đại học BMT. gần bv nhi Đức Tâm. trung tâm giới thiệu việc làm.","4,93 triệu/m²",Hoàn thiện cơ bản,115 m²,Tây Bắc,Chung cư,Hẻm xe hơi,Văn phòng
810,Cần mua,"NỀN MẶT TIỀN LỚN, HỒ BÚN XÁNG. VỊ TRÍ TIỀM NĂNG",2 phòng,S202,Đã có sổ,Căn góc,Chưa bàn giao,700,Đất thổ cư,34 m²,8,2,32 m,- 546 m2,"Đường Hồ Búng Sáng, Phường An Khánh, Quận Ninh Kiều, Cần Thơ",12 m,2 phòng,27 tỷ- 546 m2,Đông Bắc,"Nhà ngõ, hẻm",546 m2,"BÁN 546 M2 ĐẤT MẶT TIỀN BỜ HỒ BÚN XÁNG - Giá 27 Tỷ 
- Vị trí mặt tiền bờ hồ Bún xáng Trường Đại học cần thơ sau Hoa viên Thành Đạt nối liền qua Mậu Thân
-Diện tích: ngang 5.4m chạy dài 26m.sau đó nở hậu 12.4m chạy dài thêm 32m.đất hình L
- Hướng: Đông Nam.
- Lộ nhựa: 15m đang thi công.đối diện là hành lang lan cang kèo bờ sông.xe 16 chổ tới nền
-Khu đất có tiềm năng phát triển cao.kinh doanh mua bán.mở nhà nghỉ.khách sạn lý tưởng.kg gian sống hợp lý.thuộc trung tâm quận nk.khu bờ hồ đẹp nhất tpct
- Pháp lý: 80m2 thổ cư + 446 m2 CLN.
- Giá bán: 27tỷ 
- Liên hệ: 0945.789.683","49,45 triệu/m2",Hoàn thiện cơ bản,115 m²,Tây Bắc,Chung cư,Hẻm xe hơi,Văn phòng
810,Cần mua,"NHÀ KHU VIP Landmark 81, 3 TẦNG chỉ 8.2 tỷ",3 phòng,S202,Đã có sổ,Căn góc,Chưa bàn giao,700,Đất thổ cư,34 m²,8,3,7.2 m,- 52 m2,"điện biên phủ, Phường 22, Quận Bình Thạnh, Tp Hồ Chí Minh",7.2 m,3 phòng,"8,2 triệu- 52 m2",Đông Bắc,"Nhà ngõ, hẻm",52 m²,"NHÀ KHU VIP Landmark 81, 3 TẦNG chỉ 8.2 tỷ 
** 1 trệt, 1 lầu, sân thượng.
** 3 Phòng Ngủ ( có phòng dưới đất cho người lớn tuổi), 4 toalet
** Nhà thông 2 hẻm 4m ra 2 con đường đắt địa, cách hẻm xe tải chỉ 15m. 
** Sổ hồng chính chủ, vuông vức, công chứng ngay.
** Tiện ích xung quanh đầy đủ: trường học, siêu thị... gần Hàng Xanh, thuận tiện di chuyển đi khắp nơi
** Diện tích nhà vuông vức 7.2m x 7.2m - bề ngang hoành tráng hiếm gặp
** Nhà chính chủ, miễn tiếp trung gian",157.692 đ/m²,Hoàn thiện cơ bản,52 m²,Tây Bắc,Chung cư,Hẻm xe hơi,Văn phòng
810,Cần mua,"BIỆT THỰ MINI, GẦN HỒ, 61M2, 6 TỶ,LÊ DUẨN,ĐỐNG ĐA.",4 phòng,S202,Đã có sổ,Căn góc,Chưa bàn giao,700,Đất thổ cư,34 m²,8,3,13.6 m,- 61 m2,"Đường Lê Duẩn, Phường Trung Phụng, Quận Đống Đa, Hà Nội",4.5 m,5 phòng,6 tỷ- 61 m2,Đông Bắc,"Nhà ngõ, hẻm",61 m²,"BÁN NHÀ PHỐ LÊ DUẨN, BIỆT THỰ MINI, TRUNG TÂM ĐỐNG ĐA, NGÕ 3M.

Vị trí: Tuyệt đẹp nằm cách ô tô dừng đỗ 20m, ngõ trước nhà 3m lát gạch đỏ cực kì sạch sẽ, đẹp vô cùng. Nhà nằm khu trung tâm tiếp giáp quận Hoàn Kiếm, vài bước chân ra chợ, 2 phút đến bờ hồ, cách công viên Thống Nhất đúng 100 bước đi bộ.
- Nhà thiết kế cực kì đẹp, tâm huyết vô cùng, thoáng trước sau.
- Nhà 4 tầng thiết kế cụ thể như sau: 
- Tầng 1: Phòng khách + bếp 
- Tầng 2+ 3 mỗi tầng 2 phòng ngủ và vệ sinh khép kín. 
- Tầng 4: Phòng thờ, sân phơi.
+ DT: 61m2 x 4T x MT4.5m, giá: 6 tỷ.","98,36 triệu/m²",Hoàn thiện cơ bản,61 m²,Tây Bắc,Chung cư,Hẻm xe hơi,Văn phòng
810,Cần mua,Sang nhượng Kiot MT Thái Thị Bôi - Chợ Điện Ngọc!!,1 phòng,S202,Đã có sổ,Căn góc,Chưa bàn giao,700,Đất thổ cư,34 m²,8,3,3.8 m,- 11 m2,"An Lân, Phường Hoà Hải, Quận Ngũ Hành Sơn, Đà Nẵng",3 m,1 phòng,500 triệu- 11 m2,Đông Bắc,"Nhà mặt phố, mặt tiền",11 m²,"Sang nhượng Kiot MT Thái Thị Bôi - Chợ Điện Ngọc!! 
Diện tích: 11m2 
Nằm mặt tiền đường lớn 
Sỏ xanh lâu dài 
Liên hệ Dũng làm việc chính chủ!!!","45,45 triệu/m²",Hoàn thiện cơ bản,11 m²,Tây Bắc,Chung cư,Hẻm xe hơi,Văn phòng
810,Cần mua,Nhà trọ sinh viên 47 phòng 38tr doanh thu.,nhiều hơn 10 phòng,S202,Đã có sổ,Căn góc,Chưa bàn giao,700,Đất thổ cư,34 m²,8,3,100 m,- 879 m2,"Đường Quốc Lộ 61, Xã Hòa An, Huyện Phụng Hiệp, Hậu Giang",10 m,Nhiều hơn 6 phòng,"5,2 tỷ- 879 m2",Đông Bắc,"Nhà mặt phố, mặt tiền",879 m²,"NHÀ TRỌ SINH VIÊN 47 PHÒNG GẦN ĐẠI HỌC CẦN THƠ KHU HÒA AN
ô chủ cần thu gọn chỗ ở nên bán lại nhà trọ sinh viên 47 phòng, ngoài ra có thể cho khách ngoài thuê theo tháng.
1/ MÔ TẢ VỊ TRÍ:
+ Đất tại: Xã Hòa An, huyện Phụng Hiệp, tỉnh Hậu Giang.
+ Cách trường đại học Cần Thơ khu Hòa An chỉ 300m.
2/ GIÁO DỤC – TIỆN ÍCH:
+ Bán kính 1000m các tiện ích điều có.
+ Nhà trọ xây 2017 có tất cả 47 phòng, hiện trạng xây còn tốt tường chưa lún nứt,…. Có giấy phép xây dựng và kinh doanh nhà trọ, nhà trọ có hệ thống an ninh tốt như camera và chống trộm, có hệ thống lọc nước sinh hoạt đảm bảo chất lượng….
+ Hiện tại nhà trọ giá thuê 900k/tháng/phòng, doanh thu mỗi tháng trên 40 triệu đồng.
+ Ngoài cho sinh viên thuê thì có thể cho khách thuê ở theo tháng đi làm việc ở Long Mỹ, Vị Thanh, Kinh Cùng, Vị Thủy,....
3/ PHÁP LÝ:
+ Diện tích :  879m, mặt tiền ngang 10m, dài 100m, có 546m đất chuyên dùng, 133m đất thổ cư, 200m đất cây lâu năm.
+ Pháp lý: Sổ hồng , đất cây lâu năm.
+ Hướng: Đông nam
+ Lộ: Quốc lộ
+ Giá bán: 5.2 tỷ mão hết đất hạ tầng đang có, cam kết giá chính chủ, không kê nâng giá.

Quý khách có nhu cầu mua và cần đi xem thực tế vui lòng liên hệ trước với chúng tôi để được hỗ trợ tốt có thể.
Cảm ơn Quý khách","5,92 triệu/m²",Hoàn thiện cơ bản,1000 m²,Đông Nam,Chung cư,Hẻm xe hơi,Văn phòng
810,Cần mua,Đất view đồi bao quanh- săn mây trong lành,nhiều hơn 10 phòng,S202,Đã có sổ,Căn góc,Chưa bàn giao,700,Đất thổ cư,34 m²,8,3,100 m,- 14.000 m2,"Đường Đinh Công Tráng, Xã Lộc Châu, Thành phố Bảo Lộc, Lâm Đồng",10 m,Nhiều hơn 6 phòng,14 tỷ- 14.000 m2,Đông Bắc,"Nhà mặt phố, mặt tiền",14000 m2,"VIEW ĐỒI NÚI BAO QUANH ĐẤT

♻Diện tích 14.000m2 (1,4ha) sẵn 400m2 thổ cư
♻Mặt tiền đường Đinh Công Tráng - Tp Bảo Lộc - Lâm Đồng
♻Đất thuộc quy hoạch full thổ cư
♻Đất bằng, xe tăng tới đất, cách ql20 3km
Giá thích hợp đầu tư
☎️Hotline:

♥️ ĐẤT ĐẸP ĐANG CHỜ NHÀ ĐẦU TƯ ♥️",1 triệu/m2,Hoàn thiện cơ bản,1000 m²,Đông Nam,Chung cư,Hẻm xe hơi,Văn phòng
810,Cần mua,Cần tiền tôi bán thanh Lý nhà 3L Bùi Đình Tuý SHR,4 phòng,S202,Đã có sổ,Căn góc,Chưa bàn giao,700,Đất thổ cư,34 m²,8,3,13 m,- 50 m2,Đường Bùi Đình Túy,4 m,3 phòng,"7,89 tỷ- 50 m2",Đông Bắc,Nhà phố liền kề,50 m²,"Dự án: Nhà đường Bùi Đình Tuý, phường 12, Quận Bình Thạnh.
 Thông tin chi tiết: Chính chủ bán nhanh nhà 1 trệt, 2 lầu, 1 sân thượng trước sau ngay Chợ Bùi Đình Tuý, Phường 12, Quận Bình Thạnh.
- Diện tích: 4x12,4, 4 phòng ngủ, 3 toilet, 1 phòng Thờ.
- Nội thất cao cấp: giấy dán tường, thiết bị nhà tắm, đèn, cửa gỗ, tủ bếp, tủ âm tường...
- Bảo hành nhà lên đến 5 năm, sổ hồng riêng hoàn công. Ngân Hàng hỗ trợ vay 70%.
- Tiện ích đầy đủ xung quanh: Chợ, Siêu Thị, Cơ Sở Y tế, Trường Học các cấp, kế bên Uỷ Ban rất an ninh, dân trí cao...
- Thuận tiện di chuyển về Quận 1, Thủ Đức, Sân Bay, Phú Nhuận, Gò Vấp... chỉ 15 phút.
- Thích hợp cho Gia đình nhỏ, kinh doanh online, đầu tư cho thuê..
- Giá 7,89 tỷ (thương lượng khách thiện chí)

Alo Thanh Trúc để xem nhà.
Cảm ơn đã đọc tin!","157,8 triệu/m²",Nội thất cao cấp,50 m²,Nam,Chung cư,Hẻm xe hơi,Văn phòng
810,Cần mua,"nhà riêng Q12,100m ra đường Hà Huy Giáp, 4.3 tỷ",4 phòng,S202,Đã có sổ,Căn góc,Chưa bàn giao,700,Đất thổ cư,34 m²,8,4,13 m,- 55 m2,"Đường Hà Huy Giáp, Phường Thạnh Lộc, Quận 12, Tp Hồ Chí Minh",4 m,5 phòng,"4,3 tỷ- 55 m2",Đông Bắc,"Nhà ngõ, hẻm",55 m²,"- Bán nhà Quận 12 - 1/ ngắn ra đường chính, cách 490m ra chợ Đường.

- Diện tích công nhận 60m2. Nhà xây dựng 1 trệt 1 lửng 3 lầu gồm có 4 phòng ngủ, 5 nhà vệ sinh. Đúc kiên cố, thiết kế thông thoáng.

- Hẻm nhựa 10m xe hơi di chuyển. Khu dân cư hiện hữu, an ninh, yên tĩnh. Cơ sở hạ tầng đang phát triển mạnh.

- Vị trí nhà bán gần các tiện ích phong phú phục vụ cuộc sống: Chợ, siêu thị, khách sạn, văn phòng công ty,...

- Thuận tiện di chuyển về trung tâm cũng như các khu vực lân cận như Tỉnh Bình Dương, Quận Gò Vấp...

- Sổ hồng riêng.","78,18 triệu/m²",Hoàn thiện cơ bản,220 m²,Nam,Chung cư,Nở hậu,Văn phòng
810,Cần mua,"BÁN NHÀ NÁT 2 MT ĐƯỜNG SỐ 10, tiện đập đi xây lại",3 phòng,S202,Đã có sổ,Căn góc,Chưa bàn giao,700,Đất thổ cư,34 m²,8,4,12.5 m,- 180 m2,"Đường Số 10, Phường Bình An, Quận 2, Tp Hồ Chí Minh",14.76 m,2 phòng,18 tỷ- 180 m2,Đông Bắc,"Nhà mặt phố, mặt tiền",180 m²,"MS 241655
Cần bán biệt thự đường Số 10 Trần Não, P. Bình An Quận 2:
- Diện tích: 15x12m=180m2.
- Xây dựng: 1 trệt 1 lầu.
- Lộ giới: 4m - Hướng Đông Bắc.
- Giá bán: 18 tỷ.",100 triệu/m²,Hoàn thiện cơ bản,137 m²,Đông Bắc,Chung cư,Hẻm xe hơi,Văn phòng
810,Cần mua,Bán gấp lô đất Đông Nhì 90m2/950tr,3 phòng,S202,Đã có sổ,Căn góc,Chưa bàn giao,700,Đất thổ cư,34 m²,8,4,18 m,- 90 m2,"Đường Đông Nhì, Phường Lái Thiêu, Thị xã Thuận An, Bình Dương",5 m,2 phòng,950 triệu- 90 m2,Đông Bắc,"Nhà mặt phố, mặt tiền",90 m2,"Bán đất đường Đông Nhì , Thuận An, Bình Dương 
Diện tích : 90m2 ( 5x18 ) 
Giá : 950 triệu 
Sổ hồng riêng,sang tên công chứng liền 
Xây dựng tự do 
Dân cư đông đúc, xung quanh đầy đủ các tiện ích 
Đường nhựa 7m","10,56 triệu/m2",Hoàn thiện cơ bản,137 m²,Đông Bắc,Chung cư,Mặt tiền,Văn phòng
810,Cần mua,Chủ cần tiền nên bán gấp nhà Mân Quang 2,3 phòng,S202,Đã có sổ,Căn góc,Chưa bàn giao,700,Đất thổ cư,34 m²,8,4,20 m,- 102 m2,"Mân Quang 2, Phường Thọ Quang, Quận Sơn Trà, Đà Nẵng",5 m,2 phòng,"3,65 tỷ- 102 m2",Đông Bắc,"Nhà mặt phố, mặt tiền",102 m²,"Chính chủ bán nhà Khu mân quang 2 - Sơn Trà, Đà Nẵng
Cách biển vài bước chân
Xung quanh ko thiếu gì
Nhà mới , mua chỉ việc vô ở
Để lại nội thất gắn tường
Nhà 3 pn, 2 wc, 1 pk, 1 thờ, sân đậu xe, sân phơi
Giá 3 tỷ 650
Nhà chưa qua đầu tư, do cần tiền nên bán gấp
Mong tiếp khách thiện chí mua nhanh.

☎️","35,78 triệu/m²",Hoàn thiện cơ bản,87 m²,Tây Bắc,Chung cư,Mặt tiền,Văn phòng
810,Cần mua,"Nhà 1 trệt 2 lầu 208m2,P Tân TạoA,Quận Bình Tân.",6 phòng,S202,Đã có sổ,Căn góc,Chưa bàn giao,700,Đất thổ cư,34 m²,8,3,22 m,- 88 m2,"181, Đường Trần Thanh Mại, Phường Tân Tạo A, Quận Bình Tân, Tp Hồ Chí Minh",4 m,6 phòng,"8,6 tỷ- 88 m2",Đông Bắc,"Nhà mặt phố, mặt tiền",88 m²,"Về bắc cần bán nhà 1 trệt 2 lầu mặt tiền Trần Thanh Mại.Quận Bình Tân.Cho thuê đằng trước 6Tr,phòng trọ 16tr.1 phòng khách 6 phòng ngủ,1 phòng bếp.Sổ hồng bao sang tên.Tiếp người thiện chí.","97,73 triệu/m²",Hoàn thiện cơ bản,208 m²,Đông,Chung cư,Hẻm xe hơi,Văn phòng
810,Cần mua,"Bán đất Khu Công Nghệ Cao -Lê Văn Việt ,Q.9 ,SHR",6 phòng,S202,Đã có sổ,Căn góc,Chưa bàn giao,700,Đất thổ cư,34 m²,8,3,16 m,- 80 m2,"Đường Lê Văn Việt, Phường Tăng Nhơn Phú A, Quận 9, Tp Hồ Chí Minh",5 m,6 phòng,2 tỷ- 80 m2,Đông Bắc,"Nhà mặt phố, mặt tiền",80 m2,"Định cư nước ngoài nên cần sang gấp lô đất MT Lê Văn Việt, P. Tăng Nhơn Phú A, Q9, ngay Khu Công Nghệ Cao Q.9

- Xung quanh đầy đủ tiện ích như trường Đại Học Sư Phạm Kỹ Thuật bệnh viện Quân Y, Vincom Plaza, Thế Giới Di Động, FPT, siêu thị Coop Mart...

- Vị trí thuận tiện kinh doanh, buôn bán, dân cư sầm uất, tính thanh khoản cao.
- Giá cực mềm so với thị trường, cơ hội sở hữu nền đất vị trí đẹp để kinh doanh, đầu tư hoặc ở.

- Giá chỉ: 2 tỷ.
- Sổ riêng sang tên công chứng ngay.
LH: Đại Phát để được hỗ trợ xem đất.",25 triệu/m2,Hoàn thiện cơ bản,208 m²,Đông,Chung cư,Mặt tiền,Văn phòng
810,Cần mua,bán gấp lô đất sĐường Tân Phước Khánh 37,6 phòng,S202,Đã có sổ,Căn góc,Chưa bàn giao,700,Đất thổ cư,34 m²,8,3,17 m,- 85 m2,"Đường Tân Phước Khánh 37, Phường Bình Chuẩn, Thị xã Thuận An, Bình Dương",5 m,6 phòng,"1,2 tỷ- 85 m2",Đông Bắc,"Nhà mặt phố, mặt tiền",85 m2,"Hiện tại tôi bị ngân hàng siết nợ nên cần bán gấp lô đất sổ riêng thổ cư. Đất sau lưng chợ.
- DT: 5x17(85m2).
- Giá 1.2 tỉ (không thương lượng).
- Đất đẹp khu dân cư đông đúc gần UBNB, chợ trường học và Khu công nghiệp.
Cách ĐT 743 100m.
Giá quá lời cho anh chị mua đầu tư hoặc xây dựng kinh doanh hoặc xây phòng trọ đều được, hoặc có thê Thuận tiện xây nhà kho. Nhà nghỉ dưỡng. Nhà ở... Khu an ninh cao, được xây dựng tự do, không có thời gian nhiều nên cần tiếp người nào có thiện chí.","14,12 triệu/m2",Hoàn thiện cơ bản,208 m²,Đông,Chung cư,Nở hậu,Văn phòng
810,Cần mua,"Cực hiếm,nhà Dương Quảng Hàm 42m2,ngõ rộng, 3.5tỷ",4 phòng,S202,Đã có sổ,Căn góc,Chưa bàn giao,700,Đất thổ cư,34 m²,8,4,17 m,- 42 m2,"Đường Dương Quảng Hàm, Phường Quan Hoa, Quận Cầu Giấy, Hà Nội",5 m,3 phòng,"3,5 tỷ- 42 m2",Đông Bắc,"Nhà ngõ, hẻm",42 m²,"+ Nhà nằm ngõ to nhất phố Dương Quảng Hàm, ô tô qua lại, ngõ trước nhà rộng rãi xe SH quay đầu ngay tại cửa nhà.
+ Thiết kế 4 tầng chắc chắn:
- Tầng 1 : Để xe, phòng khách, vệ sinh, bếp, tiểu cảnh trang trí.
- Tầng 2,3 : Mỗi tầng 2 PN (1 có ban công), vệ sinh giữa.
- Tầng 4 : Phòng thờ (có thể thiết kế ngủ), chỗ giặt, sân phơi rộng.
+ Chủ nhà xây dựng nhà tâm huyết nên nhà chắc chắn, cực kỳ kiên cố.","83,33 triệu/m²",Hoàn thiện cơ bản,42 m²,Đông,Chung cư,Nở hậu,Văn phòng
810,Cần mua,"BÁN NHÀ LÔ GÓC 4 TẦNG PHỐ DƯƠNG LÂM – 33M – 2,8 TỶ",3 phòng,S202,Đã có sổ,Căn góc,Chưa bàn giao,700,Đất thổ cư,34 m²,8,4,6.4 m,- 33 m2,"19 tháng 5, Phường Văn Quán, Quận Hà Đông, Hà Nội",5.2 m,3 phòng,"2,8 tỷ- 33 m2",Đông Bắc,"Nhà mặt phố, mặt tiền",33 m²,"+ Tọa lạc trên đường Dương Lâm, Văn Quán, được hoàn thiện chắc chắn, tỉ mỉ.
+ Thuộc lô góc, nên có lợi thế lớn trong kinh doanh.
+ Nhà được thiết kế 4 tầng, gồm phòng khách, bếp, 3 phòng ngủ, 3 vệ sinh, phòng thờ, sân phơi.
+ Được thiết kế đầy đủ công năng, đón ánh sáng tự nhiên, đông ấm, hè mát.
+ Gần chợ, trường trung học cơ sở, siêu thị BigC Hà Đông,…
+ Hàng xóm thân thiện, an ninh đảm bảo, sạch sẽ.
+ Anh chị có nhu cầu liên hệ Mr.Tuân","84,85 triệu/m²",Nội thất đầy đủ,33 m²,Đông,Chung cư,Nở hậu,Văn phòng
810,Cần mua,"Bán gấp trước tết, nhà Quan Nhân, 43m2x4T, 3.7 tỷ.",3 phòng,S202,Đã có sổ,Căn góc,Chưa bàn giao,700,Đất thổ cư,34 m²,8,4,7 m,- 43 m2,"Đường Quan Nhân, Phường Nhân Chính, Quận Thanh Xuân, Hà Nội",5.6 m,4 phòng,"3,7 tỷ- 43 m2",Đông Bắc,"Nhà ngõ, hẻm",43 m²,"Chủ nhà nghỉ hưu có nhà riêng phố Quan Nhân, 43Mx4Tầng – chỉ 3.7 tỷ.
Nhà nằm vị trí đắc địa, ngõ rộng đẹp, cách mặt phố Quan Nhân 30m, chủ xây tâm huyết.
Thiết kế:
T1: Phòng khách + bếp + WC.
T2,3,4: Mỗi tầng 1PN rộng + WC + ban công.
Sổ đỏ đẹp, cất két.
Sẵn sàng giao dịch.
Liên hệ: E Lệ","86,05 triệu/m²",Nội thất đầy đủ,43 m²,Đông,Chung cư,Nở hậu,Văn phòng
810,Cần mua,Chung cư Thành phố Biên Hòa 50m² 2PN,2 phòng,B,Đã có sổ,Căn góc,Đã bàn giao,700,Đất thổ cư,50 m²,8,4,7 m,- 50 m2,"204b1, Huỳnh Văn Lũy, Phường Hòa Bình, Thành phố Biên Hòa, Đồng Nai",5.6 m,1 phòng,860 triệu- 50 m2,Đông,"Nhà ngõ, hẻm",43 m²,"Cần bán chung cư hòa bình, biên hòa đồng nai.gần chợ biên hòa, công viên bờ sông đi bộ 5 phút. đối diện trường mầm non, trường cấp 1 cách 200m. phí chung cư rẽ. rất tiện lợi cho con đi học và sinh hoạt. ko tiếp cò lái, dịch vụ quảng cáo nha. mình rất bận.","17,2 triệu/m²",Nội thất đầy đủ,43 m²,Đông,Chung cư,Nở hậu,Văn phòng
810,Cần mua,MỞ BÁN CHUNG CƯ MINI ĐÔNG TÁC - CHỈ TỪ 650TR/CĂN,1 phòng,B,Đã có sổ,Căn góc,Chưa bàn giao,700,Đất thổ cư,45 m²,8,4,7 m,- 45 m2,"Đường Đông Tác, Phường Phương Mai, Quận Đống Đa, Hà Nội",5.6 m,1 phòng,660 triệu- 45 m2,Đông,"Nhà ngõ, hẻm",43 m²,"Dự án: CHUNG CƯ MINI ĐÔNG TÁC.
 Thông tin chi tiết: Chủ đầu tư trực tiếp bán chung cư phố ĐÔNG TÁC - CHÙA BỘC - Quận Đống Đa, sổ đỏ riêng, full nội thất.

Vị trí vàng trung tâm quận Đống Đa, gần các tuyến phố lớn như: Khâm Thiên, Xã Đàn, Kim Liên, Văn Miếu, Nguyễn Thái Học, Cát Linh...

* Liên hệ trực tiếp chủ đầu tư (miễn môi giới - Trung gian).

- Diện tích: 33m2 - 35m2 - 45m2 - 50m2 - 55m2 - 62m2- 78m2.

- Giá: 550tr - 650tr - 780tr - 850tr - 950tr - 1,05 tỷ - 1,2 tỷ/ căn.

(Giá trên đã bao gồm phí VAT làm sổ).

- Thiết kế 1 - 2 - 3 phòng ngủ, thoáng đẹp.

- Giấy tờ pháp lý: Sổ đỏ riêng, hợp đồng công chứng nhà nước 

* Liên hệ trực tiếp chủ đầu tư xem nhà giá gốc và chiết khấu cao","14,67 triệu/m²",Nội thất đầy đủ,43 m²,Đông,Chung cư,Nở hậu,Văn phòng
810,Cần mua,"Đi nước ngoài cần bán nhà P15,Q8 - Cách mt <100m",2 phòng,B,Đã có sổ,Căn góc,Chưa bàn giao,700,Đất thổ cư,45 m²,8,4,7 m,- 29 m2,"Lưu Hữu Phước, Phường 15, Quận 8, Tp Hồ Chí Minh",5.6 m,2 phòng,"1,9 tỷ- 29 m2",Đông,"Nhà ngõ, hẻm",29 m²,"Đi nước ngoài Bán Gấp nhà Lưu Hữu Phước Phường 15 - Quận 8
 Diện tích 28,5 m2 (4m x 7,9m ) 
 Kết cấu 1 trệt 1 lầu : 2 phòng ngủ , 2 nhà vệ sinh
 Khu an ninh, gần đường chính cách 20m 
 Sổ hồng riêng giao dịch an toàn 
 Giá 1 tỷ 9 còn thương lượng 
 ID 263600","65,52 triệu/m²",Nội thất đầy đủ,43 m²,Đông,Chung cư,Nở hậu,Văn phòng
810,Cần mua,"Bán gấp penthouse OPAL 4P 2lầu 140m2, view Sông SG",3 phòng,A1,Đang chờ sổ,Căn góc,Đã bàn giao,700,Đất thổ cư,140 m²,15,4,7 m,- 140 m2,"đường số 10, Phường Hiệp Bình Chánh, Quận Thủ Đức, Tp Hồ Chí Minh",5.6 m,2 phòng,"5,29 tỷ- 140 m2",Đông Nam,"Nhà ngõ, hẻm",29 m²,"Bán căn hộ vip penthouse 2 tầng, nằm ở tầng thượng (T16) ,view trực tiếp sông Sài Gòn và Quận 2, Quận 1 (cửa sổ Đông Nam)

Từ Quận 1 (cầu Nguyễn Thị Minh Khai) đi đúng 4km (15p) đến Khu căn hộ nằm MT đ.số 10 (rộng 20m), cách Phạm Văn Đồng 700m, nằm liền Q.Bình Thạnh và Sông Sài Gòn

căn hộ trong dự án Opal Riverside đã hình thành hoàn chỉnh, được bảo vệ khép kín, có quản lý dịch vụ tốt (khuôn viên rộng 2ha (20.000m2), có bến du thuyền và công viên giáp sông Sài Gòn dài, sân bóng, hồ bơi lớn, 3 tầng để xe máy và xe hơi..) Trong khuôn viên có trường học mẫu giáo, Siêu thị, cửa hàng ăn uống cafe... 

Căn hộ vip tầng thượng, có 2 tầng (cao 6m), diện tích 140m2 rộng như 200m2 thiết kế riêng, có sàn gỗ, 3phòng ngủ + 2 phòng sinh hoạt, 1 Khu bếp rộng, 1Phòng giặt phơi, 1 phòng kho, . có thể thêm 1 phòng ngủ thành 4PN, ban công hướng Đông Nam nhìn sông sài Gòn Và Thảo Điền Q2,

 tặng lại toàn nội thất (khoảng 400tr) tủ gường bàn ghế, 2tivi OLED 55In 3D, tủ lạnh 3 cửa, Máy giặt cửa trước, 1 bộ sofa điện da thật toàn bộ, 1 máy chạy bộ lớn, 5 máy lạnh Toshiba mới...v.v, 

Tầng thông 6 Tháng máy, chỉ có 8 hộ trong tầng, (tầng thượng, tầng 16)

Giá bán 5 tỷ 290 triệu (vay được NH 70%),
 hợp đồng công chứng sang tên ngay.","37,79 triệu/m²",Nội thất đầy đủ,43 m²,Tây Bắc,Duplex,Nở hậu,Văn phòng
810,Cần mua,ĐẤT Ở ĐÔ THỊ DIỆN TÍCH LỚN NGAY KHU CN BECAMEX,3 phòng,A1,Đã có sổ,Căn góc,Đã bàn giao,700,Đất thổ cư,140 m²,15,4,55 m,- 550 m2,"Đường Quốc Lộ 13, Thị trấn Lai Uyên, Huyện Bàu Bàng, Bình Dương",10 m,2 phòng,685 triệu- 550 m2,Đông Nam,"Nhà ngõ, hẻm",550 m2,"+ Đất có diện tích lớn đa dạng 10x57, 5.5x100, 11x100
+ Giá 1,9 triệu/m2, nên chỉ cần giá nhích nhẹ theo m2 thôi đã lời.
+ Nằm trên trục đường công nhân viên khu CN đi làm hằng ngày
+ Trong khu đất ở Đô thị
+ Đi bộ qua KCN Bàu Bàng 2ph
+ Thông ra QL 13 , Mỹ Phước Tân Vạn bằng xe máy chỉ 3ph
+ KCN Bàu Bàng tiềm năng phát triển theo từng ngày
+ Xung quanh là khu dân cư, trung tâm hành chính Huyện, khu đô thị Becamex và các siêu dự án lớn
+ Đường ô tô né nhau
+ Sổ sẵn bao công chứng
+ Liên hệ gặp Nguyên để xem đất và sổ hồng","1,25 triệu/m2",Nội thất đầy đủ,43 m²,Tây Bắc,Duplex,Mặt tiền,Văn phòng
810,Cần mua,Ngân hàng hỗ trợ vay vốn 60%..sổ riêng từng nhà,2 phòng,A1,Đã có sổ,Căn góc,Đã bàn giao,700,Đất thổ cư,140 m²,15,4,18 m,- 80 m2,"Đường 7B, Phường Mỹ Phước, Thị xã Bến Cát, Bình Dương",4 m,2 phòng,"1,27 tỷ- 80 m2",Đông Nam,Nhà phố liền kề,80 m²,"🏘BÁN NHÀ TRẢ GÓP🏕
CHÍNH CHỦ ĐẦU TƯ.
PHÁP LÝ CHUẨN.SỔ HỒNG RIÊNG
có ngân hàng vietcombank hổ trợ lên tới 70%

👉chỉ cần trả trước 460tr..!!
☎️ Mr. Huy

💥 Dù bạn là người dân mua nhà để ở hay bạn là dân đầu tư Bất động sản.

👉thì tại.TẬP ĐOÀN HUỲNH GIA GROUP. Là nơi đáng tin cậy

💥 vị trí một mỹ phước - bến cát
💥 vị trí hai bầu bàng

🏞tiện ích.có chợ.trường mầm non trong nội khu.
🛣 gần đường QL13.gần cao tốc Mỹ Phước Tân Vạn...chợ bệnh viện.trường cấp 1.2.3.UBND Xã.đồn công an.ngân hàng.chỉ từ 3 đến 5p chạy xe.
Hotline : gọi ngay để được hổ trợ tư vấn tốt","15,88 triệu/m²",Bàn giao thô,72 m²,Đông Bắc,Duplex,Hẻm xe hơi,Văn phòng
810,Cần mua,Đất Thành phố Bảo Lộc 4.500m²,2 phòng,A1,Đã có sổ,Căn góc,Đã bàn giao,700,Đất nông nghiệp,140 m²,15,4,100 m,- 4.500 m2,"đường blaosire, Xã Đại Lào, Thành phố Bảo Lộc, Lâm Đồng",45 m,2 phòng,395 triệu- 4.500 m2,Đông Nam,Nhà phố liền kề,4500 m2,"Dự án: đất vườn nghỉ dưỡng
Thông tin chi tiết: Chỉ còn 4500 m2 đất thành phố bảo Lộc, đường đang thi công , thích hợp cho quý vị đầu tư, để lâu dài,.
Có cắt nhỏ phù hợp phù hợp với tài chính quý vị.",87.777 đ/m2,Bàn giao thô,72 m²,Đông,Duplex,Mặt tiền,Văn phòng
10,Cần mua,TRẢ GÓP CHUNG CƯ IEC THANH TRÌ,2 phòng,CT2,Đã có sổ,Căn góc,Đã bàn giao,700,Đất nông nghiệp,70 m²,10,4,100 m,- 70 m2,"Đường Trần Thủ Độ, Xã Tứ Hiệp, Huyện Thanh Trì, Hà Nội",45 m,2 phòng,325 triệu- 70 m2,Tây Bắc,Nhà phố liền kề,4500 m2,"🍀DỰ ÁN , CĂN HỘ CHUNG CƯ IEC TỨ HIỆP THANH TRÌ 🍀

💥SỞ HỮU CĂN HỘ TRONG TẦM TAY CHỈ từ 325 tr ĐỒNG💥

💥HỖ TRỢ MỌI THỦ TỤC PHÁP LÝ VÀ VAY VỐN NGÂN HÀNG, TRẢ GÓP 💥

💥Thông Tin 💥
❤Diện tích :
⛳64m2 - 2PN,2WC ~ 1 tỷ
⛳70m2 - 2PN,2WC ~ 1,1 tỷ
⛳77m2 - 3PN,2WC ~ 1,2 tỷ

 💥ƯU ĐIỂM VƯỢT TRỘI 💥

♦️ Cách Quận Ủy Thanh Trì 500m
♦️ Cách Công An Thanh Trì 300m
♦️ Cách chợ Tứ Hiệp 50m
♦️ Cách #Bệnh_viện_Nội_Tiết TW 1,2km
♦️ Cách Bệnh Viện Thanh Trì 1km
♦️ Cách trường THCS Chu Văn An 300m (Trường điểm)
♦️ Cách trường mầm non #TứHiệp, trường Tiểu Học Ngô Sĩ Kiện 250m
♦️Cách công viên Yên Sở 2km
♦️Cách bến xe nước ngầm 1.7km .v .vv.

💥TIỆN ÍCH💥

👉 BỂ BƠI 500M2
👉KHU VUI CHƠI TRẺ EM NGOÀI TRỜI
👉3 TẦNG VĂN PHÒNG VÀ TRUNG TÂM THƯƠNG MẠI DỊCH VỤ
👉3 TẦNG HẦM ĐỂ XE

 💥 MỜI KHÁCH HÀNG QUA XEM DỰ ÁN

💥 TIẾN ĐỘ DỰ ÁN QUÝ 2/2021 BÀN GIAO CĂN HỘ BAO GỒM SỔ HỒNG VĨNH VIỄN💥.
👉 ĐẶC BIỆT CÓ THỂ CHỌN CĂN THEO ''SỞ THÍCH VÀ NHU CẦU 💥
👉SỰ LỰA CHỌN THÔNG MINH SẼ DẪN TỚI THÀNH CÔNG 👉
anh chị đã xác định tìm hiểu mua thì cứ liên hệ trực tiếp. đỡ phải băn khoăn
♦️Lh Kim để được TƯ VẤN Dự ÁN và Cân Đối Tài Chính♦️","4,64 triệu/m²",Hoàn thiện cơ bản,72 m²,Đông Nam,Chung cư,Mặt tiền,Văn phòng
10,Cần mua,3 TẦNG- NHÀ VUÔNG- SỔ ĐỎ ĐẸP- BA ĐÌNH,2 phòng,CT2,Đã có sổ,Căn góc,Đã bàn giao,700,Đất nông nghiệp,70 m²,10,4,5 m,- 29 m2,"Đường Đào Tấn, Phường Ngọc Khánh, Quận Ba Đình, Hà Nội",7 m,3 phòng,3 tỷ- 29 m2,Tây Bắc,"Nhà ngõ, hẻm",29 m²,"Mô tả:
Tầng 1: Kinh doanh ( Phòng khách) + Bếp + Vệ sinh.
Tầng 2: Phòng ngủ rộng + Phòng tắm Master.
Tâng 3: Phòng ngủ + Phòng thờ + Vệ sinh + Ban công phơi đồ.
 Chủ cần tiền xây nhà nên muốn bán gấp.
 Nhà trong ngõ đi vài BƯỚC CHÂN RA các tuyến PHỐ PHỐ LỚN.
 Vị trí nhà thích hợp kinh doanh, nail, spa, phòng khám....
Nhà sổ đỏ chính chủ- pháp lý an toàn
LH ngay để được xem nhà: Lan 0962.282.683","103,45 triệu/m²",Hoàn thiện cơ bản,33 m²,Tây Bắc,Chung cư,Mặt tiền,Văn phòng
10,Cần mua,"Bán nhà đường số 8 gần ủy ban Trường Thọ, 4.8x18m",4 phòng,CT2,Đã có sổ,Căn góc,Đã bàn giao,700,Đất nông nghiệp,70 m²,10,4,18 m,- 89 m2,"Đường Số 8, Phường Trường Thọ, Quận Thủ Đức, Tp Hồ Chí Minh",4.8 m,3 phòng,"6,5 tỷ- 89 m2",Tây Bắc,"Nhà ngõ, hẻm",89 m²,"Chính chủ bán nhà đường ô tô vào tận cửa gần ngay UBND Trường Thọ, cách Đặng Văn Bi 400m.
---------
+ Diện tích nhà 89m2, 4.8x18.5m, kết cấu 1 trệt 2 lầu.
+ Có 3 phòng ngủ, 3 toilet, sân để xe hơi 7 chỗ rộng rãi, khu dân cư hiện hữu, an ninh (vì gần Uỷ ban Trường Thọ), hàng xóm thân thiện. Đường xe tải tới nhà, không ngập nước.
+ Nhà cách chợ Thủ Đức 600m, đi ra Đặng Văn Bi rất nhanh, chỉ 3p ra ngay Xa Lộ Hà Nội.
- Sổ hồng riêng, hoàn công đầy đủ. Công chứng nhận nhà ngay.
- Giá bán: 6 tỷxx","73,03 triệu/m²",Hoàn thiện cơ bản,141 m²,Đông Nam,Chung cư,Hẻm xe hơi,Văn phòng
10,Cần mua,Kẹt tiền bán gấp lô đất mặt tiền Bình Chuẩn 1ty1,4 phòng,CT2,Đã có sổ,Căn góc,Đã bàn giao,700,Đất thổ cư,70 m²,10,4,20 m,- 100 m2,"Bình chuẩn 68, Phường Bình Chuẩn, Thị xã Thuận An, Bình Dương",5 m,3 phòng,"1,1 tỷ- 100 m2",Tây Bắc,"Nhà ngõ, hẻm",100 m2,"Kẹt tài chính gia đình tôi cần bán gấp lô đất mặt tiền Bình Chuẩn - Bình dương.
- Giá bán nhanh 1ty1.
- Đường nhựa, xe hơi ra vào quay đầu thoải mái.
- Cách chợ, trường học 5p đi xe máy.
- Phía sau là Ubnd, nằm trong khu dân cư đông đúc an ninh.
Vui lòng gọi cho tôi nếu có nhã ý đến xem. Xin cảm ơn.",11 triệu/m2,Hoàn thiện cơ bản,141 m²,Đông Nam,Chung cư,Nở hậu,Văn phòng
10,Cần mua,💥VILLA HÀ CẦU-HÀ ĐÔNG,8 phòng,Khu BT Hà Cầu - Hà Đông,Đã có sổ,Căn góc,Đã bàn giao,700,Đất thổ cư,70 m²,10,4,15.5 m,- 170 m2,"Đường Hà Cầu, Phường Hà Cầu, Quận Hà Đông, Hà Nội",11 m,Nhiều hơn 6 phòng,"16,5 tỷ- 170 m2",Tây Bắc,Nhà biệt thự,170 m²,"💥BIỆT THỰ (VILLA) HÀ CẦU 170M MT 11M HIẾM SIÊU HIẾM GIÁ CHƯA ĐẾN 100TR/M . TRONG KHI ĐẤT HÀ ĐÔNG TĂNG MẠNH DO CẦN TIỀN TÔI BÁN GẤP TRƯỚC TẾT CÓ THƯƠNG LƯỢNG

📌📌 Gia đình chuyển đổi nơi sinh sống cần bán gấp rất gấp BT HÀ CẦU khu hiếm nhà bán Trung tâm Hà Đông. Thừa hưởng các tiện ích xung quanh như metro. Chợ,trường học và các khu chung cư cao cấp_ ...

🔛 Với diện tích 170m 4 tầng mặt tiền 11m thông số vàng
Giá: 16,5 tỷ

🚕 Khách thiện trí đến xem thương lượng trực tiếp để đc giá tốt

💞CẢM ƠN KHÁCH HÀNG ĐÃ ĐỌC VÀ QT","97,06 triệu/m²",Nội thất cao cấp,170 m²,Tây Bắc,Chung cư,Nở hậu,Văn phòng
10,Cần mua,"ĐẤT HƯƠNG HOẢ DO ÔNG BÀ ĐỂ LẠI GIÁP HÓC MÔN, THỔ.",8 phòng,Khu BT Hà Cầu - Hà Đông,Đã có sổ,Căn góc,Đã bàn giao,700,Đất thổ cư,70 m²,10,4,10 m,- 50 m2,"Nguyên Văn Bứa, Xã Xuân Thới Sơn, Huyện Hóc Môn, Tp Hồ Chí Minh",5 m,Nhiều hơn 6 phòng,150 triệu- 50 m2,Tây Bắc,Nhà biệt thự,50 m2,"Chính chủ bán mảnh đất thổ cư giáp ngay Hóc Môn. 
Bán gấp lấy tiền xoay vốn trước tết.
Đất rộng: 50 m2 (5 *10) 
Thổ cư 100%.
Bản rẻ như cho, được giá bán luôn. 
Không tiếp cò, mô giới.",3 triệu/m2,Nội thất cao cấp,170 m²,Tây Bắc,Chung cư,Hẻm xe hơi,Văn phòng
10,Cần mua,CẦN TIỀN TRỊ BỆNH CHO CON BÁN NHÀ GIÁP HÓC MÔN.,2 phòng,Khu BT Hà Cầu - Hà Đông,Đã có sổ,Căn góc,Đã bàn giao,700,Đất thổ cư,70 m²,10,4,10 m,- 50 m2,"Đường Nguyễn Văn Bứa||10015, Xã Xuân Thới Đông, Huyện Hóc Môn, Tp Hồ Chí Minh",5 m,1 phòng,290 triệu- 50 m2,Tây Bắc,"Nhà mặt phố, mặt tiền",50 m²,"Chính chủ bán gấp căn nhà lấy tiền trị bệnh cho con, giáp Hóc Môn.
Nhà rộng 50m2 ( 5 *10 ) full thổ. 
hẻm thông 6 mét. 1 trệt 1 lầu.
Sổ riêng, không quy hoạch, không lô giới. 
Giá thương lượng, được giá sang tên bán luôn.","5,8 triệu/m²",Bàn giao thô,50 m²,Tây Bắc,Chung cư,Hẻm xe hơi,Văn phòng
10,Cần mua,"Bán nhà Tô Hiệu hẻm xe hơi, 5 tầng,Tân Phú, 6 tỷ 4",5 phòng,Khu BT Hà Cầu - Hà Đông,Đã có sổ,Căn góc,Đã bàn giao,700,Đất thổ cư,70 m²,10,4,10 m,- 55 m2,"Đường Tô Hiệu, Phường Tân Thới Hòa, Quận Tân Phú, Tp Hồ Chí Minh",5 m,4 phòng,"6,4 tỷ- 55 m2",Tây Bắc,"Nhà ngõ, hẻm",55 m²,"+ Kết cấu nhà 1 trệt 1 lửng 3 lầu, sân thượng, nhà có giếng trời đầy ánh sáng
+ Trước nhà hẻm xe hơi thông ra đường lớn Lũy Bán Bích, Hòa Bình
+ Vị trí đẹp ngay khu kinh doanh sầm uất vừa ở vừa kinh doanh mọi ngành nghề hoặc cho thuê nguyên căn giá trị cao.
+ Giao thông cực kỳ thuận lợi qua quận Tân Bình, Quận 11, Quận 6, Quận 5, Quận 1, Quận 10, Quận 3….
+ Nhà nằm gần đường Lũy Bán Bích, Hòa Bình, Lạc Long Quân, Âu Cơ, Lê Đại Hành, Thạch Lam, Tân Hương, Nguyễn Sơn, Phan Anh, Vườn Lài, Bình Long, Phú Thọ Hòa …
+ Giá chủ nhà chào 6 tỷ 4 (thương lượng khách thiện chí mua)
** Gọi ngay ( MS THƯ ) xem nhà chính chủ, cam kết không thu bất kỳ khoản phí nào.
HỖ TRỢ TẤT CẢ CÁC THỦ TỤC VỀ TÀI CHÍNH, PHÁP LÝ, TÌM NHÀ CHO KHÁCH","116,36 triệu/m²",Nội thất đầy đủ,50 m²,Tây Bắc,Chung cư,Hẻm xe hơi,Văn phòng
10,Cần mua,"ĐẤT 2 MẶT TIỀN ĐƯỜNG BÙI HỮU NGHĨA, DT 135M2",5 phòng,Khu BT Hà Cầu - Hà Đông,Đã có sổ,Căn góc,Đã bàn giao,700,Đất thổ cư,70 m²,10,4,20 m,- 135 m2,"Đường Bùi Hữu Nghĩa, Phường Bình Hòa, Thị xã Thuận An, Bình Dương",7 m,4 phòng,"3,6 tỷ- 135 m2",Tây Bắc,"Nhà ngõ, hẻm",135 m2,"Kẹt tiền bán gấp đất góc 2 mặt tiền đường DT 135m , Phường Bình Hòa, giá đầu tư quá rẻ.
- Vị trí 1 sẹc đường Bùi Hữu Nghĩa chỉ 100m, ngay sát trường học cấp 1,2,3 Bình Hòa.
- Diện tích: ( 7,3x19)m thổ cư 60m2.
- Đất đang cho thuê tháng 5 triệu
- Đường nhựa 7m , đất cao ráo, sạch sẽ.
- Hướng đất: Đông Nam
- Giá 3.6 tỷ đường xe hơi quay đầu, đất không quy hoạch, không tranh chấp.
Thông tin thực tế như trên.
Liên hệ","26,67 triệu/m2",Nội thất đầy đủ,50 m²,Tây Bắc,Chung cư,Hẻm xe hơi,Văn phòng
10,Cần mua,Bán gấp lô đất Thôn 12 Eatu - Km12 QL 26,5 phòng,Khu BT Hà Cầu - Hà Đông,Đã có sổ,Căn góc,Đã bàn giao,700,Đất thổ cư,70 m²,10,4,20 m,- 254 m2,"Hẻm Quốc lộ 26, Xã Ea Tu, Thành phố Buôn Ma Thuột, Đắk Lắk",7 m,4 phòng,575 triệu- 254 m2,Tây Bắc,"Nhà ngõ, hẻm",254 m2,"🔥 Lô đất 2 mặt tiền
✒ Dt 7.7m x 28m [nở hậu 9.5m]
✔ Thổ cư 60m2
✍ Hướng Đông Bắc - Tây Bắc
💲💲 Giá 575 triệu; Sổ hồng cầm tay
Giá khu vực đã bán trên 80tr/m
💥 Đường Qh 10m
☄ Cách QL 26 chỉ 450m
🎗 Đất rộng, đẹp - bằng phẳng => thích hợp làm nhà vườn, biệt thự, kho bãi, nhà xưởng,...","2,26 triệu/m2",Nội thất đầy đủ,50 m²,Đông Bắc,Chung cư,Nở hậu,Văn phòng
10,Cần mua,"Bán nhà TT Q.Thanh Xuân, Nhà đẹp - Nội thất xin.",4 phòng,Khu BT Hà Cầu - Hà Đông,Đã có sổ,Căn góc,Đã bàn giao,700,Đất thổ cư,70 m²,10,5,20 m,- 27 m2,"Đường Quan Nhân, Phường Nhân Chính, Quận Thanh Xuân, Hà Nội",7 m,4 phòng,"2,75 tỷ- 27 m2",Tây Bắc,"Nhà ngõ, hẻm",27 m²,"THÔNG SỐ: 27m2 x 5 Tầng, MT 5.3m, 2 mặt thoáng, Chỉ 100tr/m2.
- Vị trí VIP, 1 phút ra mặt ngõ, 5 phút ra phố.
- Nhà đẹp về ở ngay, xây dựng chắc chắn thiết kế hợp lý, nội thất đầy đủ.
- Thiết kế 5 tầng: Mỗi tầng 1 phòng rộng + WC.
- Ngõ thông thoáng, sạch sẽ, xung quanh tiện ích không thiếu gì, giao thông vô cùng thuận tiện.
- Sổ đỏ nở hậu, nét căng, pháp lý sạch.","101,85 triệu/m²",Nội thất đầy đủ,27 m²,Đông Bắc,Chung cư,Nở hậu,Văn phòng
10,Cần mua,Đất Huyện Đức Hòa 48m²,4 phòng,Khu BT Hà Cầu - Hà Đông,Đã có sổ,Căn góc,Đã bàn giao,700,Đất thổ cư,70 m²,10,5,12 m,- 48 m2,"ấp moi, Xã Mỹ Hạnh Nam, Huyện Đức Hòa, Long An",4 m,4 phòng,600 triệu- 48 m2,Tây Bắc,"Nhà ngõ, hẻm",48 m2,"Chủ gửi bán lô đất 4 x12 có Shr 
Giá 600 tr 
 Đường siêu to không lồ","12,5 triệu/m2",Nội thất đầy đủ,27 m²,Đông Bắc,Chung cư,Mặt tiền,Văn phòng
10,Cần mua,Công chứng vi bằng,4 phòng,Khu BT Hà Cầu - Hà Đông,Giấy tờ khác,Căn góc,Đã bàn giao,700,Đất công nghiệp,70 m²,10,5,19 m,- 77 m2,"Đường Cầu Kinh Ranh Cách Chợ Tân Bửu Khoảng, Thị trấn Bến Lức, Huyện Bến Lức, Long An",35 m,4 phòng,200 triệu- 77 m2,Tây Bắc,"Nhà ngõ, hẻm",77 m2,cách chợ tân Bửu khoảng 1km cách đường ba gác cách du lịch 200 m,"2,6 triệu/m2",Nội thất đầy đủ,27 m²,Đông Bắc,Chung cư,Hẻm xe hơi,Văn phòng
10,Cần mua,"Nhà 1 trệt 1 lửng 1 lầu 37m2 Nguyễn tư giản p12,gv",3 phòng,Khu BT Hà Cầu - Hà Đông,Đã có sổ,Căn góc,Đã bàn giao,700,Đất công nghiệp,70 m²,10,2,9 m,- 37 m2,"Đường Nguyễn Tư Giản, Phường 12, Quận Gò Vấp, Tp Hồ Chí Minh",4 m,2 phòng,"3,58 tỷ- 37 m2",Tây Bắc,"Nhà ngõ, hẻm",37 m²,"Thân gửi ace hoa hồng 1%.
Chính chủ bán nhà 71/17 Nguyễn tư giản, P12, gò vấp, tphcm
Dt 4x9, đúc 1 lửng 1 lầu, 3pn, 2wc, hẻm 2,5m 
Hướng đông nam
Giá 3,580 tỷ còn thương lượng","96,76 triệu/m²",Nội thất đầy đủ,85 m²,Đông Nam,Chung cư,Hẻm xe hơi,Văn phòng
10,Cần mua,"nhà Bạch Mai, Hai Bà Trưng,44m2,5 tầng,giá 4.5 tỷ.",4 phòng,Khu BT Hà Cầu - Hà Đông,Đã có sổ,Căn góc,Đã bàn giao,700,Đất công nghiệp,70 m²,10,2,9 m,- 44 m2,"Đường Bạch Mai, Phường Bạch Mai, Quận Hai Bà Trưng, Hà Nội",4 m,4 phòng,"4,5 tỷ- 44 m2",Tây Bắc,"Nhà ngõ, hẻm",44 m²,"Nhà siêu đẹp! đường trước nhà rộng, vị trí đắc địa ngay trung tâm quận HBT, gần CV Thống Nhất, CV Tuổi Trẻ, BV Thanh Nhàn, BV Bạch Mai, các trường ĐH Bách Khoa, Xây Dựng, Kinh Tế QD...
- Nhà mới tinh, lô góc 3 mặt thoáng. 
- Thiết kế tuyệt đẹp.
 Tầng 1 : Bếp + PK + VS
 Tầng 2+ 3 Mỗi phòng 1 phòng ngủ rộng +1 WC
 Tầng 4: 2 phòng ngủ rộng rãi. 
- Tầng 5: Phòng thờ, sân phơi
- Sổ đỏ chính chủ
- LH Mr Giang để được xem nhà miễn phí và tư vấn pháp lý
- Không tiếp MG, TG, QC.","102,27 triệu/m²",Nội thất đầy đủ,44 m²,Đông Nam,Chung cư,Hẻm xe hơi,Văn phòng
10,Cần mua,"ĐấtHẻm7m,cách đường Võ Thị Sáu chỉ 50m, SHR",4 phòng,Khu BT Hà Cầu - Hà Đông,Đã có sổ,Căn góc,Đã bàn giao,700,Đất thổ cư,70 m²,10,2,16 m,- 80 m2,"Đường Võ Thị Sáu, Phường Bình Chuẩn, Thị xã Thuận An, Bình Dương",5 m,4 phòng,"1,029 tỷ- 80 m2",Tây Bắc,"Nhà ngõ, hẻm",80 m2,"Tôi cần bán lô đất 1 xẹt, đường Võ Thị Sáu, đất thổ cư 100%, , vào xây dựng ngay
Do cần tiền để lấy hàng tết và mở rộng kinh doanh nên cần bán nhanh, bán rẻ
Vị trí ngay TTTP Thuận An, đân cư đông kín, buôn bán kinh doanh thuận lợi
Cty xí nghiệp liền kề
Anh chị có nhu cầu khu này gọi tôi dẫn đi xem nhé","12,86 triệu/m2",Nội thất đầy đủ,44 m²,Đông Nam,Chung cư,Mặt tiền,Văn phòng
10,Cần mua,"Lạc Long Quân : Ngõ ô tô , kinh doanh. 3.75 tỷ",4 phòng,Khu BT Hà Cầu - Hà Đông,Đã có sổ,Căn góc,Đã bàn giao,700,Đất thổ cư,70 m²,10,2,8 m,- 40 m2,"Đường Lạc Long Quân, Phường Bưởi, Quận Tây Hồ, Hà Nội",5 m,4 phòng,"3,75 tỷ- 40 m2",Tây Bắc,"Nhà ngõ, hẻm",40 m²,"NHÀ ĐẸP - KINH DOANH TỐT.

+ Vị trí : Ngay gần phố.
+ Nhà đẹp, ngõ ô tô qua nhà tiện kinh doanh nhỏ.
- T1 Gara, kinh doanh.
- T 2,3,4 mỗi tầng 1 phòng.
- T5 Phòng thờ, bếp, sân phơi.
+ Sổ vuông đẹp.

+ Giá bán 3.75 tỷ","93,75 triệu/m²",Nội thất đầy đủ,160 m²,Đông Nam,Chung cư,Hẻm xe hơi,Văn phòng
10,Cần mua,"Bán nhà hẻm xe tải (5x24) Linh Trung, Tp.Thủ Đức",2 phòng,Khu BT Hà Cầu - Hà Đông,Đã có sổ,Căn góc,Đã bàn giao,700,Đất thổ cư,70 m²,10,2,8 m,- 117 m2,"Đường Số 1, Phường Linh Trung, Quận Thủ Đức, Tp Hồ Chí Minh",5 m,2 phòng,5 tỷ- 117 m2,Tây Bắc,"Nhà mặt phố, mặt tiền",117 m²,"🌺Thân gửi ACE môi giới 1%🌺
BÁN NHÀ CHÍNH CHỦ
❤Tp. Thủ Đức trực thuộc Tp.Hồ Chí Minh
☘Đc: Mặt tiền đường số 1, P. Linh Trung, Tp. Thủ Đức, thành phố phía Đông.
Hiện tại khu nhà em là khu hành chính, cơ sở hạ tầng rất đẹp xây cao tầng vị trí cực đẹp. 
Qua năm đổ nhựa đường theo kế hoạch.
🔥DT : 5x21 (công nhận 110m2)
🔥Đường trước nhà : 8 mét
🔥Vị trí đối diện chung cư Bình Minh
🔥Nhà đang cho thuê 7 triệu / tháng
💰Giá : 5 tỷ --> 45 triệu/m2
Sổ như trong hình, tin còn nhà còn nha.
Nhanh nhé anh em môi giới Hàng quá Thơm.","42,74 triệu/m²",Nội thất đầy đủ,160 m²,Đông Nam,Chung cư,Nở hậu,Văn phòng
10,Cần mua,"BÁN DÃY TRỌ 4P+1 NHÀ 1T1L, MỚI XÂY, CHO THUÊ KÍN.",nhiều hơn 10 phòng,Khu BT Hà Cầu - Hà Đông,Đã có sổ,Căn góc,Đã bàn giao,700,Đất thổ cư,70 m²,10,2,30 m,- 150 m2,"Đường Quốc Lộ 13, Phường Phú Hòa, Thành phố Thủ Dầu Một, Bình Dương",5 m,Nhiều hơn 6 phòng,"1,75 tỷ- 150 m2",Tây Bắc,"Nhà mặt phố, mặt tiền",150 m²,"Đầu tháng 12 này, gia đình cần bán lại dãy phòng trọ gồm 4 phòng+ 1 kiot, trong KĐT mới xây kiên cố :

- Tình trạng: mới, hiện đang cho thê kín, thu nhập 10 tr/ tháng, mỗi phòng hiện đang cho thuê giá 1,3 triệu/ phòng, kiot rộng rãi kinh doanh mọi ngành nghề: nail, tạp hóa, quán nước, bán thức ăn, hiện đang cho thê giá 3.5 triệu/ tháng.

+ Phòng ốc kiên cố, sạch sẽ, thoáng mát, tường ốp gạch men cao 1,6m. Có gác đúc, tôn lạnh, WC riêng, bếp riêng, chỗ để xe, phơi đồ rộng rãi.

- Xung quanh dân đông kín, cạnh lô đất có đầy đủ quán ăn, nhà hàng, beer clup, office, ngân hàng, thuốc men, trường học, bệnh viện, trường đại học đang xây cách đó 500m.

Gía bán 1 tỷ 750 tr bao sổ sách giấy tờ

Do gia đình đang cần bán gấp nên anh chị nào có nhu cầu thiện chí xin liên hệ trước . Nếu thiện chí tôi sẽ bớt thêm chút lộc. Cảm ơn đã xem tin!
Lh Gặp Minh(chủ đất)","11,67 triệu/m²",Nội thất đầy đủ,150 m²,Đông Nam,Chung cư,Nở hậu,Văn phòng
10,Cần mua,Bán đất hẻm 585 lê hồng phong,nhiều hơn 10 phòng,Khu BT Hà Cầu - Hà Đông,Đã có sổ,Căn góc,Đã bàn giao,700,Đất thổ cư,70 m²,10,2,30 m,- 290 m2,"Đường Lê Hồng Phong, Phường 3, Thành phố Sóc Trăng, Sóc Trăng",9.6 m,Nhiều hơn 6 phòng,"2,65 tỷ- 290 m2",Tây Bắc,"Nhà mặt phố, mặt tiền",290 m2,"Đất hẻm 585
Dt 9,6*30
Thổ cư 90
Hẻm ô tô vi vu
Quy hoạch đổi tên đường
Giá 2ty 650 tr tlcc","9,14 triệu/m2",Nội thất đầy đủ,150 m²,Đông Nam,Chung cư,Hẻm xe hơi,Văn phòng
10,Cần mua,"nhà trung tâm cần thơ 1.237,2m2 đất tại Cần Thơ",nhiều hơn 10 phòng,Khu BT Hà Cầu - Hà Đông,Đã có sổ,Căn góc,Đã bàn giao,700,Đất thổ cư,70 m²,10,2,100 m,- 1.237 m2,"102/42, đường 3/2, Phường Hưng Lợi, Quận Ninh Kiều, Cần Thơ",12 m,Nhiều hơn 6 phòng,30 tỷ- 1.237 m2,Tây Bắc,"Nhà ngõ, hẻm",1237 m²,"Cần bán nhà trọ cao cấp tại trung tâm TP. Cần Thơ.
- Nhà trọ: Có nhiều phòng cao cấp, có gác lửng, ốp gạch men trong và ngoài phòng, có vòi tắm, vòi xịt vệ sinh, bàn cầu cao, lavabo, kiếng, kệ kiếng, kệ bếp, xe du lịch đến tận nơi.
-Đất: Trước mặt là hẻm 3m, trên giấy bên hông phải có sẵn đường đi nội bộ 2m, 
-Dự án: Qua năm, sắp mở bờ kè rạch Ngã bát trước mặt nhà trọ.
- Diện tích: 1.237,2 m2 (1.117,7m2 ODT mới lên thổ cư xong +119,5 m2 CLN), đất pháp lý rõ ràng, không bị quy hoạch, không tranh chấp.
- Địa chỉ: 102/42 đường 3/2, P. Hưng Lợi, TP. Cần Thơ (vào hẻm 500m bên trái).
- Doanh thu va lượng khách ổn định 90tr/tháng, giá: 1tr2-1tr6/tháng/phòng.
- Giá: 30 tỷ (24tr24 /m2 luôn 62 phòng trọ và đất)","24,25 triệu/m²",Nội thất đầy đủ,1237 m²,Đông Nam,Chung cư,Nở hậu,Văn phòng
10,Cần mua,Đất Huyện Bàu Bàng 145m2,nhiều hơn 10 phòng,Khu BT Hà Cầu - Hà Đông,Đã có sổ,Căn góc,Đã bàn giao,700,Đất thổ cư,70 m²,10,2,29 m,- 145 m2,"Đường Thanh Niên 3, Xã Trừ Văn Thố, Huyện Bàu Bàng, Bình Dương",5 m,Nhiều hơn 6 phòng,535 triệu- 145 m2,Tây Bắc,"Nhà ngõ, hẻm",145 m2,em cần bán lô đất ở ấp 4 trừ Văn thố bàu bàng Bình Dương sau lưng chợ mới cách chợ khoảng 700 m cách khu công nghiệp Chơn Thành 1 - 2 /800m tổng diện tích 145 mét vuông ngang 5 dài 29 anh chị em nào có nhu cầu mua đầu tư hay xây nhà ở thì ok gọi ngay cho em để xem đất,"3,69 triệu/m2",Nội thất đầy đủ,1237 m²,Đông Bắc,Chung cư,Nở hậu,Văn phòng
10,Cần mua,NHÀ TRÍCH SÀI_VÕNG THỊ_50M2_5 TẦNG_GARA Ô TÔ_MT6M,6 phòng,Khu BT Hà Cầu - Hà Đông,Đã có sổ,Căn góc,Đã bàn giao,700,Đất thổ cư,70 m²,10,2,29 m,- 50 m2,"Đường Trích Sài, Phường Thụy Khuê, Quận Tây Hồ, Hà Nội",5 m,4 phòng,6 tỷ- 50 m2,Tây Bắc,"Nhà ngõ, hẻm",50 m²,":boom::boom:💥NHÀ TRÍCH SÀI GARA Ô TÔ
ĐẸP HƠN CẢ NHỮNG CÔ HOA HẬU:boom::boom::boom:

BÁN GẤP NHÀ TRÍCH SÀI - TÂY HỒ - 50M2 - 5 TẦNG - MẶT TIỀN 6M - GARA Ô TÔ - KINH DOANH - NỞ HẬU LỘC LÁ

Do gia đình cần chuyển lên chung cư nên gia đình cần bán lại căn nhà đang ở rất có lộc. Nhà nở hậu lộc lá.
Nhà nằm vị trí gần ngay hồ Tây, ngõ thông thoáng, ô tô tải đỗ cửa, kinh doanh được.
Mặt tiền nhà rộng 6m. Hiếm nhà nào ở Hà Nội có được mặt tiền lớn như vậy.

Nhà thiết kế 5 tầng hiện đại: 
- Tầng 1: Gara - phòng khách, bếp.
- Tầng 2: 2 PN - wc.
- Tầng 3: 2 PN + wc.
- Tầng 4: 2 PN + wc.
- Tầng 5: Phòng thờ, sân phơi.
Sổ đỏ chính chủ, nở hậu. Giá sáu Tỷ sáu năm ( có thương lượng ). ảnh minh hoạ.
Liên hệ xem nhà: Em Thắng",120 triệu/m²,Nội thất đầy đủ,1237 m²,Đông Bắc,Chung cư,Nở hậu,Văn phòng
10,Cần mua,Bán nền đẹp KDC Hồng Loan 6A đường D13 chưa qua D5,6 phòng,Khu BT Hà Cầu - Hà Đông,Đã có sổ,Căn góc,Đã bàn giao,700,Đất thổ cư,70 m²,10,2,16 m,- 80 m2,"Đường D13, Phường Hưng Thạnh, Quận Cái Răng, Cần Thơ",5 m,4 phòng,"2,4 tỷ- 80 m2",Tây Bắc,"Nhà ngõ, hẻm",80 m2,"Cần bán nền đẹp đường D13 chưa qua D5 (trục thông rất sáng đẹp có hẻm hông 2m) KDC Hồng Loan 6A, P. Hưng Thạnh, Cái Răng, TP Cần Thơ
* Nền rất đẹp đoạn chưa qua D5, có hẻm hông 2m& hẻm sau 2m
* Giá bán: 2 tỷ 400 triệu
* Diện Tích: 5x16m = 80m2 
* Lộ nhựa đẹp 20m
* Pháp lý: HĐGV dằn nợ lại 300 triệu, đã có sổ khách mua tự làm sổ
* Hướng: Đông nam
* Liên hệ: gặp Mỹ Dung",30 triệu/m2,Nội thất đầy đủ,1237 m²,Đông Nam,Chung cư,Nở hậu,Văn phòng
10,Cần mua,Đất Thành phố Đà Lạt 345m2 KQH Golf Valley,6 phòng,Khu quy hoạch Golf Valley,Đã có sổ,Căn góc,Đã bàn giao,700,Đất thổ cư,70 m²,10,2,23 m,- 345 m2,"Đường Bùi Thị Xuân, Phường 2, Thành phố Đà Lạt, Lâm Đồng",15 m,4 phòng,32 tỷ- 345 m2,Tây Bắc,"Nhà ngõ, hẻm",345 m2,"CẦN BÁN LÔ ĐẤT BIỆT THỰ KQH GOLF VALLEY _ P2 _ TP ĐÀ LẠT . GIÁ RẺ NHẤT KHU VỰC 
- Diện tích: 345m2 _ full xây dựng ( full thổ cư ) ; 
 Ngang : 15m ; Dài : 23m.
- Hướng : Đông Nam 
- Pháp lý: sổ riêng chính chủ 
- Mô tả: lô đất nằm vị trí vip , gần trung tâm , ra hồ xuân hương 2p đi bộ . Đường xá rộng rãi , có công viên , sân tennis , cách sân Golf Đồi Cừu Đà Lạt 2p đi bộ. Xung quanh nhiều biệt thự sang trọng , nhiều khách sạn lớn đẹp. 
- Cấu trúc: mật độ xây dựng 50% , Biệt Thự Sân Vườn. 
- Giao thông : oto né nhau. 
- Giá :32ti. 
 ----------------------------------------
Mọi thông tin xin liên hệ Hotline : 
 🥰 THỊNH VƯỢNG LAND 🥰","92,75 triệu/m2",Nội thất đầy đủ,1237 m²,Đông Nam,Chung cư,Mặt tiền,Văn phòng
10,Cần mua,Nhà cấp 4 130m2 - Trịnh Thị Miếng - Giá chỉ 3 tỷ 1,2 phòng,Khu quy hoạch Golf Valley,Đã có sổ,Căn góc,Đã bàn giao,700,Đất thổ cư,70 m²,10,2,22 m,- 130 m2,"Đường Trịnh Thị Miếng, Xã Thới Tam Thôn, Huyện Hóc Môn, Tp Hồ Chí Minh",5 m,1 phòng,"3,1 tỷ- 130 m2",Tây Bắc,"Nhà ngõ, hẻm",130 m²,"Bán nhà 130m2 - Nở hậu 6.56m Trịnh Thị Miếng - Hẻm ô tô 4m - Giá chỉ 3 tỷ 1 - MS(132652).

- Diện tích đất:130m2.

- Chiều dài: 22.17 m - Chiều rộng: 4.5m - Nở hậu: 6.56m

- Thiết kế: Nhà cấp 4 thoáng, 2 phòng ngủ 2WC, phòng bếp, phòng khách..

- Hẻm xi măng rộng 4m, an ninh sạch sẽ, thoáng mát. Thích hợp mua ở, cho thuê, đầu tư...

- Tiện ích: trường học các cấp, chợ, siêu thị, bách hóa Xanh, UBND xã Thới Tam Thôn, ngân hàng, ATM,..

- LH: 0͙9͙3͙1͙0͙1͙3͙1͙2͙2͙ - Bình.","23,85 triệu/m²",Nội thất đầy đủ,1237 m²,Đông Nam,Chung cư,Mặt tiền,Văn phòng
10,Cần mua,"Bán gấp trước tết, nhà Quan Nhân, 43m2x4T, 3.7 tỷ.",3 phòng,Khu quy hoạch Golf Valley,Đã có sổ,Căn góc,Đã bàn giao,700,Đất thổ cư,70 m²,10,4,7 m,- 43 m2,"Đường Quan Nhân, Phường Nhân Chính, Quận Thanh Xuân, Hà Nội",5.6 m,4 phòng,"3,7 tỷ- 43 m2",Tây Bắc,"Nhà ngõ, hẻm",43 m²,"Chủ nhà nghỉ hưu có nhà riêng phố Quan Nhân, 43Mx4Tầng – chỉ 3.7 tỷ.
Nhà nằm vị trí đắc địa, ngõ rộng đẹp, cách mặt phố Quan Nhân 30m, chủ xây tâm huyết.
Thiết kế:
T1: Phòng khách + bếp + WC.
T2,3,4: Mỗi tầng 1PN rộng + WC + ban công.
Sổ đỏ đẹp, cất két.
Sẵn sàng giao dịch.
Liên hệ: E Trí","86,05 triệu/m²",Nội thất đầy đủ,43 m²,Đông Nam,Chung cư,Nở hậu,Văn phòng
10,Cần mua,Đất vàm láng,3 phòng,Khu quy hoạch Golf Valley,Đã có sổ,Căn góc,Đã bàn giao,700,Đất nông nghiệp,70 m²,10,4,34 m,- 170 m2,"Đường 1, Thị trấn Vàm Láng, Huyện Gò Công Đông, Tiền Giang",5 m,4 phòng,280 triệu- 170 m2,Tây Bắc,"Nhà ngõ, hẻm",170 m2,"Kèo Thơm .
Đất Thị trấn Vàm Láng , hẻm 1,5m ngay khu dân của đông đúc . Diện tích 5x34m giá 280tr bước vào bước Điện Máy Xanh, Bến Tàu Thuyền, Bến xe, Khu Dân Cư Vàm Láng... thích hợp, thuận tiện mua bán","1,65 triệu/m2",Nội thất đầy đủ,43 m²,Đông Nam,Chung cư,Hẻm xe hơi,Văn phòng
10,Cần mua,"Bán Nhà 1.22 tỷ, hẻm 5m Gần Chợ Liên Khu 5-6",2 phòng,Khu quy hoạch Golf Valley,Đã có sổ,Căn góc,Đã bàn giao,700,Đất nông nghiệp,70 m²,10,4,5 m,- 25 m2,"Đường Liên Khu 5 - 6, Phường Bình Hưng Hoà B, Quận Bình Tân, Tp Hồ Chí Minh",5 m,1 phòng,"1,22 tỷ- 25 m2",Tây Bắc,"Nhà mặt phố, mặt tiền",25 m²,"Nhà 1 lầu, ngay chợ liên khu 5-6, p bình bình hưng hòa b, BT
- Diện Tích: 5 x 5m
- Nhà sạch sẽ đẹp dọn vào ở liền, đang cho thuê 4,5tr, kinh doanh buôn được vì nhà sát bên chợ, đông dân cư, khu yên tĩnh, hẻm 5m thông, vị trí gần chợ, trường học...
- Giá rẻ: 1.22 tỷ, gia đình cần bán gấp thương lượng được giá là chốt
- Mua bán chính chủ, gọi trực tiếp HIẾU, coi nhà","48,8 triệu/m²",Nội thất đầy đủ,43 m²,Đông Nam,Chung cư,Hẻm xe hơi,Văn phòng
10,Cần mua,"Bán gấp nhà Hồ Học Lãm, Bình Tân 60m2 1 trệt 1 lầu",2 phòng,Khu quy hoạch Golf Valley,Đã có sổ,Căn góc,Đã bàn giao,700,Đất nông nghiệp,70 m²,10,4,15 m,- 60 m2,"Đường Hồ Học Lãm, Phường An Lạc, Quận Bình Tân, Tp Hồ Chí Minh",4 m,2 phòng,"1,35 tỷ- 60 m2",Tây Bắc,"Nhà ngõ, hẻm",60 m²,"Nhà vị trí đẹp tại Hồ Học Lãm - Phường An Lạc - Quận Bình Tân.
- Diện tích: 4x15m2, 1 trệt 1 lầu, 2PN, 2WC, sân phơi, ban công, phòng khách. 
Đường trước nhà rộng 5m xe hơi, có thể di chuyển vào thoải mái.
Tiện ích: Gần chợ, Bách hoá xanh, FPT Shop
Giao thông di chuyển đi các quận trung tâm, quận 1, 3, 11, Tân Bình,.
Vị trí cực kỳ đắc địa thích hợp cho mua bán đầu tư, kinh doanh,..
- Giá bán chỉ 1.350 tỷ, còn thương lượng cho khách thật sự có nhu cầu

Quý khách vui lòng nhắn tin và để lại số điện thoại để tiện liên lạc","22,5 triệu/m²",Nội thất đầy đủ,120 m²,Đông Nam,Chung cư,Nở hậu,Văn phòng
10,Cần mua,Đất thổ cư đã có sổ 100m2( 5x20) chính chủ,2 phòng,Khu quy hoạch Golf Valley,Đã có sổ,Căn góc,Đã bàn giao,700,Đất thổ cư,70 m²,10,4,20 m,- 100 m2,"ấp Phước Hưng 1, Xã Phước Lâm, Huyện Cần Giuộc, Long An",5 m,2 phòng,700 triệu- 100 m2,Tây Bắc,"Nhà ngõ, hẻm",100 m2,"Nhà mình còn dư miếng đất chính chủ đã lên thổ có sổ 
Diện tích 100m2 ( 5x20 )
Vị trí : Huyện Cần Giuộc , Long An
Anh chị thiện chí mình dẫn đi xem đất
Không tiếp cò lái",7 triệu/m2,Nội thất đầy đủ,120 m²,Đông Nam,Chung cư,Hẻm xe hơi,Văn phòng
10,Cần mua,CHUNG CƯ MINI PHƯƠNG MAI - NHẬN NHÀ Ở NGAY ĐỦ ĐỒ,1 phòng,Khu quy hoạch Golf Valley,Đã có sổ,Căn góc,Chưa bàn giao,700,Đất thổ cư,35 m²,10,4,20 m,- 35 m2,"Đường Phương Mai, Phường Phương Mai, Quận Đống Đa, Hà Nội",5 m,1 phòng,660 triệu- 35 m2,Tây Bắc,"Nhà ngõ, hẻm",100 m2,"Dự án: CHUNG CƯ PHƯƠNG MAI.
 Thông tin chi tiết: CHỦ ĐẦU TƯ BÁN CĂN HỘ CHUNG CƯ MINI PHƯƠNG MAI- NHẬN NHÀ VÀO Ở NGAY ĐẦY ĐỦ NỘI THẤT

GẦN KHU VỰC TRUNG TÂM THƯƠNG MAI LỚN NHƯ VINCOM PHẠM NGỌC THẠCH 

TÒA NHÀ NGAY GẦN NGÃ TƯ SỞ, CHÙA BỘC, ĐỐNG MÁC, GẦN NGAY CÁC TRƯỜNG ĐẠI HỌC THỦY LỢI, HỌC VIỆN NGÂN HÀNG,....

Gồm 7 tầng căn hộ, mỗi tầng có 6 căn hộ. Với đầy đủ nội thất, chỉ cần dọn về ở Thang máy, thang bộ thoát hiểm. Hầm để xe, bảo vệ an ninh 24/7

-Giá bán căn hộ : Căn 1 ngủ : 30m2 - 33m2 - 35m2 giá từ 600tr - 630tr - 700tr

-Căn 2 ngủ: 43m2 - 44m2 - 46m2 - 48m2 - 50m2 giá 800tr - 900tr - 1 tỷ.

-CHIẾT KHẤU NGAY 50TR MỖI CĂN 

Khách hàng không mất thêm bất kỳ chi phí nào khác. 

-Pháp lý đầy đủ và đảm bảo theo quy định của pháp luật Khách hàng liên hệ trực tiếp chủ đầu tư để mua nhà giá gốc","18,86 triệu/m²",Nội thất đầy đủ,120 m²,Đông Nam,Chung cư,Hẻm xe hơi,Văn phòng
10,Cần mua,Bán nhà Cầu Giấy-75m2-Ô tô đỗ cửa-2 thoáng-7.9 tỷ,4 phòng,Khu quy hoạch Golf Valley,Đã có sổ,Căn góc,Chưa bàn giao,700,Đất thổ cư,35 m²,10,4,20 m,- 75 m2,"Đường Nguyễn Ngọc Vũ, Phường Trung Hoà, Quận Cầu Giấy, Hà Nội",4 m,4 phòng,"7,9 tỷ- 75 m2",Tây Bắc,"Nhà ngõ, hẻm",75 m²,"+Trung Tâm Cầu Giấy,nằm trên đường Nguyễn Ngọc Vũ, vài bước chân ra phố, xung quanh nhiều tiện ích, đi lại thuận lợi, có các trường Cấp 1,2,3 sát nhà
+Diện tích 75m2, xây 4 tầng khung cột bê tông chắc chắn, nhà chủ nhà xây tâm huyết về ở luôn.Nhà có 2 thoáng vĩnh viễn, tầng nào cũng có ban công nhiều ánh sáng. Gara ô tô sẵn sàng, chỉ việc về ở. Chủ nhà làm ăn phát đạt ở có lộc nên bán để chuyển nhà mới to hơn. Giá chào 8 tỷ có thương lượng
+Sổ vuông vắn như bao diêm
+Liên hệ để xem nhà miễn phí","105,33 triệu/m²",Nội thất đầy đủ,75 m²,Đông Nam,Chung cư,Hẻm xe hơi,Văn phòng
10,Cần mua,Nhà đẹp như mơ giá lại rẻ,2 phòng,Khu quy hoạch Golf Valley,Đã có sổ,Căn góc,Chưa bàn giao,700,Đất thổ cư,35 m²,10,4,25 m,- 148 m2,"đường bê tông 3mét, Xã Bình Đức, Huyện Châu Thành, Tiền Giang",6 m,1 phòng,"1,1 tỷ- 148 m2",Tây Bắc,"Nhà ngõ, hẻm",148 m²,"642/ bán nhà 148m2
+dt: 6 X 25
+giá: 1.1 tỷ 
+ ấp Lộ ngang xã bình Đức tiền Giang 
+ mặt tiền Đan 3m, xe hơi 
+ cách đường nhựa lộ ngang 50m
+ cách tỉnh lộ 870 chỉ có 800m
+ cách Mỹ tho 2km
+ hướng Bắc ( vào trang cá nhân xem video nha ac)","7,43 triệu/m²",Hoàn thiện cơ bản,148 m²,Bắc,Chung cư,Hẻm xe hơi,Văn phòng
10,Cần mua,Nhà mặt ngõ kinh doanh tạp hóa Kim Giang 3.5 tỷ,2 phòng,Khu quy hoạch Golf Valley,Đã có sổ,Căn góc,Chưa bàn giao,700,Đất thổ cư,35 m²,10,2,25 m,- 48 m2,"Đường Kim Giang, Phường Kim Giang, Quận Thanh Xuân, Hà Nội",6 m,2 phòng,"3,5 tỷ- 48 m2",Tây Bắc,"Nhà ngõ, hẻm",48 m²,"Mô tả: 48m2 x2 tầng
+ Vị trí nhà đẹp vừa mặt ngõ to rộng, kinh doanh tạp hóa hoặc kinh doanh đa dạng, khu dân trí cao, nhiều tiện ích an ninh tốt, Ngõ Thông ra mặt phố Kim Giang, Khương Đình, Nguyễn Trãi, Vũ Tông Phan,...
+ Sổ đỏ vuông vắn.
Liên hệ: Quốc Công chuyên nhà đất thổ cư. Thanks","72,92 triệu/m²",Nội thất đầy đủ,48 m²,Bắc,Chung cư,Hẻm xe hơi,Văn phòng
10,Cần mua,Nhà mặt tiền hẻm 1/ Trần Quang Cơ,3 phòng,Khu quy hoạch Golf Valley,Đã có sổ,Căn góc,Chưa bàn giao,700,Đất thổ cư,35 m²,10,1,12 m,- 60 m2,"Đường Trần Quang Cơ, Phường Phú Thạnh, Quận Tân Phú, Tp Hồ Chí Minh",4 m,2 phòng,"3,5 tỷ- 60 m2",Tây Bắc,"Nhà ngõ, hẻm",60 m²,"BÁN NHÀ GẤP !! Tâm
Tôi chính chủ bán gấp nhà như hình 100% ở hẻm đường Trần Quang Cơ, gần đường Thạch Lam 
Giá : 3 tỷ 500tr (gặp trực tiếp chính chủ thương lượng)
DT : 4x12 có GPXD 
Nhà 1 trệt 1 lầu xây dựng chắc chắn, 2 phòng ngủ, 2 tolet, 1 phòng khách, phòng bếp rộng rãi. Trần nhà có đèn led sang trọng, cửa rào có sẵn, sàn lót gạch men ốp luôn tường. 
Pháp lý chuẩn, sổ hồng sang tên công chứng ngay.","58,33 triệu/m²",Nội thất đầy đủ,120 m²,Bắc,Chung cư,Nở hậu,Văn phòng
10,Cần mua,"Nhà bán đường Mã Lò, 1 lầu hẻm rộng 8m,shr,1tỷ460",2 phòng,Khu quy hoạch Golf Valley,Đã có sổ,Căn góc,Chưa bàn giao,700,Đất thổ cư,35 m²,10,1,12 m,- 62 m2,"Đường Mã Lò, Phường Bình Hưng Hoà B, Quận Bình Tân, Tp Hồ Chí Minh",4 m,2 phòng,"1,46 tỷ- 62 m2",Tây Bắc,"Nhà mặt phố, mặt tiền",62 m²,"_ Nhà 1 trệt 1 lầu : có 2 PN, 2WC
_ Diện tích nhà 36m2, diện tích sàn 62m2
_ Nhà hẻm 1 sẹc ngắn, đường trước nhà 5m xe hơi ra vào thoải mái
_ Vị trí nhà ở đường Mã Lò, ngay cạnh các tuyến đường lớn Lê Văn Quới hay Tân Kỳ Tân Quý, gần Aeon Bình Tân
_ GIÁ BÁN : 1.460 tỷ, tặng nội thất cơ bản 

_ Nhà sổ hồng đứng tên chính chủ, khi mua bán sẽ bao mọi khoản phí sang tên
_ Nước sạch đã vào nhà đầy đủ
_ Nằm trong khu dân cư đông đúc, hẻm thông thoáng
_ Được thiết kế hài hòa đẹp mắt, cảm giác thoáng mát cực kỳ khi bước vào nhà
xem nhà vui lòng liên hệ A.Tuấn, cám ơn đã đọc tin","23,55 triệu/m²",Nội thất đầy đủ,120 m²,Bắc,Chung cư,Hẻm xe hơi,Văn phòng
10,Cần mua,"Nhà SHR đường TCH 03, Q12. DT 4x15 có 4 PN",4 phòng,Khu quy hoạch Golf Valley,Đã có sổ,Căn góc,Chưa bàn giao,700,Đất thổ cư,35 m²,10,1,15 m,- 60 m2,"TCH 03, Phường Tân Chánh Hiệp, Quận 12, Tp Hồ Chí Minh",4 m,4 phòng,"4,49 tỷ- 60 m2",Tây Bắc,"Nhà ngõ, hẻm",60 m²,"Bán nhà sổ hồng riêng cao cấp sang trọng đường TCH 03, phường Tân Chánh Hiệp, Quận 12. DT 4x15. Nhà xây kiên cố, nội thất cao cấp sang trọng, Đúc chắc chắn, kiên cố một trệt, một lửng, hai lầu, sân thượng, gồm: sân oto, PK, 4 phòng ngủ, 5 WC, sân thượng rộng, hẻm xe hơi 7 chỗ, thông vào một sec ngắn.
Vị trí: nhà gần Hiệp Thành City chỉ 200 mét, gần trường, chợ. Cách công viên phần mềm Quang trung chỉ 2 KM, KCN Tân Bình, Sân bay chỉ 8 KM. Giáp Quận Gò Vấp, thuận tiện di chuyển vào các quận Tân Phú, Phú NHuận…
Giá: 4,5 tỷ( thương lượng chính chủ)
 ( Căn nhà khác giá mềm, diện tích 4x13 đúc một trệt, hai lầu có 3 PN đường TCH 13, hẻm thông 6 mét. Giá 3,65 tỷ. TL) 
Sổ hồng riêng, hoàn công đầy đủ, bao công chứng sang tên. Hỗ trợ mua qua ngân hàng","74,83 triệu/m²",Nội thất đầy đủ,160 m²,Bắc,Chung cư,Hẻm xe hơi,Văn phòng
10,Cần mua,Bán nhà đường Quang trung hà đông_36m2x5 tầng,6 phòng,Khu quy hoạch Golf Valley,Đã có sổ,Căn góc,Chưa bàn giao,700,Đất thổ cư,35 m²,10,1,15 m,- 36 m2,"Đường Quang Trung, Phường Quang Trung, Quận Hà Đông, Hà Nội",4 m,4 phòng,"3,65 tỷ- 36 m2",Tây Bắc,"Nhà ngõ, hẻm",36 m²,"+Bán nhà đường Quang trung Hà Đông, Nhà đẹp ở ngay, tặng full nội thất sang trọng,chỉ việc xách Vali về ở,
+ Ngõ rộng,oto đỗ cách 10m
+ Hàng xóm thân thiện,An ninh tốt
+ 3 bước ra chợ và siêu thị, 
+Gần nhiều trường THPT & THCS 
 
- Chủ nhà tự xây và thiết kế vững chắc bê tông cốt thép,Ánh sáng ngập tràn trước & sau
-Thiết kế hợp lý đủ công năng sử dụng
-Diện tích: 36m2x 5 tầng 
-Tầng 1: Phòng khách_phòng bếp_Wc
-Tầng 2: 2 Phòng ngủ _Wc
-Tầng 3: 2 Phòng ngủ _Wc
- Tầng 4: 2 Phòng ngủ_ Wc
-Tầng 5: Phòng thờ _ sân phơi quần áo
-Sổ đỏ chính chủ sẵn sàng giao dịch 
- Giá 3,65 tỷ. Có thương lượng cho khách hàng có thiện chí 
-Quý A/C qtam vui lòng Lh em Tuấn:. chuyên Bds thổ cư khu vực Hà Đông_Thanh xuân","101,39 triệu/m²",Nội thất đầy đủ,36 m²,Bắc,Chung cư,Hẻm xe hơi,Văn phòng
10,Cần mua,"6,7 sào (118m thổ cư) . Ao lớn trước đất",6 phòng,Khu quy hoạch Golf Valley,Đã có sổ,Căn góc,Chưa bàn giao,700,Đất thổ cư,35 m²,10,1,134 m,- 6.700 m2,"Đường Blao- Xê Rê, Xã Đại Lào, Thành phố Bảo Lộc, Lâm Đồng",50 m,4 phòng,550 triệu- 6.700 m2,Tây Bắc,"Nhà ngõ, hẻm",6700 m2,"6,7 sào (50m mặt tiền) có sẵn 118m2 thổ cư có ao lớn trước đất

- Vị trí: thôn 7 Đại Lào. Đường 6m cách đường chính Blao xê rê chỉ 400m
- Diện tích: 6727m2 (50m mặt tiền. Có 118m2 thổ cư.
- Trước đất có ao lớn. Đất cao ráo, hơi triền. View bao quát Tp Bảo Lộc.
- Thích hợp làm homestay, nghỉ dưỡng, đầu tư...",82.089 đ/m2,Nội thất đầy đủ,36 m²,Nam,Chung cư,Hẻm xe hơi,Văn phòng
10,Cần mua,TÔI KẸT TIỀN ĐÁO HẠN BÊN NGÂN HÀNG CẦN BÁN NHÀ GẤP,3 phòng,Khu quy hoạch Golf Valley,Đã có sổ,Căn góc,Chưa bàn giao,700,Đất thổ cư,35 m²,10,3,14 m,- 56 m2,"Đường Số 6, Phường Bình An, Quận 2, Tp Hồ Chí Minh",4 m,3 phòng,"4,12 tỷ- 56 m2",Tây Bắc,"Nhà ngõ, hẻm",56 m²,"TÔI BÁN NHÀ ĐƯỜNG SỐ 6 - P. BÌNH AN - Q2

- Nhà tôi 1 trệt 3 lầu, sàn đúc BTCT, 4 phòng ngủ, 5 wc, có giếng trời, đường trước mặt thông thoáng xe hơi đậu đi vô tư
- Diện tích : 56m2 ( 4 x 14 )
- Gần đường Trần Não, chợ đo đạc, trường học và siêu thị xung quanh có các tiện ích phục vụ cuộc sống đầy đủ

Giá chốt 4 tỉ 120

KHÔNG TIẾP MÔI GIỚI - CÒ LÃI","73,57 triệu/m²",Bàn giao thô,56 m²,Nam,Chung cư,Hẻm xe hơi,Văn phòng
10,Cần mua,"Bán gấp lô đất ngay ngã tư Binh Chuẩn ,Thuận An BD",3 phòng,Khu quy hoạch Golf Valley,Đã có sổ,Căn góc,Chưa bàn giao,700,Đất thổ cư,35 m²,10,3,16 m,- 8 m2,"Đường ĐT 743, Phường Bình Chuẩn, Thị xã Thuận An, Bình Dương",5 m,3 phòng,"1,1 tỷ- 8 m2",Tây Bắc,"Nhà ngõ, hẻm",8 m2,"Dự án: đất chính chủ.
 Thông tin chi tiết: - Cần tiền trả nợ nên tôi cần bán gấp lô đất trong tết .
- Vị trí : Nằm gần ngã tư Bình Chuẩn ,TP Thuận An ,Bình Dương.
- Dân cư đông đúc ,gần chợ ,gần trường cấp 1,2,3 tiện nghi xung quanh đầy đủ.
-Giá tháo chạy chỉ 1,1ty/80m2 thổ cư 100%.","137,5 triệu/m2",Bàn giao thô,56 m²,Nam,Chung cư,Mặt tiền,Văn phòng
10,Cần mua,Đất Mặt Tiền Hẻm Đường Dương Kỳ Hiệp TP Sóc Trăng,3 phòng,Khu quy hoạch Golf Valley,Đã có sổ,Căn góc,Chưa bàn giao,700,Đất thổ cư,35 m²,10,3,27 m,- 330 m2,"Đường Dương Kỳ Hiệp, Phường 2, Thành phố Sóc Trăng, Sóc Trăng",12 m,3 phòng,"1,8 tỷ- 330 m2",Tây Bắc,"Nhà ngõ, hẻm",330 m2,"🛎🛎🛎 Mặt Tiền Hẻm Đường Dương Kỳ Hiệp Thành Phố Sóc Trăng 

💫 Ngang 12m dài 27m thổ cư 100%

📍Vị trí: Nền cao gáo bằng phẳng phù hợp cho quý khách hàng cất biệt thư để nghĩ dưỡng cuối tuần bên gia đình 

💵 Giá 1tỷ8 💵

🤝🤝 Anh chị có nhu cầu liên hệ em xem nền qua số điện thoại bên dưới

Em cám ơn.","5,45 triệu/m2",Bàn giao thô,56 m²,Nam,Chung cư,Hẻm xe hơi,Văn phòng
10,Cần mua,Chào bán lô đất bùi trang chước giá tốt,3 phòng,Khu quy hoạch Golf Valley,Đã có sổ,Căn góc,Chưa bàn giao,700,Đất nền dự án,35 m²,10,3,20 m,- 100 m2,"Bùi Trang Chước, Phường Hòa Xuân, Quận Cẩm Lệ, Đà Nẵng",2 m,3 phòng,"3,7 tỷ- 100 m2",Tây Bắc,"Nhà ngõ, hẻm",100 m2,"Chào bán lô đất bùi trang chước giá tốt
B1.14 ĐB 
Diện tích đất: 100m2
Bao bọc xung quanh là các tiện ích bậc khu vực như
Gần công viên cây xanh trường học , bệnh viện, quảng trường , gần cầu Hòa Xuân
Quý Anh Chị cần hỗ trợ xem đất thực tế hoặc tìm hiểu thêm thông tin về khu Đô Thị Hoà Xuân vui lòng liên hệ:",37 triệu/m2,Bàn giao thô,56 m²,Đông Bắc,Chung cư,Mặt tiền,Văn phòng
10,Cần mua,Mặt tiền 283 lý thường kiệt dĩ an Tp dĩ an bd,2 phòng,Khu quy hoạch Golf Valley,Đã có sổ,Căn góc,Chưa bàn giao,700,Đất nền dự án,35 m²,10,3,22 m,- 88 m2,"Đường Lý Thường Kiệt, Phường Dĩ An, Thị xã Dĩ An, Bình Dương",4 m,1 phòng,"5,3 tỷ- 88 m2",Tây Bắc,"Nhà mặt phố, mặt tiền",88 m²,"Đầu tư dự án khác bán nhà số 283 lý thường kiệt. Con đường sầm uất số 1 dĩ an. Số nhà cũng đẹp luôn￼￼,Diện tích đất 88m ngang 4 dài 22. Thổ cư 76.5m2. 2 bên là nhà Ko có đường hẻm Ko cấn trừ gì nhé. Đang cho thuê 9t/ tháng. Đường ko có dự án Làm xây hết đất ko lo cấn trừ, kinh doanh mọi ngành nghề ok, 
Giá 5ty 3 giá mặt tiền rẻ nhất lý thường kiệt,Công chứng sang tên 1 phút￼. Ngân hàng hỗ trợ 80% bớt Lộc cho Ae thiện chí, ko cần quảng cáo, miễn trung gian.","60,23 triệu/m²",Bàn giao thô,88 m²,Đông Bắc,Chung cư,Mặt tiền,Văn phòng
10,Cần mua,Nhà 130m2 Gần Chợ & Trường Học Trảng Dài 1.350 Tỷ,2 phòng,Khu quy hoạch Golf Valley,Đã có sổ,Căn góc,Chưa bàn giao,700,Đất nền dự án,35 m²,10,1,18 m,- 90 m2,"Đường Nguyễn Khuyến, Phường Trảng Dài, Thành phố Biên Hòa, Đồng Nai",5 m,2 phòng,"1,35 tỷ- 90 m2",Tây Bắc,"Nhà ngõ, hẻm",90 m²,"- Nhà mới xây y hình, thiết kế 1 trệt 1 lầu đẹp hiện đại.
- Nhà hoàn thiện tỉ mỉ, kết cấu cứng chắc.
- Diện tích: 5x18m.
- Giá: 1.350 tỷ ( thương lượng chính chủ)
- Điện, nước máy, hệ thống thoát nước đầy đủ.
- Nội thất trong nhà bàn giao cơ bản và làm rất đẹp từ kệ tủ phòng khách, tủ bếp, nước sơn và trần được làm tỉ mỉ.
- Nhà gồm: 1 sân (để xe hơi 7 chỗ), 2 phòng ngủ, 2 Wc, 1 nhà bếp và 1 phòng thờ.
- Đường trước nhà 6m, 2 xe hơi đi được, đường thông.
- Nhà không đường cụt, không dốc, không trũng nước, không vực.
- Nhà xây mới dọn vào ở ngày và đủ không gian cho gia đình 5 - 6 người ở. 
- Khu dân cư xung quanh nhà đông đúc và hiện bán với giá 1.8 tỷ trở lên.
- Xung quanh nhà không thiếu bất cứ tiện ích nào như: trường học (200m), chợ (100m), phòng khám (300m), dịch vụ ăn uống (400m), ngân hàng (500m).
- Chỉ cần bỏ ra 1.350 tỷ để sở hữu căn nhà mới cực đẹp, có thể ở ngày hoặc đầu tư cho thuê lại với giá hơn 4triệu/tháng ( chưa nội thất).
- Bảo hành căn nhà trong 2 năm.
- Liên hệ gặp Hùng Anh để được tư vấn và đi xem nhà.",15 triệu/m²,Hoàn thiện cơ bản,130 m²,Đông Bắc,Chung cư,Hẻm xe hơi,Văn phòng
10,Cần mua,670/69 Đoàn Văn Bơ P16 Q4 1Trệt 2Lầu Đúc Kiên Cố,3 phòng,Khu quy hoạch Golf Valley,Đã có sổ,Căn góc,Chưa bàn giao,700,Đất nền dự án,35 m²,10,1,11 m,- 22 m2,"Đường Đoàn Văn Bơ, Phường 16, Quận 4, Tp Hồ Chí Minh",2 m,3 phòng,"2,55 tỷ- 22 m2",Tây Bắc,"Nhà ngõ, hẻm",22 m²,"HHMG 1% gửi anh chị em môi giới
Bán nhà hẻm ba gác thẳng và thông 670/69 Đoàn Văn Bơ Phường 16 Quận 4
Diện tích đất 22m², nhà 1 trệt 2 lầu đúc kiên cố, tổng cộng 3 phòng ngủ
Sổ hồng riêng, công nhận đủ 1 trệt và 2 lầu
Giá 2,55tỷ thương lượng
LộcMT - Chuyên nhà nhỏ Sổ Hồng Riêng các Quận ( Mua bán, cầm cố...)
Trân trọng!","115,91 triệu/m²",Nội thất đầy đủ,66 m²,Đông Bắc,Chung cư,Hẻm xe hơi,Văn phòng
10,Cần mua,"Bán gấp trường mầm non đang hoạt động 2 lầu,dt320m",3 phòng,Khu quy hoạch Golf Valley,Đã có sổ,Căn góc,Chưa bàn giao,700,Đất nền dự án,320 m²,10,1,11 m,- 320 m2,"Đường Bình Chuẩn 31, Phường Tân Phước Khánh, Thị xã Tân Uyên, Bình Dương",2 m,3 phòng,9 tỷ- 320 m2,Tây Bắc,"Nhà ngõ, hẻm",22 m²,"chính chủ cần tiền nên bán lại trường mầm non mới xây dựng và đang hoạt động. 
tổng dt là. 10x32 thổ cư 100m. xây dựng 1 trệt 1 lầu. gồm 4 phòng học trong đó học dc 3 phòng , 1 phòng bếp, 1 văn phòng, 1 phòng riêng danh cho giáo viên ở lại. 2wc. 
giá cần ra là 9 tỷ. thuơng lượng mạnh.
lh tâm gc","28,13 triệu/m²",Nội thất đầy đủ,66 m²,Đông Bắc,Chung cư,Hẻm xe hơi,Mặt bằng kinh doanh
10,Cần mua,Ở NGAY CHUNG CƯ MINI C2XUÂN ĐỈNH -XUÂN LA 32- 50m2,1 phòng,Khu quy hoạch Golf Valley,Đã có sổ,Căn góc,Đã bàn giao,700,Đất nền dự án,32 m²,10,1,11 m,- 32 m2,"207, Xuân Đỉnh, Phường Xuân Đỉnh, Quận Bắc Từ Liêm, Hà Nội",2 m,1 phòng,600 triệu- 32 m2,Tây Bắc,"Nhà ngõ, hẻm",22 m²,"Dự án mới: chung cư mini xuân đỉnh
Thông tin chi tiết: HOT HÒN HỌT !!! Chủ đầu tư trực tiếp bán chung cư mini c2 xuân đỉnh gần công viên Hòa Bình . Vị trí đắc địa Ô TÔ ĐỖ CỬA 

VỊ TRÍ : Nằm ngay trên đường xuân đỉnh cạnh công viên Hòa Bình 

- Thiết kế hiện đại - Thoáng Đẹp - Vào ở ngay !

+Tòa thiết kế hiện đại 7 tầng . Tầng 1 để xe máy rộng .
+Tiện ích : trang bị đầy đủ thang máy và thang bộ hiện đại. Hệ thống PCCC, Có bảo vệ 24/24 , mạng cáp quang , mạng wifi

+ Diện tích căn hộ : 32 m2 - 43 m2 -45m2 -50m2 thiết kế hiện đại từ 1-2 ngủ , khách và bếp, vệ sinh , ban công phơi đồ

-GIÁ BÁN CĂN Hộ 
Căn 30m2 -32m2 giá bán 660 triệu - 680 triệu
Căn 45m2 -50m2 giá bán 990 triệu đến 1090 triệu/căn

=> CHIẾT KHẤU NGAY 30- 50 TRIỆU/CĂN

-Căn hộ đã bao gồm nội thất : : Sàn gạch men cao cấp , trần thạch cao , tủ bếp , kệ bếp , bếp từ , thiết bị vệ sinh , bình nóng lạnh ...

-Pháp lý mua bán : Sổ hồng đồng sở hữu riêng theo quy định pháp luật

Lưu ý : Dự án do chủ đầu tư xây và trực tiếp bán nên khách hàng mua căn hộ yên tâm làm việc

 Thông tin chi tiết về dự án vui lòng liên hệ trực tiếp CĐT - TÔI","18,75 triệu/m²",Nội thất đầy đủ,66 m²,Đông Bắc,Chung cư,Hẻm xe hơi,Mặt bằng kinh doanh
10,Cần mua,"chính chủ cần bán nhà 1 trệt, 2 lầu, sân thượng",3 phòng,Khu quy hoạch Golf Valley,Đã có sổ,Căn góc,Đã bàn giao,700,Đất nền dự án,32 m²,10,3,10 m,- 80 m2,"44/21, Đường Linh Đông, Phường Linh Đông, Quận Thủ Đức, Tp Hồ Chí Minh",8 m,3 phòng,"5,2 tỷ- 80 m2",Tây Bắc,"Nhà ngõ, hẻm",80 m²,"Kẹt tiền cần bán nhà 8x10 , 1 trệt 2 lầu sân thượng, thiết kế hiện đại sang trọng như biệt thự. 01 PK, 1 PB, 3 PN (2 phòng đơn và 1 phòng rộng có thể ngăn đôi) cửa gỗ căm xe , 3 VS, 1 phòng để xe máy, nội thất cao cấp, hẽm đẹp gần 4 m, trước nhà là vườn mai thoáng mát, Giá 5 tỉ 2 Bớt lộc cho người thiện chí",65 triệu/m²,Nội thất cao cấp,230 m²,Tây Bắc,Chung cư,Hẻm xe hơi,Mặt bằng kinh doanh
10,Cần mua,Bán nhà đường Hoàng Mai có thể kinh doanh tốt,3 phòng,Khu quy hoạch Golf Valley,Đã có sổ,Căn góc,Đã bàn giao,700,Đất nền dự án,32 m²,10,5,8.2 m,- 33 m2,"Đường Hoàng Mai, Phường Hoàng Văn Thụ, Quận Hoàng Mai, Hà Nội",4.02 m,3 phòng,"3,1 tỷ- 33 m2",Tây Bắc,"Nhà ngõ, hẻm",33 m²,"Cần bán nhà để mua chung cư, nhà 5 tầng 33m2 phân lô, ngõ trước nhà rộng, ô tô lùi vào tận nhà, ô tô chạy thông, nhà có thể mở cửa hàng kinh doanh nhỏ. Xung quanh nhà đầy đủ tiện ích không thiếu thứ gì.
Mô tả:
+ Thiết kế cơ bản:
- Tầng 1: Phòng khách, bếp.
- Tầng 2,3,4: Mỗi tầng 1 phòng.
- Tầng 5: Phòng thờ, sân phơi
Lô 5 căn, chủ đã bán 4 căn, còn lại 1 căn, giá chào bằng căn đã bán bên cạnh. Khách 4 căn kia khen rất nhiều về nhà.
Liên hệ em Huy để đến xem nhà và cảm nhận miễn phí.","93,94 triệu/m²",Hoàn thiện cơ bản,33 m²,Tây Bắc,Chung cư,Nở hậu,Mặt bằng kinh doanh
10,Cần mua,"Chủ về quê cần bán gấp nhà 1trêt 1lầu ,ở TX Tân Uy",3 phòng,Khu quy hoạch Golf Valley,Đã có sổ,Căn góc,Đã bàn giao,700,Đất nền dự án,32 m²,10,5,8.2 m,- 81 m2,"Đường Tân Ba, Phường Tân Phước Khánh, Thị xã Tân Uyên, Bình Dương",4.02 m,2 phòng,"2,45 tỷ- 81 m2",Tây Bắc,"Nhà mặt phố, mặt tiền",81 m²,"- Chủ về quê làm ăn nên cần bán nhanh nhà trong tháng tết này ,giá tháo chạy.
- Tình trạng : nhà mới ở được 2 năm còn mới và đảm bảo kiên cố.
- Diện tích 81m2 sổ riêng .
- Nằm ngay chợ Vị Hão,Tân Phước Khánh, TX Tân Uyên, BD.
- Giá chỉ 2tỷ xxx","30,25 triệu/m²",Hoàn thiện cơ bản,33 m²,Tây Bắc,Chung cư,Hẻm xe hơi,Mặt bằng kinh doanh
10,Cần mua,Đất thổ giá rẻ đường xe hơi tới chỗ,3 phòng,Ấp thanh ba,Đã có sổ,Căn góc,Đã bàn giao,700,Đất thổ cư,32 m²,10,5,18 m,- 90 m2,"Đường Dương Thị Hai, Xã Mỹ Lộc, Huyện Cần Giuộc, Long An",5 m,2 phòng,790 triệu- 90 m2,Tây Bắc,"Nhà mặt phố, mặt tiền",90 m2,"Tôi có miếng đất cần bán. Không qua môi giới trung gian. Của tôi, tôi là điều dưỡng của bệnh viện. Do kẹt tiền cuối năm nên thanh lý nhanh. Đất sạch cao ráo. Đường xe hơi tới đất 5m. Cách đường Dương Thị Hai 20m. Cách đường lớn 835 khoảng 150m. Sổ hồng riêng. Sang tên ngay
Đường Dương Thị Hai sắp phóng lộ giới 9m. Đường 835 đang thi công cống hộp. Mở rộng. Trước có chợ nhỏ. Siêu thị coopmart, bách hóa xanh. Công nhân đông đúc","8,78 triệu/m2",Hoàn thiện cơ bản,33 m²,Tây Bắc,Chung cư,Hẻm xe hơi,Mặt bằng kinh doanh
10,Cần mua,"Đất 100m² (5x20) Đông Nhì, Lái Thiêu",3 phòng,Ấp thanh ba,Đã có sổ,Căn góc,Đã bàn giao,700,Đất thổ cư,32 m²,10,5,20 m,- 100 m2,"Đường Đông Nhì, Phường Lái Thiêu, Thị xã Thuận An, Bình Dương",5 m,2 phòng,900 triệu- 100 m2,Tây Bắc,"Nhà mặt phố, mặt tiền",100 m2,"Làm ăn thua lỗ nên tôi bán lô đất đường Đông Nhì, cách Nguyễn Văn Tiết chưa tới 100m
Đường ô tô rộng rãi, đất thổ cư, nằm gần nhà thờ Bình Hòa, trường tiểu học Nguyễn Văn Tiết,... 
Dt 100m2
Giá 900tr
Đất sạch có sổ hồng, có ngân hàng hỗ trợ. Mua là công chứng liền.
Liên hệ để xem đất trực tiếp",9 triệu/m2,Hoàn thiện cơ bản,33 m²,Tây Bắc,Chung cư,Hẻm xe hơi,Mặt bằng kinh doanh
10,Cần mua,CẦN BÁN GẤP NHÀ TÂN BÌNH - 23M2 - 2.3TỶ,2 phòng,Ấp thanh ba,Đã có sổ,Căn góc,Đã bàn giao,700,Đất thổ cư,32 m²,10,2,20 m,- 23 m2,"Đường Lạc Long Quân||7481, Phường 10, Quận Tân Bình, Tp Hồ Chí Minh",5 m,1 phòng,"2,3 tỷ- 23 m2",Tây Bắc,"Nhà ngõ, hẻm",23 m²,"+ Diện tích 23m2,1 trệt 1 lầu ..1PN 1WC
+ Sổ vuông vúc không lõi phong thủy, khong lọ giói.ko quy hoạch
+ gần mặt tiền đường 20m. Hẻm nhựa an ninh sạch sẽ.
+ Nhà gần sân bay,CÁCH MẠNG THÁNG TÁM,ÂU CƠ,CỘNG HÒA,LŨY BÁN BÍCH,TRƯỜNG CHINH,NGÃ TƯ BẢY HIỀN
+ Di chuyễn dễ dàng về trung tâm qua Quận 1, Quận 3, Quận 10, Quận 5, Quận Phú Nhuận, Tân Bình, Bình Thạnh, Gò Vấp.
+ Gần Ngân hàng, bệnh viện, siêu thị Coop Mart, trường học, trung tâm mua sắm, công viên ngay sát bên,hàng xóm thân thiện,Khu vực yên tĩnh
+ Giá chủ chào bán: 2.3 TỶ còn thương lượng.
+ Giá cả rất linh đọng, khách thích là chốt.
+ Liên hệ: Khoa Nhà Đất - Môi Giới chuyên nghiệp.
+ Cam kết tìm nhà và tư vấn pháp lý an toan",100 triệu/m²,Hoàn thiện cơ bản,23 m²,Tây Bắc,Chung cư,Hẻm xe hơi,Mặt bằng kinh doanh
10,Cần mua,. Cần bán đất đường yên thế 130m2,2 phòng,Ấp thanh ba,Đã có sổ,Căn góc,Đã bàn giao,700,Đất thổ cư,32 m²,10,2,26 m,- 130 m2,"Đường Yên Thế, Phường Hòa An, Quận Cẩm Lệ, Đà Nẵng",5 m,1 phòng,"4,95 triệu- 130 m2",Tây Bắc,"Nhà ngõ, hẻm",130 m2,". Đường yên thế gần bến xe , diện tích đất rộng rãi 
. Đất đang cho thuê làm xưởng mộc 
. Đường rộng rãi",38.076 đ/m2,Hoàn thiện cơ bản,23 m²,Tây Bắc,Chung cư,Mặt tiền,Mặt bằng kinh doanh
10,Cần mua,Nhà Đồng Sở Hữu 30m2 bao sang tên Phước Bình Q9,2 phòng,Ấp thanh ba,Đã có sổ,Căn góc,Đã bàn giao,700,Đất thổ cư,32 m²,10,2,26 m,- 30 m2,"Đường Đại lộ 3, Phường Phước Bình, Quận 9, Tp Hồ Chí Minh",5 m,2 phòng,"1,6 tỷ- 30 m2",Tây Bắc,"Nhà ngõ, hẻm",30 m²,"Bán nhà 1 trệt 1 lửng Đồng Sở Hữu 2 nhà mỗi nhà 1 sổ. Bao sang tên + tặng GPXD 1 trệt 1 lầu.
Hẻm xe hơi Phước Bình Q9.
Diện tích: 30m2. KDC hiện hữu. 
Giá: 1,6 tỷ còn bớt lộc.
Liên hệ:","53,33 triệu/m²",Hoàn thiện cơ bản,23 m²,Nam,Chung cư,Hẻm xe hơi,Mặt bằng kinh doanh
10,Cần mua,Nhà 1T1L 5x20 930tr SHR Huỳnh Bá Chánh Tân Kiên BC,3 phòng,Ấp thanh ba,Đã có sổ,Căn góc,Đã bàn giao,700,Đất thổ cư,32 m²,10,2,26 m,- 100 m2,"Đường Huỳnh Bá Chánh||8680, Xã Tân Kiên, Huyện Bình Chánh, Tp Hồ Chí Minh",5 m,2 phòng,930 triệu- 100 m2,Tây Bắc,"Nhà mặt phố, mặt tiền",100 m²,"Bán gấp nhà đường Huỳnh Bá Chánh,Tân Kiên ,Bình Chánh.
Nhà 1 trệt 1 lầu ( 3 phòng ngủ,2 wc,sân rộng rãi,...)
Nhà xây đúc kiên cố ,đường trước nhà 6m 
Diện tích 5x20,sổ hồng riêng.
Giá 930 triệu ,bao sang tên công chứng.
Nhà gần chợ , trường học các cấp,....","9,3 triệu/m²",Hoàn thiện cơ bản,23 m²,Nam,Chung cư,Hẻm xe hơi,Mặt bằng kinh doanh
10,Cần mua,Đất tho mặt tiền đoàn nguyễn tuấn .. Thich làm kho,3 phòng,Ấp thanh ba,Đã có sổ,Căn góc,Đã bàn giao,700,Đất thổ cư,32 m²,10,2,36 m,- 350 m2,"Đường Đoàn Nguyễn Tuấn||8620, Xã Quy Đức, Huyện Bình Chánh, Tp Hồ Chí Minh",11 m,2 phòng,"7,8 tỷ- 350 m2",Tây Bắc,"Nhà mặt phố, mặt tiền",350 m2,đất thổ mat tien đoan nguyen tuan.. gần bến xe buýt .. gần trường học .. thích hợp lam kho xuong .biet thu vuon .. khu dan cu đong đuc,"22,29 triệu/m2",Hoàn thiện cơ bản,23 m²,Nam,Chung cư,Mặt tiền,Mặt bằng kinh doanh
10,Cần mua,"Bán tòa căn hộ đường Đỗ Thế Chấp, Sơn trà,Đà Nẵng",nhiều hơn 10 phòng,Ấp thanh ba,Đã có sổ,Căn góc,Đã bàn giao,700,Đất thổ cư,160 m²,9,2,36 m,- 160 m2,"Đỗ Thế Chấp, Phường Phước Mỹ, Quận Sơn Trà, Đà Nẵng",11 m,Nhiều hơn 6 phòng,48 tỷ- 160 m2,Đông Nam,"Nhà mặt phố, mặt tiền",350 m2,"Bán tòa căn hộ đường Đỗ Thế Chấp, Sơn trà,Đà Nẵng. Vị trí sát biển Võ Nguyên giáp, xung quanh đầy đủ tiện ích nhà hàng ,siêu thị và bãi tắm đẹp hành tinh",300 triệu/m²,Nội thất đầy đủ,23 m²,Đông Nam,"Căn hộ dịch vụ, mini",Mặt tiền,Mặt bằng kinh doanh
10,Cần mua,"Cần bán 79m2 đất thổ cư thôn đông trù ,xã đông hoi",nhiều hơn 10 phòng,Ấp thanh ba,Đã có sổ,Căn góc,Đã bàn giao,700,Đất thổ cư,160 m²,9,2,21 m,- 79 m2,"Đường Đông Hội, Xã Đông Hội, Huyện Đông Anh, Hà Nội",3.75 m,Nhiều hơn 6 phòng,40 triệu- 79 m2,Đông Nam,"Nhà mặt phố, mặt tiền",79 m2,"Cần bán 79 m2 đất thổ cư thôn đông trù ,xã đông hội, đông anh ,hà nội ! Vị trí mảnh đất nằm gần với cầu đông trù và chung cư erowindow 200m . Gần trường cấp 1,2,3 và chợ ! Đất nằm trên trục chính của thôn . Đường trước mặt 8m ! Giá có thể thương lượng !",506.329 đ/m2,Nội thất đầy đủ,23 m²,Nam,"Căn hộ dịch vụ, mini",Nở hậu,Mặt bằng kinh doanh
10,Cần mua,Bán nhà 3 tầng hai mặt kiệt ô tô sau 600 giường,4 phòng,Ấp thanh ba,Đã có sổ,Căn góc,Đã bàn giao,700,Đất thổ cư,160 m²,9,2,18 m,- 116 m2,"Đường K20, Phường Khuê Mỹ, Quận Ngũ Hành Sơn, Đà Nẵng",5 m,3 phòng,"3,1 tỷ- 116 m2",Đông Nam,"Nhà ngõ, hẻm",116 m²,"NHÀ 3 TẦNG 2 MẶT KIỆT K20. 
Dt 116 m ,ngang 5 nở hậu8 đẹp chủ đang ở.
Sau bệnh viện 600 giường, kiệt trước nhà hơn 3m cách đường K20 40m. Kiệt bên hông 2m cách đường 20m.. 
Công năng 3 pn, .. ban công chổ đậu ô tô. H tây nam , đông nam. Chuẩn gía đầu tư. . thiện chí liên hệ xem nhà xin cảm ơn","26,72 triệu/m²",Nội thất đầy đủ,250 m²,Tây Nam,"Căn hộ dịch vụ, mini",Nở hậu,Mặt bằng kinh doanh
10,Cần mua,Bán Gấp Nhà Phố 1 trệt 1 lầu. Dt 48m2 Thổ Cư.,2 phòng,Ấp thanh ba,Đã có sổ,Căn góc,Đã bàn giao,700,Đất thổ cư,160 m²,9,2,8 m,- 24 m2,"Đường Thạnh Xuân 25, Phường Thạnh Xuân, Quận 12, Tp Hồ Chí Minh",3 m,3 phòng,970 triệu- 24 m2,Đông Nam,Nhà phố liền kề,24 m²,"Bán Nhà 1 trệt 1 lầu nhà mới, đẹp vào ở ngay.
Nhà có 1 phòng khách, bếp, 2 phòng ngủ, 2 tolet.
Nhà shc. Đất thổ cư 100%
Vị trí: gần chợ, gần ủy ban phường, gần trường học,...
Diện tích sử dụng 48m2.","40,42 triệu/m²",Nội thất đầy đủ,48 m²,Tây Nam,"Căn hộ dịch vụ, mini",Hẻm xe hơi,Mặt bằng kinh doanh
10,Cần mua,Đất nền Bình chuẩn - Lô gốc hai mặt tiền 1ty1,2 phòng,Ấp thanh ba,Đã có sổ,Căn góc,Đã bàn giao,700,Đất nền dự án,160 m²,9,2,20 m,- 100 m2,"Bình chuẩn 68, Phường Bình Chuẩn, Thị xã Thuận An, Bình Dương",5 m,3 phòng,"1,1 tỷ- 100 m2",Đông Nam,Nhà phố liền kề,100 m2,"Hiện tại cần bán hai nền ( Lô gốc - kề gốc ) 
Tại Bình chuẩn - Thuận an. 
- Giá bán nhanh 1ty1 quay đầu. 
- Hai mặt tiền, liền kề khu dân cư đông đúc đang xây dựng. Cách chợ 5p đi xe máy.
- Cần bán nhanh ac nào có thiện chí liên hệ trực tiếp để xem đất. 
Cảm ơn đã xem tin.",11 triệu/m2,Nội thất đầy đủ,48 m²,Tây Nam,"Căn hộ dịch vụ, mini",Nở hậu,Mặt bằng kinh doanh
10,Cần mua,"Cần bán gấp đất đường 7,5m sát Hoàng Thị Loan",2 phòng,Ấp thanh ba,Đã có sổ,Căn góc,Đã bàn giao,700,Đất nền dự án,160 m²,9,2,19 m,- 95 m2,"Đường Hoàng Thị Loan, Phường Hòa Minh, Quận Liên Chiểu, Đà Nẵng",5 m,3 phòng,"2,9 tỷ- 95 m2",Đông Nam,Nhà phố liền kề,95 m2,"Đất đường 7,5m, điện âm, sát đường Nguyễn Sinh Sắc - Hoàng Thị Loan là tuyến đường thương mại.
Đối diện trường học và công viên mát mẻ.
Diện tích: 95m2.","30,53 triệu/m2",Nội thất đầy đủ,48 m²,Tây Nam,"Căn hộ dịch vụ, mini",Nở hậu,Mặt bằng kinh doanh
10,Cần mua,"BÁN NHÀ XÂY 1TRỆT 1LẦU,KHU PHỐ 5A,PHƯỜNG TRẢNG DÀI",3 phòng,Ấp thanh ba,Giấy tờ khác,Căn góc,Đã bàn giao,700,Đất nền dự án,160 m²,9,2,15.5 m,- 70 m2,"Đường Nguyễn Khuyến, Phường Trảng Dài, Thành phố Biên Hòa, Đồng Nai",4.5 m,2 phòng,"1,39 tỷ- 70 m2",Đông Nam,"Nhà ngõ, hẻm",70 m²,"+✅BÁN NHÀ MỚI XÂY KP5,PHƯỜNG TRẢNG DÀI,BIÊN HOÀ ĐỒNG NAI( sau lưng trường Đại học công nghệ đồng nai)
✍DT đất:  4,5*15,5, DT sử dụng 140m2-
 💞💞💞💞💞
 ✅thiết kế: 1 trệt 1 lầu♻️
 - _-1 phòng khách 
 - Phòng Thờ, 
 — 3 phòng ngủ 
 - - Phòng Bếp
 — 2 wc ,,, 
----gần nhà thờ, chợ,trường học,ngân hàng,, ubnd ,siêu thị,..cơ quan nhà nước....
✅ Giếng trời, máy nước nóng năng lượng mặt trời, rèm cửa, hệ thống cây xanh mát mẻ...-
✌Đường 5m Thông thoáng, otoo vào thoải mái._
-----Hướng Đông nam
+✌Giá 1tỷ390( thương lượng trực tiếp chính chủ
∆ Sổ chung mua bán vpls
✍Liên hệ ( xem nhà và làm việc chính chủ)
❇️ hình ảnh thực tế căn 🏡 
〽️🔆 LIÊN HỆ XEM NHÀ TRỰC TIẾP ĐỂ ĐƯỢC GIÁ TỐT","19,86 triệu/m²",Nội thất đầy đủ,140 m²,Nam,"Căn hộ dịch vụ, mini",Hẻm xe hơi,Mặt bằng kinh doanh
10,Cần mua,"Hẻm Xe Hơi 5m..6m Ngô Quyền, ngang 3,5x10m 2 Lầu",3 phòng,Ấp thanh ba,Đã có sổ,Căn góc,Đã bàn giao,700,Đất nền dự án,160 m²,9,2,10 m,- 34 m2,"Đường Ngô Quyền, Phường 6, Quận 10, Tp Hồ Chí Minh",35 m,3 phòng,"6,7 tỷ- 34 m2",Đông Nam,"Nhà ngõ, hẻm",34 m²,"Hẻm Xe Hơi 5m....6m Đuờng Ngô Quyền Phuờng 6 Quận 10, ngang 3,5x10m 2 Lầu,nhà còn mới,vị trí căn nhà cách Mặt Tiền đuởng 30m,tiện mua ở hoặc làm cty, vp ,phòng mạch, Spa..., Gía 6,7ty","197,06 triệu/m²",Nội thất đầy đủ,90 m²,Nam,"Căn hộ dịch vụ, mini",Hẻm xe hơi,Mặt bằng kinh doanh
10,Cần mua,Đất TC 6x25m mặt tiền đường nhựa thôn 2 Suối Rao,3 phòng,Ấp thanh ba,Đã có sổ,Căn góc,Đã bàn giao,700,Đất thổ cư,160 m²,9,2,25 m,- 150 m2,"Thôn 2, Xã Suối Rao, Huyện Châu Đức, Bà Rịa - Vũng Tàu",6 m,3 phòng,440 triệu- 150 m2,Đông Nam,"Nhà ngõ, hẻm",150 m2,"bán lô đất đẹp mặt tiền đường nhựa thôn 2
hình chụp thực tế bên trên
sổ đỏ thực tế bên trên
6x25m có 100m2 đất ở
sổ riêng có sẵn luôn
giá 440 triệu cả lô đất luôn
có 3 lô liền kề, lấy hết thì có giá rẻ hơn nữa
cam kết hình thực, giá thực không đăng ba xạo.
mình chính chủ bán","2,93 triệu/m2",Nội thất đầy đủ,90 m²,Bắc,"Căn hộ dịch vụ, mini",Hẻm xe hơi,Mặt bằng kinh doanh
10,Cần mua,Đất nền homestay Tp Bảo Lộc view suối tự nhiên,3 phòng,Ấp thanh ba,Đã có sổ,Căn góc,Đã bàn giao,700,Đất nông nghiệp,160 m²,9,2,33.5 m,- 503 m2,"Đường Lý Thái Tổ, Xã Đạm Bri, Thành phố Bảo Lộc, Lâm Đồng",15 m,3 phòng,850 triệu- 503 m2,Đông Nam,"Nhà ngõ, hẻm",503 m2,"- Đất vườn TP Bảo Lộc diện tích đa dạng 280m2 - 1200m2.
- Có suối tự nhiên bao quanh, view sườn đồi.
- Đường nội bộ rộng 10m.
- Tổng 70 nền, trong khu vực nội bộ có công viên nội khu, homestay hiện hữu, khu vực nướng BBQ.
- Toàn bộ đường đổ nhựa rải thảm, vỉa hè lát đá.
- Ngay điểm xuống của cao tốc Dầu Giây - Liên Khương.
- Sổ đỏ từng nền.
- Cách thác Đambri 3km.
- Phù hợp: Đầu tư, du lịch, nghỉ dưỡng.","1,69 triệu/m2",Nội thất đầy đủ,90 m²,Bắc,"Căn hộ dịch vụ, mini",Hẻm xe hơi,Mặt bằng kinh doanh
10,Cần mua,"Nền đường D35 Hồng Loan, dt 5x17, LG 15.5m",3 phòng,Ấp thanh ba,Đang chờ sổ,Căn góc,Đã bàn giao,700,Đất nền dự án,160 m²,9,2,17 m,- 85 m2,"Đường D35, Phường Hưng Thạnh, Quận Cái Răng, Cần Thơ",5 m,3 phòng,"1,85 tỷ- 85 m2",Đông Nam,"Nhà ngõ, hẻm",85 m2,"Bán nền đường D35 khu Hồng Loan: (Đoạn qua D17)
🔹DT: 5m x 17m = 85m2
🔹Hướng: đông bắc
🔹Pháp lý: hợp đồng góp vốn (trừ nợ 306 triệu)
🔹Lộ giới: 15.5m (4m - 7.5m - 4m)
🔹Giá: 1 tỷ 850 triệu
☎️Liên hệ: Phúc
🏫CÔNG TY TNHH ĐỊA ỐC PHÚC HƯNG","21,76 triệu/m2",Nội thất đầy đủ,90 m²,Đông Bắc,"Căn hộ dịch vụ, mini",Hẻm xe hơi,Mặt bằng kinh doanh
10,Cần mua,"Nhà mới tại Lê Quang Đạo, 5 tầng x 55m2, Ngõ ô tô",9 phòng,Ấp thanh ba,Đã có sổ,Căn góc,Đã bàn giao,700,Đất nền dự án,160 m²,9,5,10 m,- 55 m2,"Đường Lê Quang Đạo, Phường Phú Đô, Quận Nam Từ Liêm, Hà Nội",5.5 m,5 phòng,"5,2 tỷ- 55 m2",Đông Nam,"Nhà ngõ, hẻm",55 m²,"NHÀ MỚI ĐẸP ĐÓN TẾT- GẦN SÂN VẬN ĐỘNG MỸ ĐÌNH - ĐƯỜNG LÊ QUANG ĐẠO TO NHẤT HÀ NỘI - NGÕ Ô TÔ- 9 PHÒNG KINH DOANH - FULL NỘI THẤT - THU NHẬP 30TRIỆU/ 1 THÁNG.

Nhà đẹp đón tết - Nhìn phát là mê luôn - Khu cao cấp - An ninh tốt - Dân trí cao

- Ngõ 8 Lê Quang Đạo chính là đường Phú Đô, cách sân vận động Mỹ Đình chỉ 400m, đường đua F1 300m, trường học, chợ đầy đủ ở xung quanh nhà.

- Nhà mới xây 5 tầng, tổng 9 phòng cho thuê. đầy đủ nội thất, điều hòa, bình nóng lạnh, giường tủ. Tất cả còn mới tinh. hiện tại đã full phòng ,chủ đang cho thuê thu nhập 30 triệu/1 tháng. 

- Nhà thiết kế sang trọng và hiện đại, chủ tự tay xây dựng để kinh doanh.

- Sổ đỏ chính chủ , pháp lý rõ ràng,sẵn sàng giao dịch. 

Liên hệ : Tôi, Hưng để được tư vấn thêm và đưa đi xem nhà 1 cách hoàn toàn miễn phí. Tận tâm hết sức giúp khách xem nhà sớm tìm được căn nhà ưng ý với mong muốn của mình.","94,55 triệu/m²",Nội thất cao cấp,55 m²,Đông Bắc,"Căn hộ dịch vụ, mini",Nở hậu,Mặt bằng kinh doanh
10,Cần mua,Nhà cao cấp đúc thật 1 lầu 6x12m2 mặt tiền lộ vô,3 phòng,Ấp thanh ba,Đã có sổ,Căn góc,Đã bàn giao,700,Đất nền dự án,160 m²,9,1,15 m,- 70 m2,"hưng long, Xã Hưng Long, Huyện Bình Chánh, Tp Hồ Chí Minh",6 m,2 phòng,"1,85 tỷ- 70 m2",Đông Nam,"Nhà mặt phố, mặt tiền",70 m²,"Chính chủ cần bán căn nhà mới xây diện tích 70m2 gần chợ Hưng Long Sổ hồng riêng, công chứng sang tên trong ngày.
Mặt tiền đường nhựa 8m xe tải chạy vào tới cửa, nhà thiết kế 1 trệt, 2 lầu kiểu dáng Châu Âu, 3PN, 2WC.
Gần chợ, siêu thị, thế giới di động, trường học các cấp quận. Gần ủy ban nhân dân. An ninh tốt phục vụ đầy đủ mọi tiện ích khi an sinh lập nghiệp tại đây.
Anh chị em thiện chí liên hệ em đi xem nhà ngay và luôn.
Nhà thật giá thật.","26,43 triệu/m²",Nội thất cao cấp,70 m²,Đông Bắc,"Căn hộ dịch vụ, mini",Nở hậu,Mặt bằng kinh doanh
10,Cần mua,NHÀ MỚI HỂM XE TẢI KHU BIỆT THỰ- 7 phút ĐẾN PMH,2 phòng,Ấp thanh ba,Đã có sổ,Căn góc,Đã bàn giao,700,Đất nền dự án,160 m²,9,1,10 m,- 40 m2,"Đường số 1, Phường Bình Thuận, Quận 7, Tp Hồ Chí Minh",4 m,2 phòng,6 tỷ- 40 m2,Đông Nam,"Nhà ngõ, hẻm",40 m²,"Bán gấp nhà hẻm xe tải 6m Quận 7 (245335) - Nhà gần cầu Lý Phục Man

- Diện tích đất 40m2 ( 4 x 10m), diện tích sử dụng 83.6m2. 

- Kết cấu: Nhà 1 trệt 1 lầu, 2 phòng ngủ, 2 nhà vệ sinh, phòng khách, phòng bếp.

- Nhà mới hoàn thiện, xây dựng kiên cố, sang trọng, phong cách Châu Âu, bếp rộng, ấm cúng, có sẵn tủ bếp trên dưới gỗ cao cấp chống thấm, mối mọt, cầu thang đá hoa cương chắc chắn người lớn tuổi, trẻ nhỏ lên xuống dễ dàng, sàn nhà ốp gach cao cáp nhập khẩu,...

- Ngay KDC biệt thự nhà phố Jamona, An Gia, Sunshine Diamond River,,... khu phức hợp giải trí bến du thuyền SG Pennisula- CV Mũi Đèn Đỏ, an ninh, dân trí cao, quy hoạch đường sá rộng đẹp, công viên xanh thoáng mát 

- Cách siêu thị Big C 5 phút, Phú Mỹ Hưng, Cresent Mall, hệ thống trường Quốc tế 8 phút, SC Vivo City 12 phút, 

- Cách Cầu Lý Phục Man 550m, cách cầu Phú Mỹ 2.9km.

- Dễ dàng di chuyển sang các tuyến đường Lý Phục Man, Nguyễn Văn Linh, Nguyễn Thị Thập, Nguyễn Văn Qùy,... Và thuận tiện di chuyển sang quận 1, 2, 4, 8...

- Tiện ích trong bán kính 1km: BV FV, Tim Tâm Đức, UBND Phường Tân Phong, trường THCS Nguyễn Thị Thập, trường mầm non, trường cấp 1,2,3... Chợ Tân Quy , Siêu thị Lotte mart Quận 7 ,...",150 triệu/m²,Nội thất đầy đủ,83.6 m²,Đông Nam,"Căn hộ dịch vụ, mini",Hẻm xe hơi,Mặt bằng kinh doanh
10,Cần mua,Nhà mặt tiền 1 trệt 1 lầu phường 3 quy hoạch đất o,2 phòng,Ấp thanh ba,Đã có sổ,Căn góc,Đã bàn giao,700,Đất nền dự án,160 m²,9,1,16.2 m,- 55.4 m2,"Đuồng Hai Bà Trưng Nối Dài, Phường 3, Thành phố Bến Tre, Bến Tre",3.3 m,1 phòng,"1,895 tỷ- 55.4 m2",Đông Nam,"Nhà mặt phố, mặt tiền",55.4 m²,"Nhà mặt tiền phường An Hội,đường hai bà trưng nói dài
Giá 1tỉ895 thương lượng nhẹ","34,45 triệu/m²",Nội thất đầy đủ,55.4 m²,Bắc,"Căn hộ dịch vụ, mini",Nở hậu,Mặt bằng kinh doanh
10,Cần mua,"Nhà Quận 10, CMT8, 39m2, 1trệt 2lầu, 4phòng ngủ",4 phòng,Ấp thanh ba,Đã có sổ,Căn góc,Đã bàn giao,700,Đất nền dự án,160 m²,9,1,10 m,- 39 m2,"Đường Cách Mạng Tháng Tám, Phường 5, Quận 10, Tp Hồ Chí Minh",4 m,3 phòng,"4,95 tỷ- 39 m2",Đông Nam,"Nhà ngõ, hẻm",39 m²,"Nhà Quận 10, CMT8, 39m2, 1trệt 2lầu

+ Nhà ở CMT8, thông ra Hòa Hưng 
+ Ngang 3,4x11,5m, BTCT
+ Nhà 1trệt 2lầu, có 4 phòng ngủ + 3WC + sân thượng.
+ Sổ vuông đẹp nở hậu nhẹ. Nhà hiện tại đang cho thuê 12 triệu/tháng. 
+ Giá 4,95tỷ, 39m2, thương lượng 

+ Xem sổ tại nhà 
+ Nhận ký gửi nhà đất","126,92 triệu/m²",Nội thất đầy đủ,55.4 m²,Bắc,"Căn hộ dịch vụ, mini",Nở hậu,Mặt bằng kinh doanh
10,Cần mua,"Nhà đẹp cho khách đón tết , thanh khê , gần biển",3 phòng,Ấp thanh ba,Đã có sổ,Căn góc,Đã bàn giao,700,Đất nền dự án,160 m²,9,1,10 m,- 68 m2,"Đường Dũng Sĩ Thanh Khê, Phường Thanh Khê Đông, Quận Thanh Khê, Đà Nẵng",4 m,3 phòng,"3,59 tỷ- 68 m2",Đông Nam,"Nhà ngõ, hẻm",68 m²,"HOT HOT HOT
CHÍNH CHỦ GỬI BÁN NHÀ SIÊU ĐẸP KIỆT OTO
- Vị trí : trung tâm quận Thanh Khê, cách đường chính chỉ 30m. Kiệt trước nhà 4m thoáng mát, kiệt sau 2m5
- Diện tích : 68( nở hậu ) Diện tích sử dụng : 168
- Hướng : Đông Nam
- Công năng đầy đủ : 3pn, 3wc, phòng thờ, sân để xe....
- Nhà gần tất cả mọi tiện ích, trường học, bệnh viện,....khu dân cư đông đúc, kinh doanh sầm uất
- Nhà 3tầng 3 mê siêu mới, siêu đẹp, chỉ cần dọn vào ở ngay
- Giá : 3ty590 thương lượng
☎️ vui lòng liên hệ để xem nhà và làm việc chính chủ","52,79 triệu/m²",Nội thất đầy đủ,200 m²,Đông Nam,"Căn hộ dịch vụ, mini",Nở hậu,Mặt bằng kinh doanh
10,Cần mua,Bán Nhà Hà Đông 7 t thang máy vỉa hè 10p 7.5 tỷ,10 phòng,Ấp thanh ba,Đã có sổ,Căn góc,Đã bàn giao,700,Đất nền dự án,160 m²,9,7,10 m,- 60 m2,"Đường Nguyễn Khuyến, Phường Văn Quán, Quận Hà Đông, Hà Nội",4 m,Nhiều hơn 6 phòng,"7,5 tỷ- 60 m2",Đông Nam,Nhà phố liền kề,60 m²,"Tòa Nhà trọ Hà Đông 7 tầng Thang Máy vỉa hè ô tô tránh cực hiếm 7,5 tỷ.

Tòa Nhà trọ Hà Đông 7 tầng Thang Máy vỉa hè ô tô tránh cực hiếm 7,5 tỷ. Tòa nhà đẹp lừng lững 7 tầng thang máy quận Hà Đông ngay gần hồ Văn Quán, nhà đang kinh doanh cho thuê cực kì tốt luôn kín phòng. Tọa lạc vị trí giao thông thuận tiện thông thương, nhiều đại học,tòa văn phòng, trung tâm thương mại, học viện An Ninh. Nhà diện tích rộng, các phòng đều khép kín, đang cho thuê giá hữu nghị 30 triệu tháng,ngủ dậy có tiền. Nhà cho thuê phòng trọ, căn hộ dịch vụ vị trí cực hiếm nhà bán, đường rộng ô tô tránh, vỉa hè rộng rãi. Sổ đỏ đẹp sẵn sàng sang tên chủ mới. Khách mua liên hệ xem nhà miễn phí 100 % Chân thành cảm ơn quý khách hàng đã đọc tin.

Giá: 7,5 tỷDiện tích: 60 m2",125 triệu/m²,Nội thất đầy đủ,450 m²,Đông Nam,"Căn hộ dịch vụ, mini",Hẻm xe hơi,Mặt bằng kinh doanh
10,Cần mua,Bán Nhà Kiệt 113 Hoàng Văn Thái,2 phòng,Ấp thanh ba,Đã có sổ,Căn góc,Đã bàn giao,700,Đất nền dự án,160 m²,9,2,18 m,- 70 m2,"113/15, Đường Hoàng Văn Thái, Phường Hòa Khánh Nam, Quận Liên Chiểu, Đà Nẵng",4 m,2 phòng,2 tỷ- 70 m2,Đông Nam,"Nhà ngõ, hẻm",70 m²,"🔥🔥Bán Căn Nhà Siêu Phẩm Xe Container Vào tận Nhà
Nhà 2 tầng mê đúc
Chức Năng: 2 phòng ngủ,2 WC, phòng thờ, phòng khách, ban công
👉👉Có Sân Để Xe Ô Tô🔥🔥
💢💢Đường Bê Tông 5m 
💥💥Cách Đường Hoàng Văn Thái 100m
💥💥Cách Chợ Hoà Khánh Nam
300m
💥Dân cư Đông đúc, An ninh Cao
Có thể kinh doanh buôn bán
💥💥Diện Tích: 70m2
Hướng Đông Bắc
👉👉Giá 2 tỉ có thương lượng nhẹ","28,57 triệu/m²",Nội thất cao cấp,90 m²,Đông Bắc,"Căn hộ dịch vụ, mini",Hẻm xe hơi,Mặt bằng kinh doanh
10,Cần mua,"Cửa hàng Đá Trang sức, Phong thủy 45m² Đà Nẵng",2 phòng,Ấp thanh ba,Giấy tờ khác,Căn góc,Đã bàn giao,700,Đất nền dự án,45 m²,9,2,18 m, GIÁ TỐT,"05, Đống Đa, Phường Thạch Thang, Quận Hải Châu, Đà Nẵng",4 m,2 phòng,250 triệu GIÁ TỐT- 45 m2,Đông Nam,"Nhà ngõ, hẻm",70 m²,"Mình cần sang lại 8 tủ đồ đá trang sức, đá phong thủy, đá mỹ nghệ với nhiều mặt hàng phong phú. Mặt bằng đẹp, độc lập cạnh lễ tân khách sạn Sài Gòn Tourant, điện đèn, nước đầy đủ. Fix giá mạnh cho anh chị không cần mặt bằng chỉ sang sản phẩm, mình sẽ hỗ trợ phí vận chuyển.","5,56 triệu/m²",Nội thất đầy đủ,90 m²,Tây,"Căn hộ dịch vụ, mini",Hẻm xe hơi,Mặt bằng kinh doanh
10,Cần mua,"❌❌❌Chốt Gấp !!!.✅Bán Nền xéo chợ Rạch Cam,Long Hoà",2 phòng,Ấp thanh ba,Đã có sổ,Căn góc,Đã bàn giao,700,Đất thổ cư,45 m²,9,2,18 m,- 209 m2,"Chợ Gach Cam, Phường Long Tuyền, Quận Bình Thuỷ, Cần Thơ",4 m,2 phòng,899 triệu- 209 m2,Đông Nam,"Nhà ngõ, hẻm",209 m2,"❌❌❌Chốt Gấp !!!
✅Bán Nền xéo chợ Rạch Cam,Long Hoà,Bình Thuỷ
- DT : 9,6x21,8=209m2 
- Đất : CLN 
- Lộ : 4m 
-Cách chợ, trường Mầm Non. Bách hóa xanh 200m 
💲 Giá : 899 triệu ( thương lượng )","4,3 triệu/m2",Nội thất đầy đủ,90 m²,Tây Bắc,"Căn hộ dịch vụ, mini",Nở hậu,Mặt bằng kinh doanh
10,Cần mua,Đất lúa shr 40×50 xã phước hậu cần giuộc Long An,2 phòng,Ấp thanh ba,Đã có sổ,Căn góc,Đã bàn giao,700,Đất nông nghiệp,45 m²,9,2,50 m,- 2.000 m2,"Kenh 6m, Xã Phước Hậu, Huyện Cần Giuộc, Long An",40 m,2 phòng,"3,4 tỷ- 2.000 m2",Đông Nam,"Nhà ngõ, hẻm",2000 m2,cần bán 2000m2 đất lúa xã phước hậu cần giuộc Long An. gồm 2 sổ moi sổ 1000m2 có bán lẻ 1000m2 giá 1ty7 đất nằm lô nhì kênh 6m gần chợ trường học và kcn cầu tràm .thuận tiện cho ace mua về làm nhà vườn,"1,7 triệu/m2",Nội thất đầy đủ,90 m²,Tây Bắc,"Căn hộ dịch vụ, mini",Hẻm xe hơi,Mặt bằng kinh doanh
10,Cần mua,Bán nhà Hoàng Văn Thụ Q.TB 22m2 3T giá chỉ 2.5 tỷ.,2 phòng,Ấp thanh ba,Đã có sổ,Căn góc,Đã bàn giao,700,Đất nông nghiệp,45 m²,9,2,7 m,- 22 m2,"Đường Bùi Thị Xuân, Phường 2, Quận Tân Bình, Tp Hồ Chí Minh",3 m,3 phòng,"2,5 tỷ- 22 m2",Đông Nam,"Nhà ngõ, hẻm",22 m²,"+ Nhà kết cấu 1 trệt 2 lầu đúc chắc chắn, có 2 Phòng ngủ rộng.
+ Vị trí đắc đỏ Khu Phường 2 Quận Tân Bình gần cầu vượt lăng cha cả công hòa.
+ Khu vực dân trí rất cao, an ninh.
+ Pháp lý chuẩn.
+ Liên hệ xem nhà: Mr Khánh.","113,64 triệu/m²",Nội thất đầy đủ,66 m²,Tây Bắc,"Căn hộ dịch vụ, mini",Hẻm xe hơi,Mặt bằng kinh doanh
10,Cần mua,Hồ Tùng Mậu 55m 4T MT4m ngõ thông oto gửi gần 4.5T,4 phòng,Ấp thanh ba,Đã có sổ,Căn góc,Đã bàn giao,700,Đất nông nghiệp,45 m²,9,4,7 m,- 55 m2,"Đường Hồ Tùng Mậu, Phường Mai Dịch, Quận Cầu Giấy, Hà Nội",4 m,3 phòng,"4,5 tỷ- 55 m2",Đông Nam,"Nhà ngõ, hẻm",55 m²,"- Bán nhà đường Hồ Tùng Mậu 55m2, 4 tầng, mặt tiền 4m, ngõ thông gần phố, gần bãi gửi oto giá 4.5 tỷ
- Nhà nằm ở vị trí đẹp, ngõ to thông thoáng, trước nhà 2 xe 3 gác tránh nhau. Nhà gần chợ, gần bệnh viện, gần trung tâm thương mại.
- Nhà gần nhiều trường Đại học lớn: Đại học Thương Mại, Đại học Quốc gia, Đại học Sư phạm. Giao thông đi lại thuận tiện Hồ Tùng Mậu, Phạm Văn Đồng, Phạm Hùng, Xuân Thủy, Cầu Giấy.
- Nhà chủ xây được vài năm rất tâm huyết, thiết kế lệch tầng hiện đại, có ô chờ thang máy, tổng 4 tầng với 4 phòng ngủ, phòng khách, bếp, phòng thờ, sân phơi đầy đủ, có sân để xe máy rất sạch sẽ. Chủ tặng lại nội thất cho khách thiện chí.
- Sổ đỏ vuông vắn trước sau như một, sẵn sàng giao dịch. Giá 4.5 tỷ (miễn trung gian).
- Để biết thêm thông tin chi tiết xin liên hệ (Mr Trung).","81,82 triệu/m²",Nội thất đầy đủ,66 m²,Tây Bắc,"Căn hộ dịch vụ, mini",Hẻm xe hơi,Mặt bằng kinh doanh
10,Cần mua,4•Lầu Mặt Tiền 368 Kinh Dương Vương 4x14-8 phòng🔥,6 phòng,Ấp thanh ba,Đã có sổ,Căn góc,Đã bàn giao,700,Đất nông nghiệp,45 m²,9,4,14 m,- 45 m2,"368, Đường Kinh Dương Vương||6473, Quận Bình Tân, Tp Hồ Chí Minh",4 m,4 phòng,"7,3 tỷ- 45 m2",Đông Nam,"Nhà mặt phố, mặt tiền",45 m²,"4•Lầu Mặt Tiền 368 Kinh Dương Vương 4x14-8 phòng🔥
Nhà 4Lầu View Cổ Điển - 368 Kinh Dương Vương QBT🔥Nhà Chính Chủ Sát Mặt Tiền 1 Căn
Khu Vực Cực Kì Thịnh Và Đông Đúc
 Đối Diện Bến Xe Miền Tây, Thích Hợp Kinh Doanh (Hotel và Motel )

DT Cực Rộng

Ngang : 4 mét Nở Hậu 4.5m
Dài : 14mét 
DT Khuôn viên 45m2
DT Sàn ( T4X14 ) X 4 sàn =224m2
DT sổ Công nhận 146m2 

Nhà đã Hoàn Công Đủ 4 lầu
 6 phòng ngủ -1PK -1Bếp - 4 WC

Xe chạy boang boang, cực sầm uất, nhà đẹp như ảnh 100%
Chính chủ - Có 1% HH MG - Miễn Quảng Cáo
Anh chị em có nhu cầu LH -> Hoàng My Chính Chủ 
Giá :7.3Tỉ ( TL )","162,22 triệu/m²",Nội thất đầy đủ,220 m²,Đông Bắc,"Căn hộ dịch vụ, mini",Hẻm xe hơi,Mặt bằng kinh doanh
10,Cần mua,"VỀ Ở NGAY PHỐ LỤA,GẦN CHỢ HOA,TRÂU MAI HƯƠNG",3 phòng,Ấp thanh ba,Đã có sổ,Căn góc,Đã bàn giao,700,Đất nông nghiệp,45 m²,9,4,9.5 m,- 33 m2,"Phố Lụa, Phường Vạn Phúc, Quận Hà Đông, Hà Nội",3.5 m,3 phòng,"2,4 tỷ- 33 m2",Đông Nam,"Nhà ngõ, hẻm",33 m²,"Nhà mặt ngõ,không chung đụng,mặt tiền cực thoáng Phố Lụa Vạn Phúc. 
* Diện tích: 33m2
- Hướng Đông Nam, có căn 2 mặt thoáng hướng Tây Nam.
* Nhà xây 4 tầng phong cách tân cổ điển hiện đại gồm:
- Tầng 1: Phòng khách, bếp, (WC), 
- Tầng 2 và 3 mỗi tầng gồm 2 phòng ngủ + (WC).
- Tầng 4: Phòng thờ, phòng giặt và sân phơi thoáng rộng.
* Nội thất: Cửa chính 2 lớp ngoài khung thép hộp inox trong gỗ Lim, cửa thông phòng gỗ Lim, cửa sổ nhôm Việt Pháp, đèn led chiếu sáng trần thạch cao, cầu thang đá Granite, gạch lát chống xước loại A1, đường chờ cáp quang tivi, điều hoà internet, điện nước đầy đủ, chỉ việc dọn về ở ngay.
* Vị trí: Nhà thuộc Phố Lụa Vạn Phúc,gần chợ hoa,chợ đồ cũ Vạn Phúc. gần trục đường đôi Vạn Phúc,Lê Văn Lương kéo dài, chung cư Roman với nhiều tiện ích đẳng cấp,...
- Pháp lý : Sổ đỏ chính chủ + Giấy phép xây dựng
- Giá bán: 2,4 tỷ có thương lượng. (Hỗ trợ ngân hàng nếu khách có nhu cầu).
* Liên hệ : E Linh - BĐS thổ cư Hà Đông","72,73 triệu/m²",Hoàn thiện cơ bản,33 m²,Đông Nam,"Căn hộ dịch vụ, mini",Nở hậu,Mặt bằng kinh doanh
10,Cần mua,Bán nhà gấp 5x17 giá 920 triệu,2 phòng,Ấp thanh ba,Giấy tờ khác,Căn góc,Đã bàn giao,700,Đất nông nghiệp,45 m²,9,4,17 m,- 85 m2,"Đường 768, Phường Trảng Dài, Thành phố Biên Hòa, Đồng Nai",5 m,1 phòng,920 triệu- 85 m2,Đông Nam,"Nhà ngõ, hẻm",85 m²,"Gia đình cần chuyển về quê nên cần bán gấp căn nhà cấp 4 diện tích 5x17 được tọa lạc tại kp4 trảng dài biên hòa đồng nai với nhiều tiện ích như sau:
- Nằm sát bên nhà trẻ hồng quân kp4 trảng dài
- Cách chợ, trường học, trung tâm mua sắm… chỉ 5 phút chạy HonDa
- Đường trước nhà đường nhựa rộng hơn 7m thông thoáng có thể kinh doanh buôn bán nhỏ lẻ
- Khu vực dân cư đông đúc. Điện nước máy quốc gia đầy đủ
- Giấy tờ pháp lý hợp đồng mua bán qua văn phòng luật sư 
- Giá bán nhanh chỉ 920 triệu bao mọi thủ tục sang tên trong ngày
Mọi chi tiết xin liên hệ chính chủ để được tư vấn & xem nhà trực tiếp","10,82 triệu/m²",Hoàn thiện cơ bản,110 m²,Tây,"Căn hộ dịch vụ, mini",Hẻm xe hơi,Mặt bằng kinh doanh
DA,Cần mua,Căn shophouse kinh doanh quận 8 60m2,2 phòng,DA,Đã có sổ,Căn góc,Đã bàn giao,700,Đất nông nghiệp,60 m²,1,4,17 m,- 60 m2,"Đường Nguyễn Văn Linh, Phường 7, Quận 8, Tp Hồ Chí Minh",5 m,1 phòng,3 tỷ- 60 m2,Đông Nam,"Nhà ngõ, hẻm",85 m²,"BOOKING NGAY DEAL HOT CUỐI NĂM !!!
🏪SHOPHOUSE 2 mặt tiền đường Nguyễn Văn Linh - Phạm Thế Hiển, Quận 8.
✅Kinh doanh buôn bán cho hơn 2.200 căn hộ, và hơn 5.000 nhà phố trong khu dân cư hiện hữu.
✅Giá sốc chỉ từ 3,3 tỷ đến 3,5 tỷ.
✅Diện tích từ 60-70m2
✅Kết cấu Shophouse gồm 1 trệt 1 lầu, tiện kinh doanh và ở.
✅Hoàn thiện cơ bản
✅Pháp lý hoàn thiện đầy đủ
✅Thanh toán theo tiến độ dự án cực nhẹ.
📌BOOKING 50 triệu/ căn.
📲Liên hệ tư vấn thông tin ngay",50 triệu/m²,Hoàn thiện cơ bản,110 m²,Đông Nam,"Căn hộ dịch vụ, mini",Hẻm xe hơi,Shophouse
DA,Cần mua,"Nhà trung tâm Biên Hòa 120m2 chính chủ, gần Big C",2 phòng,DA,Đã có sổ,Căn góc,Đã bàn giao,700,Đất nông nghiệp,60 m²,1,4,27 m, GIÁ TỐT,"128/10/21, Đường Nguyễn Văn Tiên, Phường Tân Phong, Thành phố Biên Hòa, Đồng Nai",4.5 m,1 phòng,"2,55 tỷ GIÁ TỐT- 120 m2",Đông Nam,"Nhà ngõ, hẻm",120 m²,"Dự án: Bán Gấp Căn Nhà Tại Tân Phong, Biên Hòa ( Cách Đường Đồng Khởi 200m, cách Big C 1km, cách Bách Hóa Xanh, chợ,trường học 500m ).
 Thông tin chi tiết: Bán Gấp Căn Nhà Tại Tân Phong, Biên Hòa ( Cách Đường Đồng Khởi 200m, cách Big C 1km, cách Bách Hóa Xanh, chợ,trường học 500m )
+ DT: 120m2
+ Sổ hồng chính chủ ( đất ở đô thị 100% )
+ Hướng Tây Nam 
+ Giá 2.650 tỷ ( thương lượng chủ nhà )
+ Bao sang tên và vay ngân hàng 85%
+ Nhà cấp 4 : Sân để xe ô tô, p.khách, bếp, 2 phòng ngủ, sân sau, điện nước máy đầy đủ.
+ Đường nhựa 6m thông thoáng, kinh doanh nhỏ, văn phòng,...
📌 Liên hệ chính chủ ( Du )","21,25 triệu/m²",Nội thất đầy đủ,120 m²,Tây Nam,"Căn hộ dịch vụ, mini",Hẻm xe hơi,Shophouse
DA,Cần mua,2.3Ha 55m mặt tiền cách Ủy Ban huyện 2km chính chủ,2 phòng,DA,Đã có sổ,Căn góc,Đã bàn giao,700,Đất nông nghiệp,60 m²,1,4,27 m,- 23.000 m2,"Đường Quốc lộ 14C, Xã Đắk Búk So, Huyện Tuy Đức, Đắk Nông",4.5 m,1 phòng,"1,5 tỷ- 23.000 m2",Đông Nam,"Nhà ngõ, hẻm",23000 m2,"Diện tích 2.3Ha, 55m mặt đường nhựa - con đường chạy ngang cổng Ủy ban huyện cách đúng 2km. 

400m thổ cư, khu dân cư đông đúc. Đất bằng như sân, kín gió. Có 1 nhà nhỏ, 500 cây cà phê, 5 ao cá giáp suối nước chảy quanh năm. 

Giá 1 tỷ rưỡi, chính chủ bán",65.217 đ/m2,Nội thất đầy đủ,120 m²,Tây Nam,"Căn hộ dịch vụ, mini",Mặt tiền,Shophouse
DA,Cần mua,Căn hộ 41m2 Bcons MĐ. giá sang nhượng: 982tr,1 phòng,DA,Đang chờ sổ,Căn góc,Chưa bàn giao,700,Đất nông nghiệp,41 m²,1,4,27 m,- 41 m2,"54 Tân lập, Phường Đông Hòa, Thị xã Dĩ An, Bình Dương, Phường Đông Hòa, Thị xã Dĩ An, Bình Dương",4.5 m,1 phòng,982 triệu- 41 m2,Đông Nam,"Nhà ngõ, hẻm",23000 m2,"Cần sang lại căn hộ 41m2 chung cư Bcons Miền Đông

Tầng 10 - View thành phố

Giá bán hiện tại 982tr ( 70% giá trị căn hộ )

Sau khi nhận nhà và sổ hồng TT 30% còn lại

Ngân hàng hỗ trợ vay 70%

LH: 032 689 6666 (zalo/ Viber)

Vị trí dự án : Mặt tiền đường Tân Lập, cổng vào làng đại học quốc gia
- Đối diện Bx Miền Đông mới và Trạm 14 tuyến Metro số 1
- Kết nối nhanh đến trung tâm Tp với xa lộ HN

+ Tiện ích ngoại khu: công viên làng ĐH hơn 600ha, gần chợ, trường học,.
+ Tiện ích nội khu : Nhà trẻ, hồ bơi, công viên, shophouse...

LH: 032 689 6666 (zalo/ Viber)","23,95 triệu/m²",Hoàn thiện cơ bản,120 m²,Tây Nam,Chung cư,Mặt tiền,Shophouse
DA,Cần mua,"Bán gấp 244,5m đất ở phường Dĩ An, tp Dĩ An",1 phòng,DA,Đã có sổ,Căn góc,Chưa bàn giao,700,Đất thổ cư,41 m²,1,4,33 m,- 244 m2,"87/9, Đường Trần Quốc Toản, Phường Dĩ An, Thị xã Dĩ An, Bình Dương",750 m,1 phòng,"5,81 tỷ- 244 m2",Đông Nam,"Nhà ngõ, hẻm",244 m2,"🏝 bán mảnh đất: Ngang 7.50m dài 33m. Tổng 244,5m có 160m thổ cư (thêm 100m thổ cư cập nhập trang sau).
🏖 địa chỉ 87/9 đường Trần Quốc Toản (đường  số 10 cũ), p. Dĩ An. Gần chợ Dĩ An, hẽm ô tô 3m.
🏖 Làm nhà vườn cực đẹp. Vị trí khu trung tâm hành chính, chợ Dĩ An, trường học, khu ăn uống của tp Dĩ An,... kết nối thuận tiện. 
🌏 Đã đi nước máy, đồng hồ điện lực, hệ thống thoát nước kết nối với cống trên đường Trần Quốc Toản.
🍓🍓 Thương lượng dc giá chốt 1 nốt nhạc.
🍒 chính chủ. hiện đang vay bank 2 tỷ.
🌽🌽🌽🌽 hoa hồng 2% cho ace môi giới.
miễn quảng cáo.","23,81 triệu/m2",Hoàn thiện cơ bản,120 m²,Tây Nam,Chung cư,Hẻm xe hơi,Shophouse
DA,Cần mua,Bán Nhà Mới 5x12 SHR MT Đinh Đức Thiện Bình Chánh.,4 phòng,DA,Đã có sổ,Căn góc,Chưa bàn giao,700,Đất thổ cư,41 m²,1,3,12 m,- 60 m2,"Đường Đinh Đức Thiện, Xã Tân Quý Tây, Huyện Bình Chánh, Tp Hồ Chí Minh",5 m,3 phòng,"1,75 tỷ- 60 m2",Đông Nam,"Nhà mặt phố, mặt tiền",60 m²,"- Sang gấp căn nhà mới xây mặt tiền đường Đinh Đức Thiện xã Tân Quý Tây huyện Bình Chánh.
- Nhà mới xây, pháp lý rõ ràng công chứng ngay trong ngày.
- Vị trí tiềm năng : nằm cách QL1A, chợ Bình Chánh 1km, gần UBND, trường học, bách hóa xanh, khu đông dân cư thuận lợi kinh doanh buôn bán,...
- Diện tích đất : 5x12m = 60m2, full thổ cư.
- Diện tích xây dựng : 43m2.
- Diện tích sử dụng : 129m2.
- Pháp lý : sổ hồng thổ cư, hoàn công đầy đủ.
- Giá sang nhanh chỉ 1 tỷ 650 triệu.
- Liên hệ : x908043402 gặp Luân để được hỗ trợ thông tin chi tiết và đi xem nhà thực tế.
- Cảm ơn đã xem tin.","29,17 triệu/m²",Nội thất đầy đủ,129 m²,Tây Nam,Chung cư,Nở hậu,Shophouse
DA,Cần mua,"[ 1.6 tỷ] HIẾM! Nhà Nguyễn Chính, Gần Bờ Sông Sét",2 phòng,DA,Đã có sổ,Căn góc,Chưa bàn giao,700,Đất thổ cư,41 m²,1,3,12 m,- 25 m2,"Đường Nguyễn Chính, Phường Tân Mai, Quận Hoàng Mai, Hà Nội",3.2 m,4 phòng,"1,6 tỷ- 25 m2",Đông Nam,"Nhà ngõ, hẻm",25 m²,"[ 1.6 tỷ] HIẾM! Nhà Nguyễn Chính, Gần Bờ Sông Sét, Hoàng Mai, 25m2 4 tầng.

Gia đình cần bán GẤP trước Tết căn nhà Gần Bờ Sông Sét, phía đường Nguyễn Chính, Tân Mai, Hoàng Mai.
+ Nhà khung cột chắc chắn, vị trí ô tô đỗ cổng, cách ô tô tránh 80m, gần Bờ Sông Sét.
+ Dt 25m2 4 tầng, trước nhà xe máy quay đầu thoải mái.
+ Giá: 1.6tỷ . Giao dịch chính chủ.
+ SỔ ĐỎ CHUNG
LH Em Phi ( Miễn môi giới)
THÔNG TIN CHUẨN – HÌNH ẢNH CHUẨN 100%",64 triệu/m²,Nội thất đầy đủ,25 m²,Tây Nam,Chung cư,Nở hậu,Shophouse
DA,Cần mua,"Nhà Tương Bình Hiệp TDM BD,giá 3ty2 .",3 phòng,DA,Đã có sổ,Căn góc,Chưa bàn giao,700,Đất thổ cư,41 m²,1,1,23.91 m,- 110 m2,"Đường Hồ Văn Cống, Phường Tương Bình Hiệp, Thành phố Thủ Dầu Một, Bình Dương",4.6 m,3 phòng,"3,2 tỷ- 110 m2",Đông Nam,"Nhà mặt phố, mặt tiền",110 m²,"nhà chính chủ ngay TDM Bình Dương .nhà mới 100% như hình 
cần lấy hàng cuối năm bán gấp nhà 1 trệt 1 lầu .
đường Hồ Văn cống .
nhà có sân oto ,1PK ,3PN,3WC,1PB,Tầng trệt có 1PN , có sân sau .
diện tích. 110m2/TC 60m2 .
giá .3ty2 
cần bán gấp anh thiện chí có thương lượng .
rất mong gặp được anh chị .
LH 0355007*** gặp Hiếu xem nhà .","29,09 triệu/m²",Nội thất đầy đủ,60 m²,Tây Nam,Chung cư,Hẻm xe hơi,Shophouse
DA,Cần mua,"Cần bán gấp nhà Phú Định p16q8,dt:3.5mx5.5m Hẻm 3m",1 phòng,DA,Giấy tờ khác,Căn góc,Chưa bàn giao,700,Đất thổ cư,41 m²,1,1,5 m,- 20 m2,"Đường Bến Phú Định, Phường 16, Quận 8, Tp Hồ Chí Minh",4 m,1 phòng,"1,39 tỷ- 20 m2",Đông Nam,"Nhà ngõ, hẻm",20 m²,"Bán nhà đường bến Phú Định ,p16,q8
- Diện tích : 3.5m x 5.5m.Nhà mới đang trống
- Kết cấu 1tret, 1 lầu 1pn 1wc
Vị trí :gần siêu thị trường học bệnh viện,...
👉 hẻm 3m an ninh sạch sẽ yên tĩnh
- Giấy tờ kk99 số nhà quận.Hỗ trợ công chứng vi bằng 
Giá: 1,39tỷ
Liên hệ xem nhà trực tiếp Kim Anh
Miễn tiếp môi giới","69,5 triệu/m²",Nội thất đầy đủ,60 m²,Tây Nam,Chung cư,Hẻm xe hơi,Shophouse
DA,Cần mua,"Nhà mới 1 lầu đường thông xe hơi TTH07, sát Metro",2 phòng,DA,Đã có sổ,Căn góc,Chưa bàn giao,700,Đất thổ cư,41 m²,1,2,12 m,- 48 m2,"Tân Thới Hiệp 07, Phường Tân Thới Hiệp, Quận 12, Tp Hồ Chí Minh",4 m,3 phòng,"3,5 tỷ- 48 m2",Đông Nam,"Nhà ngõ, hẻm",48 m²,"Nhà mới như hình cần bán gấp.
Vị trí đắc địa ngay gần Metro, về Gò Vấp, Tân Bình 5p xe máy.
DT: 4m x 12m. Đúc 1 lầu, 2PN, 3WC.
Nhà mới dọn vào ở ngay !
Pháp lý sổ riêng sang tên.
Giá: 3 tỷ 500 triệu còn TL.
Liên hệ: A Duy.","72,92 triệu/m²",Nội thất đầy đủ,96 m²,Tây Nam,Chung cư,Hẻm xe hơi,Shophouse
DA,Cần mua,CẦN BÁN DÃY NHÀ PHỐ GIÁ RẺ .CHỈ 420tr căn,2 phòng,DA,Đã có sổ,Căn góc,Chưa bàn giao,700,Đất thổ cư,41 m²,1,2,12 m,- 48 m2,TL 10,4 m,2 phòng,420 triệu- 48 m2,Đông Nam,Nhà phố liền kề,48 m²,"Dự án mới: TL10
Thông tin chi tiết: CAN BAN DAI NHA PHO LONG AN.GIA 420tr can hiện đại thiết kế kiểu dáng châu âu, nhiều tiện ích xung quanh, vị trí đẹp trên đường tỉnh lộ 10 cầu xáng .Nhà 1trệt, 1lầu, 1lững, sổ hồng riêng pháp lý rõ ràngDT:4x12Giá: 420tr/cănCó hỗ trợ trả chậm 0% lãi suấtKhách thiện chí gọi ngay","8,75 triệu/m²",Nội thất đầy đủ,48 m²,Tây Nam,Chung cư,Hẻm xe hơi,Shophouse
DA,Cần mua,NHÀ MỚI ĐÓN XUÂN - SHR - ĐƯỜNG ĐINH ĐỨC THIỆN ND..,4 phòng,DA,Đã có sổ,Căn góc,Chưa bàn giao,700,Đất thổ cư,41 m²,1,2,20 m,- 100 m2,"Đường Đinh Đức Thiện, Xã Bình Chánh, Huyện Bình Chánh, Tp Hồ Chí Minh",5 m,2 phòng,"1,35 tỷ- 100 m2",Đông Nam,"Nhà mặt phố, mặt tiền",100 m²,"🏠BÁN NHÀ 1 TRỆT 1 LẦU ĐƯỜNG ĐINH ĐỨC THIỆN 
nhà có 4 phòng ngủ 2 tolet - phòng khách - phòng bếp 
nhà mới xây dọn vào ở ngay
Đường trải nhựa 6m xe ô tô vào thoải mái
Giá: 1 tỷ 350 triệu
- diện tích: 5 x 20m
- pháp lý: sổ hồng riêng sang tên công chứng ngay trong ngày
Vị trí đẹp trên đường đinh đức thiện gần chợ bình chánh, gần trường học cấp 1, 2, 3... gần siêu thị bách hoá xanh, điện máy xanh
Điện, nước quốc gia
Thích hợp để an cư lập nghiệp và kinh doanh buôn bán. 
Di chuyển về quận 1, quận 4, quận 5, quận 6, quận 7, quận 8, quận 11, quận Tân Phú, quận bình Tân chỉ 30 phút đi xe máy.....","13,5 triệu/m²",Nội thất đầy đủ,48 m²,Tây Nam,Chung cư,Hẻm xe hơi,Shophouse
DA,Cần mua,Nhà Đẹp Hẻm Phạm Văn Đông-BMT,3 phòng,DA,Đã có sổ,Căn góc,Chưa bàn giao,700,Đất thổ cư,41 m²,1,2,25 m,- 120 m2,"hẻm 363, Phường Tân Hòa, Thành phố Buôn Ma Thuột, Đắk Lắk",4.8 m,1 phòng,"1,2 tỷ- 120 m2",Đông Nam,"Nhà ngõ, hẻm",120 m²,"Nhà đẹp hẻm phạm văn đồng. Hẻm oto thông thoáng
- DT 4,8 x 25 m
- TC 50m
- Hướng Bắc chếch tây
--Giá : 1,2tỷ thương lượng chính chủ
Nhà sân o tô, p khách , 3 p ngủ , bếp, wc
Đường rộng ô tô , hẻm thông 
Tiện ích : gần chợ , trường học , ủy ban phường",10 triệu/m²,Nội thất đầy đủ,50 m²,Bắc,Chung cư,Hẻm xe hơi,Shophouse
DA,Cần mua,Đất 77.8m²Tân Phước Khánh37 đường mặt 28m Gía 100%,3 phòng,DA,Đã có sổ,Căn góc,Chưa bàn giao,700,Đất nền dự án,41 m²,1,2,12 m,- 77.8 m2,"Tân Phước Khánh 37, Phường Tân Phước Khánh, Thị xã Tân Uyên, Bình Dương",6.483 m,1 phòng,900 triệu- 77.8 m2,Đông Nam,"Nhà ngõ, hẻm",77.8 m2,"Nằm trên mặt tiền đường Tân Phước Khánh37 Đường 28m Gần miếu Ông Cù
Điểm tiếp giáp giữa 3 thành phố Thủ Dâu Một-Thuận An-Dĩ An
Cạnh Vincom Thuận An,chợ Vị Hảo,THPT,THCS Tân Phước Khánh,Đại Học và Bệnh Viện...
Xung quanh là trung tâm thương mại-dịch vụ,công viên ,khu thể dục thể thao
Cở sở hạ tầng hoàn thiện đây đủ -điện âm nước máy
Bao giấy phép xây dựng
liện hệ trực tiếp để tư vấn và đưa đón xem đất ạ","11,69 triệu/m2",Nội thất đầy đủ,50 m²,Bắc,Chung cư,Nở hậu,Shophouse
DA,Cần mua,"Bán lô đất Hưng Định 31 gần chợ, gần trường, shr",3 phòng,DA,Đã có sổ,Căn góc,Chưa bàn giao,700,Đất thổ cư,41 m²,1,2,16555 m,- 66 m2,"Đường Hưng Định 31, Phường Hưng Định, Thị xã Thuận An, Bình Dương",4 m,1 phòng,970 triệu- 66 m2,Đông Nam,"Nhà ngõ, hẻm",66 m2,"Gia đình tôi có 1 lô đất cần bán gấp trên đường Hưng Định 31, gần trường mầm non Hoa Mai 1, chợ Búng,...
- Xung quanh đầy đủ tiện ích
- Sổ hồng riêng, công chứng sang tên ngay trong ngày
- Diện tích: 66m2
- Giá: 970tr","14,7 triệu/m2",Nội thất đầy đủ,50 m²,Bắc,Chung cư,Mặt tiền,Shophouse
DA,Cần mua,Đất 30x75 có 200m2 thổ cư mặt tiền Đông Thạnh 7-5,3 phòng,DA,Đã có sổ,Căn góc,Chưa bàn giao,700,Đất thổ cư,41 m²,1,2,75 m,- 2.250 m2,"Đông Thạnh 7-5, Xã Đông Thạnh, Huyện Hóc Môn, Tp Hồ Chí Minh",30 m,1 phòng,"18,5 tỷ- 2.250 m2",Đông Nam,"Nhà ngõ, hẻm",2250 m2,"Đất 30x75 =2250m2 có 200m2 thổ cư mặt tiền Đông Thạnh 7-5 ấp 4 xã Đông Thạnh,Hóc Môn.
Lô đất vuông vức,2 sổ.Sổ 200m2 nằm trung tâm của thửa lớn.Rất đẹp,phù hợp để làm xưởng,Nhà vườn...
Mặt tiền đường nhựa hiện hữu 8m ngay Lê Văn Khương vô.Sổ hồng riêng,mua bán công chứng sang tên.
Hỗ trợ khách mua 3 bên qua ngân hàng.","8,22 triệu/m2",Nội thất đầy đủ,50 m²,Bắc,Chung cư,Mặt tiền,Shophouse
DA,Cần mua,Chủ gởi bán căn nhà mới xây 100% Thuộc phường Long,2 phòng,DA,Đã có sổ,Căn góc,Chưa bàn giao,700,Đất thổ cư,41 m²,1,2,75 m,- 82 m2,"Đường Đặng Thì Nhường, Phường Long Tuyền, Quận Bình Thuỷ, Cần Thơ",30 m,1 phòng,850 triệu- 82 m2,Đông Nam,"Nhà mặt phố, mặt tiền",82 m²,"Chủ gởi bán căn nhà mới xây 100% Thuộc phường Long Tuyền quận Bình Thuỷ. 
DT : 4.2 x 19.5. Tổng 82m² CLN 
Lộ ôtô 5m tới nhà. 
Giá : 850tr tl chủ ( còn thương lượng)
Nhà gồm : cổng rào, sân trước, 1pk, 2pn, 1 bếp, 1 toilet. 
Khu vực an ninh, dân cư đông đúc, thích hợp cho vợ chồng trẻ ra riêng.
Hướng : Đông Nam 
Gần trại giam lonh tuyen","10,37 triệu/m²",Hoàn thiện cơ bản,50 m²,Đông Nam,Chung cư,Hẻm xe hơi,Shophouse
DA,Cần mua,"NHÀ HỮU ĐỊNH CT BẾN TRE 90M2,TC 💯",2 phòng,DA,Đã có sổ,Căn góc,Chưa bàn giao,700,Đất thổ cư,41 m²,1,2,18 m,- 90 m2,"Đường Nông Thôn, Xã Hữu Định, Huyện Châu Thành, Bến Tre",5 m,1 phòng,630 triệu- 90 m2,Đông Nam,"Nhà ngõ, hẻm",90 m²,"🏡 NHÀ MỚI XÂY DỰNG 
— Do không có nhu cầu sử dụng , Nên cần bán . Nhà sạch đẹp mới tinh 
🌔🌔 nhà xây dựng kiên cố. 
— Khu dân cư Hữu Định, Châu Thành Bến Tre 
 — Cách chợ Hữu định 5p 
 — cách trường học hữu định 300m 🔷🔷 Diện tích : 90m2, 
— ngang 5m, ( thổ cư toàn bộ ) 
 👉👉 Nhà có 1 phòng khách, 2 phòng ngủ, bếp, WC, gát lửng, sân trước rộng , sân sau thoáng mát .. 
🛣🛣Đường 3m 🚐 🚘 🚗 vi vu, gần chợ Hữu Định... 
👉👉 Khu dân cư đông đúc. 
 💸💸 Giá bán: 630
👍Sổ sẵn sang tên ngay 
Liên hệ Trí 📱📱dẫn xem nhà",7 triệu/m²,Hoàn thiện cơ bản,90 m²,Đông,Chung cư,Hẻm xe hơi,Shophouse
DA,Cần mua,Đất Lái Thiêu Thuận An Sổ hồng riêng chính chủ,2 phòng,DA,Đã có sổ,Căn góc,Chưa bàn giao,700,Đất thổ cư,41 m²,1,2,16 m,- 80 m2,"Đường Nguyễn Trãi, Phường Lái Thiêu, Thị xã Thuận An, Bình Dương",5 m,1 phòng,"1,265 tỷ- 80 m2",Đông Nam,"Nhà ngõ, hẻm",80 m2,"Đất cách chợ Lái Thiêu 400m Khu phố Nguyễn Trãi, đường nhựa ôt ra vào thoải mái.
80m2 (5x16) sổ hồng riêng chính chủ sang tên ngay
Đối diện ngân hàng OCB
Xem đất liên hệ sđt","15,81 triệu/m2",Hoàn thiện cơ bản,90 m²,Đông,Chung cư,Mặt tiền,Shophouse
DA,Cần mua,Chính chủ cần bán đất vị trí đẹp ở Tp Thủy Nguyên,2 phòng,DA,Đã có sổ,Căn góc,Chưa bàn giao,700,Đất thổ cư,41 m²,1,2,16 m,- 494 m2,"Đường Liên Thôn, Xã Hoa Động, Huyện Thuỷ Nguyên, Hải Phòng",5 m,1 phòng,"4,446 tỷ- 494 m2",Đông Nam,"Nhà ngõ, hẻm",494 m2,"Chính chủ cần bán đất vị trí đẹp ở Tp Thủy Nguyên - Hải Phòng

+Diện tích : 494m2 ( có thể tách 2 lô )
không chín không bốn bốn hai tám bốn năm tám
+Giá bán : 9 triệu/m2 

+Địa chỉ : xã Hoà Động, huyện Thủy Nguyên, Tp Hải Phòng

+Đất đẹp, vuông vắn, cao ráo, phong thuỷ tốt. Ngõ rộng ôtô vào tận cửa

+Nằm trong khu vực dân cư đông, hàng xóm thân thiện, yên tĩnh, xung quanh gần nhiều tiện ích như chợ, trường học, UBND, trung tâm dịch vụ,..

+Giao thông đi lại thuận lợi, an ninh khu vực tốt

+Sổ chính chủ, giấy tờ pháp lý đầy đủ, rõ ràng, thủ tục sang tên nhanh chóng

+Tiềm năng lớn, giá luôn tăng theo tình hình BĐS chung của khu vực, thích hợp định cư lâu dài hoặc đầu tư, đảm bảo sinh lời ngay

Liên hệ ngay Sđt : để xem và mua nhanh 
Mong tiếp khách thiện chí",9 triệu/m2,Hoàn thiện cơ bản,90 m²,Đông,Chung cư,Mặt tiền,Shophouse
DA,Cần mua,Đất Huyện Đức Hòa 115m²,2 phòng,DA,Đã có sổ,Căn góc,Chưa bàn giao,700,Đất thổ cư,41 m²,1,2,23 m,- 115 m2,"ấp trạm lac, Xã Mỹ Hạnh Bắc, Huyện Đức Hòa, Long An",5 m,1 phòng,"1,3 tỷ- 115 m2",Đông Nam,"Nhà ngõ, hẻm",115 m2,Chủ gửi bán lô đất thơ cư shr. Dt 5x23 mặt tiền đường út cứa. Ấp tràm lạc xã mỹ hạnh bắc. Giá 1ty130.bốt lộc. Ai co nhu cầu lh,"11,3 triệu/m2",Hoàn thiện cơ bản,90 m²,Đông,Chung cư,Nở hậu,Shophouse
DA,Cần mua,Bán 2hec sầu riêng.,2 phòng,DA,Đã có sổ,Căn góc,Chưa bàn giao,700,Đất nông nghiệp,41 m²,1,2,23 m,- 20.000 m2,"Đường Quốc Lộ 20, Xã Phước Lộc, Huyện Đạ Huoai, Lâm Đồng",5 m,1 phòng,"4,6 tỷ- 20.000 m2",Đông Nam,"Nhà ngõ, hẻm",20000 m2,Chính chủ cần bán 2hec sầu riêng năm 2 tại xã phước lộc.đã lắp hệ thống tưới tự động.có sổ.có suối lớn.đường đất oto vào tận nơi.đất triền đẹp.,230.000 đ/m2,Hoàn thiện cơ bản,90 m²,Đông,Chung cư,Nở hậu,Shophouse
DA,Cần mua,MẶT PHỐ VIP TRẦN ĐẠI NGHĨA -VỊ TRÍ VÀNG-4 TẦNG KD,2 phòng,DA,Đã có sổ,Căn góc,Chưa bàn giao,700,Đất nông nghiệp,41 m²,1,2,23 m,- 40 m2,"trần đại nghĩa, Phường Thanh Nhàn, Quận Hai Bà Trưng, Hà Nội",5 m,2 phòng,14 tỷ- 40 m2,Đông Nam,"Nhà mặt phố, mặt tiền",40 m²,"Mô tả : nhà thiết kế để kinh doanh các tầng, vị trí vàng, rất nhiều lộc chủ mới về có thể tiếp tục kinh doanh nhượng lại khách cũ",350 triệu/m²,Hoàn thiện cơ bản,40 m²,Đông,Chung cư,Nở hậu,Shophouse
DA,Cần mua,Đất gần trung tâm thị xã Bến Cát,2 phòng,DA,Đã có sổ,Căn góc,Chưa bàn giao,700,Đất thổ cư,41 m²,1,2,20 m,- 100 m2,"Dt240, Xã Long Nguyên, Huyện Bàu Bàng, Bình Dương",5 m,2 phòng,320 triệu- 100 m2,Đông Nam,"Nhà mặt phố, mặt tiền",100 m2,"cần tiền xây nhà tôi bán lại lô đất trong khu dân cư đô thị mới Bình Dương. cách thị xã Bến Cát 3km. diện tích 5×20 thổ cư full hết sổ riêng. 
Ai thiện chí Lh em xem đất.","3,2 triệu/m2",Hoàn thiện cơ bản,40 m²,Đông,Chung cư,Nở hậu,Shophouse
DA,Cần mua,"BÁN NHÀ XÂY 1TRỆT 1LẦU,KHU PHỐ 5A,PHƯỜNG TRẢNG DÀI",3 phòng,DA,Giấy tờ khác,Căn góc,Chưa bàn giao,700,Đất thổ cư,41 m²,1,2,15.5 m,- 70 m2,"Đường Nguyễn Khuyến, Phường Trảng Dài, Thành phố Biên Hòa, Đồng Nai",4.5 m,2 phòng,"1,39 tỷ- 70 m2",Đông Nam,"Nhà ngõ, hẻm",70 m²,"+✅BÁN NHÀ MỚI XÂY KP5,PHƯỜNG TRẢNG DÀI,BIÊN HOÀ ĐỒNG NAI( sau lưng trường Đại học công nghệ đồng nai)
✍DT đất:  4,5*15,5, DT sử dụng 140m2-
 💞💞💞💞💞
 ✅thiết kế: 1 trệt 1 lầu♻️
 - _-1 phòng khách 
 - Phòng Thờ, 
 — 3 phòng ngủ 
 - - Phòng Bếp
 — 2 wc ,,, 
----gần nhà thờ, chợ,trường học,ngân hàng,, ubnd ,siêu thị,..cơ quan nhà nước....
✅ Giếng trời, máy nước nóng năng lượng mặt trời, rèm cửa, hệ thống cây xanh mát mẻ...-
✌Đường 5m Thông thoáng, otoo vào thoải mái._
-----Hướng Đông nam
+✌Giá 1tỷ390( thương lượng trực tiếp chính chủ
∆ Sổ chung mua bán vpls
✍Liên hệ ( xem nhà và làm việc chính chủ)
❇️ hình ảnh thực tế căn 🏡 
〽️🔆 LIÊN HỆ XEM NHÀ TRỰC TIẾP ĐỂ ĐƯỢC GIÁ TỐT","19,86 triệu/m²",Hoàn thiện cơ bản,140 m²,Nam,Chung cư,Hẻm xe hơi,Shophouse
DA,Cần mua,NHẬN THỪA KẾ 100m đất 1/6 Điện Biên Phủ P.ĐAKAO Q1,2 phòng,DA,Đã có sổ,Căn góc,Chưa bàn giao,700,Đất thổ cư,41 m²,1,2,25 m,- 101 m2,"Đường Điện Biên Phủ, Phường Đa Kao, Quận 1, Tp Hồ Chí Minh",4 m,1 phòng,11 tỷ- 101 m2,Đông Nam,"Nhà ngõ, hẻm",101 m²,"Mới NHẬN THỪA KẾ MIẾNG ĐẤT 100m tại quận 1
Ngang 4m, dài 25m
Tiện xây căn hộ dịch vụ cho thuê
Khu trung tâm quận 1
Giáp ranh quận bình thạnh. Trường học, bệnh viện, công ty nước ngoài...
Nhà cũ mới được chia thừa kế cần bán chia tài sản
Hẻm trước nhà 1,3m tuy nhiên 20m ra tới MẶT TIỀN rộng 20m
Nhà ngay vòng xoay ĐIỆN BIÊN PHỦ
Khu vực cực kỳ an ninh, yên tĩnh, vì chỉ có 7 căn nhà trong đó.
Căn của mình là căn 1/6 số nhà LỘC nhé mọi người.
Diện tích đất đang sử dụng là 100m
Diện tích trên sổ công nhận 84m.
Giá chỉ 11 tỷ —-> 110tr/m2 
Vị trí như vậy không có căn thứ 2 trên thị trường giá tốt như vậy
Liên hệ trực tiếp chính chủ nhé. 
Có hoa hồng cho môi giới, khách trực tiếp mua giảm ngay tiền hoa hồng
1/6 ĐIỆN BIÊN PHỦ PHƯỜNG ĐA KAO Q.1 TP HCM","108,91 triệu/m²",Bàn giao thô,101 m²,Nam,Chung cư,Hẻm xe hơi,Shophouse
DA,Cần mua,"Nhà 2 lầu đường Ngô Thị Nhậm , thuộc KDC Thới Nhựt",5 phòng,DA,Đã có sổ,Căn góc,Chưa bàn giao,700,Đất thổ cư,41 m²,1,2,14 m,- 70 m2,"Đường Ngô Thì Nhậm, Phường An Khánh, Quận Ninh Kiều, Cần Thơ",5 m,3 phòng,"4,09 tỷ- 70 m2",Đông Nam,"Nhà mặt phố, mặt tiền",70 m²,"Nhà mặt tiền đường Ngô Thị Nhậm , thuộc KDC Thới Nhựt , phường An Khánh - quận Ninh Kiều , TP. Cần Thơ

- Diện tích : 5 x 14 = 70m2
- Diện tích sử dụng : 210m2
- Pháp lý : Sổ hồng thổ cư 100%
- Lộ giới : 12m

Nhà thiết kế lầu đúc kiên cố , nhà xây mục đích để gia đình ở nên rất cứng cáp và chắc chắn

Gồm : Phòng khách rộng , 5 phòng ngủ , phòng sinh hoạt chung - phòng thờ , 3 nhà vệ sinh - nhà bếp

Nhà nằm gần chợ thuận tiện sinh hoạt , thuộc KDC dân trí cao , ổn định và phát triển

Giá bán 4 tỉ 090 triệu ( thương lượng )
Hỗ trợ vay ngân hàng

Liên hệ : gặp Hiền","58,43 triệu/m²",Hoàn thiện cơ bản,210 m²,Đông Bắc,Chung cư,Hẻm xe hơi,Shophouse
DA,Cần mua,"Nhà 1 lầu đang cho thuê , MT Đinh Đức Thện , SHR",2 phòng,DA,Đã có sổ,Căn góc,Chưa bàn giao,700,Đất thổ cư,41 m²,1,2,10 m,- 40 m2,"Đường tĩnh 835, Xã Bình Chánh, Huyện Bình Chánh, Tp Hồ Chí Minh",4 m,1 phòng,400 triệu- 40 m2,Đông Nam,"Nhà mặt phố, mặt tiền",40 m²,"Gia đình có căn nhà đang cho thuê 4tr/ tháng , một trệt lầu suốt như hình
Giá 429tr/ xem nhà có thể công chứng trong ngày 
Do gia đình đang kẹt tiền nên bán gấp có thể cho trả chậm nhưng không cho thương lượng giá rẽ quá rồi
Diện tích nhà 4x10 
Địa chỉ ngay cầu vượt Đinh Đức Thiện 
Đường nhựa trước nhà 5m có sân oto đậu thoải mái
Nhà như hình anh chị em xem kỹ rồi hãy gọi oke xuống coi tránh mất thời gian đôi bên xin cám ơn.
Cách chợ Bình Chánh 1km , Bình Tân , Quận 6 10 phút đi xe",10 triệu/m²,Hoàn thiện cơ bản,80 m²,Đông Bắc,Chung cư,Nở hậu,Shophouse
DA,Cần mua,"NHÀ HỮU ĐỊNH CT BẾN TRE 90M2,TC 💯",2 phòng,DA,Đã có sổ,Căn góc,Chưa bàn giao,700,Đất thổ cư,41 m²,1,2,18 m,- 90 m2,"Đường Nông Thôn, Xã Hữu Định, Huyện Châu Thành, Bến Tre",5 m,1 phòng,630 triệu- 90 m2,Đông Nam,"Nhà ngõ, hẻm",90 m²,"🏡 NHÀ MỚI XÂY DỰNG 
— Do không có nhu cầu sử dụng , Nên cần bán . Nhà sạch đẹp mới tinh 
🌔🌔 nhà xây dựng kiên cố. 
— Khu dân cư Hữu Định, Châu Thành Bến Tre 
 — Cách chợ Hữu định 5p 
 — cách trường học hữu định 300m 🔷🔷 Diện tích : 90m2, 
— ngang 5m, ( thổ cư toàn bộ ) 
 👉👉 Nhà có 1 phòng khách, 2 phòng ngủ, bếp, WC, gát lửng, sân trước rộng , sân sau thoáng mát .. 
🛣🛣Đường 3m 🚐 🚘 🚗 vi vu, gần chợ Hữu Định... 
👉👉 Khu dân cư đông đúc. 
 💸💸 Giá bán: 630
👍Sổ sẵn sang tên ngay 
Liên hệ Trí 📱📱dẫn xem nhà",7 triệu/m²,Hoàn thiện cơ bản,90 m²,Đông,Chung cư,Hẻm xe hơi,Shophouse
DA,Cần mua,Đất Lái Thiêu Thuận An Sổ hồng riêng chính chủ,2 phòng,DA,Đã có sổ,Căn góc,Chưa bàn giao,700,Đất thổ cư,41 m²,1,2,16 m,- 80 m2,"Đường Nguyễn Trãi, Phường Lái Thiêu, Thị xã Thuận An, Bình Dương",5 m,1 phòng,"1,265 tỷ- 80 m2",Đông Nam,"Nhà ngõ, hẻm",80 m2,"Đất cách chợ Lái Thiêu 400m Khu phố Nguyễn Trãi, đường nhựa ôt ra vào thoải mái.
80m2 (5x16) sổ hồng riêng chính chủ sang tên ngay
Đối diện ngân hàng OCB
Xem đất liên hệ sđt","15,81 triệu/m2",Hoàn thiện cơ bản,90 m²,Đông,Chung cư,Mặt tiền,Shophouse
DA,Cần mua,Chính chủ cần bán đất vị trí đẹp ở Tp Thủy Nguyên,2 phòng,DA,Đã có sổ,Căn góc,Chưa bàn giao,700,Đất thổ cư,41 m²,1,2,16 m,- 494 m2,"Đường Liên Thôn, Xã Hoa Động, Huyện Thuỷ Nguyên, Hải Phòng",5 m,1 phòng,"4,446 tỷ- 494 m2",Đông Nam,"Nhà ngõ, hẻm",494 m2,"Chính chủ cần bán đất vị trí đẹp ở Tp Thủy Nguyên - Hải Phòng

+Diện tích : 494m2 ( có thể tách 2 lô )
không chín không bốn bốn hai tám bốn năm tám
+Giá bán : 9 triệu/m2 

+Địa chỉ : xã Hoà Động, huyện Thủy Nguyên, Tp Hải Phòng

+Đất đẹp, vuông vắn, cao ráo, phong thuỷ tốt. Ngõ rộng ôtô vào tận cửa

+Nằm trong khu vực dân cư đông, hàng xóm thân thiện, yên tĩnh, xung quanh gần nhiều tiện ích như chợ, trường học, UBND, trung tâm dịch vụ,..

+Giao thông đi lại thuận lợi, an ninh khu vực tốt

+Sổ chính chủ, giấy tờ pháp lý đầy đủ, rõ ràng, thủ tục sang tên nhanh chóng

+Tiềm năng lớn, giá luôn tăng theo tình hình BĐS chung của khu vực, thích hợp định cư lâu dài hoặc đầu tư, đảm bảo sinh lời ngay

Liên hệ ngay Sđt : để xem và mua nhanh 
Mong tiếp khách thiện chí",9 triệu/m2,Hoàn thiện cơ bản,90 m²,Đông,Chung cư,Mặt tiền,Shophouse
DA,Cần mua,Đất Huyện Đức Hòa 115m²,2 phòng,DA,Đã có sổ,Căn góc,Chưa bàn giao,700,Đất thổ cư,41 m²,1,2,23 m,- 115 m2,"ấp trạm lac, Xã Mỹ Hạnh Bắc, Huyện Đức Hòa, Long An",5 m,1 phòng,"1,3 tỷ- 115 m2",Đông Nam,"Nhà ngõ, hẻm",115 m2,Chủ gửi bán lô đất thơ cư shr. Dt 5x23 mặt tiền đường út cứa. Ấp tràm lạc xã mỹ hạnh bắc. Giá 1ty130.bốt lộc. Ai co nhu cầu lh,"11,3 triệu/m2",Hoàn thiện cơ bản,90 m²,Đông,Chung cư,Nở hậu,Shophouse
DA,Cần mua,Bán 2hec sầu riêng.,2 phòng,DA,Đã có sổ,Căn góc,Chưa bàn giao,700,Đất nông nghiệp,41 m²,1,2,23 m,- 20.000 m2,"Đường Quốc Lộ 20, Xã Phước Lộc, Huyện Đạ Huoai, Lâm Đồng",5 m,1 phòng,"4,6 tỷ- 20.000 m2",Đông Nam,"Nhà ngõ, hẻm",20000 m2,Chính chủ cần bán 2hec sầu riêng năm 2 tại xã phước lộc.đã lắp hệ thống tưới tự động.có sổ.có suối lớn.đường đất oto vào tận nơi.đất triền đẹp.,230.000 đ/m2,Hoàn thiện cơ bản,90 m²,Đông,Chung cư,Nở hậu,Shophouse
DA,Cần mua,MẶT PHỐ VIP TRẦN ĐẠI NGHĨA -VỊ TRÍ VÀNG-4 TẦNG KD,2 phòng,DA,Đã có sổ,Căn góc,Chưa bàn giao,700,Đất nông nghiệp,41 m²,1,2,23 m,- 40 m2,"trần đại nghĩa, Phường Thanh Nhàn, Quận Hai Bà Trưng, Hà Nội",5 m,2 phòng,14 tỷ- 40 m2,Đông Nam,"Nhà mặt phố, mặt tiền",40 m²,"Mô tả : nhà thiết kế để kinh doanh các tầng, vị trí vàng, rất nhiều lộc chủ mới về có thể tiếp tục kinh doanh nhượng lại khách cũ",350 triệu/m²,Hoàn thiện cơ bản,40 m²,Đông,Chung cư,Nở hậu,Shophouse
DA,Cần mua,Đất MT Phùng Hưng TP Biên Hòa 100m2 Giá 350 Triệu,2 phòng,DA,Đã có sổ,Căn góc,Chưa bàn giao,700,Đất thổ cư,41 m²,1,2,20 m,- 100 m2,"Phùng Hưng Nối Dài, Phường Tam Phước, Thành phố Biên Hòa, Đồng Nai",5 m,2 phòng,350 triệu- 100 m2,Đông Nam,"Nhà mặt phố, mặt tiền",100 m2,"Đất Mặt Tiền Phùng Hưng ,Phường Tam Phước, TP Biên Hòa Giá 350 Triệu
• Diện Tích :100m2 (5x20)
• Điện ,nước cống thoát nước Vô Tới Đất 
• Sổ Riêng ,Xây Dựng Tự Do.
• Ngay Mặt Tiền Đường Khu Dân Cư 8m,
• Bán Kính 2km có chợ An Bình, THCS Hoà Bình, Trạm y tế xã An Viễn, Bách Hoá Xanh.Siêu Thị, Đối Diện KCN Giang Điền ,Tiện Kinh Doanh Buôn Bán Cho Thuê...
• Đất Cách 200m Sát Đường Đại Lộ Bắc Sơn Long Thành Đi Ra Cổng Sân Bay Long Thành.
Liên Hệ anh Tâm Để Đi Xem Đất","3,5 triệu/m2",Hoàn thiện cơ bản,40 m²,Đông,Chung cư,Mặt tiền,Shophouse
DA,Cần mua,"Nhà mới 1 trệt, 3 lầu, HXH Nhất Chi Mai 4x12m",5 phòng,DA,Đã có sổ,Căn góc,Chưa bàn giao,700,Đất thổ cư,41 m²,1,2,12 m,- 44 m2,"Nhất Chi Mai, Phường 13, Quận Tân Bình, Tp Hồ Chí Minh",4 m,6 phòng,"6,5 tỷ- 44 m2",Đông Nam,"Nhà ngõ, hẻm",44 m²,"Nhà chính chủ cần bán gấp HXH Nhất Chi Mai phường 13 quận Tân Bình

Diện tích : 4x12m
Hiện trạng: 3 lầu
Giá 6.5 tỷ

Thích hợp KD mọi ng hành nghề, nhiều tiện ích cao cấp liền kề, SHCC

Liên hệ A Thư","147,73 triệu/m²",Hoàn thiện cơ bản,176 m²,Đông,Chung cư,Hẻm xe hơi,Shophouse
DA,Cần mua,Nhà mặt tiền kinh doanh trung mỹ tây 13,4 phòng,DA,Đã có sổ,Căn góc,Chưa bàn giao,700,Đất thổ cư,41 m²,1,3,30 m,- 120 m2,"6, Đường Trung Mỹ Tây 13, Phường Trung Mỹ Tây, Quận 12, Tp Hồ Chí Minh",4.2 m,3 phòng,12 tỷ- 120 m2,Đông Nam,"Nhà mặt phố, mặt tiền",120 m²,"Cần bán nhà mặt tiền kinh doanh đường Trung Mỹ Tây 13 Phường Trung Mỹ Tây, Quận 12.
Xây dựng kiên cố 3 lầu sân thượng.
Diện tích 120m2 đất (4,2 x 30m).
Vị trí đắc địa mặt tiền kinh doanh đủ ngành nghề, có sân trước nhà cực rộng rãi. Tiện ích xung quanh k thiếu thứ j.
Gần ngay ngã 3 Hà Đặc và TMT13 đối diện là chợ đêm Trung Mỹ Tây ( chợ chó cũ ), thuận tiện di chuyển qua Tô Ký, Nguyễn Ảnh Thủ, Song Hành QL22.
Sổ hồng riêng pháp lý đầy đủ.
(trên hình là sổ cũ đang hoàn công khi mua bán sang tê sổ sẽ đảm bảo đầy đủ - bao hoàn công khi sang tên).

Thương lượng nhiệt tình với người thiện chí.
Xin lh sdt - Thành Vũ",100 triệu/m²,Hoàn thiện cơ bản,176 m²,Đông Nam,Chung cư,Hẻm xe hơi,Shophouse
DA,Cần mua,"Bùi Thị Xuân dtsd 54m2, 3 tầng, P2, TB giá chỉ 2t2",2 phòng,DA,Đã có sổ,Căn góc,Chưa bàn giao,700,Đất thổ cư,41 m²,1,3,6 m,- 18 m2,"39., Đường Bùi Thị Xuân, Phường 2, Quận Tân Bình, Tp Hồ Chí Minh",3 m,2 phòng,"2,2 tỷ- 18 m2",Đông Nam,"Nhà ngõ, hẻm",18 m²,"Bùi Thị Xuân 54m2, 3 tầng, giá chỉ 2.2 tỷ Phường 2 Tân Bình.

Mô tả:
+ Nhà nằm trong khu vực dân cư đông đúc, văn minh, hẻm cực kỳ sạch sẽ, thông thoáng.

+ Kết cấu: 3 tầng đúc BTCT gồm 2pn, 3wc, PK và bếp. Bảo đảm anh em nhà tầm giá này không căn nào ngon hơn.

+ Nhà nằm gần khúc giao Hoàng Văn Thụ, vài bước chân ra công viên cây xanh.
Thuận tiện di chuyển các quận trung tâm, cách sân bay 10p di chuyển.

+ Pháp lý sạch sẽ, công chứng trong ngày.

+ Giá chỉ 2 tỉ 2","122,22 triệu/m²",Nội thất cao cấp,54 m²,Đông Nam,Chung cư,Hẻm xe hơi,Shophouse
DA,Cần mua,Căn hộ 1PN Eco Xuân Block A 47m2 sát Aeon Mall BD,1 phòng,A,Giấy tờ khác,Căn góc,Chưa bàn giao,700,Đất thổ cư,47 m²,1,3,6 m,- 47 m2,"Đường Quốc Lộ 13, Phường Lái Thiêu, Thị xã Thuận An, Bình Dương",3 m,1 phòng,"1,35 tỷ- 47 m2",Tây Bắc,"Nhà ngõ, hẻm",18 m²,"Bán căn hộ Eco Xuân 1PN block A.

Diện tích: 47m2.

Lầu thấp view hồ bơi mát mẻ.

Quý 1/2021 nhận nhà. Có hỗ trợ vay ngân hàng.

Liền kề 2 siêu thị lớn: Lotte Mart và Aeon Mall BD, bệnh viện Becamex, trường học...

Giá bán 1,350 tỷ bao thuế phí giấy tờ sang tên.

Liên hệ Ms Quyên.

Xin cám ơn đã đọc tin.","28,72 triệu/m²",Hoàn thiện cơ bản,54 m²,Đông Nam,Chung cư,Hẻm xe hơi,Shophouse
DA,Cần mua,Đất mặt tiền Quận 2 876m² Giá rẻ gặp Lưu,1 phòng,A,Đã có sổ,Căn góc,Chưa bàn giao,700,Đất thổ cư,47 m²,1,3,36 m,- 876 m2,"Đường Số 40, Phường Bình Trưng Đông, Quận 2, Tp Hồ Chí Minh",23 m,1 phòng,"28,5 tỷ- 876 m2",Tây Bắc,"Nhà ngõ, hẻm",876 m2,"Chủ gửi bán lô đất mặt tiền đường số 40, Bình Trưng Đông, Quận 2.
Vị trí gần UBND phường Cát Lái, Thạnh Mỹ Lợi. 
Ra Nguyễn Thị Định và Đồng Văn Cống khoảng 1km. 
Cách UBND( Uỷ ban thành phố Thủ Đức tương lai ) khoảng 2km. 
DT 876m2 ngang 23m dài 36m 
Có 400m thổ cư, có thể chuyển thêm thổ cư được. 
Quy hoạch đường rộng 20m, cắt lộ giới 50m2 đất. 
Giá 28.5 tỷ thương lượng, quá rẻ. 
Phù hợp phân lô, biệt thự, nhà vườn, kho xưởng, xây trọ.... 
Lh Mr Lưu làm việc chính chủ. 
Tks!","32,53 triệu/m2",Hoàn thiện cơ bản,54 m²,Đông Nam,Chung cư,Mặt tiền,Shophouse
DA,Cần mua,"Ngộp Ngân Hàng, Bán Gấp Nhà Đ.Âu Cơ Q.T Bình, SHR",2 phòng,A,Đã có sổ,Căn góc,Chưa bàn giao,700,Đất thổ cư,47 m²,1,3,13 m,- 52 m2,"Đường Âu Cơ, Phường 14, Quận Tân Bình, Tp Hồ Chí Minh",4 m,2 phòng,999 triệu- 52 m2,Tây Bắc,"Nhà ngõ, hẻm",52 m²,"Cần tiền trả ngân hàng, cần bán gấp căn nhà hẻm 2/ đường Ân Cơ Quận Tân Bình, Đường trước nhà rộng 4m, xe ô tô vào thoải mái
Kết cấu: 1 trệt, 1 lầu, 2 phòng ngủ, 2 toilet, 1 phòng khách, 1 phòng bếp, thiết kế đẹp đẽ sang trọng
Diện tích: 4m x 13m = 52m2, DTSD: 104m2, diện tích to rộng, thoáng mát
Sổ hồng riêng, công chứng sang tên ngay trong ngày, qua hôm sau có thể chuyển vào ở ngay
Sổ hồng riêng nên có thể vay ngân hàng 50%, ngân hàng hỗ trợ vay tối đa 20 năm, có thể chọn tuỳ ý thời gian vay! 
Đầy đủ tiện ích trong bán kính 1km: trạm xăng, cửa hàng tiện lợi. siêu thị, chợ, công ty...
A/c Có Nhu Cầu Mua Nhà, Liên Hệ Tôi Ngay
Miễn Tiếp Cò Lái, Môi Giới!!!","19,21 triệu/m²",Nội thất đầy đủ,104 m²,Đông Nam,Chung cư,Hẻm xe hơi,Shophouse
DA,Cần mua,Chung cư Quận 12 48m² 2PN,2 phòng,A,Đang chờ sổ,Căn góc,Đã bàn giao,700,Đất thổ cư,48 m²,1,3,13 m,- 48 m2,"Đường Vườn Lài, Phường Thạnh Lộc, Quận 12, Tp Hồ Chí Minh",4 m,1 phòng,"1,22 tỷ- 48 m2",Tây Bắc,"Nhà ngõ, hẻm",52 m²,"Chủ gửi em bán căn hộ Chung cư thạnh Lộc 27
căn hộ giảm giá kịch sàn
 mọi người nhanh chân mua nhé
chủ đầu tư đã gửi văn bản xuống
từng căn hộ chuẩn bị giấy tờ làm sổ nhé
khi có sổ giá là 1tỷ500trieu nhé
không còn giá rẻ như bây giờ 
chủ gửi căn hộ ở lầu 11vị trí đẹp,không đối diện nhà ai
giá iu thương luôn
giá 1tỷ220 bớt lộc 
căn hộ còn mới đẹp, 
diện tích 48m2,,2phòng ngủ , phòng khách rộng
1 nhà vệ sinh rộng
Mua về chỉ việc sách vali về ở

Em nói thật giá này tính ra giờ vẫn còn rẻ
có sổ 1tỷ500 
đầu tư mua bao lời luôn
căn hộ còn mới 💯%
nằm ở vị trí đẹp thoáng mát
nhà đón gió lộc nhiều
Thang 2 năm 2021có sổ hồng , cam kết % từ chủ đầu tư chung cư
Tính ra giờ chung cư này rẻ quận 12 luôn
Ở chung cư cũng có nhiều cái hay
Thiết kế hợp lý ,rộng rãi, mát mẻ,yên tĩnh
Không sợ mất trộm, an ninh trật tự
Không ồn ào ,văn minh
Bảo vệ 24/24
Đằng sau chung cư có cả công viên
5phút sang tới gò vấp , thuận tiện các nẻo đường, 
mọi người chần chừ không mua 
 khi có sổ lại không mua được giá rẻ nữa , lúc đó lại tiếc, chủ đầu tư đã đã họp cư dân chuẩn bị giấy tờ, những căn hộ mua lại cũng chuẩn bị giấy tờ để nộp lại ban quản lý thu để làm sổ hồng riêng
vì lý do công việc phải chuyển về băc lên em cần bán căn hộ như trên","25,42 triệu/m²",Nội thất đầy đủ,104 m²,Đông Nam,Chung cư,Hẻm xe hơi,Shophouse
DA,Cần mua,24m2,2 phòng,A,Đã có sổ,Căn góc,Đã bàn giao,700,Đất thổ cư,48 m²,1,3,24 m,- 24 m2,"Đường Hà Huy Giáp, Phường Thạnh Lộc, Quận 12, Tp Hồ Chí Minh",9 m,1 phòng,"1,25 tỷ- 24 m2",Tây Bắc,"Nhà mặt phố, mặt tiền",24 m²,"Hàng thơm nhà đồng sở hữu
sắp đến tết rồi chủ bán lỗ thu hồi vốn giảm 50 triệu luôn
chủ mua 1tỷ 200 giờ bán 1tỷ200 giờ bán luôn
 nhà buôn bán được là đây chứ đâu giá rẻ quá trời luôn, giờ kiếm không có nhé
Ngay cầu vượt ngã tư ga, cách MT Hà Huy Giáp 5m. Đường trước nhà 12m
DT 3*8 1 lầu. 
Khu dân cư đông kinh doanh được đủ ngành nghề ,xung quanh buôn bán đông
Mở mắt là có tiền với vị trí cực đẹp vị trí đó hiếm 
Công ty kế bên , công ty có cả ngàn công nhân
Vị trí cực đẹp ,lâu mới có vị đẹp giá rẻ nhé
Mình được giữ sổ hồng chính luôn
Chính chủ gửi 
Giá 1,220 bớt lộc
thương lượng chính chủ luôn","52,08 triệu/m²",Nội thất đầy đủ,3 m²,Đông Nam,Chung cư,Nở hậu,Shophouse
DA,Cần mua,Cần bán nhà Bình chuẩn 1ty2 - 100m2 bán nhanh.,2 phòng,A,Đã có sổ,Căn góc,Đã bàn giao,700,Đất thổ cư,48 m²,1,3,20 m,- 100 m2,"Đường Bình Chuẩn 1, Phường Bình Chuẩn, Thị xã Thuận An, Bình Dương",5 m,2 phòng,"1,2 tỷ- 100 m2",Tây Bắc,"Nhà mặt phố, mặt tiền",100 m²,"Tôi cần bán nhanh căn nhà tại Bình Chuẩn - Giá bán nhanh 1ty2 quay đầu. 
- Nhà mặt tiền xe hơi ra vào thoải mái. 
- Cách chợ 5p đi xe máy.
- Nằm trong khu dân cư đông dân, an ninh. 
- Cách trường học, khu công nghiệp 10p đi xe. 
Đến xem liên hệ trực tiếp qua tôi, vào các ngày trong tuần. 
Xin cảm ơn.",12 triệu/m²,Nội thất đầy đủ,100 m²,Đông Nam,Chung cư,Nở hậu,Shophouse
DA,Cần mua,Đất đường LÀNG TĂNG PHÚ ngay khu CN Cao GIÁ TỐT,2 phòng,A,Đã có sổ,Căn góc,Đã bàn giao,700,Đất thổ cư,48 m²,1,3,27 m,- 115 m2,"Đường Làng Tăng Phú, Phường Tăng Nhơn Phú A, Quận 9, Tp Hồ Chí Minh",4.2 m,2 phòng,"4,8 tỷ- 115 m2",Tây Bắc,"Nhà mặt phố, mặt tiền",115 m2,"MT đường 14 - LÀNG TĂNG PHÚ (liền kề khu CN Cao - trường ĐH Giao Thông)

- Sổ riêng, đất thổ cư, xây tự do...

- Vị trí đẹp, cao ráo, thông thoáng,đầy đủ mọi tiện ích: Siêu thị, chợ trường học, cách đất 500m

- Khu dân cư nhà Cao Tầng Sạch đẹp, an ninh, yên tĩnh đã xây dựng kín

- Vị trí đẹp để xây ở hoặc kinh doanh, Đầu tư

- GIÁ BÁN CÓ BỚT LỘC!","41,74 triệu/m2",Nội thất đầy đủ,100 m²,Tây Nam,Chung cư,Mặt tiền,Shophouse
DA,Cần mua,"Đất thổ cư tại Nguyễn Bình, Phú Xuân, Nhà Bè",2 phòng,A,Đã có sổ,Căn góc,Đã bàn giao,700,Đất thổ cư,48 m²,1,3,27 m,- 485 m2,"Đường Nguyễn Bình, Xã Phú Xuân, Huyện Nhà Bè, Tp Hồ Chí Minh",4.2 m,2 phòng,21 tỷ- 485 m2,Tây Bắc,"Nhà mặt phố, mặt tiền",485 m2,"Bán gấp đất thổ cư tại Nguyễn Bình, Phú Xuân, Nhà Bè
- Diện tích: 485m2
- Gần UBND huyện Nhà Bè, thuộc khu dân cư hiện hữu, ngay chợ.
- Về trung tâm thành phố chỉ 15p xe máy, cách Phú Mỹ Hưng chỉ 10p xe máy.
- Là đất thổ cư 100%.
- Có thể xây dựng ngay khi công chứng.
- Gần đất có đủ chợ, trường học, siêu thị, bệnh viện, công viên...
-Giá: 21 tỷ có thương lượng","43,3 triệu/m2",Nội thất đầy đủ,100 m²,Tây Nam,Chung cư,Mặt tiền,Shophouse
DA,Cần mua,Bán Nhà phố Tô Ngọc Vân Quận 12,5 phòng,A,Đã có sổ,Căn góc,Đã bàn giao,700,Đất thổ cư,48 m²,1,4,15 m,- 60 m2,"Đường Hà Huy Giáp, Phường Thạnh Xuân, Quận 12, Hồ Chí Min",5 m,5 phòng,"4,6 tỷ- 60 m2",Tây Bắc,"Nhà mặt phố, mặt tiền",60 m²,"CẦN BÁN NHÀ PHỐ QUẬN 12 – TÔ NGỌC VÂN – PHƯỜNG THẠNH XUÂN – QUẬN 12 – TP HCM

 Diện tích 60 m2

 Giá : 4.6 Tỷ

 Khu vực Quận 12, TP Hồ Chí Minh

Thông tin mô tả
CẦN BÁN NHÀ PHỐ QUẬN 12 – TÔ NGỌC VÂN – PHƯỜNG THẠNH XUÂN – QUẬN 12 – TP HCM

* Cần bán nhà Phố Quận 12, Tô Ngọc vân, Phường Thạnh Xuân, Quận 12 , tp HCM
– Khu nhà Phố lớn nhất quận nằm ngay tại UBND quận 12.
+ Tiện ích: nhà trong khu dân cư yên tĩnh, mới xây cần ưng là dọn đồ và ở luôn.
+ Đường 12m gồm vỉa hè, cây xanh, điện âm.
+ Nằm ở quận 12, Gần trục đường vào Gò Vấp, Thuận tiện đi lại , Sân đậu oto
+ Kết cấu: 1 trệt 1 lửng 3 lầu gồm 2PK, 5PN, 5WC. , có ban công rộng.
+ Số phòng ngủ: 5 Phòng
+ Số phòng vệ sinh: 5phòng
+ Tổng số tầng: 3
* Nhà phố Đẳng Cấp – Sang Trọng – Tinh Tế
* Sổ hồng có sẵn, sang tên nhanh chóng.( Hỗ trợ vay 70% hoặc trả góp dài hạn )
+Chỉ cần Đặt Cọc 1.500.000.000 Là Giao Nhà Ở !Phù hợp cho anh chị mua dọn vào ở luôn
+Quà Tặng : Tặng xe sh 150i ( Quá hấp dẫn )
– Diện tích : 60m2
– Giá bán : 4,6 tỷ ( có thương lượng )
– Địa chỉ: Tô Ngọc Vân, Phường Thạnh Xuân, Quận 12
*Liên hệ : 0933.777.345 ( Mr:Trung )","76,67 triệu/m²",Nội thất đầy đủ,200 m²,Tây Nam,Chung cư,Mặt tiền,Shophouse
DA,Cần mua,Cần tiền xây nhà Thuận An tôi bán căn nhà như hình,nhiều hơn 10 phòng,A,Đã có sổ,Căn góc,Đã bàn giao,700,Đất thổ cư,48 m²,1,4,30 m,- 150 m2,"vĩnh phú 1, Phường Vĩnh Phú, Thị xã Thuận An, Bình Dương",15 m,Nhiều hơn 6 phòng,"1,7 tỷ- 150 m2",Tây Bắc,"Nhà mặt phố, mặt tiền",150 m²,"Tôi cần tiền xây nhà ở Thuận An nên cần bán gấp căn trọ 3 dãy như hình ở khu MP3_Bình Dương. 

Vị trí thuộc Khu Hành Chánh mới Bình Dương, chỉ cách KDL Đại Nam 2,5km, dân cư xung quanh đông đúc, các tiện ích xung quanh khu nhà như Trường Học hay Chợ đều có đầy đủ và cách đó ko xa. Khu này còn có Trường Đại Học lớn Miền nam: Đại Học Quốc Tế Việt Đức mới xây xong và bắt đầu tuyển sinh vào đầu năm 2021. Nên anh/chị mua về ở cho con cái đi học sẵn tiện mình có thêm thu nhập hàng tháng.

Diện tích 450m2(15mx30m), tôi xây thành 3 dãy nhà trọ đơn mỗi dãy 150m2 riêng biệt, mỗi căn gồm phía trước là căn nhà ở 2 phòng ngủ+ Gác lửng rộng rãi thoáng mát và 4 phòng trọ cho thuê phía sau, thu nhập 8tr/tháng.

Gía tôi bán là 1,7 tỉ/dãy, Thổ cư 100%, sổ hồng riêng, đầy đủ giấy tờ chứng nhận quyền sử dụng BĐS, giấy phép xây dựng,.. mọi thủ tục pháp lí đều làm tại phòng công chứng (mình chịu toàn bộ mọi chi phí) 

Cần bán gấp nên anh chị đi xem cứ ghé nhà xem sổ sách giấy tờ pháp lí đúng chính xác rồi đi xem luôn cho đỡ mất thời gian đôi bên.","11,33 triệu/m²",Nội thất cao cấp,450 m²,Bắc,Chung cư,Mặt tiền,Shophouse
DA,Cần mua,"Bán gấp đất Cao Đức Lân, An Phú,Q2 gần UBND, TTTM",nhiều hơn 10 phòng,A,Đã có sổ,Căn góc,Đã bàn giao,700,Đất thổ cư,48 m²,1,4,12 m,- 60 m2,"Đường Cao Đức Lân, Phường An Phú, Quận 2, Tp Hồ Chí Minh",5 m,Nhiều hơn 6 phòng,"1,89 tỷ- 60 m2",Tây Bắc,"Nhà mặt phố, mặt tiền",60 m2,"Đất thổ cư 100%, sổ hồng riêng, tự do xây dựng.
- Cơ sở hạ tầng hoàn thiện,điện, nước,thoát nước,... về đây có thể ở và xây dựng được ngay.
- Ngay công Viên Cao Đức Lân,Gần chợ, y tế, trường học cấp 2 cấp 3, khu mua sắm... Thuận tiện kinh doanh buôn bán.
- Gần UBND phường An Phú
- Đất vị trí đẹp thoáng mát.
- Nằm ngay MT Cao Đức Lân, Phường An Phú, Quận 2.
- Dân cư đông đúc.
- Đường trước 8m thoải mái đi lại di chuyển.
- Nằm trên đường chính liên kết các khu dân cư với nhau.
- Sang tên ngay.","31,5 triệu/m2",Nội thất cao cấp,450 m²,Bắc,Chung cư,Nở hậu,Shophouse
DA,Cần mua,ĐẤTCẦN BÁN(HL15)THẠNH PHÚ SỔ RIÊNG THỔ CƯ,nhiều hơn 10 phòng,A,Đã có sổ,Căn góc,Đã bàn giao,700,Đất thổ cư,48 m²,1,4,32 m,- 500 m2,"tỉnh lộ DT 768, Xã Thạnh Phú, Huyện Vĩnh Cửu, Đồng Nai",16 m,Nhiều hơn 6 phòng,"2,65 tỷ- 500 m2",Tây Bắc,"Nhà mặt phố, mặt tiền",500 m2,"cần tiễn xây nhà bà cô gủi bán hai lô đât liền kề 500 m sổ riêng thổ cư 130 m
 gần trục đường lộ lớn gần cách chơ. và ngân hàng , trường học uỷ ban
cách cây xăng 50 met....
khach hàng quan tâm lh (a chung)","5,3 triệu/m2",Nội thất cao cấp,450 m²,Bắc,Chung cư,Mặt tiền,Shophouse
DA,Cần mua,"Căn 3PN 75m2 full nội thất LK Aeon Bình Dương,0 ls",3 phòng,Kim cương,Đang chờ sổ,Căn góc,Chưa bàn giao,700,Đất thổ cư,75 m²,23,4,32 m,- 75 m2,"Đường 22/12, Phường Lái Thiêu, Thị xã Thuận An, Bình Dương",16 m,3 phòng,300 triệu- 75 m2,Tây Bắc,"Nhà mặt phố, mặt tiền",500 m2,"Bán căn 3PN ngay trung tâm thành phố Thuận An, cách Aeon Bình Dương 1km
Vị trí vàng ngay trung tâm Vsip1, Đại lộ Bình Dương, khu dân cư Thuận Giao...
Chủ đầu tư: tập đoàn Phương Anh Bình Dương
Thầu uy tín: Tập đoàn Hòa Bình
Căn hộ dự án với full tiện ích nội khu: hồ bơi, công viên, nhà hàng, trung tâm mua sắm, sân thể thao, khu sinh hoạt cộng đồng,...
Loại hình căn hộ 1PN-2PN-3PN (45-75m2)
Giai đoạn đầu mở bán dự án chỉ tung ra trên dưới 20 căn 3PN-75m2-3WC- 2 tỷ- vào trước 300tr- mỗi tháng góp 20tr đến khi nhận nhà
Ngân hàng Vietcombank hỗ trợ vay 70% 0 lãi đến khi nhận nhà mới trả tiếp
Booking 30tr- ngày mở bán ko mua hoàn lại 100%
Cơ hội trúng I phone 12 pro cho khách hàng có booking, ko mua vẫn nhận I Phone trực tiếp
Liên hệ PKD CĐT để biết thêm thông tin",4 triệu/m²,Nội thất cao cấp,450 m²,Đông Nam,Chung cư,Mặt tiền,Shophouse
DA,Cần mua,Làm ăn thất bát bán gấp nhà đường Lê Cơ để trả nợ,2 phòng,Kim cương,Đã có sổ,Căn góc,Chưa bàn giao,700,Đất thổ cư,75 m²,23,1,10 m,- 50 m2,"Hoàng Phan Thái, Phường An Lạc, Quận Bình Tân, Tp Hồ Chí Minh",5 m,2 phòng,970 triệu- 50 m2,Tây Bắc,"Nhà mặt phố, mặt tiền",50 m²,"Do công việc kinh doanh của tôi năm nay không thuận lợi thua lỗ quá nhiều giờ nợ nần chồng chất không xoay tiền để chi trả được nên tôi cần bán gấp căn nhà đang ở hẻm Lê Cơ hướng ra đại lộ Võ Văn Kiệt mới xây hơn 1 năm vẫn còn mới
Nhà nằm trong khu dân cư hiện hữu đông đúc an ninh tốt,nhà gần trường học gần chợ thuận tiện cho con cái học hành với kinh doanh buôn bán
Diện tích nhà 50m2 xây 1 trệt 1 lầu đúc thiệt kiên cố có 2 phòng ngủ 2 toilet phòng khách nhà bếp riêng rộng rãi,trên lầu có ban công mát mẻ nhà gần công viên với hẻm trước nhà 4,5 mét xe hơi đón tới cửa
Ngang 5 mét
Dài 10 mét
Sổ hồng tôi đứng tên pháp lý đầy đủ hợp lệ giờ mua tôi đi sang tên công chứng luôn trong ngày cũng được
Giá tôi đang bán 970 triệu bớt chút xíu cho khách thiện chí thôi
Tôi đang cần tiền bán gấp trong tháng này ai cần xem hay mua nhà gọi điện thoại cho tôi","19,4 triệu/m²",Nội thất đầy đủ,100 m²,Đông Nam,Chung cư,Hẻm xe hơi,Shophouse
DA,Cần mua,"Đất GẦN CẦU KHUÊ ĐÔNG 100m² HOÀ QUÝ chỉ 1,85tỷ",2 phòng,Kim cương,Đã có sổ,Căn góc,Chưa bàn giao,700,Đất thổ cư,75 m²,23,1,20 m,- 100 m2,"Đường Hoà Bình 7, Phường Hoà Quý, Quận Ngũ Hành Sơn, Đà Nẵng",5 m,2 phòng,"1,85 triệu- 100 m2",Tây Bắc,"Nhà mặt phố, mặt tiền",100 m2,"BÁN ĐẤT GẦN CẦU KHUÊ ĐÔNG - HOÀ QUÝ 

CÁCH CẦU KHUÊ ĐÔNG 1km 

CÁCH VÕ CHÍ CÔNG 500m 

GẦN LÀNG ĐẠI HỌC ĐÀ NẴNG .

DT 100m , đường 5m5 lề 3m . 

DÂN CƯ ĐÔNG ĐÚC . TIỆN ÍCH ĐẦY ĐỦ

GIÁ CHỈ 1,85tỷ . Còn có 1 lô thôi ah . Lh ngay",18.500 đ/m2,Nội thất đầy đủ,100 m²,Đông Nam,Chung cư,Mặt tiền,Shophouse
DA,Cần mua,BÁN ĐẤT CHÍNH CHỦ SỔ RIÊNG TÂN PHƯỚC KHÁNH,2 phòng,Kim cương,Đã có sổ,Căn góc,Chưa bàn giao,700,Đất nông nghiệp,75 m²,23,1,20 m,- 110 m2,"Đường Tân Phước Khánh 4||15252, Phường Tân Phước Khánh, Thị xã Tân Uyên, Bình Dương",55 m,2 phòng,"1,2 tỷ- 110 m2",Tây Bắc,"Nhà mặt phố, mặt tiền",110 m2,"Chính chủ cần bán lô đất cách đường nhựa Tân Phước Khánh 13 khoảng 200m. 
- DT 5,5 * 20 = 110m2, đường bêtông 5m, hỗ trợ lên thổ cư 
-Gần chợ tân phước khánh,trường tiểu học tân phước khánh A.trường cấp 3 tân phước khánh
-Cách ngã tư Bình Chuẩn 1km.thủ dầu một 3km","10,91 triệu/m2",Nội thất đầy đủ,100 m²,Đông Nam,Chung cư,Hẻm xe hơi,Shophouse
DA,Cần mua,NHÀ BÌNH HÒA 1 LẦU MỚI XÂY DT 130M SÀN ĐƯỜNG 4M,3 phòng,Kim cương,Đã có sổ,Căn góc,Chưa bàn giao,700,Đất nông nghiệp,75 m²,23,1,13 m,- 63 m2,"Đường Tỉnh lộ 43, Phường Bình Hòa, Thị xã Thuận An, Bình Dương",5 m,2 phòng,"2,6 tỷ- 63 m2",Tây Bắc,"Nhà ngõ, hẻm",63 m²,"Tôi Bán gấp căn nhà 1 lầu tâm huyết ngay sát cầu Ông Bố, phường Bình Hòa.
- Diện tích 63.5m2 (5 x 13), tổng diện tích sàn 130m2 thổ cư 51m2 đường xe hơi 7 chỗ.
- Nhà có 1 phòng khách, 1 phòng bếp, 3 phòng ngủ.
- Vị trí cách cầu Ông Bố 200m, bệnh viện quốc tế Becamex, siêu thị Lotte Mart bên.
- Giá 2.6 tỷ thương lượng chính chủ.
- Thông tin hình ảnh thực tế,
Liên hệ","41,27 triệu/m²",Nội thất đầy đủ,130 m²,Đông Nam,Chung cư,Hẻm xe hơi,Shophouse
DA,Cần mua,Nhà Đẹp 2 Lầu Đúc Thật 4PN 4x11 P14 Q4,4 phòng,Kim cương,Đã có sổ,Căn góc,Chưa bàn giao,700,Đất nông nghiệp,75 m²,23,2,11 m,- 45 m2,"Đường Đoàn Văn Bơ, Phường 14, Quận 4, Tp Hồ Chí Minh",4 m,3 phòng,"3,95 tỷ- 45 m2",Tây Bắc,"Nhà ngõ, hẻm",45 m²,"BÁN NHÀ HẺM 500 ĐOÀN VĂN BƠ P14 Q4

▪Kết cấu - 1 Trệt 2 Lầu Đúc Thật , 4PN 3WC , Sân Xe , Mỗi phòng đều có bangcong cửa sổ , Phòng khách , Phòng bếp .

Diện Tích: Ngang 4m Dài 11m 
Sổ 45m2 DTS 121m4

▪Nội thất - 4 máy lạnh , Máy Nước nóng , Bộ bàn ghế Salon phòng khách .

▪Ưu điểm - Nhà xây kiên cố và mới đẹp, Vào ở liền ko cần sữa chữa . Hẻm lộ giới 3m5 quá đẹp . 

▪Giá bán 3ty950 ( Bớt lộc nhẹ ) 👉 Giá tốt thị trường . Thương lượng trực tiếp chủ nhà .
Pháp Lý: Sổ Hồng Hoàn Công Đầy Đủ
Hỗ Trợ Vay Ngân Hàng 2 Tỷ Đến 2 Tỷ 800 Triệu
Cần LH Hoặc Zalo Em Minh","87,78 triệu/m²",Nội thất đầy đủ,121 m²,Đông Nam,Chung cư,Hẻm xe hơi,Shophouse
DA,Cần mua,Nhà đẹp ăn tết Giải Phóng ô tô đỗ cửa 32m2 3.5 tỷ,4 phòng,Kim cương,Đã có sổ,Căn góc,Chưa bàn giao,700,Đất nông nghiệp,75 m²,23,2,11 m,- 32 m2,"Đường Giải Phóng, Phường Thanh Trì, Quận Hoàng Mai, Hà Nội",4 m,4 phòng,"3,5 tỷ- 32 m2",Tây Bắc,"Nhà mặt phố, mặt tiền",32 m²,"Nhà đẹp 5 tầng ô tô 7 chỗ đỗ cửa phố Giải Phóng, nhà mới đẹp ở ngay, kinh doanh sầm uất 32m2x 5tx mt 3.3m chỉ 3.5 tỷ. 
+ Cần bán gấp nhà Giải Phóng, Trương Định, Nguyễn Hữu Thọ, Linh Đàm với thông số: 
+ Diện tích: 32m2 x 5 tầng. 
+ Mặt tiền: 3.3m. 
+ Nhà chủ tự xây khung cột rất chắc chắn, nhà mới đẹp, nội thất hiện đại chủ mới chỉ việc vào ở ngay, thiết kế gồm 5 tầng 4 phòng ngủ rộng thoáng. 
+ Vị trí đẹp đường trước nhà ô tô 7 chỗ đỗ cửa, đường thông tứ tung, giao thông thuận tiện, bến xe Giáp Bát, bến xe Nước Ngầm chỉ 3 phút đi xe. 
+ Khu vực dân trí, an ninh tốt cùng nhiều tiện ích như trường học các cấp, chợ, bệnh viện… + Sổ đỏ chính chủ, pháp lý sạch. 
+ Giá 3.5 tỷ ( Có thương lượng). 
+ Liên hệ: Ms. Thiện gọi nhắn tin trực tiếp.","109,38 triệu/m²",Nội thất đầy đủ,32 m²,Đông Nam,Chung cư,Hẻm xe hơi,Shophouse
DA,Cần mua,Bán gấp nhà 2T MTiền gần Trần Thánh Tông giá rẻ,3 phòng,Kim cương,Đã có sổ,Căn góc,Chưa bàn giao,700,Đất nông nghiệp,75 m²,23,2,11 m,- 72 m2,"Nại Hiên Đông, Phường Nại Hiên Đông, Quận Sơn Trà, Đà Nẵng",4 m,2 phòng,"3,2 tỷ- 72 m2",Tây Bắc,"Nhà mặt phố, mặt tiền",72 m²,"Cần tiền bán gấp nhà 2 tầng mặt tiền gần đường Trần Thánh Tông, Nại Hiên Đông, Sơn Trà. 
- Diện tích: 72m2 (ngang 4m), DTSD: 140m2.
- Đường 5m5, nhà hướng Tây Nam mát mẻ.
- Công năng: 3PN, 2WC, phòng khách, phòng thờ.
* Vị trí nhà sát đường lớn Trần Thánh Tông 30m, gần chợ, trường học các cấp, đường thông tất cả các tuyến lớn. 
>> Giá bán gấp: 3 tỷ 200tr, bán đến công chứng
Liên hệ xem nhà: Ms.Huyền call/zalo","44,44 triệu/m²",Nội thất đầy đủ,32 m²,Đông Nam,Chung cư,Hẻm xe hơi,Shophouse
DA,Cần mua,"3,4tỷ nhà phố Dịch Vọng-31m2-Kdoanh tốt-ngõ 10m",4 phòng,Kim cương,Đã có sổ,Căn góc,Chưa bàn giao,700,Đất nông nghiệp,75 m²,23,4,8.9 m,- 31 m2,"Đường Dịch Vọng, Phường Dịch Vọng, Quận Cầu Giấy, Hà Nội",3.5 m,4 phòng,"3,4 tỷ- 31 m2",Tây Bắc,"Nhà mặt phố, mặt tiền",31 m²,"♻️ Phố DỊCH VỌNG - CẦU GIẤY to như phố, thông ra Chùa Hà, Xuân Thuỷ, Trần Thái Tông ,Công Viên Cầu Giấy.v.v
👉 Gần các Trường Đại Học Quốc Gia Phân Viện Báo Chí, Siêu Thị vô cùng sầm uất, 
👉 Nhà xây mới 5 tầng, nội thất tiện nghi hiện đại 
_Diện tích: 31m2 x 4 tầng. 
_Mặt tiền: 3.5m mặt vuông vắn.
👉 1 phút ra đường Cầu Giấy,3 phút ra đường Trần Thái Tông, Công Viên Cầu Giấy an sinh tuyệt vời.
👉 Nhà Nằm vị trí đẹp, Ngõ trước nhà rộng rãi ba gác tránh xe máy, 10m ra tới Ô TÔ TRÁNH Nhau( ngõ nông , không sâu ).
💰💰💰 Giáo chào: 3,4tỷ ( có thương lượng) 

✅ XEM NHÀ MIỄN PHÍ 

❌Em KHÔNG TIẾP MÔI GIỚI ❌
🌼 HỖ TRỢ VAY NGÂN HÀNG","109,68 triệu/m²",Nội thất đầy đủ,124 m²,Đông Nam,Chung cư,Hẻm xe hơi,Shophouse
DA,Cần mua,"Nhà 1 Trệt 2 Lầu, 65m2, 82/10 Đinh Bô Linh P26",2 phòng,Kim cương,Đã có sổ,Căn góc,Chưa bàn giao,700,Đất nông nghiệp,75 m²,23,2,8.9 m,- 22 m2,"82/10A, Đường Đinh Bộ Lĩnh, Phường 26, Quận Bình Thạnh, Tp Hồ Chí Minh",3.5 m,1 phòng,"3,3 tỷ- 22 m2",Tây Bắc,"Nhà ngõ, hẻm",22 m²,"Nhà 2 lầu, hẻm rộng, có phòng khách + bếp, 2 phòng ngủ
Gần chợ, trường học, siêu thị",150 triệu/m²,Hoàn thiện cơ bản,65 m²,Bắc,Chung cư,Hẻm xe hơi,Shophouse
DA,Cần mua,"Nhà đường 1 Nguyễn Duy Trinh 4.3 x 20.8=90m2, 4PN",4 phòng,Kim cương,Đã có sổ,Căn góc,Chưa bàn giao,700,Đất nông nghiệp,75 m²,23,2,20.8 m,- 89 m2,"đường số 1, Phường Long Trường, Quận 9, Tp Hồ Chí Minh",4.3 m,3 phòng,"3,85 tỷ- 89 m2",Tây Bắc,"Nhà ngõ, hẻm",89 m²,"Chính chủ bán căn nhà 1 trệt 1 lầu sàn trên đỗ thật, mái thái, nhà xây kiên cố để ở chứ không phải xây kinh doanh, nhìn là biết ngay
Hẻm 1 sẹt đường số 1 Nguyễn Duy Trinh, P.Long Trường, Quận 9
DT: 4.3 x 20.8=90m2 đã trừu hết lộ giới, thổ cư 100%
Hướng : tây nam
Xung quanh nhà đã xây hết nên cực kì mát mẻ, sân rộng rãi có trồng cây
Chỉ mất 3.5km tới Q.2, 15p tới ngã 4 Thủ Đức
Giá: 3.85 tỷ, kẹt tiền nên bán nhanh gọn, mong gặp khách thiện chí","43,26 triệu/m²",Hoàn thiện cơ bản,147 m²,Tây Nam,Chung cư,Hẻm xe hơi,Shophouse
DA,Cần mua,Đất Huyện Đức Hòa 125m²,4 phòng,Kim cương,Đã có sổ,Căn góc,Chưa bàn giao,700,Đất thổ cư,75 m²,23,2,25 m,- 125 m2,"Đường Ấp Rừng Dầu, Xã Mỹ Hạnh Bắc, Huyện Đức Hòa, Long An",5 m,3 phòng,750 triệu- 125 m2,Tây Bắc,"Nhà ngõ, hẻm",125 m2,Ban lô đất thổ cư shr. Dt 5x25 ấp rừng dầu mỹ hạnh bắc. Giá 750.lh đường 5 m liên hệ coi đất,6 triệu/m2,Hoàn thiện cơ bản,147 m²,Tây Nam,Chung cư,Nở hậu,Shophouse
DA,Cần mua,"cực sốc đại mỗ 45mx4t. mt 4m, 10m ô tô chỉ 2.6ty",3 phòng,Kim cương,Đã có sổ,Căn góc,Chưa bàn giao,700,Đất thổ cư,75 m²,23,2,10.5 m,- 40 m2,"Đường Đại Mỗ, Phường Đại Mỗ, Quận Nam Từ Liêm, Hà Nội",4 m,3 phòng,"2,6 tỷ- 40 m2",Tây Bắc,"Nhà ngõ, hẻm",40 m²,"+ nhà cách ngã tư vạn phúc 400m, nhà thiết kế chắc chắn giao thông đi lại thuận tiện, quý khách có thể đi từ liêm, cầu giấy theo hướng sa đôi, ra svd mỹ đình
+ sổ đỏ vuông đẹp sẵn sàng giao dich
+ quý khách có nhu hãy gọi tuyển 1985 ( nguồn nhà là vô tận, chắc chắn sẽ làm hài lòng quý khách",65 triệu/m²,Hoàn thiện cơ bản,45 m²,Tây Nam,Chung cư,Nở hậu,Shophouse
DA,Cần mua,Sang Nhượng Mặt Bằng Trà Sữa Royaltea,3 phòng,Kim cương,Giấy tờ khác,Căn góc,Chưa bàn giao,700,Đất thổ cư,150 m²,23,2,10.5 m,- 150 m2,"22, Đường Tân Quý, Phường Tân Quý, Quận Tân Phú, Tp Hồ Chí Minh",4 m,3 phòng,400 triệu- 150 m2,Tây Bắc,"Nhà ngõ, hẻm",40 m²,"Mặt bằng đang kinh doanh trà sữa Royaltea Vietnam By HongKong (chính hãng), mọi người có thể ghé để trải nghiệm
Mình sơ lược về mặt bằng:
- Vị trí: mặt tiền 22 Tân Quý, phường Tân Quý, quận Tân Phú, con đường sầm uất nhất khu vực (từ phía tân phú, tân bình, bình tân muốn đi chơi AEON + đi làm đều phải qua Tân Quý) cách AEON 300 mét
- Mặt Bằng:
 + Ngoại thất: sân rộng rãi thoáng mát, tòa nhà , có hầm gửi xe, dân cư cao cấp trên tòa nhà + biển hiệu rất nhiều
 + Nội thất: 
 - diện tích: ngang nhìn ngoài vào đến tậng gần 20 mét, diện tích cỡ 150 mét vuông
 - trang thiết bị cao cấp toàn bộ, rất dư nếu bạn muốn tiếp tục kinh doanh Royaltea hoặc mảng ăn uống cao cấp khác
 - *Xem hình để coi danh sách trang thiết bị*
Bạn nào có nhu cầu có thể hẹn gặp trao đổi qua số điện thoại này luôn nhé. giá cả thương lượng các lựa chọn:
- chỉ lấy 1 phần
- lấy toàn bộ + thương hiệu","2,67 triệu/m²",Nội thất cao cấp,45 m²,Đông,Chung cư,Nở hậu,Mặt bằng kinh doanh
DA,Cần mua,"BÁN ĐẤT 82M 4TỶ, PHÂN LÔ, ÔTÔ, THẠCH BÀN LONG BIÊN",3 phòng,Kim cương,Đã có sổ,Căn góc,Chưa bàn giao,700,Đất thổ cư,150 m²,23,2,10.5 m,- 82 m2,"Đường Thạch Bàn||1422, Phường Thạch Bàn, Quận Long Biên, Hà Nội",4 m,3 phòng,4 tỷ- 82 m2,Tây Bắc,"Nhà ngõ, hẻm",82 m2,"+ Diện tích 82m2, mặt tiền 8.2m, vuông trước sau.
+ Ngõ rộng, thẳng, liên thông, ô tô 500kg đỗ cửa.
+ Đi bộ ra UBND phường, trường cấp 1, 2, Hồ 2 Thạch Bàn, st Aeon Mall.
+ Gần nút giao Cổ Linh – Nguyễn Văn Linh – Thạch Bàn – Bát Khối.
+ Sổ đỏ chính chủ, sẵn sàng giao dịch.
+ Giá chào: 4 tỷ - có thương thảo.
+ Miễn phí: Dẫn xem nhà đất, hỗ trợ pháp lý, thủ tục sang tên sổ đỏ.
+ Liên hệ: Mr Chuẩn","48,78 triệu/m2",Nội thất cao cấp,45 m²,Đông,Chung cư,Hẻm xe hơi,Mặt bằng kinh doanh
DA,Cần mua,NHÀ PHÂN LÔ- 2 MẶT NGÕ ÔTÔ-KINH DOANH-AN SINH ĐỈNH,5 phòng,Kim cương,Đã có sổ,Căn góc,Chưa bàn giao,700,Đất thổ cư,150 m²,23,2,10.5 m,- 60 m2,"Đường Lê Trọng Tấn, Phường Khương Mai, Quận Thanh Xuân, Hà Nội",4 m,4 phòng,8 tỷ- 60 m2,Tây Bắc,"Nhà mặt phố, mặt tiền",60 m²,"NHÀ PHÂN LÔ- 2 MẶT NGÕ ÔTÔ- KINH DOANH- AN SINH ĐỈNH!
* Địa chỉ: Lê Trọng Tấn, Thanh Xuân, Hà Nội.
* Diện tích: 60m x 4 tầng còn khá mới, chủ mới mua về chỉ việc ở.
+ Nhà lô góc, cách phố 50m, 2 mặt ngõ, ngõ trước nhà rộng 5m, ngõ cạnh nhà rộng 4m, ô tô chạy vòng quanh, vào nhà thoải mái.
+ Phố Lê Trọng Tấn quy hoạch ổ định, hạ tầng giao thông đi lại thuận tiện, nơi tập trung nhiều cán bộ ngành Quân đội, nhiều khách tìm nhà nhưng ít nhà bán.
* Sổ đỏ chính chủ, sẵn sàng giao dịch
* Giá 9 tỷ (có thương lượng)
Lh: Thắng BĐS +để được dẫn xem và trực tiếp giao dịch với chủ nhà.","133,33 triệu/m²",Nội thất cao cấp,45 m²,Đông,Chung cư,Hẻm xe hơi,Mặt bằng kinh doanh
DA,Cần mua,Đất Huyện Đức Hòa 120m²,5 phòng,Kim cương,Đã có sổ,Căn góc,Chưa bàn giao,700,Đất thổ cư,150 m²,23,2,24 m,- 120 m2,"Đường Ấp Rừng Dầu, Xã Mỹ Hạnh Bắc, Huyện Đức Hòa, Long An",5 m,4 phòng,850 triệu- 120 m2,Tây Bắc,"Nhà mặt phố, mặt tiền",120 m2,Bán lô tho cu shr dt 5x24 Ấp rừng dầu my hanh bắc. Giá 850. Ac mua liên hệ coi đất nhé,"7,08 triệu/m2",Nội thất cao cấp,45 m²,Đông,Chung cư,Nở hậu,Mặt bằng kinh doanh
DA,Cần mua,Đất Mặt Tiền Hẻm Đường Dương Kỳ Hiệp TP Sóc Trăng,5 phòng,Kim cương,Đã có sổ,Căn góc,Chưa bàn giao,700,Đất thổ cư,150 m²,23,2,27 m,- 330 m2,"Đường Dương Kỳ Hiệp, Phường 2, Thành phố Sóc Trăng, Sóc Trăng",12 m,4 phòng,"1,8 tỷ- 330 m2",Tây Bắc,"Nhà mặt phố, mặt tiền",330 m2,"🛎🛎🛎 Mặt Tiền Hẻm Đường Dương Kỳ Hiệp Thành Phố Sóc Trăng 

💫 Ngang 12m dài 27m thổ cư 100%

📍Vị trí: Nền cao gáo bằng phẳng phù hợp cho quý khách hàng cất biệt thư để nghĩ dưỡng cuối tuần bên gia đình 

💵 Giá 1tỷ8 💵

🤝🤝 Anh chị có nhu cầu liên hệ em xem nền qua số điện thoại bên dưới

Em cám ơn.","5,45 triệu/m2",Nội thất cao cấp,45 m²,Đông,Chung cư,Hẻm xe hơi,Mặt bằng kinh doanh
DA,Cần mua,Bán 4183 M2 Đất xe hơi 289 Đoàn Thị Điểm 1.12tr/m2,5 phòng,Kim cương,Đã có sổ,Căn góc,Chưa bàn giao,700,Đất nông nghiệp,150 m²,23,2,70 m,- 4.183 m2,"Đường Đoàn Thị Điểm, Xã Lộc Thanh, Thành phố Bảo Lộc, Lâm Đồng",35 m,4 phòng,"4,7 tỷ- 4.183 m2",Tây Bắc,"Nhà mặt phố, mặt tiền",4183 m2,"Bán Đất Nở Hậu Phong Thuy Tốt.
Đường xe Hơi Chạy Vivu.
4183m2. Tương lai tiềm Năng. Chỉ 1.12 triệu/m2. Đầu tư lâu dài sinh lời bền Vững
Khu Dân cư Hiện Hữu. Thương Lượng Mạnh Khách Thiện chí","1,12 triệu/m2",Nội thất cao cấp,45 m²,Đông,Chung cư,Hẻm xe hơi,Mặt bằng kinh doanh
DA,Cần mua,"Gia đình cần bán lô đất 1000M2, quy hoạch đất ở",5 phòng,Kim cương,Đã có sổ,Căn góc,Chưa bàn giao,700,Đất nông nghiệp,150 m²,23,2,40 m,- 1.000 m2,"Đường Hùng Vương, Xã Vĩnh Thanh, Huyện Nhơn Trạch, Đồng Nai",25 m,4 phòng,"1,35 tỷ- 1.000 m2",Tây Bắc,"Nhà mặt phố, mặt tiền",1000 m2,"Lô đất thuộc xã Vĩnh Thanh, đường xe hơi.
Diện tích 1000m2.
Kích thước 25x40m.
Quy hoạch đất thổ cư, xung quanh đã lên thổ cư.

Sát rạch mát mẻ, xe hơi đến đất.
Cách nhà dân 100m, đường rải đá mi.

Lô đất cách đường 25C nối sang sân bay Long Thành chỉ 500m.
Cách đường Cát Lái 1km, tương lai di chuyển về Q2 chỉ 10p.

Lô đất này là lô đất rẻ có đường xe hơi đi đến. Chỉ 1,35 triệu/m2.

Các lô đất trong khu vực đang bán giá từ 1 triệu 8~2 triệu/m2.

Lô đất sổ hồng, pháp lý an toàn, có văn bản thông tin quy hoạch từ phòng tài nguyên môi trường tỉnh.","1,35 triệu/m2",Nội thất cao cấp,45 m²,Đông,Chung cư,Hẻm xe hơi,Mặt bằng kinh doanh
DA,Cần mua,nhà Khu dân cư Đại Nam 53.8m²,2 phòng,Kim cương,Đã có sổ,Căn góc,Chưa bàn giao,700,Đất nông nghiệp,150 m²,23,1,13.3 m,- 53 m2,"Đường Đinh Đức Thiện, Xã Long Hòa, Huyện Cần Đước, Long An",4 m,2 phòng,"1,5 tỷ- 53 m2",Tây Bắc,Nhà phố liền kề,53 m²,"NHÀ PHỐ LIỀN KỀ MT ĐINH ĐỨC THIỆN GIÁP GẦN CHỢ BÌNH CHÁNH
 MỞ BÁN 70 CĂN GĐ ĐẦU 
CÓ XE ĐƯA RƯỚC VÀO CHỦ NHẬT HÀNG TUẦN
GIÁ CHỈ TỪ 1,5 TỶ/CĂN
NHẬN BOOKING 50TR/CĂN
SỔ HỒNG RIÊNG ( HOÀN CÔNG 30TR/CĂN)
NHẬN NHÀ NGAY,CÔNG CHỨNG SANG TÊN TRONG NGÀY
DT(4 x 14m; 5 x 15m …) 1 trệt,1 lầu,2PN, 2WC
HOÀN THIỆN NỘI THẤT CƠ BẢN LIỀN TƯỜNG
@ CHÍNH SÁCH ƯU ĐÃI HẤP DẪN @
-Ngân hàng hỗ trợ vay 50%
- THANH TOÁN 30% TẶNG NGAY 60 TRIỆU 
- THANH TOÁN 70% TẶNG XE AB(45TR) + 60 TRIỆU
** cách mặt tiền đường Đinh Đức Thiện 6 làn xe, cách Quốc lộ 1A chỉ tầm 5Km 
** chỉ 10p đến khu CN Vĩnh Lộc 2 Bến Lức
** chỉ 5p đến siêu thị Điện Máy Xanh Gò Đen
** chỉ 5p đến UBND xã Long Hoà
** chỉ 5p đến Gần công viên Rạch KIến
** chỉ 10p đến Gần Trường tiểu học,THCS,THPT Long Hoà
** chỉ 20p đến khu dân cư Phú Mỹ Hưng
** chỉ 10p đến khu chợ Bình Chánh
** Nằm trong khu dân cư dân trí cao yên tỉnh .
-Cách 10km siêu thị Aeon
-Cách 5km cao tốc Bến Lức- Long Thành
-Cách 8km Bến Xe Miền Tây mới
-Cách 5km đường vành đai 4
***Giao thông được quy hoạch cực kỳ thuận lợi gần cửa ngỏ khu Tây Nam Sài Gòn , kết nối với các tỉnh miền Tây , trong tương lai khi Cao Tốc Bến Lức – Long Thành hoàn thiện sẽ kết nối với các tỉnh phía Đông như Bình Dương , Đồng Nai , Bà Rịa
LH PKD","28,3 triệu/m²",Hoàn thiện cơ bản,88 m²,Nam,Chung cư,Hẻm xe hơi,Mặt bằng kinh doanh
DA,Cần mua,Bán đất Tân Thạnh Đông,2 phòng,3,Đã có sổ,Căn góc,Chưa bàn giao,3,Đất thổ cư,150 m²,23,1,26 m,- 132 m2,"Đường Bến Than, Xã Tân Thạnh Đông, Huyện Củ Chi, Tp Hồ Chí Minh",5 m,2 phòng,"1,45 tỷ- 132 m2",Tây Bắc,Nhà phố liền kề,132 m2,"Bán lô đất #Tân Thạnh Đông củ chi 
Diện tích 132m2
Mặt tiền đường nhựa 
Hai mặt tiền 
Gần trường gần chợ
Giá hữu nghị 1tỷ450
1 lô","10,98 triệu/m2",Hoàn thiện cơ bản,88 m²,Tây Bắc,Chung cư,Mặt tiền,Mặt bằng kinh doanh
DA,Cần mua,"Nhà đẹp đón Tết, ngõ ô tô, 36m2x5T, MT 4m, giá 3tỷ",4 phòng,3,Đã có sổ,Căn góc,Chưa bàn giao,3,Đất thổ cư,150 m²,23,5,9 m,- 36 m2,"Đường Nhân Hòa, Phường Nhân Chính, Quận Thanh Xuân, Hà Nội",4 m,5 phòng,3 tỷ- 36 m2,Tây Bắc,"Nhà ngõ, hẻm",36 m²,"- Vị trí đẹp, trung tâm quận Thanh Xuân, ngõ thông các ngả, giao thông thuận tiện.
- Nhà xây mới xây rất chắc chắn, thiết kế hiện đại, tiện nghi:
+ Diện tích 36m2, mặt tiền 4m rộng rãi giúp nhà có không gian thoáng, bài trí kiểu gì cũng đẹp.
+ Đầy đủ phòng khách, nhà bếp, chỗ để xe, phòng ngủ, phòng thờ, sân phơi.
+ Nội thất nhập khẩu xịn, bền đẹp với năm tháng
+ Có giếng trời giúp nhà thoáng, không khí trong lành, đầy đủ ánh sáng và có 2 thoáng trước sau vĩnh viễn.
- Hàng xóm thân thiện, an ninh tuyệt đối, để ở thì không có gì phải chê.
- Đầy đủ tiện ích xung quanh, gần trường học các cấp, tạp hoá, chợ, siêu thị, bệnh viện.
- Sổ đỏ chính chủ, không tranh chấp pháp lý hay quy hoạch, chỉ chờ sang tên.
- Liên hệ em Trường (Chuyên viên tư vấn BĐS) SĐT: (Zalo) để được đi xem nhà và tư vấn pháp lý miễn phí !!!
- Đừng ngại liên hệ và chia sẻ nhu cầu về nhà đất vì em còn rất nhiều nhà đang cần tìm chủ !!!","83,33 triệu/m²",Nội thất đầy đủ,36 m²,Tây Bắc,Chung cư,Hẻm xe hơi,Mặt bằng kinh doanh
DA,Cần mua,Bán nhà mới hẻm lớn nhà 2 phòng ngủ 2 tolet,2 phòng,3,Đã có sổ,Căn góc,Chưa bàn giao,3,Đất thổ cư,150 m²,23,5,9 m,- 25 m2,"Đường Quang Trung, Phường 10, Quận Gò Vấp, Tp Hồ Chí Minh",4 m,2 phòng,"2,8 tỷ- 25 m2",Tây Bắc,"Nhà ngõ, hẻm",25 m²,Bán nhà mới hẻm lớn 2 phòng ngủ 2 tolet gần nhà trường học bệnh viện chợ thông tây,112 triệu/m²,Nội thất đầy đủ,36 m²,Tây Bắc,Chung cư,Hẻm xe hơi,Mặt bằng kinh doanh
DA,Cần mua,"Cách 1 căn ra mặt tiền, HXH, 4 lầu kiên cố tặng NT",3 phòng,3,Đã có sổ,Căn góc,Chưa bàn giao,3,Đất thổ cư,150 m²,23,5,14 m,- 68 m2,"Đường Dương Quảng Hàm, Phường 5, Quận Gò Vấp, Tp Hồ Chí Minh",4.6 m,2 phòng,"5,5 tỷ- 68 m2",Tây Bắc,"Nhà ngõ, hẻm",68 m²,"KHU VIP GÒ VẤP - 1 CĂN RA MẶT TIỀN DƯƠNG QUẢNG HÀM ĐẮT ĐỎ - HẺM XE HƠI - 4 LẦU BTCT - TẶNG NỘI THẤT GIÁ TRỊ - ĐẦU TƯ CHÀO GỌI.

* Kết cấu : Ngang 4,6m, nở hậu 5m, dài 14m. Nhà xây 4 tầng . PN + P Bếp + P khách + Sân Thượng + Sân để xe rộng. Hẻm trước nhà 3m, oto đỗ cửa cách đường chính một căn nhà, hẻm cụt yên tĩnh ,an ninh dân trí cao.Giao thông kết nối các quận trung tâm.

* Vị trí :Cực đẹp nằm trong khu phân lô khu VIP.
Thuận lợi cho phát triển kinh doanh mua bán, mở văn phòng công ty, Showroom..

Hiện tại đường Dương Quảng hàm đang mở rộng 32m, thành trục chính Gò Vấp ra Phạm Văn Đồng, giải tỏa nạn ùn tắc giao thông ra sân bay chỉ trong nháy mắt. Càng làm bất động sản gia tăng giá trị sau khi làm đường cơ hội đầu tư vào khu vực đáng sống.

* Tiện ích: ra ngã tư Phan Văn Trị , Nguyễn Thái Sơn , Phạm Văn đồng rất gần. giáp ranh quận Bình Thạnh và cách bến xe miền Đông chỉ trong 2km. VINCOM GV, Đại học Văn Lang, Đại học Công Nghiệp.

*Sổ hồng chính chủ, hoàn công đầy đủ, công chứng sang tên trong ngày.","80,88 triệu/m²",Nội thất cao cấp,59 m²,Tây Bắc,Chung cư,Nở hậu,Mặt bằng kinh doanh
DA,Cần mua,"NHÀ ĐẶNG TIẾN ĐÔNG 44M2, 3.4 MẶT TIỀN, GIÁ 8.35 TỶ",4 phòng,3,Đã có sổ,Căn góc,Chưa bàn giao,3,Đất thổ cư,150 m²,23,5,14 m,- 44 m2,"Đường Đặng Tiến Đông||348, Phường Láng Hạ, Quận Đống Đa, Hà Nội",3.4 m,4 phòng,"8,35 tỷ- 44 m2",Tây Bắc,"Nhà ngõ, hẻm",44 m²,"Cần giải quyết việc gia đình, bán nhanh nhà Đặng Tiến Đông, thiết kế 4 tầng, 4 ngủ, phòng khách, bếp, để xe, phòng thờ và sân phơi, đầy đủ công năng. Nhà 44m2, mặt tiền 3.4m. Ngay cạnh bệnh viện Nông nghiệp, chi cục Thuế, ngõ to rộng, ô tô đỗ thoải mái, thông sang Thái Hà, Yên Lãng, Hoàng Cầu. Tiện ích xung quanh nhà không thiếu, trong bán kính 300 -400 m là Trung tâm chiếu phim Quốc Gia, Trung tâm thương mại Parkson có đủ, rất tiện giao thông đi lại. Bãi đỗ xe cách nhà vài chục mét.
Nhà chủ tự xây rất chắc chắn, chủ muốn bán nhanh, giá vào việc 8.35 tỷ, liên hệ","189,77 triệu/m²",Nội thất đầy đủ,44 m²,Tây Bắc,Chung cư,Hẻm xe hơi,Mặt bằng kinh doanh
DA,Cần mua,"Bán nhà mặt phố Nguyễn Huy Tưởng chỉ 5,5 tỉ,",4 phòng,3,Đang chờ sổ,Căn góc,Chưa bàn giao,3,Đất thổ cư,45 m²,23,5,14 m,- 45 m2,"Đường Nguyễn Huy Tưởng, Phường Nhân Chính, Quận Thanh Xuân, Hà Nội",3.4 m,4 phòng,"5,5 tỷ- 45 m2",Tây Bắc,"Nhà ngõ, hẻm",44 m²,"Nhà cần bán hiện đang cho thuê 35 triệu/t là con phố sầm uất bậc nhất quận Thanh Xuân đó là phố Nguyễn Huy Tưởng
 Nhà xây 3 tầng cũ, 45m2 x 3 tầng, mặt tiền 5,6m
 Chủ coi như bán đất nên giá rẻ chỉ 5,5 tỉ
 Lh e Linh để được tư vấn chi tiết","122,22 triệu/m²",Nội thất đầy đủ,44 m²,Tây Bắc,Chung cư,Hẻm xe hơi,Mặt bằng kinh doanh
DA,Cần mua,"NHÀ CUỐI PHỐ BÀ TRIỆU,MẶT NGÕ THÔNG,XÂY ĐỘC LẬP",4 phòng,3,Đã có sổ,Căn góc,Chưa bàn giao,3,Đất thổ cư,45 m²,23,4,10 m,- 35 m2,"Đường Bà Triệu, Phường Hà Cầu, Quận Hà Đông, Hà Nội",3.5 m,3 phòng,"2,9 tỷ- 35 m2",Tây Bắc,"Nhà mặt phố, mặt tiền",35 m²,"Nhà xây độc lập,thiết kế 1 tầng 2 phòng ngủ,ngõ thông,gần chợ Hà Đông.ngã 5 Hà Trì,giao thông thuận tiện.
- Diện tích 35m2
- Mặt tiền 4m
* Nhà xây 4 tầng gồm: phòng khách,bếp ,4Phòng ngủ, 4WC, Phòng thờ + Sân giặt phơi đồ 
*Nội thất: Nội thất cơ bản đầy đủ,cửa 2 lớp:cửa sắt +cửa gỗ.thiết bị điện,vệ sinh cao cấp....
Pháp lý : Sổ đỏ chính chủ + Giấy phép xây dựng
* Giá bán: 2.9 tỷ có thương lượng và bao phí sang tên sổ
Liên hệ: E Linh - BDS thổ cư Hà Đông","82,86 triệu/m²",Hoàn thiện cơ bản,35 m²,Đông Nam,Chung cư,Nở hậu,Mặt bằng kinh doanh
DA,Cần mua,"Đất Lương Sơn,đường ĐT 716,chỉ 60k/m2,Đường ôtô",4 phòng,3,Đã có sổ,Căn góc,Chưa bàn giao,3,Đất nông nghiệp,45 m²,23,4,10 m,- 10.000 m2,"Đường 716, Thị trấn Lương Sơn, Huyện Bắc Bình, Bình Thuận",3.5 m,3 phòng,600 triệu- 10.000 m2,Tây Bắc,"Nhà mặt phố, mặt tiền",10000 m2,"Vị trí : ĐT716 - Lương Sơn - Bắc Bình - Bình Thuận ( Cách đường Lê Hồng Phong 500m )
 Diện tích : 13 hecta
 Pháp lý : Sổ đỏ trao tay
 Giá : 600 triệu/ha
 Thuận Lợi :
+ Thế đất bằng phẳng , đất đỏ bazan màu mở
+ Đường rộng rãi , xe tải ra vào thoải mái.
+ Đất nằm giữa thị trấn Bắc Bình ( Chợ Lầu và các khu du lịch nổi tiếng của Bình Thuận như:
* KDL đẹp nhất tại Bình Thuận Bàu Trắng Bàu Sen.
* Cách thành phố Phan Thiết chỉ 40 phút.
* và Cách Mũi Né chỉ 20 phút.

_ Phù hợp :
+ Nông nghiệp sạch
+ Trang trại nghỉ dưỡng
+ Năng lượng điện",60.000 đ/m2,Hoàn thiện cơ bản,35 m²,Đông Nam,Chung cư,Nở hậu,Mặt bằng kinh doanh
DA,Cần mua,"BÁN ĐẤT 75M, 4.9TỶ, ÔTÔ TRÁNH, SÀI ĐỒNG, LONG BIÊN",4 phòng,3,Đã có sổ,Căn góc,Chưa bàn giao,3,Đất thổ cư,45 m²,23,4,10 m,- 75 m2,"Đường Sài Đồng, Phường Sài Đồng, Quận Long Biên, Hà Nội",3.5 m,3 phòng,"4,9 tỷ- 75 m2",Tây Bắc,"Nhà mặt phố, mặt tiền",75 m2,"+ Diện tích 75m2, mặt tiền 6m.
+ Vị trí: phân lô, trung tâm phường Sài Đồng, quy hoạch sạch.
+ Đường trước nhà: Ô tô hai chiều, kết nối liên thông đến VINHOME RIVERSIDE, FLC BUILDING, các tòa Chung cư.
+ Sổ đỏ chính chủ, sẵn sàng giao dịch.
+ Giá chào: 4.9 tỷ - có thương thảo.
+ Miễn phí: Dẫn xem nhà đất, hỗ trợ pháp lý, thủ tục sang tên sổ đỏ.
+ Liên hệ: Mr Chuẩn","65,33 triệu/m2",Hoàn thiện cơ bản,35 m²,Đông Nam,Chung cư,Hẻm xe hơi,Mặt bằng kinh doanh
DA,Cần mua,Đất Huyện Đức Hòa 125m²,4 phòng,3,Đã có sổ,Căn góc,Chưa bàn giao,3,Đất thổ cư,45 m²,23,4,25 m,- 125 m2,"ấp giồng lớn, Xã Mỹ Hạnh Nam, Huyện Đức Hòa, Long An",5 m,3 phòng,700 triệu- 125 m2,Tây Bắc,"Nhà mặt phố, mặt tiền",125 m2,Rớt bể tông 5m thông..cách nhựa giồng lớn 300m..đường 4m thông..5x25shr giá 700tr ktl.lh,"5,6 triệu/m2",Hoàn thiện cơ bản,35 m²,Đông Nam,Chung cư,Mặt tiền,Mặt bằng kinh doanh
DA,Cần mua,"NHÀ 1 TRỆT 4 LẦU PHẠM VĂN ĐỒNG, BT, THUÊ 450TR/NĂM",9 phòng,3,Đã có sổ,Căn góc,Chưa bàn giao,3,Đất thổ cư,45 m²,23,4,13 m, GIÁ TỐT,"Đường Phạm Văn Đồng, Phường 13, Quận Bình Thạnh, Tp Hồ Chí Minh",4 m,Nhiều hơn 6 phòng,"9,3 tỷ GIÁ TỐT- 52 m2",Tây Bắc,"Nhà ngõ, hẻm",52 m²,"Dự án: BÁN NHÀ ĐƯỜNG PHẠM VĂN ĐỒNG, P.13, Q. BÌNH THẠNH, GIÁ CHO THUÊ 430-500 TRIỆU/NĂM.
 Thông tin chi tiết: BÁN NHÀ ĐƯỜNG PHẠM VĂN ĐỒNG, P.13, Q. BÌNH THẠNH, GIÁ CHO THUÊ 430-500 TRIỆU/NĂM

• Vị trí: Hẻm xe tải 554 Phạm Văn Đồng, P. 13, Q. Bình Thạnh, chân cầu Bình Lợi mới.
• Diện tích đất: 4x13 = 52 m2, đất ODT toàn bộ.
• Nhà 1 trệt, 4 lầu, mái che cầu thang BTCT, đã hoàn công SHR (xong cuối năm 2018). 
• Diện tích sử dụng thực tế: 254 m2
• 9 phòng ngủ, 9 toilet, 1 phòng khách/để xe.
• Cách GigaMall 700m, cách EMart Gò Vấp 900m, cách sân bay Tân Sơn Nhất 2km.
• Hẻm xe tải mới làm cống và đường bê tông, không ngập úng.
• Hẻm chuyên cho thuê nhà trọ cao cấp giá 5-8 triệu/phòng/tháng.
• Giá tự cho thuê: 36-42 triệu/tháng, 430-500 triệu/năm.
• Giá cho thuê nguyên căn: 27-32 triệu/tháng, 320-380 triệu/năm.
• Hợp đồng đang cho thuê: 24 triệu/tháng, 290 triệu/năm (đến đầu 2023), khách thuê cho thuê lại căn hộ dịch vụ ~500 triệu/năm.
• Giá bán: 9.3 tỉ
• Liên hệ: A. Đức - (từ 8h-20h)
• Hoa hồng: 2% cho môi giới","178,85 triệu/m²",Hoàn thiện cơ bản,254 m²,Tây,Chung cư,Hẻm xe hơi,Mặt bằng kinh doanh
DA,Cần mua,Chung cư AEON Bình Tân 40m² 2PN 299Tr Vay 50%,2 phòng,A,Đã có sổ,Căn góc,Chưa bàn giao,3,Đất thổ cư,40 m²,12,4,13 m,- 40 m2,"Đường Bùi Tư Toàn, Phường An Lạc, Quận Bình Tân, Tp Hồ Chí Minh",4 m,2 phòng,299 triệu- 40 m2,Tây Nam,"Nhà ngõ, hẻm",52 m²,"Căn hộ AEON Bình Tân, 299tr/căn,LK Bến Xe Miền Tây,Bank 50%, View đẹp, thông 
Căn hộ thiết kế hiện đại,sở hữu chỉ 299tr (30%) bạn không tin liên hệ tôi!.
 - Nằm mặt tiền Bùi Tư Toàn, đường rộng 12m sẽ mở rộng lộ giới thành 20m. 
- Cách các trung tâm tiện ích lớn như: AEON Bình Tân, BX.Miền Tây chỉ vài bước chân. 
- Đặc biệt nằm liền kề với KCD Tên Lửa giá đất cực kỳ cao, mà giá thành căn hộ chỉ từ 20-23/m2. 
- Sở hữu thiết kế hiện đại, có gác lửng giúp tối đa diện tích sử dung của mỗi căn hộ.
 - Khu dân cư an ninh, có camera, bảo vê trực 24/24. 
- Chính sách thanh toán cực tốt, hỗ trợ khách hàng vay 50% trong 10-20nam.
- Liên hệ: 0775.486.168 để đi xem và thông tin vay","7,48 triệu/m²",Nội thất cao cấp,254 m²,Đông Nam,Chung cư,Hẻm xe hơi,Mặt bằng kinh doanh
DA,Cần mua,Nhà chính chủ Tân Bình bán gấp trước tết!,4 phòng,A,Đã có sổ,Căn góc,Chưa bàn giao,3,Đất thổ cư,40 m²,12,5,13 m,- 60 m2,"Đường Tân Trụ, Phường 15, Quận Tân Bình, Tp Hồ Chí Minh",4 m,5 phòng,"6,2 tỷ- 60 m2",Tây Nam,"Nhà ngõ, hẻm",60 m²,"Chính chủ bán Gấp nhà Tân Bình sổ hồng riêng chính chủ, xây dựng mới kiên cố và sang trọng. Nhà có thể cho thuê kiếm lợi nhuận ổn định.
Giá bán : 6.2 tỷ (thương lượng)
⚡ Nhà bán Tân Bình diện tích khuôn viên: 4 x 13m nở hậu 5.5m. Diện tích sàn: 300m2.
⚡ Kết cấu BTCT kiên cố: 1 trệt 1 lửng 3 lầu – sân thượng.
⚡ Thiết kế bố cục phòng gồm: Phòng khách, bếp, 4 phòng ngủ, 5WC, phòng giặt, phòng thờ, sân để xe hơi rộng rãi.
Hướng nhà Đông Nam.
✅ Vị trí: đường Tân Trụ, phường 15 Tân Bình, đường trước nhà 4.5m.
+ Chợ Tân Trụ, siêu thị Big C.
 + Gần khu Metro đang làm.
 + Tiện di chuyển qua các quận trung tâm như Tân Phú, Tân Bình, Phú Nhuận. 
+ Ra sân bay chỉ mất 10 phút. 
+ Khu dân cư xung quanh an ninh, dân trí cao.
Phù hợp với vợ chồng mới cưới, nhà có 4 - 6 thành viên. 
Nhận ngay nhà xịn đón chào năm mới đầy may mắn.
👉 Chỉ cần liên hệ A.Kiệt","103,33 triệu/m²",Nội thất đầy đủ,300 m²,Đông Nam,Chung cư,Hẻm xe hơi,Mặt bằng kinh doanh
DA,Cần mua,"Cân bán ,nhà hoang hoa ,tham p 5 p nhuân",2 phòng,A,Đã có sổ,Căn góc,Chưa bàn giao,3,Đất thổ cư,40 m²,12,5,13 m,- 50 m2,"Đuong Hoang Hoa Tham, Phường 5, Quận Phú Nhuận, Tp Hồ Chí Minh",4 m,2 phòng,"5,9 tỷ- 50 m2",Tây Nam,"Nhà ngõ, hẻm",50 m²,"cân ban can nha đep ,hoang hoa tham p 5
phu nhuân ,dt 4x13m cong nhân 50m câu truc nha 1 tret 1 lâu đuc đep ,khu vuc sach se an ninh tot ,hem xe hoi nho ,gia 5,9 ty c tluong nha nhu hinh đang ,gia tot",118 triệu/m²,Nội thất đầy đủ,100 m²,Đông Nam,Chung cư,Nở hậu,Mặt bằng kinh doanh
DA,Cần mua,Bán nhà 1 trệt gác đúc suốt hẻm ô tô tới nhà.,2 phòng,A,Giấy tờ khác,Căn góc,Chưa bàn giao,3,Đất thổ cư,40 m²,12,5,12 m,- 48 m2,"Đường Thới Tam Thôn 12, Xã Thới Tam Thôn, Huyện Hóc Môn, Tp Hồ Chí Minh",4 m,2 phòng,"1,55 tỷ- 48 m2",Tây Nam,"Nhà mặt phố, mặt tiền",48 m²,"Do lớn tuổi về ở với con nên cần bán nhanh trong tuần.
Hạ giá tới 200tr chốt nhanh cho khách thiện trí mua ở hoặc kinh doanh.
- Đ/c : Thới Tam Thôn Hóc Môn 
- Nhà trệt gác đúc suốt mới keng xà ben chỉ có việc kéo vali vào ở ngay. 
- Diện tích : 4m x 12m tổng diện tích 48m2.
- Nhà chủ xây ở tâm huyết nên rất kiên cố và chắc chắn, do lớn tuổi bán về con cái chăm sóc chứ tiết lắm.
- Điện nước nhà nước, nhà đóng thuế nhà đất hàng năm.
- Nhà xây năm 2008 làm sổ được nhe anh chị, hiện tại đang làm sổ nhà xây năm 2006.
- Hẻm ô tô vô tới nhà, khu an ninh dân trí cao
- Nằm ngay khu vực trung tâm Huyện.
- Đầy đủ các tiện ích, chợ Hóc Môn, Siêu thị, chợ trường học, bệnh viện......!
- Mua bán công chứng vi bằng, pháp lú giấy tờ đầy đủ.
- Giá : chốt nhanh 1,55 tỷ ( giá củ 1,75 tỷ )","32,29 triệu/m²",Nội thất đầy đủ,48 m²,Đông Nam,Chung cư,Hẻm xe hơi,Mặt bằng kinh doanh
DA,Cần mua,bán nhà Quận Hoàng Mai 58m²,5 phòng,A,Giấy tờ khác,Căn góc,Chưa bàn giao,3,Đất thổ cư,40 m²,12,5,12 m,- 58 m2,"Đường Kim Giang, Phường Đại Kim, Quận Hoàng Mai, Hà Nội",3.8 m,5 phòng,"6,8 tỷ- 58 m2",Tây Nam,"Nhà ngõ, hẻm",58 m²,"CHỐT NHÀ ĐÓN TẾT, KIM GIANG, HOÀNG MAI, Ô TÔ ĐỖ CỬA, 58M X 5 TẦNG, GIÁ 6.8 TỶ.
+ Vị trí giao thông thuận tiện, Ô tô vào tận nhà, ngõ rộng 4.5m, tiện kinh doanh, làm văn phòng.
+ Chủ nhà xây chắc chắn, thiết kế hiện đại, nội thất cao cấp, thiết bị vệ sinh nhập khẩu, cửa và cầu thang làm bằng gỗ Lim.
+ Nhà 5 tầng, 5 phòng ngủ, tầng 1 làm gara Ô tô xe 7 chỗ vào nhà, tầng 5 sân phơi, tiểu cảnh, hiện nhà đang cho thuê 15 triệu/ tháng, gần kề khu đô thị Đại Kim, Nguyễn Xiển.
+ Sổ đỏ đẹp.
Giá bán: 6.8 tỷ.
LH: Vũ Nghĩa .","117,24 triệu/m²",Nội thất đầy đủ,290 m²,Đông Nam,Chung cư,Hẻm xe hơi,Mặt bằng kinh doanh
DA,Cần mua,Lô đất nằm ngay Trung Tâm TP,5 phòng,A1,Đã có sổ,Căn góc,Chưa bàn giao,3,Đất thổ cư,40 m²,12,5,16.5 m,- 165 m2,"11, Ngô Văn Năm, Phường Tân Lợi, Thành phố Buôn Ma Thuột, Đắk Lắk",10 m,5 phòng,"3,5 tỷ- 165 m2",Tây Nam,"Nhà ngõ, hẻm",165 m2,"🌹🌹🌹CHÍNH CHỦ 🌹🌹🌹
➡️Còn 1 lô đất nằm ngay trung tâm TP. Nằm giữa khu phố Hiệp Phúc và Làng cà phê Trung Nguyên. 
✅Diện tích: 10*16,5m
✅Thổ cư: 80m2
✅hướng: đông bắc
✅giá: 3,5 tỷ( có bán lẻ)
Ib hoặc gọi gặp Bích để biết thêm thông tin ạ!","21,21 triệu/m2",Nội thất đầy đủ,290 m²,Đông Bắc,Chung cư,Mặt tiền,Mặt bằng kinh doanh
DA,Cần mua,Bán nhanh lô đầu ve ngay cạnh trường ĐH Hồng Đức,5 phòng,A1,Đã có sổ,Căn góc,Chưa bàn giao,3,Đất thổ cư,40 m²,12,5,16.5 m,- 96 m2,"Đường Bùi Sỹ Lâm, Phường Quảng Thành, Thành phố Thanh Hóa, Thanh Hóa",5 m,5 phòng,"1,25 tỷ- 96 m2",Tây Nam,"Nhà ngõ, hẻm",96 m2,"- Cần tiền bán gấp lô đất đầu ve mặt đường Bùi Sỹ Lâm ngay cạnh trường đại học Hồng Đức.
- Vị trí đẹp ngay phía cạnh trường đại học, cách quốc lộ 1A chỉ 500m.
- Diện tích: 96m2, ngang 5m. 3 mặt thoáng.
- Đường quy hoạch 15m.
- Gần trường học, bệnh viện, chợ, cây xăng….
- Thích hợp vừa ở vừa kinh doanh. Đất 3 mặt thoáng, xây nhà ở sẽ không bí như đất liền kề.
- Tiềm năng tăng giá cao khi trục đường quy hoạch sắp triển khai. Trường đại học Hồng Đức sẽ mở thêm cổng phía đường Bùi Sỹ Lâm.
- Đất đẹp vuông, sổ đỏ trao tay, sang tên nhanh cho khách thiện chí.","13,02 triệu/m2",Nội thất đầy đủ,290 m²,Đông Bắc,Chung cư,Mặt tiền,Mặt bằng kinh doanh
DA,Cần mua,Bán nhà Gò Vấp giá rẻ full nội thất cao cấp!,4 phòng,A1,Đã có sổ,Căn góc,Chưa bàn giao,3,Đất thổ cư,40 m²,12,5,13 m,- 52 m2,"Đường Số 8, Phường 11, Quận Gò Vấp, Tp Hồ Chí Minh",4 m,5 phòng,"5,8 tỷ- 52 m2",Tây Nam,"Nhà ngõ, hẻm",52 m²,"Cần bán nhà Gò Vấp, Nhà phố tuyệt đẹp tặng nội thất giá 5.8 tỷ! Sổ hồng chính chủ, sang tên ngay.
Vị trí: 1 trục đường số 8 phường 11, Gò Vấp hẻm 5m, gần trường học cơ sở Nguyễn Du, cách trường 100m.
Hướng nhà: Bắc.
Diện tích: 4x13m
 Tuyến đường tiếp giáp: Đường số 8, Nguyễn Văn Khối, Thống Nhất, Lê Văn Thọ, QUang Trung, Phan Văn Trị, Nguyễn Văn Lượng,... rất thuận tiện để quý khách di chuyển.
THIẾT KẾ: lệch tầng 1 trệt 1 lửng 3 - sân thượng lầu thông thoáng gồm: 4PN, 5WC, phòng khách, phòng bếp, phòng thờ, phòng giặt.
iện ích xung quanh: 
 + Nhà nằm ở vị trí 1 trục, cực kì tiện lợi, gần trung tâm và các dịch vụ tiện ích như: Gần Lotte Nguyễn Văn Lượng, Coopmart Quang Trung, bệnh viện Gò Vấp mới, chợ Hạnh Thông Tây, công viên Làng Hoa, ngay sát bên là trường trung học cơ sở Nguyễn Du, trường tiểu học Võ Thi Sáu, trường tiểu học Phan Chu Trinh, trường trung học co cở Phan Tây Hồ.
 + Vị trí rất đông vui, nhộn nhịp cả ngày, hẻm sạch sẽ, thoáng mát, cao ráo, dân cư trí thức.
Liên hệ: Anh Việt","111,54 triệu/m²",Nội thất đầy đủ,260 m²,Đông Nam,Chung cư,Hẻm xe hơi,Mặt bằng kinh doanh
DA,Cần mua,Mặt tiền 170m lộ nông thôn 13297m phụng hiệp,4 phòng,A1,Đã có sổ,Căn góc,Chưa bàn giao,3,Đất thổ cư,40 m²,12,5,80 m,- 13.297 m2,"Đường Quốc Lộ 61, Xã Hòa An, Huyện Phụng Hiệp, Hậu Giang",170 m,5 phòng,"1,462 tỷ- 13.297 m2",Tây Nam,"Nhà ngõ, hẻm",13297 m2,"Gia đình chú Chủ ở xa không người canh tác nên gửi Kênh Nhà Đất Hậu Giang bán miếng đất mặt tiền nông thông khoảng 170m.

1/ MÔ TẢ VỊ TRÍ:
+ Đất tại xã Hòa An, huyện Phụng Hiệp, tỉnh Hậu Giang.
+ Cầu Xẻo Trăm quốc lộ 61A vào khoảng 2km tới đất.

2/ GIÁO DỤC – TIỆN ÍCH:
+ Cách trường Đại học Cần Thơ khu Hòa An khoảng 3km.
+ Cách chợ chỉ 2km, cách 4km có Thiền Viện Trúc Lâm.
+ Có thể phân lô tách nền bán lại được, lên thổ cư được.
+ Cách chợ Cầu Móng 4km, cách ủy ban xã 4km.

3/ PHÁP LÝ:
+ Diện tích: 13.297m2, mặt tiền khoảng 170m.
+ Pháp lý: Sổ hồng.
+ Hướng: Tây bắc.
+ Lộ giới: 2m nông thôn, dự mở 3.5m
+ Giá bán : 110tr/1000m2, tổng trị giá khoảng 1.46 tỷ (Cam kết giá chính chủ, không kê nâng giá).

Quý khách có nhu cầu mua và cần đi xem thực tế vui lòng liên hệ trước với chúng tôi để được hỗ trợ tốt có thể.
Cảm ơn Quý khách.
#nhadathaugiang",109.949 đ/m2,Nội thất đầy đủ,260 m²,Tây Bắc,Chung cư,Hẻm xe hơi,Mặt bằng kinh doanh
DA,Cần mua,Chào bán lô đất bùi trang chước giá tốt,4 phòng,A1,Đã có sổ,Căn góc,Chưa bàn giao,3,Đất nền dự án,40 m²,12,5,20 m,- 100 m2,"Bùi Trang Chước, Phường Hòa Xuân, Quận Cẩm Lệ, Đà Nẵng",2 m,5 phòng,"3,7 tỷ- 100 m2",Tây Nam,"Nhà ngõ, hẻm",100 m2,"Chào bán lô đất bùi trang chước giá tốt
B1.14 ĐB 
Diện tích đất: 100m2
Bao bọc xung quanh là các tiện ích bậc khu vực như
Gần công viên cây xanh trường học , bệnh viện, quảng trường , gần cầu Hòa Xuân
Quý Anh Chị cần hỗ trợ xem đất thực tế hoặc tìm hiểu thêm thông tin về khu Đô Thị Hoà Xuân vui lòng liên hệ:",37 triệu/m2,Nội thất đầy đủ,260 m²,Đông Bắc,Chung cư,Mặt tiền,Mặt bằng kinh doanh
DA,Cần mua,Căn hộ Cao cấp 42m² 1PN Gía rẻ !,1 phòng,A1,Đã có sổ,Căn góc,Chưa bàn giao,3,Đất nền dự án,42.5 m²,12,5,20 m,- 42.5 m2,"Đường Thuận Giao 25, Phường Thuận Giao, Thị xã Thuận An, Bình Dương",2 m,1 phòng,800 triệu- 42.5 m2,Tây Nam,"Nhà ngõ, hẻm",100 m2,"Dự án: Căn Hộ cao cấp Thuận an.
 - Nằm ngay mặt tiền đường Thuận Giao 25. Đối Diện trường THCS thuận Giao ,Thuận Giao ,Thuận an , Bình Dương.
- Nằm ngay khu vực trung tâm , dân cư đông đúc , cách đường Mỹ Phước - Tân Vạn 700m . QL 13 1.5km.
- Chợ , Bệnh viện , trường học bán kính 1km đầy đủ .
- Tiện ích nội khu cao cấp như siêu thị, trường nầm non , hồ bơi , GYm ,SPA 
- Gía chỉ 800tr/căn 42.5m2 .
- pháp lý sạch 1/500. Giay phép xây dựng , ..
- Hỗ trợ ngân hàng 70% . Chủ đầu tư chịu lãi suất cho khách hàng đến khi nhận bàn giao căn hộ.
- Thanh toán linh hoạt trong 24 tháng .
 - NHận nhà ngay sau khi thanh toán 30% ( 200tr)
- Chiết khấu khủng cùng Hàng nghìn giải thưởng giá trị như 2 merceder 2.00...
- Có xe đưa đón khách hàng tham quan căn nhà mẫu hằng ngày , miễn phí.","19,05 triệu/m²",Hoàn thiện cơ bản,260 m²,Đông Bắc,Chung cư,Mặt tiền,Mặt bằng kinh doanh
DA,Cần mua,"Bán nhà mới xây đường 3A KDC Thới Nhựt 2, An Khánh",3 phòng,A1,Đã có sổ,Căn góc,Chưa bàn giao,3,Đất nền dự án,42.5 m²,12,1,19 m,- 76 m2,"Đường 3A||23715, Phường An Khánh, Quận Ninh Kiều, Cần Thơ",4 m,3 phòng,"4,6 tỷ- 76 m2",Tây Nam,"Nhà mặt phố, mặt tiền",76 m²,"Bán nhà mới xây đường 3A KDC Thới Nhựt 2, An Khánh, Ninh Kiều. Cổng sau trường cấp 3 An Khánh
- DT 4m x 20m = 80m2 
- Pháp lý: Sổ hồng hoàn công
- Hướng Tây nam
- Lộ 15m
- Nhà 1 trệt 1 lầu gồm sân trước, phòng khách, 3 phòng ngủ, 3 toilet, bếp, phòng sinh hoạt chung 
- Vị trí thuận tiện, gần trường học cấp 1 2 3, chợ, ủy ban phường An Khánh...
- Giá 4 tỷ 600 triệu (bao sang tên)
Liên hệ:1 gặp Hiền","60,53 triệu/m²",Hoàn thiện cơ bản,140 m²,Tây Nam,Chung cư,Hẻm xe hơi,Mặt bằng kinh doanh
DA,Cần mua,ĐẤT BÁN ĐƯỜNG 25 HIỆP BÌNH CHÁNH THỦ ĐỨC,3 phòng,A1,Đã có sổ,Căn góc,Chưa bàn giao,3,Đất thổ cư,42.5 m²,12,1,14 m,- 56 m2,"đường số 25, Phường Hiệp Bình Chánh, Quận Thủ Đức, Tp Hồ Chí Minh",4 m,3 phòng,380 triệu- 56 m2,Tây Nam,"Nhà mặt phố, mặt tiền",56 m2,"BÁN ĐẤT HXH ĐƯỜNG 25 HIỆP BÌNH CHÁNH THỦ ĐỨC 
vị trí : đường 25 Hẻm 3,5m cách đường xe hơi 30m cách phạm văn đồng 150m ,cách Gigamall, 300m ,khu dân trí cao ,ko ngập ,giao thông thuận thiện ..
Dt : 4 x 14 = 56m2 thổ cư 100%
hướng tây nam 
pháp lý sổ đỏ 
giá bán : 3 tỷ800 lv chính chủ","6,79 triệu/m2",Hoàn thiện cơ bản,140 m²,Tây Nam,Chung cư,Hẻm xe hơi,Mặt bằng kinh doanh
DA,Cần mua,"Bán Nhà Hẻm XH Đường Hiền Vương , Q. Tân Phú",2 phòng,A1,Đã có sổ,Căn góc,Chưa bàn giao,3,Đất thổ cư,42.5 m²,12,2,12 m,- 57 m2,"Đường Hiền Vương, Phường Phú Thọ Hòa, Quận Tân Phú, Tp Hồ Chí Minh",4.7 m,2 phòng,"5,1 tỷ- 57 m2",Tây Nam,"Nhà ngõ, hẻm",57 m²,"Chính chủ cần bán Nhà Hẻm 5m Đường Hiền Vương, Q. Tân Phú

Dt : 4,7mx12 - 1 lầu ( công nhận đủ 56,7m2 Đất)

Nhà mới , sạch sẽ , vào ở ngay , gần Nguyễn sơn.. gần công viên.. thuận tiên lưu thông
Nhà mới tinh ,sạch sẽ , vào là ở ngay , xe hơi vô tới nhà..
Sổ hồng chính chủ , pháp lý rỏ ràng
Giá : 5,1 tỷ 
Thông tin chi tiết liên hệ (Mr. Đạt)","89,47 triệu/m²",Hoàn thiện cơ bản,140 m²,Đông,Chung cư,Hẻm xe hơi,Mặt bằng kinh doanh
DA,Cần mua,Nhà mặt tiền Hưng Phú Cái Răng Cần Thơ,4 phòng,A1,Đã có sổ,Căn góc,Chưa bàn giao,3,Đất thổ cư,42.5 m²,12,2,24 m,- 120 m2,"123, Đường Trần Văn Trà, Phường Hưng Phú, Quận Cái Răng, Cần Thơ",5 m,5 phòng,"10,2 tỷ- 120 m2",Tây Nam,"Nhà mặt phố, mặt tiền",120 m²,"Gia đình Cô Chủ gửi độc quyền kênh Nhà Đất Hậu Giang bán căn nhà trung tâm thành phố thuận tiện kinh doanh, cho thuê mở văn phòng làm việc....
 1/ MÔ TẢ VỊ TRÍ:
+ Nhà tại: Đường Trần Văn Trà, Phường Hưng Phú, Cái Răng, Cần Thơ
+ Ngoài đường Quang Trung vào 200m là tới vị trí nhà.
2/ GIÁO DỤC – TIỆN ÍCH:
+ Nhà đối diện với trường THPT Trần Đại Nghĩa.
+ Cách 400m là các cửa hàng showroom xe hơi KIA, Mazda,.....
+ Cách 300m là siêu thị BigC tại cửa ngõ vào trung tâm TP Cần Thơ.


+ Lân cận là các văn phòng làm việc các cty lớn, trung tâm ngoại ngữ,...
+ Nhà có cấu trúc 1 trệt 2 lầu 1 sân thượng, có 4 phòng lớn, 1 bếp, 5 toilet, khu bếp, khu phơi đồ. Cửa phòng và cầu thang bằng gỗ câm xe.
3/ PHÁP LÝ:
+ Diện tích: 5x24=120m2, diện tích sử dụng 383m2.
+ Pháp lý: Sổ hồng hoàn công
+ Hướng: Tây bắc
+ Giao thông: Lộ 20m, xe cointainer chạy được, đường lớn khu Hưng Phú.
+ Giá bán : 10.2 tỷ, cam kết giá của chủ, thương lượng chính chủ.
Quý khách có nhu cầu mua và cần đi xem thực tế vui lòng liên hệ trước với chúng tôi để được hỗ trợ tốt có thể.
Cảm ơn Quý khách.",85 triệu/m²,Nội thất đầy đủ,383 m²,Tây Bắc,Chung cư,Hẻm xe hơi,Mặt bằng kinh doanh
DA,Cần mua,Cần bán lô 125m2 ngay cầu cổ luỹ TP Quảng Ngãi,4 phòng,A1,Đã có sổ,Căn góc,Chưa bàn giao,3,Đất thổ cư,42.5 m²,12,2,25 m,- 125 m2,"Trường sa, Xã Nghĩa Phú, Thành phố Quảng Ngãi, Quảng Ngãi",5 m,5 phòng,"1,45 tỷ- 125 m2",Tây Nam,"Nhà mặt phố, mặt tiền",125 m2,"Chính chủ cần bán lô đất ngay cầu cổ luỹ
Diện tích 125m2 5x25m. 
Đường 7.5m vỉa hè 4m
Hệ thống điện âm nước máy
Vị trí đất nằm ngay khu phát triển bậc nhất TP Quảng Ngãi
Từ lô đất đến công viên nước, trường mẫu giáo, trường cấp 1,cấp 2, trạm y tế đúng 500m
Công viên trung tâm TP rộng 150ha, chùa thiên mã cách 1 cây cầu
Bãi biển mỹ khê 3km","11,6 triệu/m2",Nội thất đầy đủ,383 m²,Nam,Chung cư,Mặt tiền,Mặt bằng kinh doanh
DA,Cần mua,"GIÁ 78tr/m2, 4 Tầng, Phố Trần Hữu Tước, Hồ Đắc Di.",4 phòng,A1,Đã có sổ,Căn góc,Chưa bàn giao,3,Đất thổ cư,42.5 m²,12,4,12 m,- 69 m2,"Đường Trần Hữu Tước, Phường Ô Chợ Dừa, Quận Đống Đa, Hà Nội",4.5 m,5 phòng,"5,5 tỷ- 69 m2",Tây Nam,"Nhà ngõ, hẻm",69 m²,"☎️ CHÍNH CHỦ BÁN NHÀ PHỐ TRẦN HỮU TƯỚC, NGUYỄN LƯƠNG BẰNG THÔNG SANG HỒ ĐẮC DI.( MR THẮNG).

- SỐ 25, DIỆN TÍCH 68/71M2 x 4 TẦNG, MẶT TIỀN 4.5M, GIÁ NHỈNH 5 TỶ.
- Gia đình rất thiện chí cần bán trước tết, tặng lại full nội thất cho gia đình thiện chí.
- Sổ đỏ mang tên chính chủ, không tranh chấp, pháp lý rõ ràng, một mình 1 số nhà.
- Đầy đủ công năng sử dụng, dân chí cao, thể dục thể thao, 70m ra đến mặt Hồ Đắc Di.
- Giá 78tr/m2. Có thương lượng, hiện trạng mua về ở, xây dựng 5 năm, còn rất mới.
-Liên hệ.","79,71 triệu/m²",Nội thất đầy đủ,70 m²,Nam,Chung cư,Nở hậu,Mặt bằng kinh doanh
DA,Cần mua,Nhà rẻ hẻm 4m đường số 33 phường Bình Trưng Tây,3 phòng,A1,Đã có sổ,Căn góc,Chưa bàn giao,3,Đất thổ cư,42.5 m²,12,4,17.82 m,- 86.3 m2,"Đường Số 33, Phường Bình Trưng Tây, Quận 2, Tp Hồ Chí Minh",5 m,4 phòng,"6,09 tỷ- 86.3 m2",Tây Nam,"Nhà mặt phố, mặt tiền",86.3 m²,"ID 259919
Cần bán nh hẻm 4m, 1 trệt, 2 lầu, phường Bình Trưng Tây, Quận 2 - Hướng Đông Bắc.

- Diện tích 86.3m2 ( 5m x 17.82m ), DTSD 198m2.

- Kết cấu nhà gồm: 1 trệt, 2 lầu, sân thượng, phòng thờ, phòng khách, 3 phòng ngủ, 3 WC.

- Hẻm ô tô 4m, khu dân cư đông đúc, an ninh.

- Tiện ích xung quanh đa dạng: Bệnh viện quận 2, siêu thị, ngân hàng,...

- Vị trí thuận tiện di chuyển sang các tuyến đường: Nguyễn Duy Trinh, Nguyễn Thị Định, Mai Chí Thọ,...

- Sổ hồng có sẵn, sang tên nhanh chóng.","70,81 triệu/m²",Nội thất đầy đủ,200 m²,Đông Bắc,Chung cư,Hẻm xe hơi,Mặt bằng kinh doanh
DA,Cần mua,"đường nội bộ P. Tân Thành , 4x21, công viên ngay",4 phòng,A1,Đã có sổ,Căn góc,Chưa bàn giao,3,Đất thổ cư,42.5 m²,12,4,21 m,- 80 m2,"Đường Bác Ái, Phường Tân Thành, Quận Tân Phú, Tp Hồ Chí Minh",4 m,4 phòng,"6,8 tỷ- 80 m2",Tây Nam,"Nhà ngõ, hẻm",80 m²,"đường nội bộ P.Tân Thành, Q.Tân Phú
- DT: 4.1x21m vuông vức đủ lộ giới
- Nhà c4 lửng mới
- Hẻm công viên trước , xe tải ra vào thoải mái
- Sát Kế Luỹ Bán Bích
- Giá: 6.8 tỷ còn TL
thông tin đúng",85 triệu/m²,Nội thất đầy đủ,80 m²,Đông Bắc,Chung cư,Hẻm xe hơi,Mặt bằng kinh doanh
DA,Cần mua,Cân bán 2 day nhà tro,nhiều hơn 10 phòng,A1,Đã có sổ,Căn góc,Chưa bàn giao,3,Đất thổ cư,42.5 m²,12,4,18 m,- 180 m2,"B12/21D, Đường Liên Ấp 1-2-3, Xã Vĩnh Lộc B, Huyện Bình Chánh, Tp Hồ Chí Minh",10 m,4 phòng,6 tỷ- 180 m2,Tây Nam,"Nhà ngõ, hẻm",180 m²,can ban 2day nha tro 12 trong dang cho thue..cam on cho tot,"33,33 triệu/m²",Nội thất đầy đủ,180 m²,Đông Bắc,Chung cư,Hẻm xe hơi,Mặt bằng kinh doanh
DA,Cần mua,Nhà Phong Phú 4 - Mát Mẻ - Giá Rẻ,3 phòng,A1,Giấy tờ khác,Căn góc,Chưa bàn giao,3,Đất thổ cư,42.5 m²,12,4,8 m,- 24 m2,"D14/379C, Đường Trịnh Quang Nghị, Phường 7, Quận 8, Tp Hồ Chí Minh",3 m,1 phòng,780 triệu- 24 m2,Tây Nam,"Nhà mặt phố, mặt tiền",24 m²,"Tôi chuyển công tác cần bán lại căn nhà ccvb, Đất có nguồn gốc rõ ràng, mua bán công chứng trong ngày. Nhà có diện tích sử dụng 48m² nhưng tiện ích xung quang đủ đầy. Mát mẻ yên tĩnh nằm trong khu dân cư phong phú 4, cách ngã tư Trịnh Quang Nghị và Nguyễn Văn Linh 700m. Chính chủ bán nên chỉ tiếp người thiện chí mua ko tiếp môi giới quảng cáo
Xin cảm ơn Chợ tốt duyệt tin.","32,5 triệu/m²",Hoàn thiện cơ bản,48 m²,Đông Bắc,Chung cư,Nở hậu,Mặt bằng kinh doanh
DA,Cần mua,Đất khu dân cư Tp thuận an giá rẻ,3 phòng,A1,Đã có sổ,Căn góc,Chưa bàn giao,3,Đất thổ cư,42.5 m²,12,4,16 m,- 80 m2,"Bình chuẩn, Phường Bình Chuẩn, Thị xã Thuận An, Bình Dương",5 m,1 phòng,"1,055 tỷ- 80 m2",Tây Nam,"Nhà mặt phố, mặt tiền",80 m2,"Gia đình còn lô đất cần bán gấp để gom hàng tết
DT 80m2,sổ riêng,full thổ cư,sang tên ngay
Anh chị thiện chí liên hệ em nhé","13,19 triệu/m2",Hoàn thiện cơ bản,48 m²,Đông Bắc,Chung cư,Mặt tiền,Mặt bằng kinh doanh
DA,Cần mua,Nhà Phan Tây Hồ 1Trệt 2Lầu Đúc Sổ Hồng Riêng,2 phòng,A1,Đã có sổ,Căn góc,Chưa bàn giao,3,Đất thổ cư,42.5 m²,12,4,6 m,- 24 m2,"Đường Phan Tây Hồ, Phường 7, Quận Phú Nhuận, Tp Hồ Chí Minh",4 m,3 phòng,"3,65 tỷ- 24 m2",Tây Nam,"Nhà ngõ, hẻm",24 m²,"Bán nhà hẻm ba gác 28/22/29 Phan Tây Hồ Phường 7 Quận Phú Nhuận
Diện tích 4x6 vuông vức, nhà sổ hồng riêng hoàn công 1 trệt 2 lầu đúc kiên cố, tổng diện tích sử dụng 70m²
Giá 3,65tỷ bớt lộc vui vẻ
Môi giới tự do LộcMT ( nhận ký gửi mua bán, cầm cố.....) 
Trân trọng!","152,08 triệu/m²",Hoàn thiện cơ bản,70 m²,Đông Bắc,Chung cư,Mặt tiền,Mặt bằng kinh doanh
DA,Cần mua,"CÔ 4 VỠ NỢ, BÁN MIẾNG ĐẤT 200M2 THỔ CƯ SHR Ở TU",2 phòng,A1,Đã có sổ,Căn góc,Chưa bàn giao,3,Đất thổ cư,42.5 m²,12,4,25 m,- 200 m2,"Đường ĐT746, Phường Tân Phước Khánh, Thị xã Tân Uyên, Bình Dương",8 m,3 phòng,"1,2 tỷ- 200 m2",Tây Nam,"Nhà ngõ, hẻm",200 m2,"Cô Tư vỡ nợ Bán gấp miếng đất ở Khánh Bình, Tân Uyên
Diện tích: 200m2 (8x25)
100% thổ cư, sổ hồng riêng,đường nhựa 7m, rộng rãi thoáng mát,...
Giá: 1 tỷ 2 (thương lượng nhẹ)
Ae liên hệ xem đất",6 triệu/m2,Hoàn thiện cơ bản,70 m²,Đông Bắc,Chung cư,Mặt tiền,Mặt bằng kinh doanh
DA,Cần mua,Đất Huyện Di Linh 420m²,2 phòng,A1,Đã có sổ,Căn góc,Chưa bàn giao,3,Đất thổ cư,42.5 m²,12,4,24 m,- 420 m2,"đường liên thôn, Xã Hòa Ninh, Huyện Di Linh, Lâm Đồng",17 m,3 phòng,"1,3 triệu- 420 m2",Tây Nam,"Nhà ngõ, hẻm",420 m2,"Dự án: Khu dân thôn 12
Thông tin chi tiết: Tôi cần bán 420 m2 đất thổ cư tại Thôn 12 - xã Hoà Ninh - huyện Di Linh - tỉnh Lâm Đồng.
Đất đẹp, sổ sách rõ ràng, sang tên ngay.
Đất nở hậu. Hình thật, đất thật.
Phù hợp xây biệt thự.
Tiếp người thiện chí, miễn tiếp quảng cáo.",3.095 đ/m2,Hoàn thiện cơ bản,70 m²,Đông Bắc,Chung cư,Mặt tiền,Mặt bằng kinh doanh
DA,Cần mua,"Bán nhà phố Phúc Đồng, 33m2 X 5T mới, ô tô đỗ cổng",3 phòng,A1,Đã có sổ,Căn góc,Chưa bàn giao,3,Đất thổ cư,42.5 m²,12,4,24 m,- 33 m2,"Đường Phúc Đồng, Phường Phúc Đồng, Quận Long Biên, Hà Nội",17 m,4 phòng,"2,2 tỷ- 33 m2",Tây Nam,"Nhà mặt phố, mặt tiền",33 m²,"Nhà phố Phúc Đồng, 33m2, 5 tầng đẹp long lanh, mặt tiền 4m, ô tô đỗ cổng, 2.2 tỷ.

+ Vị trí hiếm, khu vip, ngõ ô tô, ô tô đỗ cổng, gần trường quốc tế Vin, gần khu liền kề, đấu giá, biệt thự Vincom, BigC, cầu Trần Hưng Đạo, thuận tiện di chuyển giao thông.

+ Nhà 5 tầng xây đẹp, 3 phòng ngủ, 4 vệ sinh, phòng thờ, sân phơi, đầy đủ công năng sử dụng, khách mua chỉ việc xách vali về ở, dân trí cao, an ninh tốt.

+ Sổ đỏ đẹp, chính chủ.

+ Giá Chào: 2.2 tỷ (Có thương lượng).

Liên hệ Ms Duyên 0967.182.629 xem nhà miễn phí (Miễn TG, QC).","66,67 triệu/m²",Hoàn thiện cơ bản,33 m²,Đông Bắc,Chung cư,Mặt tiền,Mặt bằng kinh doanh
DA,Cần mua,"Bán Nhà Cầu Giấy_ Siêu Rẻ _Đẹp 32m, 4T,giá 2tỷ65.",3 phòng,A1,Đã có sổ,Căn góc,Chưa bàn giao,3,Đất thổ cư,42.5 m²,12,5,24 m,- 32 m2,"Đường Cầu Giấy, Phường Quan Hoa, Quận Cầu Giấy, Hà Nội",5 m,3 phòng,"2,65 tỷ- 32 m2",Tây Nam,"Nhà ngõ, hẻm",32 m²,"+ Nhà nằm trung tâm Cầu Giấy, ngõ thông tứ tung, ba gác đỗ cửa, gần chợ , trường học cấp 1,2,3 Yên Hòa , gần trường ĐH Quốc Gia, Ngoại Ngữ, Sư Phạm, Báo Chí Và Tuyên Truyền, Giao Thông Vận Tải, gần bệnh viện Nhi, Phụ Sản,…
+ Diện tích 32m, 4 tầng, mặt tiền 3,8m. 
+ Nhà nằm 2 mặt thoáng, nở hậu, sổ đỏ đẹp.
+ Sổ đỏ chính chủ, sẵn sàng giao dịch.","82,81 triệu/m²",Hoàn thiện cơ bản,32 m²,Đông Bắc,Chung cư,Nở hậu,Mặt bằng kinh doanh
DA,Cần mua,80M2 MTKD NGUYỄN DUY TRINH LONG TRƯỜNG 4.35 TỶ,3 phòng,A1,Đã có sổ,Căn góc,Chưa bàn giao,3,Đất thổ cư,42.5 m²,12,5,20 m,- 80 m2,"Đường Nguyễn Duy Trinh, Phường Long Trường, Quận 9, Tp Hồ Chí Minh",4 m,3 phòng,"4,35 tỷ- 80 m2",Tây Nam,"Nhà ngõ, hẻm",80 m2,"Kẹt tiền cần bán lại lô đất mặt tiền đường số 6, cách nguyễn duy trinh 50m. Gần ngã ba lã xuân oai và UBND. 
- Đường trước đất 12m thuận tiện kinh doanh, sầm uất.
Dt: 80m2 công nhận 67m2 thổ cư + 13m đất vườn
Giá: 4.35 tỷ thương lượng","54,38 triệu/m2",Hoàn thiện cơ bản,32 m²,Đông Bắc,Chung cư,Nở hậu,Mặt bằng kinh doanh
DA,Cần mua,bán lô đất 2 mặt tiền ô tô thông suốt giá rẻ,3 phòng,A1,Đã có sổ,Căn góc,Chưa bàn giao,3,Đất thổ cư,42.5 m²,12,5,33 m,- 206 m2,"Đường DH8, Xã Hòa Khương, Huyện Hòa Vang, Đà Nẵng",6 m,3 phòng,870 triệu- 206 m2,Tây Nam,"Nhà ngõ, hẻm",206 m2,"lô đất hai mặt kiệt cách ủy ban nhân dân xã Hòa khương 2km, dân kín,xung quanh toàn nhà đẹp, trước nhà cánh đồng nhỏ, lô đất sẵn móng trụ kiên cố cho ai có nhu cầu làm nhà. giá chính chủ thiện chí liên hệ","4,22 triệu/m2",Hoàn thiện cơ bản,32 m²,Nam,Chung cư,Nở hậu,Mặt bằng kinh doanh
DA,Cần mua,"Bán gấp 4 nền liền kề KDC Minh Trí, đã có sổ hồng",3 phòng,A1,Đã có sổ,Căn góc,Chưa bàn giao,3,Đất thổ cư,42.5 m²,12,5,16 m,- 81 m2,"Đường Quốc lộ 1A, Thị trấn Cái Tắc, Huyện Châu Thành A, Hậu Giang",5 m,3 phòng,580 triệu- 81 m2,Tây Nam,"Nhà ngõ, hẻm",81 m2,"🎯4 nền liền kề trong khu dân cư Minh Trí 🎯
Cách mặt tiền QL1A 20m

👉 ĐÃ CÓ SỔ RIÊNG TỪNG NỀN ☄☄
👉 Vị trí đẹp, giàu tiềm năng
👉Hỗ trợ xây dựng – khai thác – lợi nhuận tối thiểu 35%/năm
🍃🍃 CÁCH TP CẦN THƠ CHỈ 15P ĐI XE MÁY
✅ Khu nhà phố hiện đại bậc tại khu vực miền Nam
✅ Nội thất cao cấp, đầy đủ, sang trọng
✅ Dự án tích hợp nhiều tiện ích
🔸Lộ giới 15m
🔸 Công viên
🔸 Siêu thị
🔸 An ninh
🔸️Spa làm đẹp, phòng gym, thể thao
🔸 Trường học, bệnh viện, trung tâm thương mại...

💫ĐẦU TƯ THÔNG MINH - ĐẤT ĐẸP - LỢI NHUẬN CAO💫
Nhanh tay đầu tư ngay để không bỏ lỡ cơ hội đầu tư tuyệt vời!!","7,16 triệu/m2",Hoàn thiện cơ bản,32 m²,Tây Bắc,Chung cư,Mặt tiền,Mặt bằng kinh doanh
DA,Cần mua,102 Phố Cự Lộc -Kinh doanh TẤP NẬP-Sổ đỏ ĐẸP,3 phòng,A1,Đã có sổ,Căn góc,Chưa bàn giao,3,Đất thổ cư,42.5 m²,12,5,16 m,- 60 m2,"Đường Cự Lộc||641, Phường Nhân Chính, Quận Thanh Xuân, Hà Nội",5 m,3 phòng,"8,2 tỷ- 60 m2",Tây Nam,"Nhà mặt phố, mặt tiền",60 m²,"- Vị trí: Khá ĐẮC ĐỊA - Mặt phố Cự Lộc, Nằm ngay góc cạnh một loạt các Công ty toàn dân Văn phòng. KINH DOANH thì đừng hỏi...???
- Sổ đỏ chính chủ 60m2, nhưng địa chính phường mới đo đạc lại thành 65m2, mặt tiền 4.8m. 
- Nhà 2 tầng tổng 3 phòng ngủ, hiện chủ đang vừa ở vừa kinh doanh quán cơm rất đông khách. Khách mua về đập xây tòa nhà dưới KD trên cho thuê VP thì dòng tiền cực tốt vì cạnh nhà là tổ hợp rất nhiều các Công ty đang hoạt động.
- Cả 2 bên phố kinh doanh buôn bán tấp nập ngày đêm thông sang phố Quan Nhân.
- Sổ đỏ chính chủ, đẹp không tỳ vết đang cất két, sẵn sàng giao dịch ngay.
 

Giá :8.2 tỷ có thương lượng
Người thật việc thật ,nhà thật==>>UY TÍN TẬN TÂM

Miễn môi giới và trung gian..!
Liên hệ: Nghiệp
(Liên hệ để được tư vấn, xem nhà hoàn toàn miễn phí).
Tôi đang có rất nhiều căn nhà với nhiều phân khúc khác nhau.","136,67 triệu/m²",Hoàn thiện cơ bản,60 m²,Tây Bắc,Chung cư,Mặt tiền,Mặt bằng kinh doanh
DA,Cần mua,Đến Ngày Trả Nợ Ngân Hàng Nhượng Gấp Miếng Đất,3 phòng,A1,Đã có sổ,Căn góc,Chưa bàn giao,3,Đất thổ cư,42.5 m²,12,5,30 m,- 300 m2,"Đường Đại Lộ Bình Dương, Phường Mỹ Phước, Thị xã Bến Cát, Bình Dương",10 m,3 phòng,"1,3 tỷ- 300 m2",Tây Nam,"Nhà mặt phố, mặt tiền",300 m2,"Trước Đây Tôi Có Thế Chấp Căn Nhà Đang Ở Tại Sài Gòn Để Lấy Tiền Đầu Tư Kinh Doanh, Nhưng Do Công Việc Kinh Doanh Không Được Thuận Lợi, Nay Đã Đến Hạn Trả Nợ Cho Ngân Hàng Nhưng Tôi Không Có Khả Năng Trả Nên Bố Mẹ Tôi Quyết Định Bán Đi Miếng Đất Của Gia Đình Để Dành Để Có Tiền Trả Nợ Cho Ngân Hàng Và Giữ Lại Căn Nhà.

+ Vị Trí : Đất Nằm Trong Khu Đô Thị Mỹ Phước, Mặt Tiền Đường Phía Trước Miếng Đất Rộng 16m Nối Dài Ra Đại Lộ Bình Dương.

+ Hạ Tầng Xung Quanh Hoàn Thiện : Điện, Nước Máy Có Sẵn Vào Có Thể Xây Dựng Ở Liền... Gần Trường Học Cấp 2 Chỉ 5 Phút Đi Bộ, Chợ, Trung Tâm Y Tế, Trường Học Đều Nằm Rất Gần Chưa Đến Khoảng Cách Chưa Đến 1Km, Dân Cư Xung Quanh Đã Đông Đúc Rồi.

+ Giấy Tờ Đầy Đủ : Sổ Hồng Chính Chủ Do Ba Tôi Đứng Tên, Xây Dựng Tự Do, Pháp Lý Rõ Ràng Minh Bạch Giao Dịch Sang Tên Tại Phòng Công Chứng Theo Đúng Qui Định Của Nhà Nước.

+ Diện Tích Đất : 10m x 30m = 300m2 Thổ Cư ( Giá 1,3 Tỉ / 1 Sổ )

==> Vì Tháng 9 Là Đã Đến Hạn Ngân Hàng Đến Lấy Nhà Nên Tôi Muốn Bán Nhanh Trong Tháng 8 Này Rất Mong Gặp Được Người Thực Sự Có Thiện Ý Mua, Tôi Có Giảm Nhẹ Chút Đỉnh Cho Người Mau Mắn.

+++ Liên Hệ Tôi Để Biết Thêm Thông Tin : A. Hoan","4,33 triệu/m2",Hoàn thiện cơ bản,60 m²,Tây Bắc,Chung cư,Mặt tiền,Mặt bằng kinh doanh
DA,Cần mua,Cần bán nhà ngõ ô tô phố Vĩnh Phúc,6 phòng,A1,Đã có sổ,Căn góc,Chưa bàn giao,3,Đất thổ cư,42.5 m²,12,5,30 m,- 47 m2,"Đường Vĩnh Phúc, Phường Vĩnh Phúc, Quận Ba Đình, Hà Nội",10 m,6 phòng,"7,85 tỷ- 47 m2",Tây Nam,"Nhà ngõ, hẻm",47 m²,"Siêu phẩm nhà mới đón tết #phố Vĩnh Phúc #ngõ, nhà ngõ ô tô... 

Nhà ngõ 75 Vĩnh Phúc, Ba Đình, HN.
* Mô tả: 
- Diện tích: 47m2,
- Nhà cấu trúc 5 tầng, 1 tum:
+ Tầng 1: sân đỗ xe + phòng khách + bếp + Wc
 + Tầng 2: phòng khách + Wc
 + Tầng 3 + 4 + 5: mỗi tầng 2 phòng ngủ + 1 Wc
 + Tum: phòng giặt và sân phơi đồ.
 
Ưu điểm: 
- Nhà gia chủ mới xây và tâm huyết nên thi công rất kĩ. Toàn bộ cầu thang, sàn nhà, cửa ốp gỗ cao cấp, mới tinh. Nhà thiết kế hiện đại, ấm cúng, phòng tắm rộng rãi thoải mái.
- Ngõ rộng ô tô tránh được nhau nên kinh doanh được hoặc mở văn phòng.
- Gia chủ để lại toàn bộ nội thất, hệ thống ánh sáng đầy đủ sắc nét.
- Thuộc khu dân cư đông đúc, gần Hồ Tây, nhiều bệnh viện, đường vành đai 2.
- Nhà nhiều phòng phù hợp với gia đình có nhiều thành viên.

* Giá: 7tỷ850 có thương lượng được nha 

//Tikland tự hào là đơn vị cung cấp thông minh bạch, chính xác tới Quý khách hàng. Với định hướng phát triển mô hình môi giới bất động sản chuyên nghiệp, Tikland mong nhận được sự ủng hộ của Quý khách hàng để đông đảo xã hội có một nơi gửi gắm uy tín trong việc mua - bán - đầu tư bất động sản.","167,02 triệu/m²",Hoàn thiện cơ bản,60 m²,Tây Bắc,Chung cư,Hẻm xe hơi,Mặt bằng kinh doanh
DA,Cần mua,Bán nhà 2 MẶT TIỀN đường số 7 Linh Trung DT 92m2.,2 phòng,A1,Đã có sổ,Căn góc,Chưa bàn giao,3,Đất thổ cư,42.5 m²,12,5,18 m,- 92 m2,"Đường Số 7, Phường Linh Trung, Quận Thủ Đức, Tp Hồ Chí Minh",5.2 m,2 phòng,"5,6 tỷ- 92 m2",Tây Nam,"Nhà mặt phố, mặt tiền",92 m²,"Cần bán căn nhà 2 Mặt tiền đường số 7 p.Linh Trung, Thủ Đức.
DT 5.2x18m công nhận 92.5m2 hiện trạng là nhà cấp 4, tiện xây mới. Đất không bị quy hoạch lộ giới.
Nhà mặt tiền trước là Đường số 7, mặt sau là hẻm xe hơi (như hình)
Cách đường Hoàng Diệu 2 350m, gần ĐH Ngân hàng.
Gía hạt giẻ : 5,6 tỷ
LH sdt","60,87 triệu/m²",Hoàn thiện cơ bản,92 m²,Tây Bắc,Chung cư,Hẻm xe hơi,Mặt bằng kinh doanh
DA,Cần mua,"Bán Gấp 2 Dãy trọ (10x30 8p/2kiot) GIÁ BÁN 1,7 tỷ.",10 phòng,A1,Đã có sổ,Căn góc,Chưa bàn giao,3,Đất thổ cư,42.5 m²,12,5,18 m, GIÁ TỐT,"Đường DJ10, Phường Thới Hòa, Thị xã Bến Cát, Bình Dương",5.2 m,Nhiều hơn 6 phòng,"1,7 tỷ GIÁ TỐT- 300 m2",Tây Nam,"Nhà mặt phố, mặt tiền",300 m²,"Hiện tại vợ chồng tôi kẹt tiền làm ăn nên đành bán lại 2 dãy trọ ,gồm 8 phòng và 2 ki ốt đang thu nhập ổn định 16tr/tháng Vì muốn bán nhanh gọn nên tôi sẽ bớt chút đỉnh lấy lộc làm ăn.
* Thông tin về dãy trọ:
+ Diện tích: 300m2 (10x30), chia thành 2 dãy ngang 5m dài 30m.
+ Sổ hồng riêng, chính chủ.
+ Gồm 8 phòng phía sau và 2 ki ốt phía trước, đang cho thuê kín.
+ Vị trí trọ gần chợ, trường học, bệnh viện, ngay KCN bình dương lượng công nhân rất đông nên không lo vấn đề trống phòng, buôn bán tấp nập, có thể kinh doanh cafe, tạp hóa phía trước...
+ Phòng ốc kiên cố, sạch sẽ, thoáng mát, tường ốp gạch men cao 1,6m. Có gác đúc, tôn lạnh, WC riêng, bếp riêng, chỗ để xe, phơi đồ rộng rãi.
+ Phòng trọ xây dựng được 4 tháng nên còn rất mới, hiện tại đã cho thuê kín phòng và giá cho thuê hiện tại là phòng 1 triệu , kiot giá 3 triệu tháng.
+ Cơ sở hạ tầng hoàn thiện, điện nước, wifi đầy đủ.
+ Gía tôi bán 1 tỷ 700 triệu ( ai mua tôi sẽ bao sổ sách, giấy tờ cho anh/chị).
Liên hệ trực tiếp: ANH BẢO (chính chủ).
+ cảm ơn cô bác anh chị đã xem tin.","5,67 triệu/m²",Hoàn thiện cơ bản,92 m²,Tây Bắc,Chung cư,Hẻm xe hơi,Mặt bằng kinh doanh
DA,Cần mua,Nhà ô tô đỗ cửa 3 tầng 1 tỷ 540tr- Bắc Từ Liêm,3 phòng,A1,Đã có sổ,Căn góc,Chưa bàn giao,3,Đất thổ cư,42.5 m²,12,3,8 m,- 32 m2,"thượng cát, Phường Thượng Cát, Quận Bắc Từ Liêm, Hà Nội",4 m,2 phòng,"1,54 tỷ- 32 m2",Tây Nam,"Nhà ngõ, hẻm",32 m²,"🏠Nhà đỗ ô tô trước cửa nhà như xe taxi đỗ trên hình ảnh tôi gửi kèm theo.
❌💎✅🏠
✅Cách nhà 40m có bãi gửi xe và sân chơi của khu dân cư cực kỳ rộng như hình ảnh.
Khu dân cư yên bình văn minh, đông đúc và đẹp.
✅Cạnh dự án của Vinhomes Wonder Park 153 Ha, thành phố mới ngay cạnh nhà tôi bán.
✅Chung quanh đã quy hoạch làm đường xong hết cho khu quy hoạch dân cư mới sầm uất.

✅Khu vực cách Cầu Diễn 4km đi về phía Nhổn, thuộc phường Thượng Cát, nhà đã có sổ đỏ.
Cạnh dự án của Vinhomes Wonder Park 153 Ha cực đẹp, thành phố mới ngay gần nhà tôi bán.
* 💎Nhà 3 tầng xây mới cần bán giá 1,54 tỷ bao sang tên có nội thất cơ bản, nhà chưa ở, xây 31m2 đất.
Mặt tiền nhà 4,5m.

❌Nội thất 
* Cầu thang gỗ Lim.
* Cửa thông phòng gỗ Chò. Tủ bếp gỗ tự nhiên.
* Cửa nhôm hệ Việt Pháp, cửa chính xếp kéo Đài Loan.
* Thiết bị vệ sinh Inax. Trần thạch cao.
* Sơn Jotun. Bồn nước Sơn Hà.
* Dây điện Trần Phú, ống nhựa Tiền Phong.
* Đá ốp cầu thang hoa cương tự nhiên.","48,13 triệu/m²",Nội thất đầy đủ,91 m²,Nam,Chung cư,Hẻm xe hơi,Mặt bằng kinh doanh
DA,Cần mua,Nhà nát góc 2mặt tiền đường số 38. 4x16m,1 phòng,A1,Đã có sổ,Căn góc,Chưa bàn giao,3,Đất thổ cư,42.5 m²,12,3,16 m,- 64 m2,"Đường Số 38, Phường Bình Trị Đông B, Quận Bình Tân, Tp Hồ Chí Minh",4 m,1 phòng,"5,3 tỷ- 64 m2",Tây Nam,"Nhà mặt phố, mặt tiền",64 m²,"Chủ gửi bán gấp căn nhà nát góc 2 mặt tiền đường số 38.
Vị trí góc 2 mặt tiền thoáng, rất đẹp. Xây dựng được 4 tấm.
Hiện trạng nhà cấp 4.
Kinh doanh buôn bán mở cf rất tốt.
Giá chủ gửi chỉ có 5 tỷ 3 thương lượng chốt nhanh.","82,81 triệu/m²",Nội thất đầy đủ,43.4 m²,Tây,Chung cư,Hẻm xe hơi,Mặt bằng kinh doanh
DA,Cần mua,🔥🔥Đất 2 Mặt Kiệt Xe hơi🔥🔥 ĐàSơn LiênChiểu🔥🔥,1 phòng,A1,Đã có sổ,Căn góc,Chưa bàn giao,3,Đất thổ cư,42.5 m²,12,3,16 m,- 73 m2,"🔥Đà_Sơn🔥, Phường Hòa Khánh Nam, Quận Liên Chiểu, Đà Nẵng",4 m,1 phòng,"1,5 tỷ- 73 m2",Tây Nam,"Nhà mặt phố, mặt tiền",73 m2,"Bán đất Kiệt Đà Sơn, Phường Hòa Khánh Nam, Quận Liên Chiểu
Diện tích: 70m2 
Giá: 1.5 Tỷ 
Liên hệ: 0905.404.232","20,55 triệu/m2",Nội thất đầy đủ,43.4 m²,Tây,Chung cư,Hẻm xe hơi,Mặt bằng kinh doanh
DA,Cần mua,Nhà mặt tiền Thành phố Tây ninh thuận tiện mua bán,2 phòng,Rất gần mặt tiền đường Điện Biên Phủ,Đã có sổ,Căn góc,Chưa bàn giao,3,Đất thổ cư,42.5 m²,12,3,15 m,- 56 m2,"khu phố Ninh Đức, Đường Điện Biên Phủ, Phường Ninh Thạnh, Thành phố Tây Ninh, Tây Ninh",4.05 m,1 phòng,850 triệu- 56 m2,Tây Nam,"Nhà mặt phố, mặt tiền",56 m²,"Nhà mặt tiền đường 10 mét, ngay chợ, kinh doanh buôn bán tốt, cách mặt tiền đường Điện Biên Phủ 100 mét","15,18 triệu/m²",Nội thất đầy đủ,56 m²,Tây,Chung cư,Nở hậu,Mặt bằng kinh doanh
DA,Cần mua,Bán lô đất 2 mặt tiền ngày đường phú sinh đi vào,2 phòng,Rất gần mặt tiền đường Điện Biên Phủ,Đã có sổ,Căn góc,Chưa bàn giao,3,Đất thổ cư,42.5 m²,12,3,36 m,- 640 m2,"ấp rưng sến, Xã Mỹ Hạnh Bắc, Huyện Đức Hòa, Long An",18 m,1 phòng,"2,2 tỷ- 640 m2",Tây Nam,"Nhà mặt phố, mặt tiền",640 m2,"Bán lô đất Shr diện tích 18 x36 = 640 m2 
 Ngày cồng phú sinh hai mặt tiền khu dân cư đông đúc 
 Giá 2,2 tỷ 
 Đường 5 và 4 m","3,44 triệu/m2",Nội thất đầy đủ,56 m²,Tây,Chung cư,Nở hậu,Mặt bằng kinh doanh
DA,Cần mua,"Đất k.xe máy Nguyễn Hữu Cảnh, cách Võ Văn Kiệt 200",2 phòng,Rất gần mặt tiền đường Điện Biên Phủ,Đã có sổ,Căn góc,Chưa bàn giao,3,Đất thổ cư,42.5 m²,12,3,16 m,- 107 m2,"Đường Nguyễn Hữu Cảnh, Phường Thủy Phương, Thị xã Hương Thủy, Thừa Thiên Huế",6.7 m,1 phòng,860 triệu- 107 m2,Tây Nam,"Nhà mặt phố, mặt tiền",107 m2,"BÁN ĐẤT KIỆT 152 NGUYỄN HỮU CẢNH , ĐỐI DIỆN BẾN XE PHÍA NAM 
VÙNG ĐẤT KHÔNG NGẬP LỤT MÙA MƯA BÃO

- Diện tích : 107,5m2 ( rộng 6,7m )
- Hướng : Đông Bắc
- Lô đất đẹp và không ngập lụt .
- Giá bán : 8xx Triệu
☎️ Liên hệ để sở hữu lô đất AN CƯ LẠC NGHIỆP","8,04 triệu/m2",Nội thất đầy đủ,56 m²,Đông Bắc,Chung cư,Nở hậu,Mặt bằng kinh doanh
DA,Cần mua,"Bán 1.5 sào đất View đồi, hồ chỉ 580tr",2 phòng,Rất gần mặt tiền đường Điện Biên Phủ,Đã có sổ,Căn góc,Chưa bàn giao,3,Đất nông nghiệp,42.5 m²,12,3,16 m,- 1.548 m2,"Đường Quốc Lộ 55, Xã Lộc Thành, Huyện Bảo Lâm, Lâm Đồng",6.7 m,1 phòng,580 triệu- 1.548 m2,Tây Nam,"Nhà mặt phố, mặt tiền",1548 m2,"Cần bán lô đất tại thôn 16 xã , Lộc Thành ( đường chi lăng nối dài )
- Diện tích 1,5 xào , view ao hồ , view săn mây nhìn toàn cảnh Bảo Lộc 
Sổ sách đầy đủ công chứng trong ngày 
- Giá đầu tư chỉ 580tr ( có thương lượng ) 
- Chỉ có 100m là đường xe máy ( đang trong thgian thương lượng làm đường) còn lại là đường oto gầm thấp 
Anh chị vui lòng đọc kĩ thông tin đỡ mất thgian cả 2 bên ạ 
Lh gặp Danh làm việc chính chủ",374.677 đ/m2,Nội thất đầy đủ,56 m²,Đông Bắc,Chung cư,Nở hậu,Mặt bằng kinh doanh
DA,Cần mua,"Cần bán lô đường 10,5m đẹp khu Nam Hoà Xuân",2 phòng,Rất gần mặt tiền đường Điện Biên Phủ,Đã có sổ,Căn góc,Chưa bàn giao,3,Đất nền dự án,42.5 m²,12,3,20.5 m,- 102.5 m2,"chưa có, Phường Hoà Quý, Quận Ngũ Hành Sơn, Đà Nẵng",5 m,1 phòng,"3,85 tỷ- 102.5 m2",Tây Nam,"Nhà mặt phố, mặt tiền",102.5 m2,"Cần bán lô đường 10,5 m khu Nam Hoà Xuân

Hướng Tây nam

Sạch đẹp 

Sổ đỏ đầy đủ","37,75 triệu/m2",Nội thất đầy đủ,56 m²,Tây Nam,Chung cư,Mặt tiền,Mặt bằng kinh doanh
DA,Cần mua,"CHÍNH CHỦ BÁN HƠN 1 CÔNG ĐẤT LÚA , XÃ LẠC TẤN . TT",2 phòng,Rất gần mặt tiền đường Điện Biên Phủ,Đã có sổ,Căn góc,Chưa bàn giao,3,Đất nông nghiệp,42.5 m²,12,3,85 m,- 1.122 m2,"Tân Trụ, Xã Lạc Tấn, Huyện Tân Trụ, Long An",13.5 m,1 phòng,"1,1 tỷ- 1.122 m2",Tây Nam,"Nhà mặt phố, mặt tiền",1122 m2,"Dự án: Tân Trụ.
 Thông tin chi tiết: Chính chủ bán 1 công đất lúa , diện tích 1122 m2 , ngang dài 13.5 x 85 nở hậu
Đất năm ngay khu đông dân cư ở hiện hữu, hàng xóm thân thiện
Thích hợp đầu tư hoặc xây nhà vườn để nghĩ dưỡng
Chính chủ cần bán , anh em môi giới hợp tác hh",980.392 đ/m2,Nội thất đầy đủ,56 m²,Tây Nam,Chung cư,Hẻm xe hơi,Mặt bằng kinh doanh
DA,Cần mua,"Bán nhà mới Đại Từ, Hoàng Mai,gần phố 38m2 hơn 3ty",3 phòng,Lô góc,Đã có sổ,Căn góc,Chưa bàn giao,3,Đất nông nghiệp,42.5 m²,12,4,9.5 m,- 38 m2,"Đường Đại Từ, Phường Đại Kim, Quận Hoàng Mai, Hà Nội",4 m,3 phòng,"3,4 tỷ- 38 m2",Tây Nam,"Nhà ngõ, hẻm",38 m²,"Bán nhà phố Đại Từ, Hoàng Mai, 1 nhà ra phố, mới đẹp 38m2x4T hơn 3 tỷ
 
Vị trí: Nhà nằm gần chợ Đại Từ, trường tiểu học Đại Từ, hồ sinh thái Linh Đàm, tiện di chuyển Nguyễn Xiển, Giải Phóng.

* Nội thất: Sàn gỗ, tủ bếp, nóng lạnh, trần thạch cao, cửa gỗ Lim, thiết bị vệ sinh, hệ thống đèn led chiếu sáng.

- Thiết kế 3 ngủ , 3 vệ sinh, cực kỳ hiện đại, chủ về ở ngay không cần sửa gì

- Giá chào 3,4 tỷ (có thương lượng)
Liên hệ em Lan Anh để xem nhà miễn phí","89,47 triệu/m²",Nội thất cao cấp,38 m²,Tây Nam,Chung cư,Nở hậu,Mặt bằng kinh doanh
DA,Cần mua,"Nhà Trương Định, mới xây, gần phố, nhỉnh 4t",5 phòng,Lô góc,Đã có sổ,Căn góc,Chưa bàn giao,3,Đất nông nghiệp,42.5 m²,12,4,9.5 m,- 36 m2,"Đường Trương Định, Phường Trương Định, Quận Hai Bà Trưng, Hà Nội",4 m,4 phòng,"3,444 tỷ- 36 m2",Tây Nam,"Nhà ngõ, hẻm",36 m²,"Kinh doanh được – ô tô qua được – rất gần phố
- Bán nhà ở Trương Định, nhà rộng thoáng, mới xây xong, vuông vắn, đầu tư kinh doanh tốt. Cách phố chỉ 70m
- Ngõ rộng, ô tô qua nhà, ngõ thẳng, xung quanh đầy đủ tiện ích chợ, trường học. Nằm ở Trung tâm Quận Hoàng Mai, khu đông dân, thuận tiện đi lại
- Rất gần các tuyến đường Giải Phóng, Minh Khai, Tân Mai, Kim Đồng,...

- Diện tích nhà 36m2 với 5 tầng:
+tầng 1: phòng khách, bếp, WC
+tầng 2,3,4: 6pn và 3 WC
+tầng5: phòng thờ và sân phơi

- Giá: 4,48 tỷ có thương lượng, miễn môi giới, quảng cáo
- Liên hệ: Tú Anh để xem nhà ngay","95,67 triệu/m²",Nội thất cao cấp,38 m²,Tây Nam,Chung cư,Nở hậu,Mặt bằng kinh doanh
SH1,Cần mua,Fidel Central Park- Phố Thương Mại TP. Đông Hà,5 phòng,OM4,Đang chờ sổ,Căn góc,Chưa bàn giao,3,Đất nông nghiệp,120 m²,12,4,9.5 m,- 120 m2,"Đường Trần Hưng Đạo, Phường 1, Thành phố Đông Hà, Quảng Trị",4 m,4 phòng,"4,567898765 tỷ- 120 m2",Tây Nam,"Nhà ngõ, hẻm",36 m²,"♥️♥️CÒN GÌ TUYỆT HƠN KHI SỞ HỮU BẤT ĐỘNG SẢN VỪA CÓ GIÁ TRỊ SỐNG ĐẲNG CẤP KÈM THEO GIÁ TRỊ THƯƠNG MẠI BỀN VỮNG
------------------------------------------------------
🔥 🔥 RA MẮT KHU SHOPHOUSE ĐẦU TIÊN VÀ TẠI TP. ĐÔNG HÀ🔥 🔥 

👉 Vị trí độc tôn tại Thành Phố Đông Hà, khu phố thương mại trong lòng công viên Fidel
👉 Quy hoạch đồng bộ: 57 căn Shophouse và Villa 
✨ Diện tích đa dạng 120-400m2
🎋 Đường nội bộ phố đi bộ ven hồ quy hoạch rộng rãi tối thiểu 16m
👉 Hạ tầng tiện ích và cảnh quan đẳng cấp bậc TP Đông Hà
👉 Trung tâm Văn hóa, Giải trí mới của Thành phố
👉 Tiềm năng khu vực phát triển Kinh tế ban đêm trong thời gian tới.
------------------------------------------------------------------
☘PHÒNG KINH DOANH HẢI PHÁT LAND QUẢNG TRỊ
✈121 Nguyễn Huệ, Phường 1, TP .Đông Hà","38,07 triệu/m²",Bàn giao thô,38 m²,Tây Bắc,Chung cư,Nở hậu,Shophouse
SH1,Cần mua,"BÁN ĐẤT,LÔ GÓC 50M, 2.25TỶ, THẠCH BÀN, LONG BIÊN",5 phòng,OM4,Đã có sổ,Căn góc,Chưa bàn giao,3,Đất thổ cư,120 m²,12,4,9.5 m,- 50 m2,"Bát Khối, Phường Long Biên, Quận Long Biên, Hà Nội",4 m,4 phòng,"2,25 tỷ- 50 m2",Tây Nam,"Nhà ngõ, hẻm",50 m2,"+ Diện tích 50m2, mặt tiền 4.2m, vuông như A4.
+ Ngõ rộng, thẳng, liên thông, ô tô gần cửa.
+ Gần kề: UBND phường, trường cấp 1, 2 phường Long Biên.
+ 300m ra siêu thị Aeon Mall, cầu Vĩnh Tuy.
+ Gần các giao lộ: Cổ Linh – Tư Đình – Thạch Bàn – Bát Khối.
+ Sổ đỏ chính chủ, sẵn sàng giao dịch.
+ Giá chào: 2.25 tỷ - có thương thảo.
+ Miễn phí: Dẫn xem nhà đất, hỗ trợ pháp lý, thủ tục sang tên sổ đỏ.
+ Liên hệ: Mr Chuẩn",45 triệu/m2,Bàn giao thô,38 m²,Tây Bắc,Chung cư,Hẻm xe hơi,Shophouse
SH1,Cần mua,"Bán đất Q12, Xe Tải Đường Thạnh Xuân 52 (5.1x9.8m)",5 phòng,OM4,Đã có sổ,Căn góc,Chưa bàn giao,3,Đất thổ cư,120 m²,12,4,9.8 m,- 51 m2,"Thạnh Xuân 52, Phường Thạnh Xuân, Quận 12, Tp Hồ Chí Minh",5.12 m,4 phòng,"2,25 tỷ- 51 m2",Tây Nam,"Nhà ngõ, hẻm",51 m2,"MS(282182)
Bán lô đất Quận 12 - Xe tải 1 Sẹc thẳng Đường Thạnh Xuân 52 - Gần khu tưởng niệm Vườn Cau Đỏ.
- Diện tích: 5.12m x 9.8m. công nhận 50.1m2
- Đất đã chuyển hình thức lên thổ cư 100%. Thuận tiện mua xây dựng ngay, thoải mái, tự do. 
- Khu dân cư đang hình thành và phát triển mạnh mẽ, cơ sở hạ tầng hoàn thiện. 3 phút ra đường Hà Huy Giáp
Giá: 2.25 Tỷ TL (Hướng Đông Bắc - Sổ hồng riêng chính chủ). ACE có nhu cầu liên hệ ngay. Cảm ơn!","44,12 triệu/m2",Bàn giao thô,38 m²,Tây Bắc,Chung cư,Nở hậu,Shophouse
SH1,Cần mua,Đất Sổ Hồng Riêng TP Thuận An Bình Dương,5 phòng,OM4,Đã có sổ,Căn góc,Chưa bàn giao,3,Đất thổ cư,120 m²,12,4,37 m,- 149.8 m2,"Đt743, Phường Bình Chuẩn, Thị xã Thuận An, Bình Dương",4 m,4 phòng,"2,15 tỷ- 149.8 m2",Tây Nam,"Nhà ngõ, hẻm",149.8 m2,"chị tôi kẹt tiền cần bán gấp lô đất ngay phường Bình Chuẩn TP Thuận An Bình Dương diện tích 149,8m2 trong đó đất ODT 61,5m2, giá chỉ có 2,150 tỷ, đất mặt tiền đường nhựa 6m gần chợ thuận tiện kinh doanh buôn bán, gần trường học, ủy ban nhân dân, bách hoá xanh, điện máy xanh, thế giới Di Động, ngân hàng..... liên hệ chính chủ không qua cò.","14,43 triệu/m2",Bàn giao thô,38 m²,Tây Bắc,Chung cư,Nở hậu,Shophouse
SH1,Cần mua,"Bán nhà riêng, Bến Vân Đồn, Q4, 65m2, 2,3 tỷ, SHR",3 phòng,OM4,Đã có sổ,Căn góc,Chưa bàn giao,3,Đất thổ cư,120 m²,12,2,16 m,- 65 m2,"Đường Bến Vân Đồn, Phường 2, Quận 4, Tp Hồ Chí Minh",4 m,2 phòng,"2,3 tỷ- 65 m2",Tây Nam,"Nhà ngõ, hẻm",65 m²,"Bán nhà riêng, hẻm Bến Vân Đồn, Q4, 65m2, chỉ 2,3 tỷ, SHR
+ Chỉ với 2,3 tỷ sở hữu diện tích đất khủng 65m2, diện tích xây dựng 110m2
+ Nhà hẻm chỉ cách mặt tiền Bến Vân Đồn 60m, phường 2, Q4
+ Nhà mặt tiền 4m, 1 trệt 1 lầu, 3 phòng ngủ lớn, nhà mới xây vào ở ngay như hình
+ Nhà thích hợp cho những hộ gia đình tài chính khiêm tốn nhưng cần diện tích rộng cho đông người
+ Nhà thích hợp cho các nhà đầu tư cho thuê
+ Chỉ mất 5 phút qua Quận 1
+ Sáng, tối chạy tập thể dục ven sông, hưởng thụ không khí trong lành chỉ vài bước chân
+ Pháp lý: Sổ hồng riêng, công chứng, sang tên trong ngày.
+ Hãy gọi ngay đi xem nhà!!!","35,38 triệu/m²",Nội thất đầy đủ,110 m²,Tây Bắc,Chung cư,Nở hậu,Shophouse
SH1,Cần mua,"Bán lô đất 500m2 phường Long Bình . Giá 1,29 tỷ",3 phòng,OM4,Đã có sổ,Căn góc,Chưa bàn giao,3,Đất thổ cư,120 m²,12,2,20 m,- 500 m2,"Đường Phan Đăng Lưu, Phường Long Bình, Thành phố Biên Hòa, Đồng Nai",25 m,2 phòng,"1,29 tỷ- 500 m2",Tây Nam,"Nhà ngõ, hẻm",500 m2,"Bán lô đất 500m2 phường Long Bình Thành Phố Biên Hòa. Giá bán 1 tỷ 290 triệu, Đất trồng cây lâu năm , sổ hồng riêng
Đất rộng 25m dài 20m tổng 500m2, đường bê tông 6m , điện , nước có sẳn, gần chợ , gần trường học,gần khu công nghiệp ICD Tân Cảng - Long Bình, Cách đường Phan Đăng Lưu chỉ 1km, Cách đường Bùi Văn Hòa 4km , thuận tiện giao thông về các hướng","2,58 triệu/m2",Nội thất đầy đủ,110 m²,Tây Bắc,Chung cư,Nở hậu,Shophouse
SH1,Cần mua,"Bán đất rẻ quá tại Hải Phong,Hoà Nghĩa chưa đến 5l",3 phòng,OM4,Đã có sổ,Căn góc,Chưa bàn giao,3,Đất thổ cư,120 m²,12,2,18 m,- 90 m2,"Đường Hải Phòng||22032, Phường Hoà Nghĩa, Quận Dương Kinh, Hải Phòng",5 m,2 phòng,485 triệu- 90 m2,Tây Nam,"Nhà ngõ, hẻm",90 m2,"LÔ ĐẤT RẺ ĐƯỜNG HẢI PHONG - HOÀ NGHĨA CHỈ CÓ 1 LÔ CHƯA ĐẾN 500tr
Sát chân cao tốc vị trí cực hót được các nhà đầu tư săn đón 
Ngõ to 2.5m phù hợp đầu tư hay an cư đều ok 
Diện tích 90m( 5×18)
G.ía chỉ 485tr chỉ ra lộc 
☎ QUANG HOÀNG","5,39 triệu/m2",Nội thất đầy đủ,110 m²,Tây Bắc,Chung cư,Hẻm xe hơi,Shophouse
SH1,Cần mua,Cần ra nhanh lô 200m khu công nghiệp chơn thành,3 phòng,OM4,Đã có sổ,Căn góc,Chưa bàn giao,3,Đất thổ cư,120 m²,12,2,40 m,- 200 m2,"Đường 741, Xã Phước Hoà, Huyện Phú Giáo, Bình Dương",5 m,2 phòng,160 triệu- 200 m2,Tây Nam,"Nhà ngõ, hẻm",200 m2,"5x40 có sẵn 100m thổ cư
kế khu cồng nghiệp song phương và cụm công nghiệp đài loan
mặt tiền đường huyện thông tứ phía
ngân hàng hỗ trợ 75%",800.000 đ/m2,Nội thất đầy đủ,110 m²,Tây Bắc,Chung cư,Mặt tiền,Shophouse
SH1,Cần mua,BÁN NHÀ MÊ LỮNG ĐÚC XÂY MỚI KIỆT 339 TRẦN CAO VÂN,2 phòng,OM4,Đã có sổ,Căn góc,Chưa bàn giao,3,Đất thổ cư,120 m²,12,2,18 m,- 58 m2,"Đường Trần Cao Vân, Phường Xuân Hà, Quận Thanh Khê, Đà Nẵng",3.5 m,2 phòng,"2,1 tỷ- 58 m2",Tây Nam,"Nhà ngõ, hẻm",58 m²,"🏠BÁN NHÀ MÊ LỮNG ĐÚC XÂY MỚI KIỆT TRÂN CAO VÂN 
-Dt 58 m2, dtsd 90 m2
-Kiệt 3m, cách đường chính 100 m
🔸 2 phòng ngủ ( có phòng ngủ dưới ), đi kèm theo là 2 wc
🔸 P khách , p thờ , bếp đc bố trí không gian rộng, rất tiện cho việc sinh hoạt trong gia đình
🔸 Nhà có sân để xe rộng, có không gian để bố trí sân vườn theo ý thích
-Hướng: Đông 
💰Giá 2 tỉ 1 ( bớt ít lấy lộc )
☎️Lh:","36,21 triệu/m²",Hoàn thiện cơ bản,90 m²,Đông,Chung cư,Nở hậu,Shophouse
SH1,Cần mua,"NHÀ ĐẸP ĐỐNG ĐA, HAI MẶT THOÁNG, KINH DOANH, 45M N",4 phòng,OM4,Đã có sổ,Căn góc,Chưa bàn giao,3,Đất thổ cư,120 m²,12,2,18 m,- 45 m2,"Đường Lương Định Của||396, Phường Phương Mai, Quận Đống Đa, Hà Nội",3.5 m,6 phòng,"4,79 tỷ- 45 m2",Tây Nam,"Nhà ngõ, hẻm",45 m²,"+ Nhà xây thiết kế 6 tầng hiện đại, chủ xây ở nên rất chắc chắn, cẩn thận, mặt tiền rộng 4m, sau nhà là trường học nên thoáng vĩnh viễn, gần bệnh viện lớn Bạch Mai, Lão Khoa, gần các trường Đại học Kinh tế, Bách khoa...
+ Ngõ trươc nhà rộng rãi, cách mặt phố Lương Đình Của chỉ 20m, ngõ thông sang Phương Mai và công an phường, tiện ích chung quanh không thiếu gì, an ninh tốt.
+ Sổ dỏ vuông như bánh trưng.
+ Giá: 4 tỷ 790 triệu( Thương lượng nhẹ nhàng).
+ Liên hệ Thúy An( tư vấn pháp lý, hỗ trợ vay vốn ngân hàng và xem nhà miễn phí).","106,44 triệu/m²",Hoàn thiện cơ bản,250 m²,Đông,Chung cư,Nở hậu,Shophouse
SH1,Cần mua,Đất cuối ymon rẽ phải gần khu Thành Đồng 1,4 phòng,OM4,Đã có sổ,Căn góc,Chưa bàn giao,3,Đất thổ cư,120 m²,12,2,22 m,- 110 m2,"ymon, Xã Cư ÊBur, Thành phố Buôn Ma Thuột, Đắk Lắk",5 m,6 phòng,780 triệu- 110 m2,Tây Nam,"Nhà ngõ, hẻm",110 m2,"✅Một lô đất hướng đông duy nhất nằm ngay khu dân cư, đường oto thông . Điện, nước máy, intrenet tới đất.
-Dt: 5*22m
-tcu:60m2
-Hướng: Chính đông
-Giá: 780tr bớt lộc","7,09 triệu/m2",Hoàn thiện cơ bản,250 m²,Đông,Chung cư,Hẻm xe hơi,Shophouse
SH1,Cần mua,"BIỆT THỰ 1200m2 XÂY TÂM HUYẾT Tại AN SƠN, THUẬN AN",5 phòng,OM4,Đã có sổ,Căn góc,Chưa bàn giao,3,Đất thổ cư,120 m²,12,2,64 m,- 1.203 m2,"An Sơn, Xã An Sơn, Thị xã Thuận An, Bình Dương",19 m,5 phòng,"19,5 tỷ- 1.203 m2",Tây Nam,Nhà biệt thự,1203 m²,"Biệt thự xây rất tâm huyết - toạ lạc tại An Sơn - Thuận An - Bình Dương
- Diện tích Đất : 18x64m nở hậu 19,5m tổng 1203m2 có 300m2 thổ cư
- Diện tích sàn xây dựng : 515m2 với kiến trúc 1 trệt 1 lầu
- Biệt thự xây dựng : 
Tầng 1: 1 Sảnh chờ, 1p khách, 3TL, 1p ngủ
Tầng 2 : 4p ngủ, 4Wc, 1p làm việc, 1p học, 1p mát xa
Sân Ngoài + Công trình phụ : 1 hồ cá 50m2, 1p Karaoke Cách âm, 1 bếp, 1 nhà xe, 2 wc, và 1 nhà kho lớn.
- Cửa gỗ cao cấp dùng bằng khoá vân tay 100%
- hệ thống Camera quan sát tự động
- Đường xe tải 15 Tấn đi oke, thông thẳng ra sông SG
- Vị trí : Cách sông SG 300m, ra tới chợ An Sơn 500m, và Trường Mầm non + Cấp 1 chỉ trong bán kính 500m. Từ nhà về tới TT Tp.HCM đúng 18km
- Sung quanh nhiều cây cối rất thoáng mát, sạch sẻ và yên tĩnh. 
- Tính chi phí xây căn biệt thự đã ngoài 10 tỷ đồng (cam kết hơn 10 tỷ) - Vật Liệu sd toàn hàng tốt - Vô xem nhà sẽ rỏ.
☘️ Nay cần bán trong năm với giá rất tốt : 19,5 Tỷ (Giá Đất 1203m2 ~ 12 tỷ tiền đất rồi)
Anh chị quan tâm LH : Mr Nghĩa (gcđq) xin cám ơn!
👉 Anh chị nào muốn xem Video full căn BT này vui lòng Kb zalo theo sđt để xem nhé!","16,21 triệu/m²",Nội thất đầy đủ,1203 m²,Tây Bắc,Chung cư,Nở hậu,Shophouse
SH1,Cần mua,Bán đất tặng nhà cấp 4 .Kiệt xe tải nhỏ .Giá Hottt,5 phòng,OM4,Đã có sổ,Căn góc,Chưa bàn giao,3,Đất thổ cư,120 m²,12,2,64 m,- 80 m2,Đường Hồ Sỹ Dương,19 m,5 phòng,"1,52 tỷ- 80 m2",Tây Nam,Nhà biệt thự,80 m²,"Dự án: cẩm lệ
Thông tin chi tiết: Dt đất 80m kiệt xe tải nhỏ 
Kiệt gần đường chính
Nhà cấp 4 đang cho thuê
Quận cẩm lệ Đường Hồ Sỹ Dương gần Lê Đại Hành.
Giá 1,520 Có Bớt làm sổ
Lh",19 triệu/m²,Nội thất đầy đủ,1203 m²,Tây Nam,Chung cư,Hẻm xe hơi,Shophouse
SH1,Cần mua,CẦN BÁN GẤP NHÀ 3 TẦNG TẠI NHA TRANG - KHÁNH HÒA,3 phòng,OM4,Đã có sổ,Căn góc,Chưa bàn giao,3,Đất thổ cư,120 m²,12,2,22 m,- 112 m2,"Đường Hem 2, Phường Vĩnh Hòa, Thành phố Nha Trang, Khánh Hòa",5 m,4 phòng,"3,1 tỷ- 112 m2",Tây Nam,"Nhà ngõ, hẻm",112 m²,"CẦN BÁN GẤP NHÀ 3 TẦNG TẠI NHA TRANG - KHÁNH HÒA

- Diện tích đất : 111,3 m²
- Diện tích xây dựng : 180 m2 ( 100 % thổ cư ) 
- Giá bán : 3ty100 triệu ( có thương lượng )
- Giấy tờ pháp lý: Đã có sổ
- Hướng cửa chính: Bắc
- Kết cấu nhà : 3 Tầng , 3 phòng ngủ. Phòng khách , Phòng bếp , Phòng thờ , và 4 nhà vê sinh.
- Để lại toàn bộ nội thất, Thiết kế nhà hiện đại thoáng mát và đẹp

+ GIAO THÔNG KẾT NỐI HOÀN HẢO ĐẦY ĐỦ TIỆN ÍCH XUNH QUANH , THUẬN TIỆN ĐI LẠI VỚI NHIỀU KHU VỰC

- Đường trước nhà 3m
- Gần trường học cấp 1,2,3 , Gần chợ, gần biển , siêu thị, và các tiện ích trong khu đô thị
- Khu dân cư đông đúc , anh ninh tốt, môi trường sống trong lành
- Thích hợp với gđ mua ở lâu dài.

Liên hệ : để biết thêm thông tin.","27,68 triệu/m²",Nội thất đầy đủ,180 m²,Bắc,Chung cư,Hẻm xe hơi,Shophouse
SH1,Cần mua,Central Premium 43m² giá rẻ 2.050 tỷ tầng 12.,1 phòng,OM4,Đã có sổ,Căn góc,Đã bàn giao,3,Đất thổ cư,43 m²,12,2,22 m,- 43 m2,"đường Tạ Quang Bửu, Phường 5, Quận 8, Tp Hồ Chí Minh",5 m,1 phòng,"2,05 tỷ- 43 m2",Tây Nam,"Nhà ngõ, hẻm",112 m²,"Căn hộ OFF central Premium mặt tiền Tạ Quang Bửu, Quận 8. Thông tin cần bán lại:
- Diện tích 43m2, 1 bếp, 1 wc, 1 tủ quần áo, 1 bancon rộng.
- Tầng 12
- Giá mình cần bán 2.050 tỷ bao gồm giấy tờ và thuế phí
Gia đình cần tiền làm ăn nên mình muốn bán nhanh, hy vọng gặp được khách hàng thiện trí.
Anh/chị muốn coi nhà xin vui lòng liên hệ số điện thoại hoặc zalo.","47,67 triệu/m²",Nội thất đầy đủ,180 m²,Bắc,Officetel,Hẻm xe hơi,Shophouse
SH1,Cần mua,"Nhà trung tâm Biên Hòa 120m2 chính chủ, gần Big C",2 phòng,OM4,Đã có sổ,Căn góc,Đã bàn giao,3,Đất thổ cư,43 m²,12,2,27 m, GIÁ TỐT,"128/10/21, Đường Nguyễn Văn Tiên, Phường Tân Phong, Thành phố Biên Hòa, Đồng Nai",4.5 m,1 phòng,"2,55 tỷ GIÁ TỐT- 120 m2",Tây Nam,"Nhà ngõ, hẻm",120 m²,"Dự án: Bán Gấp Căn Nhà Tại Tân Phong, Biên Hòa ( Cách Đường Đồng Khởi 200m, cách Big C 1km, cách Bách Hóa Xanh, chợ,trường học 500m ).
 Thông tin chi tiết: Bán Gấp Căn Nhà Tại Tân Phong, Biên Hòa ( Cách Đường Đồng Khởi 200m, cách Big C 1km, cách Bách Hóa Xanh, chợ,trường học 500m )
+ DT: 120m2
+ Sổ hồng chính chủ ( đất ở đô thị 100% )
+ Hướng Tây Nam 
+ Giá 2.650 tỷ ( thương lượng chủ nhà )
+ Bao sang tên và vay ngân hàng 85%
+ Nhà cấp 4 : Sân để xe ô tô, p.khách, bếp, 2 phòng ngủ, sân sau, điện nước máy đầy đủ.
+ Đường nhựa 6m thông thoáng, kinh doanh nhỏ, văn phòng,...
📌 Liên hệ chính chủ ( Du )","21,25 triệu/m²",Nội thất đầy đủ,120 m²,Tây Nam,Officetel,Hẻm xe hơi,Shophouse
SH1,Cần mua,Đại hạ giá nhà 4x15 Lê Thị Lơ Tân Hiệp - 1 tỷ 900,2 phòng,OM4,Đã có sổ,Căn góc,Đã bàn giao,3,Đất thổ cư,43 m²,12,2,15 m,- 60 m2,"Đường Lê Thị Lơ, Xã Tân Hiệp, Huyện Hóc Môn, Tp Hồ Chí Minh",4 m,2 phòng,"1,9 tỷ- 60 m2",Tây Nam,"Nhà ngõ, hẻm",60 m²,"Bán nhà riêng 60m2 Tân Hiệp - hẻm xe ba gác tránh nhau - Giá chỉ 1 tỷ 9 - Đã giảm 200 triệu - MS(178078).

- Diện tích đất: 60m2.

- Chiều dài: 15m - Chiều rộng: 4m.

- Thiết kế: nhà 1 trệt 1 lửng 1 bếp, 1 phòng khách, 2 phòng ngủ, 2 nhà vệ sinh.

- Hẻm 3m xe ba gác tránh, tiện ích: UBND xã, siêu thị bách hóa xanh, trường học,trạm y tế, cửa hàng tạp hóa,...

- LH: ⓪⑨③①⓪①③①②② - Bình.","31,67 triệu/m²",Nội thất đầy đủ,120 m²,Tây Nam,Officetel,Hẻm xe hơi,Shophouse
SH1,Cần mua,"Bán đất ở gần chợ Minh Kha An Dương ,50 m2,510 tr",2 phòng,OM4,Đã có sổ,Căn góc,Đã bàn giao,3,Đất thổ cư,43 m²,12,2,12 m,- 50 m2,"351, Xã Đồng Thái, Huyện An Dương, Hải Phòng",4 m,2 phòng,510 triệu- 50 m2,Tây Nam,"Nhà ngõ, hẻm",50 m2,"- Cần bán nhanh lô đất ở gần chợ Minh Kha Đồng Thái An Dương, vị trí nằm cách chợ Minh Kha khoảng 30 m ,đường 351 khoảng 70m . Đất sạch, vuông vắn không lỗi lầm , cơ sở hạ tầng đồng bộ. 
- DT 500 m2 , ngang 4 m , hướng : Tây . Đường trước nhà rộng hơn 2 m.Ngõ thông và nông.
- Sổ đỏ chính chủ
- Giá 510 triệu
- Thông tin chi tiết xin liên hệ Mr Đức","10,2 triệu/m2",Nội thất đầy đủ,120 m²,Tây,Officetel,Hẻm xe hơi,Shophouse
6,Cần mua,Cần bán gấp căn hộ 3pn M-One 88m2 giá 3.5 tỷ,3 phòng,T2,Đã có sổ,Căn góc,Đã bàn giao,3,Đất thổ cư,88.6 m²,12,2,12 m,- 88.6 m2,"Đường Bế Văn Cấm, Phường Tân Kiểng, Quận 7, Tp Hồ Chí Minh",4 m,2 phòng,"3,5 tỷ- 88.6 m2",Nam,"Nhà ngõ, hẻm",50 m2,"Gia đình chuyển chỗ ở nên cần bán gấp căn hộ M-One Nam Sài Gòn:
- 3 phòng ngủ 2WC (có ban công, logia riêng)
- Diện tích: 88.6m2
- Để lại toàn bộ nội thất: bếp, bàn ăn, sofa, TV, máy lạnh, giường, tủ quần áo,...
- Giá bán: 3.5 tỷ (bớt lộc)
- Còn hđmb, công chứng sang tên ngay, nhanh gọn.
- Có ngân hàng hỗ trợ vay vốn nếu có nhu cầu
- Tiện ích: hồ bơi, Gym, bbq, cafe, siêu thị,...
Anh chị có nhu cầu xem nhà thực tế xin liên hệ Ms Thắm! (chỉ cần báo trước khoảng 10-15p) Xin cảm ơn!
Miễn trung gian, môi giới, quảng cáo.","39,77 triệu/m²",Nội thất đầy đủ,120 m²,Tây,Chung cư,Hẻm xe hơi,Shophouse
6,Cần mua,1 lô còn sót lại ở Dương Kinh phân lô đẹp,3 phòng,T2,Đã có sổ,Căn góc,Đã bàn giao,3,Đất thổ cư,88.6 m²,12,2,33 m,- 1.024 m2,"402, Phường Hoà Nghĩa, Quận Dương Kinh, Hải Phòng",31 m,2 phòng,"4,9 triệu- 1.024 m2",Nam,"Nhà ngõ, hẻm",1024 m2,"Bán gấp lô đất tại Tư Thủy tiềm năng cho nhà đầu tư phân lô 
-- Lô đất ngõ cực nông cách 402 chỉ 50m 
-- Diện tích 1042m (33.532) quá đẹp chia đôi phân lô 
-- khu vực đông dân cư tiện đi lại , ngõ 5m ô tô đỗ cửa 
Giá chỉ 4.xtr có ra lộc 
#datnen #duongkinh #doson #kienthuy
---------------------------------------------
Hoàng Tráng - Nhà Đất Anh Minh
Cơ sở 1: 137 Hàng Kênh
Cơ sở 2: 3 Lô 12 mặt phố đi bộ Thế Lữ
Cơ sở 3: 1068A Phạm Văn Đồng, Dương Kinh 
Hotline: 
Trân trọng.",4.785 đ/m2,Nội thất đầy đủ,120 m²,Tây,Chung cư,Hẻm xe hơi,Shophouse
6,Cần mua,Bán nhà xây mới,2 phòng,T2,Đã có sổ,Căn góc,Đã bàn giao,3,Đất thổ cư,88.6 m²,12,2,18 m,- 90 m2,"110/x/x, Đường Hoàng Hoa Thám, Phường Tân Tiến, Thành phố Buôn Ma Thuột, Đắk Lắk",5 m,1 phòng,985 triệu- 90 m2,Nam,"Nhà ngõ, hẻm",90 m²,"Nhà nn Hẻm 110/11/39 Hoàng Hoa Thám, sau lưng Uỷ Ban Phường Tân Tiến. 
Nhà xây mới 💯 %. 
Nay gần Tết rồi cần sang lại cho ai cần nhà mới đón Tết, toạ lạc tại trung tâm phố rất thuận tiện di chuyển đến các tiện ích chỉ mất 2 phút đi xe máy. 
Nhà có sân Oto, 1 phòng khách, 2
phòng ngủ, 1 Wc , 1 sân phơi giếng trời, hệ thống nóng lạnh năng lượng mặt trời, nước máy đầy đủ. 
Diện tích: 5m x 18m
Giá: 985 triệu bớt lộc
Hướng tây
Liên hệ:gặp Bích để biết thêm thông tin ạ!","10,94 triệu/m²",Nội thất đầy đủ,90 m²,Tây,Chung cư,Hẻm xe hơi,Shophouse
6,Cần mua,Bán 68M2 thổ cư cách vòng xoay An Phú 500m,2 phòng,T2,Đã có sổ,Căn góc,Đã bàn giao,3,Đất thổ cư,88.6 m²,12,2,17 m,- 68 m2,"DT743, Phường An Phú, Thị xã Thuận An, Bình Dương",4 m,1 phòng,770 triệu- 68 m2,Nam,"Nhà ngõ, hẻm",68 m2,"Bên hông chợ Thành Nam, khu dân cư đông đúc
SỔ HỒNG RIÊNG, sang tên công chứng trong ngày
Có ngân hàng hỗ trợ 50%, có thể xây dựng liền sau khi mua, xây dựng tự do
Xung quanh đầy đủ tiện ích, mua ở hay mua đầu tư đều ok","11,32 triệu/m2",Nội thất đầy đủ,90 m²,Tây,Chung cư,Hẻm xe hơi,Shophouse
6,Cần mua,Bán đất bình thuận. Hò zô ta. 2000 m2 giá 10 tỷ,2 phòng,T2,Đã có sổ,Căn góc,Đã bàn giao,3,Đất thổ cư,88.6 m²,12,2,80 m,- 2.500 m2,"quốc lô 55, Xã Thắng Hải, Huyện Hàm Tân, Bình Thuận",31 m,1 phòng,10 tỷ- 2.500 m2,Nam,"Nhà ngõ, hẻm",2500 m2,"Bán lô đất MẶT TIỀN quốc lộ 55. Đối diện khu du lịch .( HÒ ZÔ TA ) thôn Hà Lãng. Xã Thắng Hải, Hàm Tân , Bình Thuận. ( xung quanh là nhiều dự án LẠC VIỆT , khu sinh thái CÁT VÂN )đất đã thiết kế sân vườn, có chòi mái lá. 
__ dt 31 x 80 m. ( lộ giới 31 x 60 m) dt công nhận 1900 m2 . Thổ cư 300 m2. diện tích sử dụng thực tế 2500 m2.
GIÁ BÁN 10 TỶ thương lượng.",4 triệu/m2,Nội thất đầy đủ,90 m²,Đông Nam,Chung cư,Mặt tiền,Shophouse
6,Cần mua,Đất Trung Tâm Thị Xã Phú Mỹ 1000m2 3.8tr/m2,2 phòng,T2,Đã có sổ,Căn góc,Đã bàn giao,3,Đất thổ cư,88.6 m²,12,2,68 m,- 1.000 m2,"Đường 20m, Phường Phú Mỹ, Thị xã Phú Mỹ, Bà Rịa - Vũng Tàu",15 m,1 phòng,"3,8 tỷ- 1.000 m2",Nam,"Nhà ngõ, hẻm",1000 m2,"Không có lô thứ 2 rẻ như vậy. Giá lô bên cạnh mới giao dịch 5.3 tỉ~5.3 triệu/m2. Rẻ hơn 1.5 tỉ
Đất phường Phú Mỹ đất sạch giá từ 12- 15triệu/m2. cho những lô đất dân. đường đất hoặc nhựa. diện tích: 5*20-30. Đất tái định cư giá: 16-25tr/m2.
- Vị trí cực kỳ tiềm năng cách đường dẫn lên cao tốc chỉ 500m. Gần trung tâm hành chánh mới Phú Mỹ. Đường có quy hoạch mở rộng 20m.","3,8 triệu/m2",Nội thất đầy đủ,90 m²,Đông Nam,Chung cư,Mặt tiền,Shophouse
6,Cần mua,"Nhà đẹp Kim Ngưu, 30m², 3.35 tỷ. Ngõ ô tô tránh",3 phòng,T2,Đã có sổ,Căn góc,Đã bàn giao,3,Đất thổ cư,88.6 m²,12,2,68 m,- 30 m2,"Đường Kim Ngưu, Phường Vĩnh Tuy, Quận Hai Bà Trưng, Hà Nội",5.75 m,4 phòng,"3,35 tỷ- 30 m2",Nam,"Nhà ngõ, hẻm",30 m²,"NHÀ ĐẸP ĂN TẾT
Bán nhà Kim Ngưu, diện tích 30m2, 5 tầng, mặt tiền 5,75m. Giá 3,35 tỷ.
Nhà mới xây, đẹp long lanh. Thiết kế 5 tầng, tổng 3 phòng ngủ hợp lý. Nhà nhiều cửa sổ nên lúc nào cũng thoáng sáng tuyệt đối.
Ngõ rộng ô tô tránh, trước nhà xe 3 gác đỗ cửa, cách ô tô đỗ 30m
Sổ đỏ chính chủ, vuông vắn, sẵn sàng giao dịch.","111,67 triệu/m²",Hoàn thiện cơ bản,30 m²,Đông Nam,Chung cư,Mặt tiền,Shophouse
6,Cần mua,342/ Thoại Ngọc Hầu 4x17 hai lầu st mới 100%,4 phòng,T2,Đã có sổ,Căn góc,Đã bàn giao,3,Đất thổ cư,88.6 m²,12,2,17.5 m,- 73 m2,"Đường Thoại Ngọc Hầu, Phường Phú Thạnh, Quận Tân Phú, Tp Hồ Chí Minh",4 m,5 phòng,"7,2 tỷ- 73 m2",Nam,"Nhà ngõ, hẻm",73 m²,"Bán nhà mới rất đẹp - Hẻm 342 thoại ngọc hầu thông ra hẻm 102 Bình Long,P.Phú Thạnh,Q.Tân Phú:
 -4mx17.5m, nhà đúc 3.5 tấm 
- Giá bán: 7.2 tỷ
- Hình ảnh chính xác 100%
Lh: Hà
còn nhiều sản phẩm tốt","98,63 triệu/m²",Hoàn thiện cơ bản,210 m²,Đông Nam,Chung cư,Mặt tiền,Shophouse
6,Cần mua,Đất vườn lô đẹp vuông vức,4 phòng,T2,Đã có sổ,Căn góc,Đã bàn giao,3,Đất nông nghiệp,88.6 m²,12,2,50 m,- 1.000 m2,"Ấp 3, Xã Tân Thành, Huyện Thủ Thừa, Long An",20 m,5 phòng,680 triệu- 1.000 m2,Nam,"Nhà ngõ, hẻm",1000 m2,"👉ấp 3 Tân Thành Thủ Thừa chủ kẹt tiền bán nhanh 
👉Diện tích : 1000mv ( 20 x 50m )
👍Đường xe hơi tới đất, có rào sẵn giữ đất.
Đường trước đất đang mở rộng 2 xe tải né nhau dc.
Người tp đứng tên vô tư. 
Giá 🍍: 680tr
☎️ : O787824OO5 gặp Sang.",680.000 đ/m2,Hoàn thiện cơ bản,210 m²,Đông Nam,Chung cư,Hẻm xe hơi,Shophouse
6,Cần mua,Sang quán,4 phòng,T2,Đã có sổ,Căn góc,Đã bàn giao,3,Đất nông nghiệp,35 m²,12,2,50 m,- 35 m2,"350/54, Đường Lê Đức Thọ, Phường 6, Quận Gò Vấp, Tp Hồ Chí Minh",20 m,5 phòng,50 triệu- 35 m2,Nam,"Nhà ngõ, hẻm",1000 m2,"*Mình cần sang lại quán cf ,trà sửa 
-Do công việc mình bận quá nên k phụ vợ quán xá được nên mình muốn sang lại cho ace nào có thiện chí.
-Qúan đối diện trường học cấp 2 an nhơn , chổ khu vực ở đây bán đồ ăn sáng rất oke , khu vực mát mẻ 
*Giá sang 50tr bao gồm
- 1 máy xay cf
- 1 bộ loa
- 1 máy xay sinh tố
- 1 tủ mát 
- ly cf + ly trà + ly trà sửa gần 100 ly ,gần 10 bàn và hơn 30 ghế
- 1 bếp điện từ
- 4 quạt 
và còn nhiều thứ khác có giá trị 
có kệ tủ bếp , quầy cf ...
giá sang đả bao gồm 2 tháng tiền cọc 
mb 1 tháng 6tr có tolet trong nhà","1,43 triệu/m²",Nội thất đầy đủ,210 m²,Đông Nam,Chung cư,Hẻm xe hơi,Mặt bằng kinh doanh
6,Cần mua,"Nhà SHR đường số 4, Thủ Đức có 2 PN, 2 WC",2 phòng,T2,Đã có sổ,Căn góc,Đã bàn giao,3,Đất nông nghiệp,35 m²,12,2,10.5 m,- 42 m2,"Đường Số 4, Phường Hiệp Bình Phước, Quận Thủ Đức, Tp Hồ Chí Minh",4 m,2 phòng,"3,1 tỷ- 42 m2",Nam,"Nhà ngõ, hẻm",42 m²,"Bán nhà sổ hồng riêng hẻm đường số 4, phường Hiệp Bình Phước, Thủ Đức. 
Nhà đúc kiên cố một trệt, một lầu, vào ở ngay, gồm: sân, phòng khách, phòng ăn, bếp, 2 PN, 2 nhà tắm, WC, sân thượng.
Vị trí đẹp: Nhà gần chợ Hiệp Bình, đường Phạm Văn Đồng, cách cầu Bình Triệu chỉ 2 km, thuận tiện đi vào các quận Bình Thạnh, Phú Nhuận, Quận 2 trung tâm Quận 1 chỉ 15 phút. 
DT 4x10,5. Giá 3,1 tỷ. 
 ( Căn SHR đường 38 phường Hiệp Bình Chánh, gần chợ Hiệp Bình). DT 5x12,5, nhà mới, nội thất cao cấp, đúc một trệt, một lầu có sân thượng. Giá 3,48 tỷ. Còn thương lượng chính chủ - Còn nhiều nhà, đất khu Hiệp Bình Chánh, Hiệp Bình Phước…)
Sổ hồng riêng, bao công chứng sang tên( hỗ trợ mua qua ngân hàng)","73,81 triệu/m²",Nội thất đầy đủ,80 m²,Đông Nam,Chung cư,Hẻm xe hơi,Mặt bằng kinh doanh
6,Cần mua,Bán CH65m2/2PN/2WC Bến Bình Đông trả góp 1%/tháng,2 phòng,"A,B",Đang chờ sổ,Căn góc,Chưa bàn giao,3,Đất nông nghiệp,65 m²,25,2,10.5 m,- 65 m2,"Đường Bến Bình Đông, Phường 14, Quận 8, Tp Hồ Chí Minh",4 m,2 phòng,390 triệu- 65 m2,Tây Bắc,"Nhà ngõ, hẻm",42 m²,"Dự án: D Aqua.
 Thông tin chi tiết: *********Siêu phẩm hot nhất Bến Bình Đông, trung tâm Q8 mở bán giai đoạn 1************
-Vị trí đắc địa: ngay mặt tiền Bến Bình Đông, sát đại lộ Võ Văn Kiệt, kết nối nhanh với Q1 chỉ 8'
-Chủ đầu tư uy tín: DHA-TTC
-2 block- 25 tầng với hơn 300 căn đang chào bán- tiện ích cao cấp tích hợp 3 tầng: hồ bơi vô cực, khu dưỡng sinh, nhà hàng, spa-gym, phòng khám DHA...
-Loại hình: 30-48-54-65-70-81-83m2(1PN-2PN-3PN)
-Căn 2PN chỉ cần vào trước 390tr(15%), sau đó 1%/tháng đến khi nhận nhà và sổ hồng trọn đời
-Chiết khấu từ 2%-21% tùy phương thức thanh toán
LH Hotline để được hỗ trợ xem nhà mẫu",6 triệu/m²,Nội thất cao cấp,80 m²,Đông Nam,Chung cư,Hẻm xe hơi,Mặt bằng kinh doanh
6,Cần mua,NHÀ THIẾT KẾ HIỆN ĐẠI GIÁC VÀNG 24 K,4 phòng,"A,B",Đã có sổ,Căn góc,Chưa bàn giao,3,Đất nông nghiệp,65 m²,25,2,20 m,- 100 m2,"Đoàn Nguyễn Tuấn, Phường 6, Quận 8, Tp Hồ Chí Minh",5 m,2 phòng,"2,5 tỷ- 100 m2",Tây Bắc,"Nhà mặt phố, mặt tiền",100 m²,"NHÀ GIÁC VÀNG 24K THẬT 100%
NHÀ MỘT TRỆT MỘT LẦU 4 PHÒNG NGỦ 2 WC
DT :5×20SHR
NGÂN HÀNG HỔ TRỢ VAY 70%
LỘ GIỚI 18m2
HAI MẶT TIỀN TRƯỚC SAU
NGAY CHỢ,ĐIỆN MÁY XANH,UBND,TRƯỜNG HỌC CẤP1,2,3.V.VV.....
DẦY ĐỦ TIỆN NGHI
KHU DÂN CƯ ĐÔNG ĐÚC",25 triệu/m²,Hoàn thiện cơ bản,200 m²,Đông,Chung cư,Hẻm xe hơi,Mặt bằng kinh doanh
6,Cần mua,Bùi Xương Trạch 45m2 Gần Phố Lô Góc MT 4m Siêu Đẹp,5 phòng,"A,B",Đã có sổ,Căn góc,Chưa bàn giao,3,Đất nông nghiệp,65 m²,25,2,20 m,- 45 m2,"Đường Bùi Xương Trạch, Phường Khương Đình, Quận Thanh Xuân, Hà Nội",5 m,2 phòng,"3,58 tỷ- 45 m2",Tây Bắc,"Nhà ngõ, hẻm",45 m²,"🚗 Ngõ ba gác, thoáng đãng. Khu vực dân cư đông đúc, hàng xóm thân thiện. Di chuyển thuận tiện đi Khương Trung, Định Công, Kim Giang...

🏩 Gần trường học các cấp, gần chợ, siêu thị,... tiện ích xung quanh rất nhiều phục vụ an sinh tốt. 

🏠 Nhà lô góc, thiết kế hiện đại, đẹp. Tổng 5 phòng ngủ rộng đẹp, nội thất đẹp long lanh. Phòng nào cũng có cửa sổ thoáng sáng, ánh nắng ngập tràn. Mặt tiền 4m khách vào nhìn là mê.

📒 Sổ đỏ vuông vắn, chính chủ, sang tên ngay.
______________

💵Giá chào: 3.58 Tỷ (có thương lượng)
☎️Liên hệ ngay em Nghĩa để được tư vấn và sở hữu căn nhà tuyệt đẹp này.","79,56 triệu/m²",Hoàn thiện cơ bản,200 m²,Đông,Chung cư,Hẻm xe hơi,Mặt bằng kinh doanh
6,Cần mua,"Bán Nhà Liên Khu 5-6 gần trường Kim Đồng, 1.325 ty",2 phòng,"A,B",Đã có sổ,Căn góc,Chưa bàn giao,3,Đất nông nghiệp,65 m²,25,1,20 m,- 35 m2,"Đường Liên khu 4-5, Phường Bình Hưng Hoà B, Quận Bình Tân, Tp Hồ Chí Minh",5 m,2 phòng,"1,325 tỷ- 35 m2",Tây Bắc,"Nhà mặt phố, mặt tiền",35 m²,"Cần Bán Nhà Đường Liên Khu 4-5 , 1 trệt 1 lầu 2 phòng ngủ 2 tolet 
Diện tích : 35m2
Nhà nằm gần trường tiểu học Kim Đồng , trung tâm anh ngữ Á Châu , uỷ ban .. 
Cách chợ 50m 
Không ngập úng , không lộ giới 
Tặng toàn bộ nội thất có trong nhà 
Giá 1.325 tỷ thương lượng","37,86 triệu/m²",Nội thất đầy đủ,200 m²,Đông,Chung cư,Nở hậu,Mặt bằng kinh doanh
6,Cần mua,Cần bán lô đất hẽm 3m đường 48 hiệp bình chánh,2 phòng,"A,B",Đã có sổ,Căn góc,Chưa bàn giao,3,Đất nông nghiệp,65 m²,25,1,15 m,- 94 m2,"Đường 48, Phường Hiệp Bình Chánh, Quận Thủ Đức, Tp Hồ Chí Minh",5.85 m,2 phòng,"2,5 tỷ- 94 m2",Tây Bắc,"Nhà mặt phố, mặt tiền",94 m2,"Cần bán lô đất.
- Vị tri. Hẽm 3m đường kha vạn cân, khu cá sấu hoa cà. Đối diện gigamal, cách phạm văn đồng 200m, cách đường 48 khoảng 300m.
- Diện tích: 94 m2 ( 5.85x 15) đất trồng cây hàng năm.
- Pháp lý: sổ đỏ riêng.
- Quy hoạch: Khu dân cư và ga bình triệu.","26,6 triệu/m2",Nội thất đầy đủ,200 m²,Đông,Chung cư,Hẻm xe hơi,Mặt bằng kinh doanh
6,Cần mua,HÀ TRÌ - HÀ ĐÔNG - NGÕ OTO TRÁNH - OTO ĐỖ CỬA,4 phòng,"A,B",Đã có sổ,Căn góc,Chưa bàn giao,3,Đất nông nghiệp,65 m²,25,5,15 m,- 40 m2,"Đường Hà Trì 1, Phường Hà Cầu, Quận Hà Đông, Hà Nội",5.85 m,3 phòng,"4,1 tỷ- 40 m2",Tây Bắc,"Nhà mặt phố, mặt tiền",40 m²,"Dự án: Hà Trì
Thông tin chi tiết: ✅CHỈ 4,1 TỶ - NHÀ ĐẸP PHỐ HÀ TRÌ - Q. HÀ ĐÔNG - 40m2 x 5 TẦNG - NGÕ RỘNG ĐẸP OTO TRÁNH NHAU - OTO ĐỖ CỬA NGÀY ĐÊM - NẰM TRÊN TRỤC ĐƯỜNG BÀ TRIỆU TRUNG TÂM QUẬN - SỔ ĐỎ CHÍNH CHỦ💥💥💥💥💥💥💥💥

☎️ Liên Hê: 0️⃣9️⃣3️⃣4️⃣5️⃣8️⃣9️⃣2️⃣6️⃣2️⃣","102,5 triệu/m²",Nội thất đầy đủ,40 m²,Đông,Chung cư,Nở hậu,Mặt bằng kinh doanh
6,Cần mua,Đất nền Full Thổ Cư _ Giá Rẻ La Ngà Định Quán,4 phòng,"A,B",Đã có sổ,Căn góc,Chưa bàn giao,3,Đất thổ cư,65 m²,25,5,30 m,- 140 m2,"Mít Nài, Xã La Ngà, Huyện Định Quán, Đồng Nai",5 m,3 phòng,280 triệu- 140 m2,Tây Bắc,"Nhà mặt phố, mặt tiền",140 m2,"💥 Mình đang mở bán 1 số lô đất nền giá rẻ dành cho ACE có tài chính hạn chế mua đầu tư hoặc để dành làm của.
💥 Pháp lí: Sổ Riêng _ Full Thổ Cư 100%
💥 Đất đẹp đường ôtô, dân cư hiện hữu như hình chụp thực tế bên dưới.
💥Vị trí nằm ven hồ Trị An mát mẻ,tiện ích trường học cấp 1_2_3 sát bên, gần chợ, Nhà Thờ....
💥 Đất ở xã La Ngà huyện Định Quán, cách quốc lộ 20 chỉ 3km.
💥ACE quan tâm vui lòng LH theo SDT hoặc Ad Zalo Facebook e làm việc trực tiếp ạ!",2 triệu/m2,Nội thất đầy đủ,40 m²,Đông,Chung cư,Hẻm xe hơi,Mặt bằng kinh doanh
6,Cần mua,"700 triệu SỞ Hữu Ngay Đất 6x23,5m Sát ĐH FPT Nẵng",4 phòng,"A,B",Đã có sổ,Căn góc,Chưa bàn giao,3,Đất nền dự án,65 m²,25,5,24 m,- 164 m2,"trần đại nghía, Phường Hoà Hải, Quận Ngũ Hành Sơn, Đà Nẵng",7 m,3 phòng,700 triệu- 164 m2,Tây Bắc,"Nhà mặt phố, mặt tiền",164 m2,"500 triệu sở hữu ngay 1 lô đất 
ĐẤT SÁT ĐẠI HỌC FPT ĐÀ NẴNG
- Ven Sông Cổ Cò, Cách Bãi Tắm Tân Trà Đà Nẵng 1,5km
->Còn lại trả góp 20 năm. Tổng 1 lô tầm 1.29 tỷ
-Diện Tích Đa Dạng cho bạn lựa chon:
5x14m, 5x19m 5x20m, 6x13m; 6x25,2m;6x23m 7x23,5m;……….
-Tất cả các lô đều cho trả góp chỉ cần 550 triệu là sở hữu ngay
Xem đất miễn Phí ZALO 
➡️ Bạn lưu lại số di động mình để khi bạn cần liên hệ liền bạn nhé : BĐS FPT Đà Nẵng
VP: Đường Phan Thanh Giản, cạnh ĐH FPT ,Cuối Đường Trần Đại Nghĩa, Ngũ Hành Sơn, TP Đà Nẵng","4,27 triệu/m2",Nội thất đầy đủ,40 m²,Đông,Chung cư,Mặt tiền,Mặt bằng kinh doanh
6,Cần mua,Nhà 100m2 Kế Trường Nguyễn Khuyến & Chợ 1.270 Tỷ,2 phòng,"A,B",Đã có sổ,Căn góc,Chưa bàn giao,3,Đất nền dự án,65 m²,25,1,24 m,- 80 m2,"Đường Nguyễn Khuyến, Phường Trảng Dài, Thành phố Biên Hòa, Đồng Nai",7 m,2 phòng,"1,27 tỷ- 80 m2",Tây Bắc,"Nhà mặt phố, mặt tiền",80 m²,"- Nhà mới xây, thiết kế cực kì đẹp cả phía ngoài và trong.
- Nhà thông thoáng, mát mẻ cả sáng & chiều
- Nhà bàn giao nội thất cơ bản như: kệ tủ phòng khách, kệ bếp, thiết bị nhà vệ sinh.... tất cả đều được làm rất tỉ mỉ.
- Sơn nước (2 lớp) và trần thạch cao, gạch ốp tường được làm bài bản y như hình phía trên.
- Nhà 1 trệt 1 lầu bao gồm: 1 phòng khách, 2 phòng ngủ, 1 phòng thờ, 1 bếp và 2 .
- Diện tích sàn: 100m2.
- Giá: 1.270 tỷ (thương lượng chính chủ).
- Nhà phù hợp với gia đình có đến 4 - 5 thành viên.
- Điện, nước máy đều có đầy đủ.
- Đường trước nhà bê tông 5m, xe ô tô đi thoải mái.
- Không vực, không trũng nước, không suối.
- Nhà cực kì phù hợp cho khách hàng đầu tư với chỉ 1.270 tỷ sở hữu cả nhà & đất, hoặc đầu tư cho thuê với giá 4tr/tháng.
- Hiện xung quanh khu vực trường Nguyễn Khuyến giá đất đang giao động rất cao từ 15 - 22tr/m2. Với giá 1.270 tỷ để sở hữu sản phẩm này là rất rẻ.
- Nhà bảo hành 2 năm cho khách hàng.
- Xung quanh khu vực này không thiếu bất kì 1 tiện ích nào.
- Liên hệ gặp Hùng Anh để được tư vấn và đi xem nhà.","15,88 triệu/m²",Hoàn thiện cơ bản,100 m²,Đông,Chung cư,Hẻm xe hơi,Mặt bằng kinh doanh
6,Cần mua,Đất nền homestay Tp Bảo Lộc view suối tự nhiên,2 phòng,"A,B",Đã có sổ,Căn góc,Chưa bàn giao,3,Đất nông nghiệp,65 m²,25,1,33.5 m,- 503 m2,"Đường Lý Thái Tổ, Xã Đạm Bri, Thành phố Bảo Lộc, Lâm Đồng",15 m,2 phòng,850 triệu- 503 m2,Tây Bắc,"Nhà mặt phố, mặt tiền",503 m2,"- Đất vườn TP Bảo Lộc diện tích đa dạng 280m2 - 1200m2.
- Có suối tự nhiên bao quanh, view sườn đồi.
- Đường nội bộ rộng 10m.
- Tổng 70 nền, trong khu vực nội bộ có công viên nội khu, homestay hiện hữu, khu vực nướng BBQ.
- Toàn bộ đường đổ nhựa rải thảm, vỉa hè lát đá.
- Ngay điểm xuống của cao tốc Dầu Giây - Liên Khương.
- Sổ đỏ từng nền.
- Cách thác Đambri 3km.
- Phù hợp: Đầu tư, du lịch, nghỉ dưỡng.","1,69 triệu/m2",Hoàn thiện cơ bản,100 m²,Đông,Chung cư,Hẻm xe hơi,Mặt bằng kinh doanh
1,Cần mua,BÁN CHUNG CƯ PALM HEIGHTS NHÀ ĐẸP GIÁ RẺ,2 phòng,T3,Đang chờ sổ,Căn góc,Đã bàn giao,3,Đất nông nghiệp,80 m²,10,1,33.5 m,- 80 m2,"Đường Song Hành, Phường An Phú, Quận 2, Tp Hồ Chí Minh",15 m,2 phòng,"3,95 tỷ- 80 m2",Tây Nam,"Nhà mặt phố, mặt tiền",503 m2,"Dự án: CHUNG CƯ PALM HEIGHTS.
 Thông tin chi tiết: CHUNG CƯ PALM HEIGHT ( THÁP T3-10.01)
FULL NỘI THẤT ĐẸP, CAO CẤP, NHÀ MỚI
VIEW SÔNG, HỒ BƠI, CÔNG VIÊN CÂY XANH. 
ĐẢM BẢO XEM NHÀ THÍCH NGAY","49,38 triệu/m²",Nội thất cao cấp,100 m²,Đông Bắc,Chung cư,Hẻm xe hơi,Mặt bằng kinh doanh
1,Cần mua,"Bán nhà Cổ Nhuế, gần chợ, t.học, 33m2*5T. 2.65 tỷ",3 phòng,T3,Đã có sổ,Căn góc,Đã bàn giao,3,Đất nông nghiệp,80 m²,10,1,9 m,- 33 m2,"16, Đường Cổ Nhuế, Phường Cổ Nhuế 2, Quận Bắc Từ Liêm, Hà Nội",36 m,5 phòng,"2,65 tỷ- 33 m2",Tây Nam,"Nhà ngõ, hẻm",33 m²,"Bán nhà Cổ Nhuế, Bắc Từ Liêm, Hà Nội.
DT: 33m2, 5 tầng, mặt tiền 3.6m.
Vị trí: gần chợ, trường học, nhiều tiện ích.
Ngõ rộng, thoáng, gần phố.
Sổ đỏ chính chủ.
Giá bán: 2.65 tỷ.
LH: 0-988766487, xem nhà.","80,3 triệu/m²",Nội thất cao cấp,160 m²,Đông Bắc,Chung cư,Hẻm xe hơi,Mặt bằng kinh doanh
1,Cần mua,chính chủ bán mảnh đất có ao đẹp cách ql6 chỉ 700m,3 phòng,T3,Đã có sổ,Căn góc,Đã bàn giao,3,Đất thổ cư,80 m²,10,1,60 m,- 1.431 m2,"Đường Quốc lộ 6, Xã Hòa Sơn, Huyện Lương Sơn, Hòa Bình",25 m,5 phòng,"1,75 tỷ- 1.431 m2",Tây Nam,"Nhà ngõ, hẻm",1431 m2,"Do gia đình muốn định cư nước ngoài nên cần bán :
- Diện tích : 1.431 m2, có 200 m đất ở, sổ đỏ chính chủ, pháp lí minh bạch rõ ràng
- Giao thông: Chỉ cách ql6 khoảng 700m, cách Big C chỉ 30 km, nằm ở khu dân cư văn minh, khu vực được sát nhập về thị xã Lương Sơn 
- Trong đất có 1 ao cá rộng 200m, quanh năm không cạn, ngoài ra còn nhiều cây ăn quả có giá trị kinh tế cao.
- Đây là cơ hội cho các nhà đầu tư sở hữu mảnh đất giá hợp lí, lại có khuôn viên cực đẹp.
- Liên hệ 0988.49.3638 E Công","1,22 triệu/m2",Nội thất cao cấp,160 m²,Đông Nam,Chung cư,Hẻm xe hơi,Mặt bằng kinh doanh
1,Cần mua,Đất 141m2 cuối đường 102 phường TNPA Q9 giá tốt,3 phòng,T3,Đang chờ sổ,Căn góc,Đã bàn giao,3,Đất nông nghiệp,80 m²,10,1,25 m,- 141 m2,"Đường 102, Phường Phước Long A, Quận 9, Tp Hồ Chí Minh",6 m,5 phòng,"2,2 tỷ- 141 m2",Tây Nam,"Nhà ngõ, hẻm",141 m2,"- Bán lô đất ”dân cư hiện hữu” cuối đường 102 Lã Xuân Oai phường Tăng Nhơn Phú A Q9.
- Diện tích 141,2m2 Giá 2,2 tỷ (bán hiện trạng) còn 1 tháng nữa có sổ giá bán lúa non đầu tư","15,6 triệu/m2",Nội thất cao cấp,160 m²,Đông Nam,Chung cư,Nở hậu,Mặt bằng kinh doanh
1,Cần mua,Nhà Lầu Trệt BC34 đường thông cần bán.,3 phòng,T3,Đã có sổ,Căn góc,Đã bàn giao,3,Đất nông nghiệp,80 m²,10,1,14 m,- 70 m2,"Đường Bình Chuẩn 34, Phường Bình Chuẩn, Thị xã Thuận An, Bình Dương",5 m,3 phòng,"2,4 tỷ- 70 m2",Tây Nam,"Nhà mặt phố, mặt tiền",70 m²,"nhà xây ở rất kiên cố chắc chắn,phong cách hiện đại kinh doanh buôn bán ok.gần chợ trường học.","34,29 triệu/m²",Nội thất đầy đủ,140 m²,Tây Bắc,Chung cư,Nở hậu,Mặt bằng kinh doanh
1,Cần mua,"Bán lô đất Phố Yên Hòa, Yên Nghĩa 31m2",3 phòng,T3,Đã có sổ,Căn góc,Đã bàn giao,3,Đất thổ cư,80 m²,10,1,8.4 m,- 31 m2,"Đường Yên Hòa, Phường Yên Nghĩa, Quận Hà Đông, Hà Nội",3.7 m,3 phòng,850 triệu- 31 m2,Tây Nam,"Nhà mặt phố, mặt tiền",31 m2,"* Gia đình không sử dụng lô đất tại Yên nghĩa, Hà Đông, Hà Nội, cần bán lấy vốn đầu tư 
* Gần cầu Lĩnh 200m, thông ra khu đô thị An Hưng, Aeon Mall 
Đường vào thuận tiện, qua trường tiêu học Yên Nghĩa 
Oto đỗ đường 5m thoải mái gần nhà 
Hè trước nhà 3m, lô đất vuông, cốt nền trắc, xung quanh đang xây dựng 
 
* Tiện ích đủ dùng bao quanh luôn, Trường mầm non Yên Nghĩa cách nhà 50m. Thích hợp vợ chồng trẻ mua xây nhà riêng 
 
* Hàng xóm dễ tính, nhà cao cửa rộng, thành đạt 
Sổ đỏ nét sẵn sàng giao dịch 
Liên hệ 
Anh chị trung gian, môi giới thông cảm, tránh mất thời gian hai bên","27,42 triệu/m2",Nội thất đầy đủ,140 m²,Tây Bắc,Chung cư,Hẻm xe hơi,Mặt bằng kinh doanh
1,Cần mua,2 nền đã có sổ Hồng chính chủ giá cả thương lượng,3 phòng,T3,Đã có sổ,Căn góc,Đã bàn giao,3,Đất thổ cư,80 m²,10,1,8.4 m,- 200 m2,"Đường Quốc lộ 91, Phường Trường Lạc, Quận Ô Môn, Cần Thơ",3.7 m,3 phòng,1 triệu- 200 m2,Tây Nam,"Nhà mặt phố, mặt tiền",200 m2,Nền giá tốt! Thuận mua vừa bán vui vẻ đôi bên!!! Lưu ý: đất có đường điện đi ngang nhưng phía trước và sau đều có thể cất nhà vì nằm ngoài hành lang!!! Lộ 4m ô tô vào tận nơi,5.000 đ/m2,Nội thất đầy đủ,140 m²,Tây Bắc,Chung cư,Hẻm xe hơi,Mặt bằng kinh doanh
1,Cần mua,"Nhà Khương Đình, rộng 45m2, giá tốt, nhỉnh 3t",5 phòng,T3,Đã có sổ,Căn góc,Đã bàn giao,3,Đất thổ cư,80 m²,10,1,8.4 m,- 40 m2,"Đường Khương Đình, Phường Khương Đình, Quận Thanh Xuân, Hà Nội",3.7 m,4 phòng,"3,333322 tỷ- 40 m2",Tây Nam,"Nhà ngõ, hẻm",40 m²,"Xây kiên cố - về ở ngay – thiết kế hợp lý
- Bán nhà ở Khương Đình, trung tâm quận Thanh Xuân, ngõ trước nhà xe ba gác tránh thoải mái, 70m ra đường ô tô tránh, đỗ ô tô ngày đêm
- Nhà xây kiên cố, rộng rãi, chắc chắn, lại mát mẻ, xung quanh gần chợ, siêu thị, trường mầm non, cấp 1, cấp 2. Chỉ cần dọn đến ở ngay, không cần sửa sang
- Đi lại nhiều tuyến đường thuận tiện như Nguyễn Trãi, Định Công, Khương Trung,...


- Diện tích lên đến 45m2 với 4 tầng:
+tầng1: phòng khách, bếp, WC
+tầng2,3: 4 phòng ngủ, 2 wc
+tầng 4: phòng thờ, sân phơi

- Giá: 3,2 tỷ có thương lượng, miễn môi giới, quảng cáo
- Liên hệ Tú Anh để xem nhà ngay","83,33 triệu/m²",Nội thất đầy đủ,140 m²,Tây Bắc,Chung cư,Hẻm xe hơi,Mặt bằng kinh doanh
1,Cần mua,đất tân mỹ 470.000.000,5 phòng,T3,Đã có sổ,Căn góc,Đã bàn giao,3,Đất thổ cư,80 m²,10,1,25 m,- 120 m2,"Đường ĐT 825, Xã Tân Mỹ, Huyện Đức Hòa, Long An",5 m,4 phòng,470 triệu- 120 m2,Tây Nam,"Nhà ngõ, hẻm",120 m2,có miếng đất cần bán hẽm xe hơi 5×25. đườg lộ vô 700m .hẽm như hình.xung quanh có dân ở .ko mồ mã.cách ngã tư tân mỹ 2cây sổ hồng chính chủ.gần dự án vinggroup.đầu tư hoặc ở.tiếp người thiên chí.miên cò.. báo...,"3,92 triệu/m2",Nội thất đầy đủ,140 m²,Tây Bắc,Chung cư,Hẻm xe hơi,Mặt bằng kinh doanh
1,Cần mua,"ĐẤT HƯƠNG LỘ 2, BÌNH TÂN",5 phòng,T3,Đã có sổ,Căn góc,Đã bàn giao,3,Đất thổ cư,80 m²,10,1,21 m,- 82 m2,"Đường Hương lộ 2, Phường Bình Trị Đông A, Quận Bình Tân, Tp Hồ Chí Minh",4 m,4 phòng,"3,7 tỷ- 82 m2",Tây Nam,"Nhà ngõ, hẻm",82 m2,"Rẻ như bình chánh ae ơi.khách đã trả 35 rồi nhích lên xíu nữa là cọc thôi
Đường nhựa đúng 8m cụt huong lộ 2 bình tân
4×21m đủ 82m2 ko lộ giới
Khu hiện hữu dc cất 6 lầu ko lọ giới
Đối diện bv quận xung quanh đủ tiện ích luôn
Rẻ hơn bình chánh
Chốt 3.7 tỷ ko bớt.chỉ bán trong tháng này.","45,12 triệu/m2",Nội thất đầy đủ,140 m²,Tây Bắc,Chung cư,Mặt tiền,Mặt bằng kinh doanh
1,Cần mua,"Nhà 1 Trệt 1 Lửng,Xuân Thới Thượng,Hóc Môn 320tr.",2 phòng,T3,Đã có sổ,Căn góc,Đã bàn giao,3,Đất thổ cư,80 m²,10,1,16 m,- 80 m2,"Đường Nguyễn Văn Bứa, Xã Xuân Thới Thượng, Huyện Hóc Môn, Tp Hồ Chí Minh",5 m,2 phòng,320 triệu- 80 m2,Tây Nam,"Nhà ngõ, hẻm",80 m²,"Bán như cho nhà 1 trệt 1 lửng,Hóc Môn 320tr.
DT:5x16
Khu dân cư đông đúc,chợ nhộn nhịp,đông dân.

LH xem nhà không tiếp cò lái.",4 triệu/m²,Nội thất đầy đủ,80 m²,Tây Bắc,Chung cư,Mặt tiền,Mặt bằng kinh doanh
1,Cần mua,"Căn hộ The Ascent Thảo Điền 105m² - 3PN 5,1 tỷ VNĐ",3 phòng,T3,Đang chờ sổ,Căn góc,Đã bàn giao,3,Đất thổ cư,105 m²,10,1,16 m,- 105 m2,"Đường Quốc Hương, Quận 2, Tp Hồ Chí Minh",5 m,2 phòng,"5,1 tỷ- 105 m2",Tây Nam,"Nhà ngõ, hẻm",80 m²,"Bán gấp căn hộ cao cấp 3PN, 105m2 The Ascent Phường Thảo Điền
Vị trí: Đường QUỐC HƯƠNG PHƯỜNG THẢO ĐIỀN QUẬN 2 
Liền kề các trường Quốc tế Anh, Mỹ, Úc, Đức…
Tiện ích nội khu: Hồ bơi, bãi đỗ xe, cửa hàng tiện lại, phòng gym ngoài trời, sân chơi trẻ em.

Khu vực lân cận: Bệnh viện, trung tâm thương mại Vincom Mega Mall Thảo Điền
Giao thông: 5 phút để đi qua quận Bình Thạnh, Chợ Bến Thành

Diện tích: 105m2 tim tường , 99m2 thông thủy 
Thiết kế 3PN + 2 WC
Giá bán: 5,1 tỷ VND
Để lại nội thất
Liên hệ xem nhà Đình Điệp
HÃY GỌI NGAY NHÉ!","48,57 triệu/m²",Nội thất đầy đủ,80 m²,Tây Bắc,Chung cư,Mặt tiền,Mặt bằng kinh doanh
1,Cần mua,"Bán nhà 1 trệt 2 lầu Đ.Nguyễn Văn Vỹ, giá 1,850tỷ",4 phòng,T3,Đã có sổ,Căn góc,Đã bàn giao,3,Đất thổ cư,105 m²,10,1,12 m,- 59 m2,"Đường Nguyễn Văn Vỹ, Phường 12, Quận Tân Bình, Tp Hồ Chí Minh",4.11 m,4 phòng,"1,85 tỷ- 59 m2",Tây Nam,"Nhà mặt phố, mặt tiền",59 m²,"Bán nhà 59m2 nhà một trệt hai lầu mặt tiền đường Nguyễn Văn Vỹ, phường 12 ,quận Tân Bình đường trước nhà 6m. Giá bán 1.850 tỷ nhà mới vô ở liền chủ để lại full nội thất
Liên hệ em Trúc","31,36 triệu/m²",Nội thất đầy đủ,59 m²,Tây Bắc,Chung cư,Nở hậu,Mặt bằng kinh doanh
1,Cần mua,Gà đẻ trứng - kín phòng cho thuê - dòng tiền 10%,9 phòng,T3,Đã có sổ,Căn góc,Đã bàn giao,3,Đất thổ cư,105 m²,10,5,15 m,- 60 m2,"Đường Đê La Thành, Phường Phương Liên, Quận Đống Đa, Hà Nội",4.1 m,5 phòng,"6,6 tỷ- 60 m2",Tây Nam,"Nhà ngõ, hẻm",60 m²,"Gà đẻ trứng - kín phòng cho thuê - dòng tiền 10% giá trị căn nhà chỉ nhỉnh 6 tỷ

Mô tả: 
- Vị trí tiếp giáp Xã Đàn gần ngã 7 Ô Chợ Dừa phía sau Ngân Hàng Nhà Nước khu vực đông sinh viên, nhân viên văn phòng,....
- Tòa nhà xây khung bê tông cốt thép 60m2, chủ có xác nhận của phường về diện tích XD gồm 5 tầng, tổng 9 phòng vệ sinh khép kín, đầy đủ trang thiết bị, điều hòa, NL, bếp, giường, tủ, chăn ga,...khóa vân tay, camera, wifi,...
- Hiện tại nhà đang cho thuê 8/9 phòng, có 4 phòng nhỏ, 5 phòng to các phòng đều thoáng sáng, tổng doanh thu cả nhà và dịch vụ đạt 55 triệu/th.
- Giá 6 tỷ 600 triệu có thương lượng.
- Sổ đỏ nở hậu sẵn sàng giao dịch.

Liên hệ: Trung nhà đất (1995) ở sướng, đầu tư tốt, chuyên tư vấn hỗ trợ pháp lý, hỗ trợ vay ngân hàng và dẫn xem nhà miễn phí 100%.
Số liên lạc: - chuyên nhà đất thổ cư Hà Nội - nhận ký gửi nhà Hà Nội.",110 triệu/m²,Nội thất đầy đủ,60 m²,Tây Bắc,Chung cư,Nở hậu,Mặt bằng kinh doanh
1,Cần mua,"chính chủ hẻm xe hơi Phú Thọ Hoà, 4x10 giá tốt",2 phòng,T3,Đã có sổ,Căn góc,Đã bàn giao,3,Đất thổ cư,105 m²,10,5,10 m,- 40 m2,"Phú Thpj, Phường Phú Thọ Hòa, Quận Tân Phú, Tp Hồ Chí Minh",4 m,2 phòng,"4,2 tỷ- 40 m2",Tây Nam,"Nhà ngõ, hẻm",40 m²,"HÀNG CHÍNH CHỦ 17 NĂM
Nhà 1/ hẻm xe hơi Phú Thọ Hoà , Tân Phú
Dt : 4 x 12 ( 1 trệt , 1 lửng ) 
Nhà Ok , vị trí đẹp , cách mặt tiền Phú thọ hoà 5 căn ( đoạn gần Luy bán bich )
Giá : 4ty2 Tl 
liên hệ: Hà 
thông tin chính xác",105 triệu/m²,Nội thất đầy đủ,60 m²,Tây Bắc,Chung cư,Nở hậu,Mặt bằng kinh doanh
1,Cần mua,"Bán gấp nhà 2 tầng xây mới,khu trung tâm tp",2 phòng,T3,Đã có sổ,Căn góc,Đã bàn giao,3,Đất thổ cư,105 m²,10,5,14 m,- 43 m2,"Đường Trần Phú, Phường Năng Tĩnh, Thành phố Nam Định, Nam Định",3 m,2 phòng,800 triệu- 43 m2,Tây Nam,"Nhà ngõ, hẻm",43 m²,"Cần bán nhà giá 800 triệu , ngõ đường Trần Phú ( khu trung tâm thành phố Nam định ) 
Dt : 43 m2 mặt 3,1 m .nhà 2 tầng dân xây ở rất chắc chắn, đẹp , 
Tầng 1 gồm : 1 phòng rộng là phòng khách có thể kê được giường ngủ.bếp , vs 
Tầng 2 gồm : 2 phòng ngủ , vs , sân phơi . Hướng Đông Nam 
Ngõ rộng 2 m, nông, gần đường lớn.
Cảm ơn đã đọc bài.","18,6 triệu/m²",Nội thất đầy đủ,43 m²,Đông Nam,Chung cư,Nở hậu,Mặt bằng kinh doanh
1,Cần mua,ĐẤT KDC QUẬN 12.140m² giá 2Ty340.,2 phòng,T3,Đã có sổ,Căn góc,Đã bàn giao,3,Đất thổ cư,105 m²,10,5,20 m,- 140 m2,"Tân thới Nhất 17, Phường Tân Thới Nhất, Quận 12, Tp Hồ Chí Minh",7 m,2 phòng,"2,34 tỷ- 140 m2",Tây Nam,"Nhà ngõ, hẻm",140 m²,"Đất ngay khu dân cư Tân Thới Nhất Quận 12. DIỆN TÍCH: 140m² (7×20).
CÁCH TRƯỜNG CHINH 800M
GIÁ 2TY340.
Mặt tiền 12m.
Đất thực tế.
CÓ SỔ HỒNG RIÊNG - CÔNG CHỨNG NGAY.
( không gửi sổ tránh cò lái).","16,71 triệu/m²",Nội thất đầy đủ,43 m²,Đông Nam,Chung cư,Mặt tiền,Mặt bằng kinh doanh
1,Cần mua,"Bán nhà hẻm 6 Nguyễn Trải, Lê Bình, CR 60m2 1ty400",2 phòng,T3,Đã có sổ,Căn góc,Đã bàn giao,3,Đất thổ cư,105 m²,10,5,10 m,- 40 m2,"Hẻm 6 Nguyễn Trãi, Phường Lê Bình, Quận Cái Răng, Cần Thơ",4 m,2 phòng,"1,4 tỷ- 40 m2",Tây Nam,"Nhà ngõ, hẻm",40 m²,"💥 Bán nhà hẻm 6 Nguyễn Trải, Lê Bình, Cái Răng, TPCT
💥 Nhà Trệt Lửng ,1p khách, 2p ngủ, 1 bếp, 2 toilet.
💥 Dt nhà: 4x10 thổ cư ....
💥 DTSD : 59,5m
💥 Lộ 2.5m
/-li TẶNG 2 MÁY LẠNH, 2 MÁY NƯỚC NÓNG
💰💰 1ty400",35 triệu/m²,Nội thất đầy đủ,60 m²,Đông Nam,Chung cư,Mặt tiền,Mặt bằng kinh doanh
1,Cần mua,Mặt tiền kinh doanh KDC Thuận Giao Ngay Chợ Hài Mỹ,2 phòng,T3,Đã có sổ,Căn góc,Đã bàn giao,3,Đất thổ cư,105 m²,10,5,20 m,- 100 m2,"Đường Thuận Giao 10, Phường Thuận Giao, Thị xã Thuận An, Bình Dương",5 m,2 phòng,"1,86 tỷ- 100 m2",Tây Nam,"Nhà ngõ, hẻm",100 m2,"Khu nhà ở cao cấp thuận giao, đường nhựa vỉa hè 13m.
- Ngay chợ Hài Mỹ mặt tiền kinh doanh buôn bán.
- Sổ hồng riêng, công chứng sang tên trong ngày.
- Giá rẻ nhất thị trường, liên hệ lấy giá chính chủ.","18,6 triệu/m2",Nội thất đầy đủ,60 m²,Đông Nam,Chung cư,Mặt tiền,Mặt bằng kinh doanh
1,Cần mua,"Nhà mới 1T1L, 3p.ngủ 2Wc ngay trường cấp 2 MP3",2 phòng,T3,Đã có sổ,Căn góc,Đã bàn giao,3,Đất thổ cư,105 m²,10,5,30 m,- 150 m2,"Đường DL10, Phường Thới Hòa, Thị xã Bến Cát, Bình Dương",5 m,2 phòng,"1,8 tỷ- 150 m2",Tây Nam,"Nhà ngõ, hẻm",150 m2,"Mình cần bán nhà mới xây, dọn vào ở ngay
Nhà 1 trệt 1 lửng, gác đúc, bao gồm 1 phòng khách, 1 bếp, 3 phòng ngủ, 2 wc, sân vườn
nhà xây ở nên kiên cố chắc chắn, ốp gạch và ốp gỗ tường
DT 150m2 giá bán 1.8 tỉ
Vị trí ngôi nhà đối diện trường cấp 2 và trạm y tế, có thể kinh doanh buôn bán tốt
Đường 16m thông thoáng",12 triệu/m2,Nội thất đầy đủ,60 m²,Đông Nam,Chung cư,Mặt tiền,Mặt bằng kinh doanh
1,Cần mua,"6700m2 đất Lộc Quảng Bảo Lâm, 40m MT, QH đất ở",2 phòng,T3,Đã có sổ,Căn góc,Đã bàn giao,3,Đất thổ cư,105 m²,10,5,30 m,- 6.700 m2,"Đường liên xã, Xã Lộc Quảng, Huyện Bảo Lâm, Lâm Đồng",40 m,2 phòng,"5,1 tỷ- 6.700 m2",Tây Nam,"Nhà ngõ, hẻm",6700 m2,"📌Tổng diện tích hơn 6 xào (6700m2) đất thuộc xã Lộc Quảng, huyện Bảo Lâm, tỉnh Lâm Đồng.
📌Có hơn 40m mặt tiền đường đất hiện trạng 5m, quy hoạch đất ở 100%.
📌Đất trên đồi cao, thế đất triền xuống và có ao phía cuối vườn.
📌Thích hợp đầu tư, nghỉ dưỡng, trồng cây công nghệ cao.
💲Giá 900 triệu/xào (1000m2), có thương lượng.",761.194 đ/m2,Nội thất đầy đủ,60 m²,Đông Nam,Chung cư,Mặt tiền,Mặt bằng kinh doanh
1,Cần mua,Bán CH The Habitat Bình Dương 61m² 2PN giá tốt,2 phòng,B1,Đang chờ sổ,Căn góc,Đã bàn giao,3,Đất thổ cư,61 m²,10,5,30 m,- 61 m2,"Đường Hữu Nghị, Phường Bình Hòa, Thị xã Thuận An, Bình Dương",40 m,2 phòng,"1,9 tỷ- 61 m2",Tây Nam,"Nhà ngõ, hẻm",6700 m2,"⏭Chính chủ cần bán gấp căn hộ The Habitat Vsip 1 kè cạnh Aeon Mall Bình Dương
⏭Căn hộ The Habitat Bình Dương Vsip 1 🗯Căn 2pn-61m tầng cao, view đẹp, ban công, nhận nhà ở ngay mới 100%
⏭⏭Bán căn hộ The Habitat 2pn-61m tầng cao, view đẹp,nhận nhà ở ngay mới 100%
👉🏻 Bàn giao nội thất cơ bản:gạch sàn,trần,tường,bếp...đặc biệt có ốp gỗ như hình.
📲📲Khách hàng nhu cầu alo e để được xem trực tiếp nha: Phúc Thảo
👉🏻Vị trí mặt tiền đại lộ Bình Dương và cổng Viship 1 liền kề ngân hàng..
💰💰 Giá cực ưu đãi ban đầu :1,9 tỷ","31,15 triệu/m²",Hoàn thiện cơ bản,60 m²,Đông Nam,Chung cư,Mặt tiền,Mặt bằng kinh doanh
1,Cần mua,CĂN HỘ NGHỈ DƯỠNG ĐÁNG SỐNG NHẤT TP MỚI THỦ ĐỨC,2 phòng,B1,Giấy tờ khác,Căn góc,Chưa bàn giao,3,Đất thổ cư,62 m²,10,5,30 m,- 62 m2,"Khu đô thị Bình Nguyên (Làng Đại Học Quốc Gia), thị xã Dĩ An, TP.Dĩ An, tỉnh Bình Dương., Phường Bình An, Thị xã Dĩ An, Bình Dương",40 m,2 phòng,"1,68 tỷ- 62 m2",Tây Nam,"Nhà ngõ, hẻm",6700 m2,"CĂN HỘ CHUẨN RESORT CÁCH LANDMARK 81 CHỈ 30 PHÚT
THANH TOÁN TRƯỚC 200TR - SỞ HỮU NGAY

🔖Đầu tư cho thuê lại 18tr/ tháng
🔖Giá thấp hơn 10% -15% so với dự án lân cận quanh khu vực
🔖Vị trí huyết mạch: cửa ngõ khu Đông Sài Gòn cách bến xe miền Đông mới chỉ 5 phút
🔖Tiềm năng tăng giá vượt bậc: giá cho thuê lại 💸18tr/ tháng 💸
🔖Khu vực phát triển năng động, tâm điểm thu hút đầu tư, hạ tầng Đông Sài Gòn & Tp Thủ Đức tương lai
🔖Dễ dàng sở hữu: thanh toán trước 200tr sở hữu ngay
🔖Pháp lý hoàn chỉnh: 1/500
🔖Thừa hưởng hạ tầng hiện đại: 
️🎯️🎯Cạnh ga Metro
️🎯️🎯Bến xe Miền Đông mới
️🎯️🎯Khu công nghệ cao 
️🎯️🎯36 tiện ích ngoại khu hoàn chỉnh
⚡TIỀM NĂNG PHÁT TRIỂN;
- Mở rộng tuyến đường trục chính Đông Tây nối QL1K và QL1A (Bến Xe Miền Đông Mới).
- Hệ thống 3 hồ bơi vô cực, 3 công viên (cv bên hồ , cv khu đô thị và cv nội khu với 4 phân khu riêng biệt)
- Hệ thống hạ tầng được quy hoạch đồng bộ.
- Nằm biệt lập trong khu đô thị, chế độ an ninh tối đa.
- Di chuyển giao thương thuận tiện
....VÀ CÒN RẤT NHIỀU TIỀM NĂNG KHÁC KHÔNG THỂ TÌM ĐƯỢC TẠI NHỮNG DỰ ÁN KHÁC.","27,1 triệu/m²",Nội thất cao cấp,60 m²,Đông Nam,Chung cư,Mặt tiền,Mặt bằng kinh doanh
1,Cần mua,"BÁN NHÀ GÒ VẤP CHÍNH CHỦ , HẺM 8M , 4X32M , 3 LẦU",5 phòng,B1,Đã có sổ,Căn góc,Chưa bàn giao,3,Đất thổ cư,62 m²,10,4,32 m,- 114 m2,"Đường Số 3, Phường 9, Quận Gò Vấp, Tp Hồ Chí Minh",4 m,4 phòng,"7,9 tỷ- 114 m2",Tây Nam,"Nhà mặt phố, mặt tiền",114 m²,"Nhà chính chủ bán , khu dân cư Thạch Đà , Quận Gò Vấp
Thông tin chi tiết :
Bán Nhà Phố Gò Vấp : 1 triệt 3 lầu ( 5 phòng ngủ , 1 phòng sinh hoạt chung , 4 WC) , 2 sân thượng , hồ bơi
Diện tích 114m2 , diện tích sàn 256m , sổ hồng chính chủ ( Sổ đang vay ngân hàng Vietcombank, khách mua khỏi lo vấn đề pháp lý . Ngân hàng định giá 9 tỷ cam kết cho vay trên 6 tỷ ) 
Nhà xây và hoàn công 2019 hướng Tây - Tây Bắc. 
Nhà đã sắm full nội thất : điều hòa , thiết bị vệ sinh cao cấp , đèn trang trí , quạt trần , sàn gỗ , rèm cửa 2 lớp .... Phòng chơi cho bé với nhiều đồ chơi hiện đại.
Khu quy hoạch dân cư ổn định , công nhận đủ 114m2 không vướng quy hoạch, lộ giới .
Đường trước nhà 8m trải nhựa . Phạm Văn Chiêu vào chỉ 250m, đường số 3 vào chỉ 70m
Giá bán 7,9 tỷ . Khách thiện chí thương lượng thêm.","69,3 triệu/m²",Nội thất cao cấp,114 m²,Đông Nam,Chung cư,Hẻm xe hơi,Mặt bằng kinh doanh
1,Cần mua,Cần bán gấp trước Tết,2 phòng,B1,Giấy tờ khác,Căn góc,Chưa bàn giao,3,Đất thổ cư,62 m²,10,4,6.2 m,- 22 m2,"Đường Phạm Hữu Lầu, Xã Phước Kiển, Huyện Nhà Bè, Tp Hồ Chí Minh",3.5 m,1 phòng,850 triệu- 22 m2,Tây Nam,"Nhà ngõ, hẻm",22 m²,"ngang 3.5 dài 6.2m
1 lầu 2 phòng ngủ
đất có nguồn gốc có sổ 
mua bán ccvb","38,64 triệu/m²",Nội thất cao cấp,22 m²,Bắc,Chung cư,Hẻm xe hơi,Mặt bằng kinh doanh
1,Cần mua,"Bán nhà cổ Nhuế, ĐH Mỏ, T.Chính, 30m2*3T, 2.25 tỷ.",2 phòng,B1,Đã có sổ,Căn góc,Chưa bàn giao,3,Đất thổ cư,62 m²,10,4,10 m,- 30 m2,"9, Cổ Nhuế, Phường Cổ Nhuế 2, Quận Bắc Từ Liêm, Hà Nội",3 m,3 phòng,"2,25 tỷ- 30 m2",Tây Nam,"Nhà ngõ, hẻm",30 m²,"Chính chủ bán nhà Cổ Nhuế, Bắc Từ Liêm HN.
Diện tích 30m2, 3 tầng.
vị trí: gần Đại học mỏ, học viện tài chính.
Ngõ rộng, thoáng, gần phố.
sổ đỏ chính chủ, pháp lý chuẩn.
giá bán: 2.25 tỷ.",75 triệu/m²,Nội thất cao cấp,100 m²,Bắc,Chung cư,Hẻm xe hơi,Mặt bằng kinh doanh
1,Cần mua,NHÀ MỚI XE HƠI VÔ NHÀ ĐƯỜNG LỚN LÂM VĂN BỀN Q7,4 phòng,B1,Đã có sổ,Căn góc,Chưa bàn giao,3,Đất thổ cư,62 m²,10,4,24.6 m,- 79.1 m2,"Đường Lâm Văn Bền, Phường Tân Kiểng, Quận 7, Tp Hồ Chí Minh",3.98 m,5 phòng,"9,7 tỷ- 79.1 m2",Tây Nam,"Nhà mặt phố, mặt tiền",79.1 m²,"Vợ chồng cần tiền bán gấp nhà Xe Hơi vô nhà Đường lớn Lâm Văn Bền Phường Tân Kiểng Quận 7 (ID 79997)

- Nhà có diện tích: 3.98x24.60m, diện tích đất 79.10m2, DTSD 274.70m2, 

- Đường nhựa trước nhà 5m. Hướng Nam mát quanh năm. 

- Khu dân cư an ninh, dân trí cao, xây dựng kiên cố, hoàn công đầy đủ

- Nhà có kết cấu: 1 trệt 1 lửng 2 lầu+ sân thượng. 4 phòng ngủ và 5 vệ sinh, ban công nhà thiết kế đẹp thoáng mát

- Nội thất cao cấp: sàn gỗ nhập chống trơn trượt, mặt bếp đá nhân tạo chịu lực, mài mòn cao, kháng khuẩn, đèn led âm trần tiết kiệm điện, cầu thang đá, người lớn trẻ nhỏ đi lại dễ dàng, an toàn,..thiết kế hiện đại tối ưu ánh sáng, gió vào nhà... thuận tiện vào ở ngay

- Ngay trường học, căn hộ cao cấp, phố ẩm thực- thời trang sầm uất, chợ,công viên ...

- Cách Phú Mỹ Hưng, Cresent Mall, Lotte Mart, BV FV, Tim Tâm Đức, BV Q7 5 phút, SC Vivo City 7 phút, cách KCX Tân Thuận 7 phút, qua Q4 chỉ 9 phút,....

- Giao thông thuận tiện qua các tuyến đường: Trần Xuân Soạn, Phan Huy Thực, Nguyễn Thị Thập, Nguyễn Hữu Thọ và các Quận 1, 4, 8, 5, Nhà Bè","122,78 triệu/m²",Nội thất cao cấp,100 m²,Nam,Chung cư,Hẻm xe hơi,Mặt bằng kinh doanh
1,Cần mua,Đất chính chủ cạnh đường Liên Huyện đi sân bay,4 phòng,B1,Đã có sổ,Căn góc,Chưa bàn giao,3,Đất nông nghiệp,62 m²,10,4,78 m,- 3.258 m2,"Quốc Lộ 1A, Xã Hồng Thái, Huyện Bắc Bình, Bình Thuận",40 m,5 phòng,276 triệu- 3.258 m2,Tây Nam,"Nhà mặt phố, mặt tiền",3258 m2,"-Tôi cần bán lô đất nông nghiêp 3258m2 xã hồng thái, cạnh đường liên huyện đi sân bay và đường liên xã ra biển
-Có sổ chính chủ, không quy hoạch , cách khu dân cư hiện hữu 800m , đât đẹp , bằng phẳng rất dễ vào
- Giá 277 triệu, bao phí sang tên công chứng. bớt chút lộc cho khách thiện chí mua bán nhanh gọn.
- LH trức tiếp gặp Tùng xem sổ và đất.",84.714 đ/m2,Nội thất cao cấp,100 m²,Nam,Chung cư,Nở hậu,Mặt bằng kinh doanh
