location,lat,lon
"Đường Tỉnh lộ 766, Xã Xuân Trường, Huyện Xuân Lộc, Đồng Nai",10.963874011538461,106.85765544615386
"Thôn 2, Xã Suối Rao, Huyện Châu Đức, Bà Rịa - Vũng Tàu",13.819208054201681,106.50317550420168
"Đường Số 3, Phường Bình Hưng Hòa, Quận Bình Tân, Tp Hồ Chí Minh",10.782852955555557,106.6659341392157
"An dương vương, Phường Bình Trị Đông, Quận Bình Tân, Tp Hồ Chí Minh",10.782852955555557,106.6659341392157
"Đường Quốc Lộ 14B, Xã Đại Hiệp, Huyện Đại Lộc, Quảng Nam",15.8910537,108.2461796
"Duong So D, Phường 5, Thành phố Vĩnh Long, Vĩnh Long",21.0895344,105.791854
"Đường Cao Thắng, Phường 8, Thành phố Sóc Trăng, Sóc Trăng",9.5842305,105.9756685
"Đường Tôn Đản, Phường Hòa Thọ Tây, Quận Cẩm Lệ, Đà Nẵng",15.947412380000001,108.1795226
"Đường Mễ Trì Hạ, Phường Mễ Trì, Quận Nam Từ Liêm, Hà Nội",21.028751447058823,105.82847453176471
"Đường Quốc Lộ 51, Xã Phước Tân, Biên Hòa, Đồng Nai, Phường Phước Tân, Thành phố Biên Hòa, Đồng Nai",10.963874011538461,106.85765544615386
"An Phú Tây - Hưng Long, Xã An Phú Tây, Huyện Bình Chánh, Tp Hồ Chí Minh",10.782852955555557,106.6659341392157
"Đường Nguyễn Văn Linh, Phường 2, Thành phố Sóc Trăng, Sóc Trăng",9.5985661,105.9717183
"Đường Hoàng Cầu, Phường Ô Chợ Dừa, Quận Đống Đa, Hà Nội",21.028751447058823,105.82847453176471
"Đường Tầm Vu, Phường Hưng Lợi, Quận Ninh Kiều, Cần Thơ",10.0202252,105.7711396
"Đường Nguyễn Thái Bình, Xã Hòa Thắng, Thành phố Buôn Ma Thuột, Đắk Lắk",12.674494466666667,108.03722181111112
"Đường Nam Pháp, Phường Lạch Tray, Quận Ngô Quyền, Hải Phòng",20.8440428,106.6926296
"Đường ĐT 743, Phường Bình Hòa, Thị xã Thuận An, Bình Dương",11.045096620833334,106.68756274583332
"Đường Vành Đai 3, Phường Yên Sở, Quận Hoàng Mai, Hà Nội",21.028751447058823,105.82847453176471
"Tôn Đức Thắng, Phường Hòa Minh, Quận Liên Chiểu, Đà Nẵng",16.0616498,108.1591151
"nguyễn chí thanh, Phường Bình Nhâm, Thị xã Thuận An, Bình Dương",11.045096620833334,106.68756274583332
"Đường Xô Viết Nghệ Tĩnh, Phường Thành Công, Thành phố Buôn Ma Thuột, Đắk Lắk",12.6654993,108.0360973
"6/9, Nguyễn Trác, Phường Tân Lợi, Thành phố Buôn Ma Thuột, Đắk Lắk",12.674494466666667,108.03722181111112
"Đường Cầu Giấy, Phường Quan Hoa, Quận Cầu Giấy, Hà Nội",21.0361576,105.8015505
"Đường Ụ Cây, Phường 10, Quận 8, Tp Hồ Chí Minh",10.7171219,106.6295254
"Đường Phạm Ngũ Lão, Phường An Hòa, Quận Ninh Kiều, Cần Thơ",10.0395446,105.7686035
"Đường Hà Huy Giáp, Phường Thạnh Xuân, Quận 12, Hồ Chí Min",13.819208054201681,106.50317550420168
"đường tránh, Phường Kim Long, Thành phố Huế, Thừa Thiên Huế",16.4645563,107.5611243
"Đường Nguyễn Khuyến, Phường Trảng Dài, Thành phố Biên Hòa, Đồng Nai",10.9686469,106.8591437
"Đường Bùi Thị Xuân, Phường 2, Thành phố Đà Lạt, Lâm Đồng",11.938698,108.4444366
"Đường Doãn Kế Thiện, Phường Mai Dịch, Quận Cầu Giấy, Hà Nội",21.0421414,105.781475
"Đường Hà Huy Tập, Phường Tân Lợi, Thành phố Buôn Ma Thuột, Đắk Lắk",12.674494466666667,108.03722181111112
"Đường Lâm Quang Ky, Phường An Hòa, Thành phố Rạch Giá, Kiên Giang",9.9945228,105.0864822
"Bình Hoà 22, Phường Bình Hòa, Thị xã Thuận An, Bình Dương",11.045096620833334,106.68756274583332
"117/1A4, Đường 16, Phường Hiệp Bình Chánh, Quận Thủ Đức, Tp Hồ Chí Minh",10.782852955555557,106.6659341392157
"Đường Quốc lộ 13, Phường Vĩnh Phú, Thị xã Thuận An, Bình Dương",11.045096620833334,106.68756274583332
"HẺM 54 HÙNG VƯƠNG, Phường Thới Bình, Quận Ninh Kiều, Cần Thơ",9.9778596,105.8144205
"Đường Kha Vạn Cân, Phường Hiệp Bình Chánh, Quận Thủ Đức, Tp Hồ Chí Minh",10.782852955555557,106.6659341392157
"Đường Huỳnh Văn Bánh, Phường 12, Quận Phú Nhuận, Tp Hồ Chí Minh",10.782852955555557,106.6659341392157
"Đường Tỉnh lộ 43, Phường Bình Chiểu, Quận Thủ Đức, Tp Hồ Chí Minh",10.782852955555557,106.6659341392157
"Đường Số 4, Phường An Lạc, Quận Bình Tân, Tp Hồ Chí Minh",10.782852955555557,106.6659341392157
"Duong So 45, Phường 5, Thành phố Vĩnh Long, Vĩnh Long",21.0895344,105.791854
"Đường Lê Thanh Nghị, Phường Bách Khoa, Quận Hai Bà Trưng, Hà Nội",21.028751447058823,105.82847453176471
"Đường Quang Trung, Phường Yên Nghĩa, Quận Hà Đông, Hà Nội",21.028751447058823,105.82847453176471
"11, Đường 19/5, Xã Lát, Huyện Lạc Dương, Lâm Đồng",11.881725583333333,108.34287695
"Đường Phan Văn Sửu, Phường 13, Quận Tân Bình, Tp Hồ Chí Minh",10.782852955555557,106.6659341392157
"Hẻm 388, Phường An Khánh, Quận Ninh Kiều, Cần Thơ",10.0198087,105.7544797
"Đường Kim Mã, Phường Kim Mã, Quận Ba Đình, Hà Nội",21.028751447058823,105.82847453176471
"203, 203 Đường Nguyễn Huy Tưởng, Phường Thanh Xuân Trung, Quận Thanh Xuân, Hà Nội",21.0180529,105.9016988
"Đường Dương Quảng Hàm, Phường Quan Hoa, Quận Cầu Giấy, Hà Nội",21.0361576,105.8015505
"402b, Đường Lê Trọng Tấn, Phường Tây Thạnh, Quận Tân Phú, Tp Hồ Chí Minh",10.8131991,106.6238898
"vĩnh phú 1, Phường Vĩnh Phú, Thị xã Thuận An, Bình Dương",11.045096620833334,106.68756274583332
"Đường 32, Xã Minh Hưng, Huyện Chơn Thành, Bình Phước",11.5283902,106.8788545
"Đường Cao Đức Lân, Phường An Phú, Quận 2, Tp Hồ Chí Minh",10.782852955555557,106.6659341392157
"Đường Măng Lin, Phường 7, Thành phố Đà Lạt, Lâm Đồng",11.881725583333333,108.34287695
"12 Tam Đa, Phường Trường Thạnh, Quận 9, Tp Hồ Chí Minh",10.782852955555557,106.6659341392157
"Đường 14, Xã Đắk R'La, Huyện Đắk Mil, Đắk Nông",13.819208054201681,106.50317550420168
"Đường ĐT 602, Xã Hòa Sơn, Huyện Hòa Vang, Đà Nẵng",15.947412380000001,108.1795226
"Đường Đào Tấn, Phường Đội Cấn, Quận Ba Đình, Hà Nội",21.0343738,105.8306015
"Đường Phan Huy Ích, Phường 12, Quận Gò Vấp, Tp Hồ Chí Minh",10.782852955555557,106.6659341392157
"Đường Số 8, Phường Linh Xuân, Quận Thủ Đức, Tp Hồ Chí Minh",10.782852955555557,106.6659341392157
"Đường Đinh Quang Ân, Phường Phước Tân, Thành phố Biên Hòa, Đồng Nai",10.963874011538461,106.85765544615386
"Đường Thái Hà, Phường Trung Liệt, Quận Đống Đa, Hà Nội",21.028751447058823,105.82847453176471
"Ngô đến, Phường Vĩnh Phước, Thành phố Nha Trang, Khánh Hòa",13.819208054201681,106.50317550420168
"Đường Vành Đai, Phường Thành Nhất, Thành phố Buôn Ma Thuột, Đắk Lắk",12.6829215,108.0284448
"Đường Liên Phường, Phường Phú Hữu, Quận 9, Tp Hồ Chí Minh",10.782852955555557,106.6659341392157
"Đường Quốc Lộ 13, Thị trấn Chơn Thành, Huyện Chơn Thành, Bình Phước",11.5283902,106.8788545
"Đường Văn Cao, Phường Lạch Tray, Quận Ngô Quyền, Hải Phòng",20.8440428,106.6926296
"Đường Bùi Đình Túy, Phường 12, Quận Bình Thạnh, Tp Hồ Chí Minh",10.75953,106.6516251
"Đường Lý Thường Kiệt, Phường Dĩ An, Thị xã Dĩ An, Bình Dương",10.9230601,106.7686184
"Đường Võng Thị, Phường Bưởi, Quận Tây Hồ, Hà Nội",21.028751447058823,105.82847453176471
"92/117, Đường Xô Viết Nghệ Tĩnh, Phường 21, Quận Bình Thạnh, Tp Hồ Chí Minh",10.8263833,106.7061889
"Đường 3A||23715, Phường An Khánh, Quận Ninh Kiều, Cần Thơ",10.0198087,105.7544797
"Đường Nguyễn Phước Nguyên, Phường An Khê, Quận Thanh Khê, Đà Nẵng",16.0399205,108.1982347
"1111, Đường Bàu Gia Thượng 2, Phường Hòa Xuân, Quận Cẩm Lệ, Đà Nẵng",16.0054548,108.2107194
"Đường Lý Thái Tổ, Phường Chính Gián, Quận Thanh Khê, Đà Nẵng",16.0663353,108.2033733
"Đường Bà Hom, Phường 13, Quận 6, Tp Hồ Chí Minh",10.7539993,106.6314196
"79-81, 79-81 Đường Nguyễn Xí, Phường 26, Quận Bình Thạnh, Tp Hồ Chí Minh",10.7583774,106.6053817
"Đường Quốc lộ 14, Xã Ia Tiêm, Huyện Chư Sê, Gia Lai",13.819208054201681,106.50317550420168
"Đường Bàu Lách, Xã Phạm Văn Cội, Huyện Củ Chi, Tp Hồ Chí Minh",10.782852955555557,106.6659341392157
"đường số 10, Phường Hiệp Bình Chánh, Quận Thủ Đức, Tp Hồ Chí Minh",10.782852955555557,106.6659341392157
"Đường Dân Sinh, Xã Tiền Phong, Huyện Mê Linh, Hà Nội",21.028751447058823,105.82847453176471
"Đường Đào Tấn, Phường Ngọc Khánh, Quận Ba Đình, Hà Nội",21.028751447058823,105.82847453176471
"Đường Liên Xã, Xã Hòa Sơn, Huyện Lương Sơn, Hòa Bình",13.819208054201681,106.50317550420168
"Đường Bình Long, Phường Tân Quý, Quận Tân Phú, Tp Hồ Chí Minh",10.782852955555557,106.6659341392157
"Đường Phan Thị Nể, Phường Hòa Minh, Quận Liên Chiểu, Đà Nẵng",16.0625287,108.1591262
"Đường Quốc lộ 13, Phường Vĩnh Phú, Thị xã Thuận An, Bình Dương",11.045096620833334,106.68756274583332
"Đường Nguyễn Hữu Thọ, Xã Phước Kiển, Huyện Nhà Bè, Tp Hồ Chí Minh",10.782852955555557,106.6659341392157
"Đường 22/12, Phường Thuận Giao, Thị xã Thuận An, Bình Dương",11.045096620833334,106.68756274583332
"Đường Xuân Đỉnh, Phường Xuân Đỉnh, Quận Bắc Từ Liêm, Hà Nội",21.028751447058823,105.82847453176471
"Đường Lê Lợi, Phường Nguyễn Trãi, Quận Hà Đông, Hà Nội",21.028751447058823,105.82847453176471
"Đường Thạch Bàn, Phường Thạch Bàn, Quận Long Biên, Hà Nội",21.0180529,105.9016988
"lê hồng nhi, Phường Lê Bình, Quận Cái Răng, Cần Thơ",10.029439009433963,105.76459656415095
"Lập Thành, Xã Đông Xuân, Huyện Quốc Oai, Hà Nội",21.028751447058823,105.82847453176471
"Đường Nhựa, Xã Đức Lập Hạ, Huyện Đức Hòa, Long An",20.6912345,105.8354428
"123, Đường Đà Nẵng, Phường Cầu Tre, Quận Ngô Quyền, Hải Phòng",20.836681525,106.694553275
"HẺM 150, Đường Nguyễn Thông, Phường An Thới, Quận Bình Thuỷ, Cần Thơ",10.061234,105.763903
"ĐT 855, Xã Hoà Bình, Huyện Tam Nông, Đồng Tháp",10.4502853,105.6431753
"Đường Bến Than, Xã Tân Thạnh Đông, Huyện Củ Chi, Tp Hồ Chí Minh",10.782852955555557,106.6659341392157
"Hội Bài Châu Pha, Phường Phú Mỹ, Thị xã Phú Mỹ, Bà Rịa - Vũng Tàu",13.819208054201681,106.50317550420168
"73/24 Duong 18D, Đường 18D, Phường Bình Hưng Hoà A, Quận Bình Tân, Tp Hồ Chí Minh",10.782852955555557,106.6659341392157
"Đường Lê Lợi, Phường Nguyễn Trãi, Quận Hà Đông, Hà Nội",21.028751447058823,105.82847453176471
"Đường Thạch Bàn, Phường Thạch Bàn, Quận Long Biên, Hà Nội",21.0180529,105.9016988
"lê hồng nhi, Phường Lê Bình, Quận Cái Răng, Cần Thơ",10.029439009433963,105.76459656415095
"Lập Thành, Xã Đông Xuân, Huyện Quốc Oai, Hà Nội",21.028751447058823,105.82847453176471
"Đường Nhựa, Xã Đức Lập Hạ, Huyện Đức Hòa, Long An",20.6912345,105.8354428
"123, Đường Đà Nẵng, Phường Cầu Tre, Quận Ngô Quyền, Hải Phòng",20.836681525,106.694553275
"hẻm 6 bùi thị xuân, Phường Thới Bình, Quận Ninh Kiều, Cần Thơ",9.9778596,105.8144205
"Đường Nguyễn Thị Minh Khai, Phường 7, Thành phố Trà Vinh, Trà Vinh",13.819208054201681,106.50317550420168
"đông phú, Xã Đại Hiệp, Huyện Đại Lộc, Quảng Nam",15.8910537,108.2461796
"75A, Đường Tô Hiệu, Phường Hiệp Tân, Quận Tân Phú, Tp Hồ Chí Minh",10.782852955555557,106.6659341392157
"Đường Ngọc Anh, Xã Phú Thượng, Huyện Phú Vang, Thừa Thiên Huế",16.446155875000002,107.5835235875
"Đường Phạm Văn Đồng, Phường Hiệp Bình Chánh, Quận Thủ Đức, Tp Hồ Chí Minh",10.782852955555557,106.6659341392157
"Đường Chùa Khê Lôi, Xã Liêm Tiết, Thành phố Phủ Lý, Hà Nam",13.819208054201681,106.50317550420168
"Đường Trung Mỹ Tây 13, Phường Trung Mỹ Tây, Quận 12, Tp Hồ Chí Minh",10.8673521,106.6259541
"Đường Số 9, Phường Hiệp Bình Chánh, Quận Thủ Đức, Tp Hồ Chí Minh",10.782852955555557,106.6659341392157
Vai Réo,20.9712717,105.5332635
"Đường Bùi Quang Là, Phường 12, Quận Gò Vấp, Tp Hồ Chí Minh",10.782852955555557,106.6659341392157
"Đường Nguyễn Văn Tạo, Xã Hiệp Phước, Huyện Nhà Bè, Tp Hồ Chí Minh",10.6764159,106.6905789
"Đường ĐT753, Xã Tân Hưng, Huyện Đồng Phú, Bình Phước",11.5283902,106.8788545
"102/42, đường 3/2, Phường Hưng Lợi, Quận Ninh Kiều, Cần Thơ",10.0202252,105.7711396
"116, Đường Thiên Phước, Phường 9, Quận Tân Bình, Tp Hồ Chí Minh",10.8060049,106.6638135
"51/4c, Đường Thạnh Lộc 52, Phường Thạnh Lộc, Quận 12, Tp Hồ Chí Minh",10.782852955555557,106.6659341392157
"Đường Nguyễn Khuyến, Phường Trảng Dài, Thành phố Biên Hòa, Đồng Nai",10.9686469,106.8591437
"Đường Số 8, Phường Linh Trung, Quận Thủ Đức, Tp Hồ Chí Minh",10.782852955555557,106.6659341392157
"434/79/76, Đường Phạm Văn Chiêu, Phường 9, Quận Gò Vấp, Tp Hồ Chí Minh",10.782852955555557,106.6659341392157
"Đường Trần Hưng Đạo, Phường Điện Ngọc, Thị xã Điện Bàn, Quảng Nam",15.8910537,108.2461796
"Đường Phố Trạm, Phường Long Biên, Quận Long Biên, Hà Nội",21.0180529,105.9016988
"Đường Đặng Văn Bi, Phường Trường Thọ, Quận Thủ Đức, Tp Hồ Chí Minh",10.782852955555557,106.6659341392157
"Đường Xuân La, Phường Xuân Đỉnh, Quận Bắc Từ Liêm, Hà Nội",21.028751447058823,105.82847453176471
"Đường Triệu Việt Vương, Phường Bùi Thị Xuân, Quận Hai Bà Trưng, Hà Nội",21.028751447058823,105.82847453176471
"Duong So 27 Khu Dan Cu Tran Anh, Xã Mỹ Hạnh Nam, Huyện Đức Hòa, Long An",20.6912345,105.8354428
"Đường Phạm Văn Đồng, Phường Cổ Nhuế 1, Quận Bắc Từ Liêm, Hà Nội",21.0469434,105.7837519
"17A, Phường 5, Thành phố Vĩnh Long, Vĩnh Long",21.081308,105.8189512
"Đông la, Xã Đông La, Huyện Hoài Đức, Hà Nội",21.028751447058823,105.82847453176471
"Đường 577, Xã Trung Lập Hạ, Huyện Củ Chi, Tp Hồ Chí Minh",10.782852955555557,106.6659341392157
"phan huy ichd, Phường 12, Quận Gò Vấp, Tp Hồ Chí Minh",10.782852955555557,106.6659341392157
"Đường Bùi Thị Ngọn, Xã An Nhơn Tây, Huyện Củ Chi, Tp Hồ Chí Minh",10.782852955555557,106.6659341392157
"Đường Hoàng Tăng Bí, Phường Hòa An, Quận Cẩm Lệ, Đà Nẵng",16.055813,108.1729876
"Đường Lê Đình Cẩn, Phường Tân Tạo, Quận Bình Tân, Tp Hồ Chí Minh",10.7510379,106.5918016
"Đường Nguyễn Văn Bứa, Xã Xuân Thới Sơn, Huyện Hóc Môn, Tp Hồ Chí Minh",10.8937624,106.5832489
"Đường Nguyễn Trung Trực, Phường 3, Thành phố Đà Lạt, Lâm Đồng",11.9230787,108.4440079
"Đường Ấp 3, Xã Quy Đức, Huyện Bình Chánh, Tp Hồ Chí Minh",10.782852955555557,106.6659341392157
"Đường Thạnh Xuân 14, Phường Thạnh Xuân, Quận 12, Tp Hồ Chí Minh",10.782852955555557,106.6659341392157
"Đường Điện Biên Phủ, Phường Chính Gián, Quận Thanh Khê, Đà Nẵng",16.0663353,108.2033733
"Đường Quốc lộ 1A, Xã Hồng Thái, Huyện Bắc Bình, Bình Thuận",10.9271631,108.1106069
"Đường Hùng Vương, Xã Vĩnh Thanh, Huyện Nhơn Trạch, Đồng Nai",10.963874011538461,106.85765544615386
"Đường Xa lộ Hà Nội, Phường Bình Thắng, Thị xã Dĩ An, Bình Dương",11.045096620833334,106.68756274583332
"Chưa có, Đường 27, Xã Nam Hà, Huyện Lâm Hà, Lâm Đồng",11.881725583333333,108.34287695
"Đường Kim Mã, Phường Kim Mã, Quận Ba Đình, Hà Nội",21.028751447058823,105.82847453176471
"Số 4, Số 4 đường Bùi Cẩm Hổ, Phường Tân Thới Hòa, Quận Tân Phú, Tp Hồ Chí Minh",10.7607702,106.6313858
"tích phú, Xã Đại Hiệp, Huyện Đại Lộc, Quảng Nam",15.8910537,108.2461796
"Đường D38, Phường An Phú, Thị xã Thuận An, Bình Dương",11.045096620833334,106.68756274583332
"99 phú định, Phường 16, Quận 8, Tp Hồ Chí Minh",10.7124607,106.6239147
"Đường Nguyễn Du, Phường Bình Hòa, Thị xã Thuận An, Bình Dương",11.045096620833334,106.68756274583332
"An Phú 20, Phường An Phú, Thị xã Thuận An, Bình Dương",11.045096620833334,106.68756274583332
"Đường Nguyễn Trãi, Phường Bến Thành, Quận 1, Tp Hồ Chí Minh",10.7672959,106.6847863
"Đường Nguyễn Văn Huyên, Phường Xuân Đỉnh, Quận Bắc Từ Liêm, Hà Nội",21.028751447058823,105.82847453176471
"Đường Phú Tức, Phường 2, Thành phố Sóc Trăng, Sóc Trăng",9.5985661,105.9717183
"Dt746, Phường Tân Phước Khánh, Thị xã Tân Uyên, Bình Dương",11.045096620833334,106.68756274583332
"đường só 4, Phường 26, Quận Bình Thạnh, Tp Hồ Chí Minh",10.7583774,106.6053817
"Đường Định Công, Phường Định Công, Quận Hoàng Mai, Hà Nội",21.028751447058823,105.82847453176471
"quan nhân, Phường Nhân Chính, Quận Thanh Xuân, Hà Nội",21.028751447058823,105.82847453176471
"88, Đường 494, Xã Thanh Hà, Huyện Thanh Liêm, Hà Nam",13.819208054201681,106.50317550420168
"huỳnh tấn phát, Phường Hiệp Ninh, Thành phố Tây Ninh, Tây Ninh",11.3057463,106.1280641
"Đường Phạm Văn Đồng, Phường Cổ Nhuế 2, Quận Bắc Từ Liêm, Hà Nội",21.0474882,105.7830416
"68, Đường N1, Phường Sơn Kỳ, Quận Tân Phú, Tp Hồ Chí Minh",10.782852955555557,106.6659341392157
"Đường Nhật Tảo, Phường Lê Bình, Quận Cái Răng, Cần Thơ",10.029439009433963,105.76459656415095
"802 Kha Vạn Cân, Phường Linh Đông, Quận Thủ Đức, Tp Hồ Chí Minh",10.8575894,106.7447159
"Đường Trần Hưng Đạo, Phường 5, thành phố Vị Thanh, Hậu Giang",13.819208054201681,106.50317550420168
"Đường Nguyên Tử Lực, Phường 8, Thành phố Đà Lạt, Lâm Đồng",11.881725583333333,108.34287695
"Đường Lạc Long Quân, Phường Nghĩa Đô, Quận Cầu Giấy, Hà Nội",21.0418032,105.7865134
"Đường Long Thuận, Phường Trường Thạnh, Quận 9, Tp Hồ Chí Minh",10.782852955555557,106.6659341392157
"Đường Tô Ngọc Vân, Phường Linh Đông, Quận Thủ Đức, Tp Hồ Chí Minh",10.8575894,106.7447159
"29/4k6, Đường Phạm Văn Chiêu, Phường 14, Quận Gò Vấp, Tp Hồ Chí Minh",10.8277375,106.6873701
"Đường Nguyễn Văn Linh, Phường Long Tuyền, Quận Bình Thuỷ, Cần Thơ",10.0138059,105.7340671
"Đường 572, Thị trấn Củ Chi, Huyện Củ Chi, Tp Hồ Chí Minh",10.4848831,107.2135356
"Đường HL 607, Phường Tân Định, Thị xã Bến Cát, Bình Dương",11.045096620833334,106.68756274583332
"Đường Số 10, Phường Hiệp Bình Phước, Quận Thủ Đức, Tp Hồ Chí Minh",10.782852955555557,106.6659341392157
"bình nhâm 23, Phường Bình Nhâm, Thị xã Thuận An, Bình Dương",11.045096620833334,106.68756274583332
"Đường Xuân Thới Thượng 18, Xã Xuân Thới Thượng, Huyện Hóc Môn, Tp Hồ Chí Minh",10.782852955555557,106.6659341392157
"Đường Số 8, Phường 11, Quận Gò Vấp, Tp Hồ Chí Minh",10.782852955555557,106.6659341392157
"Đường Nguyễn Duy Trinh, Phường Bình Trưng Tây, Quận 2, Tp Hồ Chí Minh",10.782852955555557,106.6659341392157
"Đường Hoàng Hoa Thám, Phường 7, Quận Bình Thạnh, Tp Hồ Chí Minh",10.7091224,106.6232666
"Đường Tư Đình, Phường Long Biên, Quận Long Biên, Hà Nội",21.0180529,105.9016988
"Đường Nguyễn Thị Định, Phường Trung Hoà, Quận Cầu Giấy, Hà Nội",21.028751447058823,105.82847453176471
"Đường Đức Giang, Phường Đức Giang, Quận Long Biên, Hà Nội",21.0695094,105.9046593
"tích phú, Xã Đại Hiệp, Huyện Đại Lộc, Quảng Nam",15.8910537,108.2461796
"Đường Tân Triều, Xã Tân Triều, Huyện Thanh Trì, Hà Nội",21.028751447058823,105.82847453176471
"K141 H10/12, Đường Tiểu La, Phường Hòa Cường Bắc, Quận Hải Châu, Đà Nẵng",16.0350423,108.2247064
"402b, Đường Lê Trọng Tấn, Phường Tây Thạnh, Quận Tân Phú, Tp Hồ Chí Minh",10.8131991,106.6238898
"Đường Lý Thái Tổ, Xã Đạm Bri, Thành phố Bảo Lộc, Lâm Đồng",11.881725583333333,108.34287695
"Đường 835, Xã Bình Chánh, Huyện Bình Chánh, Tp Hồ Chí Minh",10.782852955555557,106.6659341392157
"487/41, Đường Huỳnh Tấn Phát, Phường Tân Thuận Đông, Quận 7, Tp Hồ Chí Minh",10.782852955555557,106.6659341392157
"Đường Ba Sa, Xã Nhuận Đức, Huyện Củ Chi, Tp Hồ Chí Minh",10.782852955555557,106.6659341392157
"Tháp Bà, Phường Vĩnh Thọ, Thành phố Nha Trang, Khánh Hòa",13.819208054201681,106.50317550420168
"Đường Trần Quang Diệu, Phường 14, Quận 3, Tp Hồ Chí Minh",10.7766983,106.6912637
"180, Đường Bùi Văn Ba, Phường Tân Thuận Đông, Quận 7, Tp Hồ Chí Minh",10.782852955555557,106.6659341392157
"Đường Quốc lộ 1A, Xã Xuân Hưng, Huyện Xuân Lộc, Đồng Nai",10.963874011538461,106.85765544615386
"Đường Nguyễn Thị Ly, Xã Xuân Thới Sơn, Huyện Hóc Môn, Tp Hồ Chí Minh",10.8937624,106.5832489
"Đường Hoàng Hữu Nam, Phường Long Thạnh Mỹ, Quận 9, Tp Hồ Chí Minh",10.782852955555557,106.6659341392157
"petong, Xã Hiệp Lợi, Thị xã Ngã Bảy, Hậu Giang",13.819208054201681,106.50317550420168
"Đường Dương Lâm, Phường Nại Hiên Đông, Quận Sơn Trà, Đà Nẵng",16.0881798,108.2312445
"Đường Lạc Long Quân, Phường Bưởi, Quận Tây Hồ, Hà Nội",21.028751447058823,105.82847453176471
"Đường ĐT 753, Phường Tân Xuân, Thành phố Đồng Xoài, Bình Phước",11.5283902,106.8788545
"Đường Lương Khánh Thiện, Phường Tân Mai, Quận Hoàng Mai, Hà Nội",21.028751447058823,105.82847453176471
"Đường Cách Mạng Tháng Tám, Phường An Thới, Quận Bình Thuỷ, Cần Thơ",10.061234,105.763903
"đường Minh Khai, Phường Minh Khai, Quận Hai Bà Trưng, Hà Nội",21.028751447058823,105.82847453176471
"đường 3, Xã Tân Tiến, Huyện An Dương, Hải Phòng",20.836681525,106.694553275
"Đường Bùi Xương Trạch, Phường Khương Trung, Quận Thanh Xuân, Hà Nội",21.028751447058823,105.82847453176471
"Đường Hồ Bá Phấn, Phường Phước Long A, Quận 9, Tp Hồ Chí Minh",10.782852955555557,106.6659341392157
"Đường Lê Văn Tâm, Phường Khuê Mỹ, Quận Ngũ Hành Sơn, Đà Nẵng",16.0167925,108.2541741
"Đường Vạn Xuân, Phường Tân Thành, Thành phố Buôn Ma Thuột, Đắk Lắk",12.6687021,108.0307353
"tây sơn, Phường Tân Thành, Thành phố Buôn Ma Thuột, Đắk Lắk",12.6687021,108.0307353
"D7 TIỂU DỰ ÁN NHI ĐỒNG, Đường Nguyễn Văn Cừ, Phường Bình Thủy, Quận Bình Thuỷ, Cần Thơ",10.0448544,105.763742
"K141 H10/12, Đường Tiểu La, Phường Hòa Cường Bắc, Quận Hải Châu, Đà Nẵng",16.0350423,108.2247064
"Đường Thành Thái, Phường Dịch Vọng, Quận Cầu Giấy, Hà Nội",21.0332429,105.7934765
"Quốc lộ 13, Phường Lái Thiêu, Thị xã Thuận An, Bình Dương",11.045096620833334,106.68756274583332
"Đường Võ Thị Sáu, Phường Tân Phước Khánh, Thị xã Tân Uyên, Bình Dương",11.045096620833334,106.68756274583332
"Đường Nguyễn Văn Tỏ, Phường Long Bình Tân, Thành phố Biên Hòa, Đồng Nai",10.9063873,106.849837
"Đường Nguyễn Khang, Phường Trung Hoà, Quận Cầu Giấy, Hà Nội",21.028751447058823,105.82847453176471
"Đường 577, Xã Trung Lập Hạ, Huyện Củ Chi, Tp Hồ Chí Minh",10.782852955555557,106.6659341392157
"Đường Phước Long, Phường Phước Long, Thành phố Nha Trang, Khánh Hòa",13.819208054201681,106.50317550420168
"Đường Ngọc Lâm, Phường Ngọc Lâm, Quận Long Biên, Hà Nội",21.028751447058823,105.82847453176471
"Đường Tân Lập 2, Phường Hiệp Phú, Quận 9, Tp Hồ Chí Minh",10.782852955555557,106.6659341392157
"Lộ Cái Chanh, Xã Đông Thạnh, Huyện Châu Thành, Hậu Giang",13.819208054201681,106.50317550420168
"Đường Quán Khái, Phường Hoà Hải, Quận Ngũ Hành Sơn, Đà Nẵng",15.9896594,108.2723335
"Đường Vân Canh, Xã Vân Canh, Huyện Hoài Đức, Hà Nội",21.028751447058823,105.82847453176471
"523A, 523A Đường Đỗ Xuân Hợp, Phường Phước Long B, Quận 9, Tp Hồ Chí Minh",10.8063168,106.7784645
"Đường ĐT 602, Xã Hòa Ninh, Huyện Hòa Vang, Đà Nẵng",15.947412380000001,108.1795226
"372, Đường Nguyễn Văn Linh, Phường Hòa Thuận Đông, Quận Hải Châu, Đà Nẵng",15.947412380000001,108.1795226
"Đường Phúc Lợi, Phường Phúc Lợi, Quận Long Biên, Hà Nội",21.0460973,105.9177576
"20, Phước Hưng, Xã Phước Lâm, Huyện Cần Giuộc, Long An",20.6912345,105.8354428
"Đường Cao Lỗ, Phường 4, Quận 8, Tp Hồ Chí Minh",10.7171219,106.6295254
"Đường Hoàng Quốc Việt, Phường Nghĩa Đô, Quận Cầu Giấy, Hà Nội",21.0418032,105.7865134
"Đường Trần Hưng Đạo, Phường Cầu Kho, Quận 1, Tp Hồ Chí Minh",10.782852955555557,106.6659341392157
"TMT 05, Phường Trung Mỹ Tây, Quận 12, Tp Hồ Chí Minh",10.8673521,106.6259541
"Đường Bưng Ông Thoàn, Phường Phú Hữu, Quận 9, Tp Hồ Chí Minh",10.782852955555557,106.6659341392157
"Đường 7B, Phường Mỹ Phước, Thị xã Bến Cát, Bình Dương",11.045096620833334,106.68756274583332
"Đường Nguyễn Văn Tuôi, Thị trấn Bến Lức, Huyện Bến Lức, Long An",20.6912345,105.8354428
"Đường Nguyễn Oanh, Phường 17, Quận Gò Vấp, Tp Hồ Chí Minh",10.8377126,106.6790535
"Gò Lăng 5, Xã Hòa Nhơn, Huyện Hòa Vang, Đà Nẵng",15.947412380000001,108.1795226
"Bãi Dài, Xã Tiến Xuân, Huyện Thạch Thất, Hà Nội",21.028751447058823,105.82847453176471
"Đường Lý Chiêu Hoàng, Phường 10, Quận 6, Tp Hồ Chí Minh",10.738776,106.6319448
"Đường Võ Văn Kiệt, Phường Thuỷ Xuân, Thành phố Huế, Thừa Thiên Huế",16.4345013,107.5734766
"phố bạch mai, Phường Bạch Mai, Quận Hai Bà Trưng, Hà Nội",21.028751447058823,105.82847453176471
"Đường La Thành, Phường Ngọc Khánh, Quận Ba Đình, Hà Nội",21.028751447058823,105.82847453176471
"Đường Đồng Văn Cống, Phường An Thới, Quận Bình Thuỷ, Cần Thơ",10.061234,105.763903
"Đường Cầu Xây 2, Phường Tân Phú, Quận 9, Tp Hồ Chí Minh",10.7304861,106.7239678
"Đường Mimosa, Phường 10, Thành phố Đà Lạt, Lâm Đồng",11.881725583333333,108.34287695
"Đường Trần Nhật Duật, Phường Đông Vĩnh, Thành phố Vinh, Nghệ An",13.819208054201681,106.50317550420168
"Đường Quốc Lộ 14B, Xã Đại Hiệp, Huyện Đại Lộc, Quảng Nam",15.8910537,108.2461796
"Đường Quốc Lộ 414, Xã Yên Bài, Huyện Ba Vì, Hà Nội",21.028751447058823,105.82847453176471
"K20, Phường Hoà Hải, Quận Ngũ Hành Sơn, Đà Nẵng",15.9896594,108.2723335
"Đường Nguyễn Cửu Phú, Phường Tân Tạo A, Quận Bình Tân, Tp Hồ Chí Minh",10.7510379,106.5918016
"Đường Hoàng Hữu Nam, Phường Long Thạnh Mỹ, Quận 9, Tp Hồ Chí Minh",10.782852955555557,106.6659341392157
"đường thịnh hào, Phường Hàng Bột, Quận Đống Đa, Hà Nội",21.028751447058823,105.82847453176471
"Đường Tỉnh Lộ 10, Phường Tân Tạo A, Quận Bình Tân, Tp Hồ Chí Minh",10.7510379,106.5918016
"Đường Số 38, Phường Bình Trị Đông B, Quận Bình Tân, Tp Hồ Chí Minh",10.782852955555557,106.6659341392157
"22/4/20, Đường Số 21, Phường 8, Quận Gò Vấp, Tp Hồ Chí Minh",10.782852955555557,106.6659341392157
"102/42, đường 3/2, Phường Hưng Lợi, Quận Ninh Kiều, Cần Thơ",10.0202252,105.7711396
"Đường Cây Dương, Xã Đức Hòa Hạ, Huyện Đức Hòa, Long An",20.6912345,105.8354428
"Một Phần 273/1, Đường Tân Hòa Đông, Phường Bình Trị Đông, Quận Bình Tân, Tp Hồ Chí Minh",10.782852955555557,106.6659341392157
"Đường HL 610, Thị trấn Lai Uyên, Huyện Bàu Bàng, Bình Dương",11.2628303,106.6236505
"Xã Hoài Đức, Xã Hoài Đức, Huyện Lâm Hà, Lâm Đồng",11.881725583333333,108.34287695
"Đường Nguyễn Văn Khối||7124, Phường 8, Quận Gò Vấp, Tp Hồ Chí Minh",10.782852955555557,106.6659341392157
"Đường Số 2, Phường Trường Thọ, Quận Thủ Đức, Tp Hồ Chí Minh",10.782852955555557,106.6659341392157
"Tỉnh Lộ 4, Xã Quảng Lợi, Huyện Quảng Điền, Thừa Thiên Huế",16.446155875000002,107.5835235875
"Đường Đào Tấn, Phường Ngọc Khánh, Quận Ba Đình, Hà Nội",21.028751447058823,105.82847453176471
"Đường Cao Lỗ, Phường 4, Quận 8, Tp Hồ Chí Minh",10.7171219,106.6295254
"Đường Đại Mỗ, Phường Đại Mỗ, Quận Nam Từ Liêm, Hà Nội",20.9962479,105.7829269
"Đường Số 10, Phường Bình Hưng Hoà B, Quận Bình Tân, Tp Hồ Chí Minh",10.782852955555557,106.6659341392157
"Đường Bình Nhâm 88, Phường Bình Nhâm, Thị xã Thuận An, Bình Dương",11.045096620833334,106.68756274583332
"Đường Đỗ Xuân Hợp, Phường Phước Long B, Quận 9, Tp Hồ Chí Minh",10.8063168,106.7784645
"đường Trương định, Phường Trương Định, Quận Hai Bà Trưng, Hà Nội",21.028751447058823,105.82847453176471
"Đường Phạm Văn Chiêu, Phường 14, Quận Gò Vấp, Tp Hồ Chí Minh",10.8277375,106.6873701
"Quốc Lộ 91c, Thị trấn Mái Dầm, Huyện Châu Thành, Hậu Giang",13.819208054201681,106.50317550420168
"Số 207, Số 207 Đường Nguyễn Xí, Phường 26, Quận Bình Thạnh, Tp Hồ Chí Minh",10.7583774,106.6053817
"Đường 490||9155, Xã Phạm Văn Cội, Huyện Củ Chi, Tp Hồ Chí Minh",10.782852955555557,106.6659341392157
"Khu Phố Bình Hòa, Phường Lái Thiêu, Thị xã Thuận An, Bình Dương",11.045096620833334,106.68756274583332
"Đường D1, Thị trấn Lai Uyên, Huyện Bàu Bàng, Bình Dương",11.2628303,106.6236505
"Đường Huỳnh Thị Hai, Phường Tân Chánh Hiệp, Quận 12, Tp Hồ Chí Minh",10.8673521,106.6259541
"Đường Mã Lò, Phường Bình Hưng Hoà A, Quận Bình Tân, Tp Hồ Chí Minh",10.782852955555557,106.6659341392157
"Đường Trần Hưng Đạo, Phường 5, thành phố Vị Thanh, Hậu Giang",13.819208054201681,106.50317550420168
"Đường 824, Xã Mỹ Hạnh Nam, Huyện Đức Hòa, Long An",20.6912345,105.8354428
"Luỹ Bán Bích, Phường 8, Quận Tân Bình, Tp Hồ Chí Minh",10.8079428,106.6634764
"Đường Hà Văn Lao||9327, Thị trấn Củ Chi, Huyện Củ Chi, Tp Hồ Chí Minh",10.782852955555557,106.6659341392157
"Đường Bến Than, Xã Tân Thạnh Đông, Huyện Củ Chi, Tp Hồ Chí Minh",10.782852955555557,106.6659341392157
"Nguyễn Trọng Quyền, Xã Trung Thạnh, Huyện Cờ Đỏ, Cần Thơ",10.029439009433963,105.76459656415095
"825, đường hương lộ 11, Xã Hưng Long, Huyện Bình Chánh, Tp Hồ Chí Minh",10.782852955555557,106.6659341392157
"Đường Quốc lộ 14, Xã Nâm N'Jang, Huyện Đắk Song, Đắk Nông",13.819208054201681,106.50317550420168
"12, Đường Tỉnh Lộ 768, Phường Trảng Dài, Thành phố Biên Hòa, Đồng Nai",10.9686469,106.8591437
"Đường Lê Văn Hiến, Phường Hoà Hải, Quận Ngũ Hành Sơn, Đà Nẵng",15.9896594,108.2723335
"251/13A, Đường 251, Xã Tân Thạnh Đông, Huyện Củ Chi, Tp Hồ Chí Minh",10.782852955555557,106.6659341392157
"Đường Trưng Trắc B, Phường Hiệp Bình Chánh, Quận Thủ Đức, Tp Hồ Chí Minh",10.782852955555557,106.6659341392157
"Đường Tố Hữu, Phường Dương Nội, Quận Hà Đông, Hà Nội",20.9614029,105.7633591
"Đường ĐT 943, Thị trấn Núi Sập, Huyện Thoại Sơn, An Giang",10.360816033333334,105.45666010000001
"109/43, Huỳnh Thị Hai, Phường Tân Chánh Hiệp, Quận 12, Tp Hồ Chí Minh",10.8673521,106.6259541
"Đường D38, Phường An Phú, Thị xã Thuận An, Bình Dương",11.045096620833334,106.68756274583332
"thống nhất, Phường 16, Quận Gò Vấp, Tp Hồ Chí Minh",10.782852955555557,106.6659341392157
"Đường Cù Chính Lan, Phường Hòa Khê, Quận Thanh Khê, Đà Nẵng",16.0582815,108.2115005
"Đường Phạm Nhữ Tăng, Phường An Mỹ, Thành phố Tam Kỳ, Quảng Nam",15.8910537,108.2461796
"Đường Lê Văn Thọ, Phường 8, Quận Gò Vấp, Tp Hồ Chí Minh",10.782852955555557,106.6659341392157
"Đường Quốc Lộ 50, Phường 11, Quận 8, Tp Hồ Chí Minh",10.7171219,106.6295254
"Đường Phú Lãm, Phường Phú Lãm, Quận Hà Đông, Hà Nội",21.028751447058823,105.82847453176471
"Đường Nguyễn Chí Thanh, Phường 3, Thành phố Tây Ninh, Tây Ninh",11.3061145,106.1051652
"Đường Nguyễn Chí Thanh, Phường Tân An, Thành phố Buôn Ma Thuột, Đắk Lắk",12.6904215,108.0592601
"Đường Quốc Lộ 51, Xã Phước Thái, Huyện Long Thành, Đồng Nai",10.963874011538461,106.85765544615386
"Lộ Đal, Xã Hiệp Thành, Thành phố Bạc Liêu, Bạc Liêu",13.819208054201681,106.50317550420168
"đường số 18, Phường 5, Thành phố Vĩnh Long, Vĩnh Long",21.081308,105.8189512
"D7 TIỂU DỰ ÁN NHI ĐỒNG, Đường Nguyễn Văn Cừ, Phường Bình Thủy, Quận Bình Thuỷ, Cần Thơ",10.0448544,105.763742
"Đường Nguyễn Văn Cừ, Phường An Hòa, Quận Ninh Kiều, Cần Thơ",10.0365553,105.7756878
"Đường 15B, Phường Phú Mỹ, Quận 7, Tp Hồ Chí Minh",10.7141195,106.7348612
"Việt hưng, Phường Việt Hưng, Quận Long Biên, Hà Nội",21.0695094,105.9046593
"03, Hoài An 21 và 23, Phường Hòa An, Quận Cẩm Lệ, Đà Nẵng",16.055657,108.1735333
"Đường Nguyễn Thái Học, Phường Trảng Dài, Thành phố Biên Hòa, Đồng Nai",10.9686469,106.8591437
"Đường Bưng Ông Thoàn, Phường Phú Hữu, Quận 9, Tp Hồ Chí Minh",10.782852955555557,106.6659341392157
"lý nam đế, Phường Khai Quang, Thành phố Vĩnh Yên, Vĩnh Phúc",13.819208054201681,106.50317550420168
"Đường Lê Thị Riêng, Phường Thới An, Quận 12, Tp Hồ Chí Minh",10.878728,106.6384202
"Đường 88, Xã Xuân Sơn, Thị xã Sơn Tây, Hà Nội",21.028751447058823,105.82847453176471
"vân khê, Xã Xuân Sơn, Thị xã Sơn Tây, Hà Nội",21.028751447058823,105.82847453176471
"B05, Đường Lê Thiện Tri, Phường Hoà Hải, Quận Ngũ Hành Sơn, Đà Nẵng",15.9896594,108.2723335
"Bãi Dài, Xã Tiến Xuân, Huyện Thạch Thất, Hà Nội",21.028751447058823,105.82847453176471
"Đường Bùi Hữu Nghĩa, Phường Long Tuyền, Quận Bình Thuỷ, Cần Thơ",10.0829341,105.7120894
"Đường Hiệp Bình, Phường Hiệp Bình Phước, Quận Thủ Đức, Tp Hồ Chí Minh",10.782852955555557,106.6659341392157
"Đường Ấp Chiến Lược, Phường Bình Hưng Hoà A, Quận Bình Tân, Tp Hồ Chí Minh",10.782852955555557,106.6659341392157
"Đường Lê Hữu Tựu, Xã Nguyên Khê, Huyện Đông Anh, Hà Nội",21.028751447058823,105.82847453176471
"Kênh Đức Lập, Xã Trung Lập Hạ, Huyện Củ Chi, Tp Hồ Chí Minh",10.782852955555557,106.6659341392157
"ngô thế lân, Phường Hòa An, Quận Cẩm Lệ, Đà Nẵng",16.055657,108.1735333
"Đường 32, Phường Phú Diễn, Quận Bắc Từ Liêm, Hà Nội",21.0563409,105.7470725
"Đường Cả Cường, Xã Hưng Long, Huyện Bình Chánh, Tp Hồ Chí Minh",10.782852955555557,106.6659341392157
"18, Đường Hùng Vương, Phường Mỹ Phước, Thị xã Bến Cát, Bình Dương",11.045096620833334,106.68756274583332
"Một Phần 273/1, Đường Tân Hòa Đông, Phường Bình Trị Đông, Quận Bình Tân, Tp Hồ Chí Minh",10.782852955555557,106.6659341392157
"123, Đường Nguyễn Văn Hới, Phường Thành Tô, Quận Hải An, Hải Phòng",20.8270591,106.7161582
"HẺM 150, Đường Nguyễn Thông, Phường An Thới, Quận Bình Thuỷ, Cần Thơ",10.061234,105.763903
"Dt741, Phường Chánh Phú Hòa, Thị xã Bến Cát, Bình Dương",11.045096620833334,106.68756274583332
"Đường Giảng Võ, Phường Giảng Võ, Quận Ba Đình, Hà Nội",21.0291095,105.8115454
"Đường Tỉnh lộ 15, Xã Tân Thạnh Đông, Huyện Củ Chi, Tp Hồ Chí Minh",10.782852955555557,106.6659341392157
"Đường Huỳnh Tấn Phát, Xã Phú Xuân, Huyện Nhà Bè, Tp Hồ Chí Minh",10.782852955555557,106.6659341392157
"2E, Đường Trương Phước Phan, Phường Bình Trị Đông, Quận Bình Tân, Tp Hồ Chí Minh",10.782852955555557,106.6659341392157
"Đường 19/5, Phường Văn Quán, Quận Hà Đông, Hà Nội",20.9741659,105.7873563
"Đường Huỳnh Tấn Phát, Phường Tân Thuận Đông, Quận 7, Tp Hồ Chí Minh",10.782852955555557,106.6659341392157
"Đường Bùi Hữu Nghĩa, Phường Bửu Hòa, Thành phố Biên Hòa, Đồng Nai",10.9621769,106.788899
"Đường Trần Hưng Đạo, Phường Mỹ Thạnh, Thành phố Long Xuyên, An Giang",10.3460092,105.4666627
"võ thị sáu, Phường Đông Hòa, Thị xã Dĩ An, Bình Dương",11.045096620833334,106.68756274583332
"Đường Tân Triều, Xã Tân Triều, Huyện Thanh Trì, Hà Nội",21.028751447058823,105.82847453176471
"đường Tân Chánh Hiệp 21, Phường Tân Chánh Hiệp, Quận 12, Tp Hồ Chí Minh",10.8673521,106.6259541
"Đường Ba La, Phường Phú La, Quận Hà Đông, Hà Nội",21.028751447058823,105.82847453176471
"Đường Nguyễn Văn Cừ, Phường Ngọc Lâm, Quận Long Biên, Hà Nội",21.028751447058823,105.82847453176471
"Đường Tầm Vu, Phường Hưng Lợi, Quận Ninh Kiều, Cần Thơ",10.0202252,105.7711396
"Đường Trường Lưu, Phường Long Trường, Quận 9, Tp Hồ Chí Minh",10.782852955555557,106.6659341392157
"Đường ĐT 753, Xã Tiến Hưng, Thành phố Đồng Xoài, Bình Phước",11.5283902,106.8788545
"Đường ĐT 743, Phường An Phú, Thị xã Thuận An, Bình Dương",11.045096620833334,106.68756274583332
"Đường Võ Nguyên Giáp, Phường Tân Phú, Quận Cái Răng, Cần Thơ",10.0106451,105.7928252
"Đường Tỉnh lộ 766, Xã Xuân Trường, Huyện Xuân Lộc, Đồng Nai",10.963874011538461,106.85765544615386
"Luỹ Bán Bích, Phường 8, Quận Tân Bình, Tp Hồ Chí Minh",10.8079428,106.6634764
"Đường ĐT 741, Xã Phú Chánh, Thị xã Tân Uyên, Bình Dương",11.045096620833334,106.68756274583332
"Đường Ba La, Phường Phú La, Quận Hà Đông, Hà Nội",21.028751447058823,105.82847453176471
"Đường Nguyễn Văn Cừ, Phường Ngọc Lâm, Quận Long Biên, Hà Nội",21.028751447058823,105.82847453176471
"Đường Tầm Vu, Phường Hưng Lợi, Quận Ninh Kiều, Cần Thơ",10.0202252,105.7711396
"Đường Trường Lưu, Phường Long Trường, Quận 9, Tp Hồ Chí Minh",10.782852955555557,106.6659341392157
"Đường ĐT 753, Xã Tiến Hưng, Thành phố Đồng Xoài, Bình Phước",11.5283902,106.8788545
"Tam Khương, Phường Khương Thượng, Quận Đống Đa, Hà Nội",21.028751447058823,105.82847453176471
"Đường Đại Lộ Bình Dương, Phường Thới Hòa, Thị xã Bến Cát, Bình Dương",11.045096620833334,106.68756274583332
"Đường 49, Phường Hiệp Bình Chánh, Quận Thủ Đức, Tp Hồ Chí Minh",10.782852955555557,106.6659341392157
"Đường Cổ Linh, Phường Long Biên, Quận Long Biên, Hà Nội",21.0180529,105.9016988
"Đường Số 38, Phường Hiệp Bình Chánh, Quận Thủ Đức, Tp Hồ Chí Minh",10.782852955555557,106.6659341392157
"Đường Đê La Thành, Phường Láng Hạ, Quận Đống Đa, Hà Nội",21.0212424,105.8100297
"Đường Yên Hòa, Phường Trung Hoà, Quận Cầu Giấy, Hà Nội",21.028751447058823,105.82847453176471
"Đường Lê Đình Cẩn, Phường Tân Tạo, Quận Bình Tân, Tp Hồ Chí Minh",10.7510379,106.5918016
"Đường Hòa Nghĩa, Phường Hoà Nghĩa, Quận Dương Kinh, Hải Phòng",20.836681525,106.694553275
"Đường Nguyễn Tri Phương, Phường 9, Quận 5, Tp Hồ Chí Minh",10.7589554,106.6730492
"Đường Hoàng Cầu, Phường Ô Chợ Dừa, Quận Đống Đa, Hà Nội",21.028751447058823,105.82847453176471
"Đường Phú Thọ Hòa, Phường Phú Thọ Hòa, Quận Tân Phú, Tp Hồ Chí Minh",10.7730702,106.6544302
"c4, Đường Phạm Hùng, Phường 5, Quận 8, Tp Hồ Chí Minh",10.7369226,106.6665328
"39/68, Đường Phan Văn Hớn, Xã Tân Thới Nhì, Huyện Hóc Môn, Tp Hồ Chí Minh",10.8937624,106.5832489
"111, K20, Phường Khuê Mỹ, Quận Ngũ Hành Sơn, Đà Nẵng",16.0167925,108.2541741
"489/12/8, Đường Hải Phòng, Phường Chính Gián, Quận Thanh Khê, Đà Nẵng",16.0663353,108.2033733
"35/9 hẻm 9, Đường Nhật Tảo, Phường Lê Bình, Quận Cái Răng, Cần Thơ",10.029439009433963,105.76459656415095
"Đường Ngã Ba Lăn Xi, Phường Tân Định, Thị xã Bến Cát, Bình Dương",11.045096620833334,106.68756274583332
"Đường Quốc Lộ 91C, Phường Phú Thứ, Quận Cái Răng, Cần Thơ",10.0040696,105.8035276
"Phạm Hùng, Phường 10, Quận 8, Tp Hồ Chí Minh",10.7171219,106.6295254
"Hẻm, Đường Âu Cơ, Phường 10, Quận Tân Bình, Tp Hồ Chí Minh",10.7883754,106.6607778
"đường cổ Mân 3, Phường An Hải Tây, Quận Sơn Trà, Đà Nẵng",15.947412380000001,108.1795226
"Phan văn trị, Phường 10, Quận Gò Vấp, Tp Hồ Chí Minh",10.782852955555557,106.6659341392157
"Đường Ba Sa, Xã Trung Lập Hạ, Huyện Củ Chi, Tp Hồ Chí Minh",10.782852955555557,106.6659341392157
"Đường Lê Văn Lương, Xã Phước Kiển, Huyện Nhà Bè, Tp Hồ Chí Minh",10.782852955555557,106.6659341392157
"Đường Quốc lộ 14, Xã Tân Thành, Thành phố Đồng Xoài, Bình Phước",11.5283902,106.8788545
"Đường Hoàng Mai, Phường Hoàng Văn Thụ, Quận Hoàng Mai, Hà Nội",21.028751447058823,105.82847453176471
"Thuận Giao 07, Phường Thuận Giao, Thị xã Thuận An, Bình Dương",11.045096620833334,106.68756274583332
"Đường ĐT 743, Phường Bình Chuẩn, Thị xã Thuận An, Bình Dương",11.045096620833334,106.68756274583332
"91A, Đường Trần Thị Điệu, Phường Phước Long B, Quận 9, Tp Hồ Chí Minh",10.8063168,106.7784645
"Đường Võ Nguyên Giáp, Xã Nguyên Khê, Huyện Đông Anh, Hà Nội",21.028751447058823,105.82847453176471
"Fpt City, Phường Hoà Hải, Quận Ngũ Hành Sơn, Đà Nẵng",15.9896594,108.2723335
"Đường Ngọc Lâm, Phường Long Biên, Quận Long Biên, Hà Nội",21.0180529,105.9016988
"Đường Tỉnh lộ 15, Xã An Phú, Huyện Củ Chi, Tp Hồ Chí Minh",10.782852955555557,106.6659341392157
"Đường Yên Hòa, Phường Yên Hoà, Quận Cầu Giấy, Hà Nội",21.028751447058823,105.82847453176471
"Đường 14/9, Phường 5, Thành phố Vĩnh Long, Vĩnh Long",21.081308,105.8189512
"Đường Lê Văn Việt, Phường Tăng Nhơn Phú A, Quận 9, Tp Hồ Chí Minh",10.782852955555557,106.6659341392157
"Đường 22, Xã Thanh Bình, Huyện Trảng Bom, Đồng Nai",10.963874011538461,106.85765544615386
"DX, Đường Quốc lộ 14||16824, Thị trấn Chơn Thành, Huyện Chơn Thành, Bình Phước",11.5283902,106.8788545
"487/41, Đường Huỳnh Tấn Phát, Phường Tân Thuận Đông, Quận 7, Tp Hồ Chí Minh",10.782852955555557,106.6659341392157
"Đường Trần Thủ Độ, Xã Tứ Hiệp, Huyện Thanh Trì, Hà Nội",21.028751447058823,105.82847453176471
"Đường Tạ Quang Bửu, Phường 6, Quận 8, Tp Hồ Chí Minh",10.7129211,106.6238621
"tây sơn, Phường Tân Thành, Thành phố Buôn Ma Thuột, Đắk Lắk",12.6687021,108.0307353
"Đường Nguyễn Khuyến, Phường Trảng Dài, Thành phố Biên Hòa, Đồng Nai",10.9686469,106.8591437
"Đường Lò Lu, Phường Trường Thạnh, Quận 9, Tp Hồ Chí Minh",10.782852955555557,106.6659341392157
"Tư Đình, Phường Long Biên, Quận Long Biên, Hà Nội",21.0180529,105.9016988
"Đường Liên khu 4-5, Phường Bình Hưng Hoà B, Quận Bình Tân, Tp Hồ Chí Minh",10.782852955555557,106.6659341392157
"Đường Lê Văn Nhung, Phường Mỹ Bình, Thành phố Long Xuyên, An Giang",10.3906305,105.4365851
"Đường Hàng Chuối, Phường Phạm Đình Hổ, Quận Hai Bà Trưng, Hà Nội",21.028751447058823,105.82847453176471
"Đường Hưng Nhơn, Thị trấn Tân Túc, Huyện Bình Chánh, Tp Hồ Chí Minh",10.782852955555557,106.6659341392157
"72, Đường ĐT 741, Phường Hoà Phú, Thành phố Thủ Dầu Một, Bình Dương",10.9810767,106.6722416
"Đường Trần Hưng Đạo, Thị trấn Dương Đông, Huyện Phú Quốc, Kiên Giang",9.9945228,105.0864822
"Đường D5, Phường 25, Quận Bình Thạnh, Tp Hồ Chí Minh",10.7987615,106.7208459
"22, Thanh Vĩnh Đong, Xã Thanh Vĩnh Đông, Huyện Châu Thành, Long An",20.6912345,105.8354428
"Đường Tân Hòa Đông, Phường Bình Trị Đông, Quận Bình Tân, Tp Hồ Chí Minh",10.782852955555557,106.6659341392157
"Đường Nguyễn Phước Nguyên, Phường An Khê, Quận Thanh Khê, Đà Nẵng",16.0399205,108.1982347
"Đường Phùng Hưng, Phường Mộ Lao, Quận Hà Đông, Hà Nội",21.028751447058823,105.82847453176471
"Đường Trần Cao Vân, Phường Xuân Hà, Quận Thanh Khê, Đà Nẵng",16.0711825,108.1923835
"Đường Nguyễn Hữu Thọ, Xã Phước Kiển, Huyện Nhà Bè, Tp Hồ Chí Minh",10.782852955555557,106.6659341392157
"Chung Cư Gò Dầu 2, Phường Tân Sơn Nhì, Quận Tân Phú, Tp Hồ Chí Minh",10.782852955555557,106.6659341392157
"Đường Phan Văn Hớn, Xã Xuân Thới Thượng, Huyện Hóc Môn, Tp Hồ Chí Minh",10.782852955555557,106.6659341392157
"1 - 1A, Đường Tân Vĩnh, Phường 6, Quận 4, Tp Hồ Chí Minh",10.7627798,106.6985144
"Đường Trần Thanh Mại, Phường An Đông, Thành phố Huế, Thừa Thiên Huế",16.4547217,107.614836
"15/23, Đường Số 8, Phường Tăng Nhơn Phú B, Quận 9, Tp Hồ Chí Minh",10.782852955555557,106.6659341392157
"Lộ Đal, Xã Hiệp Thành, Thành phố Bạc Liêu, Bạc Liêu",13.819208054201681,106.50317550420168
"Đường Tỉnh Lộ 10, Xã Phạm Văn Hai, Huyện Bình Chánh, Tp Hồ Chí Minh",10.782852955555557,106.6659341392157
"Đường Thống Nhất, Phường 16, Quận Gò Vấp, Tp Hồ Chí Minh",10.782852955555557,106.6659341392157
"không, Xã Gia Lâm, Huyện Lâm Hà, Lâm Đồng",11.881725583333333,108.34287695
"Đường Ngọc Thụy, Phường Ngọc Thụy, Quận Long Biên, Hà Nội",21.0438263,105.86562
"Đường Nguyễn Trãi, Phường Khương Đình, Quận Thanh Xuân, Hà Nội",21.028751447058823,105.82847453176471
"thanh lương 11, Phường Hòa Xuân, Quận Cẩm Lệ, Đà Nẵng",16.0054548,108.2107194
"Đường Phú Định, Phường 16, Quận 8, Tp Hồ Chí Minh",10.7124607,106.6239147
"Đường Khương Đình, Phường Khương Đình, Quận Thanh Xuân, Hà Nội",21.028751447058823,105.82847453176471
"Nhánh nguyễn Đức Thuận, Phường Hiệp Thành, Thành phố Thủ Dầu Một, Bình Dương",10.987158,106.664221
"Đường Lê Trọng Tấn, Phường Hòa An, Quận Cẩm Lệ, Đà Nẵng",16.055657,108.1735333
"Đường Đặng Văn Dầy, Phường Bình Thủy, Quận Bình Thủy, Cần Thơ, Phường Bình Thủy, Quận Bình Thuỷ, Cần Thơ",10.0448544,105.763742
"Đường Mai Đăng Chơn, Phường Hoà Quý, Quận Ngũ Hành Sơn, Đà Nẵng",15.9850546,108.2399683
"Đường Phan Văn Hớn, Phường Tân Thới Nhất, Quận 12, Tp Hồ Chí Minh",10.782852955555557,106.6659341392157
"Đường Phù Đổng, Phường Phù Đổng, Thành phố Pleiku, Gia Lai",13.819208054201681,106.50317550420168
"Đường Trần Văn Quang, Phường 10, Quận Tân Bình, Tp Hồ Chí Minh",10.7883754,106.6607778
"Đường Quốc lộ 1A, Xã Hòa Phước, Huyện Hòa Vang, Đà Nẵng",15.947412380000001,108.1795226
"Đường Phạm Hữu Lầu, Phường Phú Mỹ, Quận 7, Tp Hồ Chí Minh",10.7141195,106.7348612
"Đường Thống Nhất, Phường 11, Quận Gò Vấp, Tp Hồ Chí Minh",10.782852955555557,106.6659341392157
"Đường Số 13A, Phường Bình Hưng Hoà A, Quận Bình Tân, Tp Hồ Chí Minh",10.782852955555557,106.6659341392157
"26, Đường Khương Hạ, Phường Khương Đình, Quận Thanh Xuân, Hà Nội",21.028751447058823,105.82847453176471
"Đường Tam Đa, Phường Trường Thạnh, Quận 9, Tp Hồ Chí Minh",10.782852955555557,106.6659341392157
"Đường Số 38, Phường Bình Trị Đông B, Quận Bình Tân, Tp Hồ Chí Minh",10.782852955555557,106.6659341392157
"đường xã, Xã Đông Thanh, Huyện Lâm Hà, Lâm Đồng",11.881725583333333,108.34287695
"tây sơn, Phường Tân Thành, Thành phố Buôn Ma Thuột, Đắk Lắk",12.6687021,108.0307353
"Đường Nguyễn Văn Cừ, Phường An Hòa, Quận Ninh Kiều, Cần Thơ",10.0365553,105.7756878
"24, Đường 10/3, Phường Tân Lợi, Thành phố Buôn Ma Thuột, Đắk Lắk",12.674494466666667,108.03722181111112
"Đường Lê Thị Trung, Phường An Phú, Thị xã Thuận An, Bình Dương",11.045096620833334,106.68756274583332
"Đường Nguyễn Đổng Chi, Phường Cầu Diễn, Quận Nam Từ Liêm, Hà Nội",21.028751447058823,105.82847453176471
"Đường Trung Kính, Phường Trung Hoà, Quận Cầu Giấy, Hà Nội",21.028751447058823,105.82847453176471
"Số 8, Số 8 Đường Gò Dưa, Phường Hiệp Bình Phước, Quận Thủ Đức, Tp Hồ Chí Minh",10.782852955555557,106.6659341392157
"Đường Phùng Chí Kiên, Phường Nghĩa Đô, Quận Cầu Giấy, Hà Nội",21.0418032,105.7865134
"QL1A, Xã Suối Tân, Huyện Cam Lâm, Khánh Hòa",13.819208054201681,106.50317550420168
"Đường Quốc Lộ 57, Xã Thanh Đức, Huyện Long Hồ, Vĩnh Long",19.264083916666667,105.82704563333334
"Đường Tỉnh Lộ 2, Xã Trung Lập Hạ, Huyện Củ Chi, Tp Hồ Chí Minh",10.782852955555557,106.6659341392157
"Nguyen Trai Noi Dai, Phường 3, Thành phố Cao Lãnh, Đồng Tháp",10.4502853,105.6431753
"Đường Phúc Lợi, Phường Phúc Lợi, Quận Long Biên, Hà Nội",21.0460973,105.9177576
"Đường Phan Văn Hớn, Phường Tân Thới Nhất, Quận 12, Tp Hồ Chí Minh",10.782852955555557,106.6659341392157
"Đường Lê Anh Xuân, Phường An Hòa, Quận Ninh Kiều, Cần Thơ",10.0395446,105.7686035
"Đường Tân Mai, Phường Tân Mai, Quận Hoàng Mai, Hà Nội",21.028751447058823,105.82847453176471
"Đường ĐT 741, Phường Mỹ Phước, Thị xã Bến Cát, Bình Dương",11.045096620833334,106.68756274583332
"Đường Quốc lộ 1K, Phường Dĩ An, Thị xã Dĩ An, Bình Dương",10.9230601,106.7686184
"Đường An Dương Vương, Phường Phú Thượng, Quận Tây Hồ, Hà Nội",21.0791733,105.815656
"Đường Nguyễn Chánh, Phường Trung Hoà, Quận Cầu Giấy, Hà Nội",21.028751447058823,105.82847453176471
"Đường Cầu Giấy, Phường Quan Hoa, Quận Cầu Giấy, Hà Nội",21.0361576,105.8015505
"Đường Nguyễn Ái Quốc, Phường Hoá An, Thành phố Biên Hòa, Đồng Nai",10.9479426,106.8148847
"Đường Thuận Giao 25, Phường Thuận Giao, Thị xã Thuận An, Bình Dương",11.045096620833334,106.68756274583332
"đường xã, Xã Đông Thanh, Huyện Lâm Hà, Lâm Đồng",11.881725583333333,108.34287695
"Đường tĩnh 835, Xã Bình Chánh, Huyện Bình Chánh, Tp Hồ Chí Minh",10.782852955555557,106.6659341392157
"tây sơn, Phường Tân Thành, Thành phố Buôn Ma Thuột, Đắk Lắk",12.6687021,108.0307353
"mặt tiền, Đường Nguyễn Văn Tư, Phường 7, Thành phố Bến Tre, Bến Tre",10.25293,106.36970330000001
"Đường Nguyễn Trãi, Phường Nguyễn Cư Trinh, Quận 1, Tp Hồ Chí Minh",10.7672959,106.6847863
"Đường Phạm Văn Chiêu, Phường 9, Quận Gò Vấp, Tp Hồ Chí Minh",10.782852955555557,106.6659341392157
"Đường Trường Lưu, Phường Long Trường, Quận 9, Tp Hồ Chí Minh",10.782852955555557,106.6659341392157
"Đường Nguyễn Nhàn, Phường Hòa Thọ Đông, Quận Cẩm Lệ, Đà Nẵng",16.0142141,108.2029787
"Đường Bàu Lách, Xã Phạm Văn Cội, Huyện Củ Chi, Tp Hồ Chí Minh",10.782852955555557,106.6659341392157
"Đường Minh Khai, Phường Mai Động, Quận Hoàng Mai, Hà Nội",21.028751447058823,105.82847453176471
"A5/51, Đường Liên Ấp 1-2-3, Xã Vĩnh Lộc A, Huyện Bình Chánh, Tp Hồ Chí Minh",10.782852955555557,106.6659341392157
"Đường Thạnh Lộc, Phường Thạnh Lộc, Quận 12, Tp Hồ Chí Minh",10.782852955555557,106.6659341392157
"đường Đỗ Hành, Phường Nại Hiên Đông, Quận Sơn Trà, Đà Nẵng",16.0881798,108.2312445
"Đường Vĩnh Khê, Xã An Đồng, Huyện An Dương, Hải Phòng",20.836681525,106.694553275
"Đường D10, Thị trấn Lai Uyên, Huyện Bàu Bàng, Bình Dương",11.2628303,106.6236505
"Đường Trịnh Hoài Đức, Phường Vĩnh Hòa, Thành phố Nha Trang, Khánh Hòa",13.819208054201681,106.50317550420168
"Đường số 1, Xã Tân Ngãi, Thành phố Vĩnh Long, Vĩnh Long",19.264083916666667,105.82704563333334
"Đường Nguyễn Văn Linh, Phường Sài Đồng, Quận Long Biên, Hà Nội",21.0365344,105.903586
"Đường Nguyễn Chí Thanh, Phường Thành Công, Quận Ba Đình, Hà Nội",21.028751447058823,105.82847453176471
"Đường Bờ Chùa, Xã Phước Lý, Huyện Cần Giuộc, Long An",20.6912345,105.8354428
"Đường Ngô Thì Nhậm, Phường An Khánh, Quận Ninh Kiều, Cần Thơ",10.0198087,105.7544797
"Đường Trần Cao Vân, Phường Tam Thuận, Quận Thanh Khê, Đà Nẵng",16.0729139,108.2086957
"274b, Đường Nguyễn Hữu Tiến, Thị trấn Đồng Văn, Huyện Duy Tiên, Hà Nam",13.819208054201681,106.50317550420168
"Đường Ngã Ba Lăn Xi, Phường Tân Định, Thị xã Bến Cát, Bình Dương",11.045096620833334,106.68756274583332
"111, Nguyễn Văn Cừ, Phường Hòa Hiệp Bắc, Quận Liên Chiểu, Đà Nẵng",15.947412380000001,108.1795226
"Đường An Dương Vương, Phường An Đông, Thành phố Huế, Thừa Thiên Huế",16.454516,107.6147341
"8, Đường 422, Xã Vân Canh, Huyện Hoài Đức, Hà Nội",21.028751447058823,105.82847453176471
"Đường Lê Văn Hưu, Phường Mỹ An, Quận Ngũ Hành Sơn, Đà Nẵng",16.0561664,108.2461719
"KDC Hồng Loan, Phường Thường Thạnh, Quận Cái Răng, Cần Thơ",9.958601,105.7585894
"Đường 2, Phường Tam Phú, Quận Thủ Đức, Tp Hồ Chí Minh",10.782852955555557,106.6659341392157
"Trần Đại Nghĩa, Xã Tân Kiên, Huyện Bình Chánh, Tp Hồ Chí Minh",10.782852955555557,106.6659341392157
"Đường Cầu Giấy, Phường Quan Hoa, Quận Cầu Giấy, Hà Nội",21.0361576,105.8015505
"11 F, Đường Nguyễn Xiển, Phường Hạ Đình, Quận Thanh Xuân, Hà Nội",21.0398998,105.8475957
"Đường Kim Đồng, Phường Giáp Bát, Quận Hoàng Mai, Hà Nội",21.028751447058823,105.82847453176471
"Khu Phố 3, Phường 1, Thành phố Tây Ninh, Tây Ninh",11.3291078,106.1062033
"Đường B1, Phường Hưng Thạnh, Quận Cái Răng, Cần Thơ",10.0047978,105.782622
"Trần Phú, Phường 3, Thành phố Tây Ninh, Tây Ninh",11.3291078,106.1062033
"Đường 59, Phường 14, Quận Gò Vấp, Tp Hồ Chí Minh",10.8277375,106.6873701
"Đường Tây Mỗ, Phường Đại Mỗ, Quận Nam Từ Liêm, Hà Nội",20.9962479,105.7829269
"Đường Gò Chùa, Xã Vĩnh Thạnh, Thành phố Nha Trang, Khánh Hòa",13.819208054201681,106.50317550420168
"NGUYỄN THỊ ĐỊNH, Phường Thạnh Mỹ Lợi, Quận 2, Tp Hồ Chí Minh",10.7707318,106.7702559
"Đường Trần Hữu Dực, Phường Xuân Phương, Quận Nam Từ Liêm, Hà Nội",21.0380687,105.7466523
"Đường Thoại Ngọc Hầu, Phường Hòa Thạnh, Quận Tân Phú, Tp Hồ Chí Minh",10.7607702,106.6313858
"Phùng Hưng, Xã Lộc Tân, Huyện Bảo Lâm, Lâm Đồng",11.881725583333333,108.34287695
"248/8/1/2, Đường Lê Thị Riêng, Phường Thới An, Quận 12, Tp Hồ Chí Minh",10.878728,106.6384202
"Đường 30, Phường Linh Đông, Quận Thủ Đức, Tp Hồ Chí Minh",10.8575894,106.7447159
"Đường Đông Ngạc, Phường Đông Ngạc, Quận Bắc Từ Liêm, Hà Nội",21.069798,105.7744412
"Đường Số 3, Phường 9, Quận Gò Vấp, Tp Hồ Chí Minh",10.782852955555557,106.6659341392157
"Đường Cây Dương, Xã Đức Hòa Hạ, Huyện Đức Hòa, Long An",20.6912345,105.8354428
"Đường Nguyễn Phước Nguyên, Phường An Khê, Quận Thanh Khê, Đà Nẵng",16.0574648,108.180416
"Đường Quốc Lộ 51, Phường Long Bình Tân, Thành phố Biên Hòa, Đồng Nai",10.9063873,106.849837
"Đường Mai Anh Tuấn, Phường Ô Chợ Dừa, Quận Đống Đa, Hà Nội",21.028751447058823,105.82847453176471
"Đường Khâm Thiên||377, Phường Khâm Thiên, Quận Đống Đa, Hà Nội",21.028751447058823,105.82847453176471
"Đường Hoàng Văn Thái, Phường Khương Mai, Quận Thanh Xuân, Hà Nội",21.028751447058823,105.82847453176471
"Đường Nguyễn Văn Lạc, Phường 19, Quận Bình Thạnh, Tp Hồ Chí Minh",10.7371589,106.6378465
"Đường Thạch Cầu||1423, Phường Long Biên, Quận Long Biên, Hà Nội",21.0180529,105.9016988
"Đường Ngọc Thụy, Phường Ngọc Thụy, Quận Long Biên, Hà Nội",21.0438263,105.86562
"Hoàng Cầu, Phường Ô Chợ Dừa, Quận Đống Đa, Hà Nội",21.028751447058823,105.82847453176471
"Đường 13, Phường Linh Đông, Quận Thủ Đức, Tp Hồ Chí Minh",10.8575894,106.7447159
"Đường Bãi Cháy, Phường Bãi Cháy, Thành phố Hạ Long, Quảng Ninh",13.819208054201681,106.50317550420168
"Đường Quang Trung, Phường 14, Quận Gò Vấp, Tp Hồ Chí Minh",10.8277375,106.6873701
"Đường Trường Sa, Phường Hoà Hải, Quận Ngũ Hành Sơn, Đà Nẵng",15.9896594,108.2723335
"Đường Nguyễn Văn Bứa, Xã Xuân Thới Sơn, Huyện Hóc Môn, Tp Hồ Chí Minh",10.8937624,106.5832489
"Đường 3/2, Phường 12, Quận 10, Tp Hồ Chí Minh",10.7914692,106.6781373
"Đường Phúc Lợi, Phường Phúc Lợi, Quận Long Biên, Hà Nội",21.0460973,105.9177576
"Đường Võ Nguyên Giáp, Phường 7, Thành phố Trà Vinh, Trà Vinh",13.819208054201681,106.50317550420168
"Đường Đặng Văn Dầy, Phường Bình Thủy, Quận Bình Thủy, Cần Thơ, Phường Bình Thủy, Quận Bình Thuỷ, Cần Thơ",10.0448544,105.763742
"150, Đường Dũng Sĩ Thanh Khê, Phường Thanh Khê Tây, Quận Thanh Khê, Đà Nẵng",10.0473692,105.7915288
"Đường Tô Hiến Thành||5421, Phường 14, Quận 10, Tp Hồ Chí Minh",10.7914692,106.6781373
"vĩnh phú 1, Phường Vĩnh Phú, Thị xã Thuận An, Bình Dương",11.045096620833334,106.68756274583332
"0005, Đường Thân Nhân Trung, Phường Trảng Dài, Thành phố Biên Hòa, Đồng Nai",10.9686469,106.8591437
"Đường Nam Cao ||17010, Xã Long Hưng, Thành phố Biên Hòa, Đồng Nai",10.9063873,106.849837
"Đường Đồng Khởi, Phường Phú Tân, Thành phố Bến Tre, Bến Tre",10.25293,106.3697033
"Đường Lam Sơn, Phường 2, Quận Tân Bình, Tp Hồ Chí Minh",10.7531342,106.5937194
"Đường Tỉnh Lộ 7, Xã Trung Lập Hạ, Huyện Củ Chi, Tp Hồ Chí Minh",10.782852955555557,106.6659341392157
"Đường số 1, Xã Tân Ngãi, Thành phố Vĩnh Long, Vĩnh Long",19.264083916666667,105.82704563333334
"Đường D4, Phường An Phú, Thị xã Thuận An, Bình Dương",11.045096620833334,106.68756274583332
"Đường Đoàn Nguyễn Tuân, Xã Quy Đức, Huyện Bình Chánh, Tp Hồ Chí Minh",10.782852955555557,106.6659341392157
"Dx70, Phường Định Hoà, Thành phố Thủ Dầu Một, Bình Dương",10.9557341,106.7015139
"Dt741, Phường Chánh Phú Hòa, Thị xã Bến Cát, Bình Dương",11.045096620833334,106.68756274583332
"Đường 30/4, Phường Hưng Lợi, Quận Ninh Kiều, Cần Thơ",10.0202252,105.7711396
"Đất ruộng, Phường Mỹ Thới, Thành phố Long Xuyên, An Giang",10.3458084,105.4667325
"Đường Quốc Lộ 5, Thị trấn Trâu Quỳ, Huyện Gia Lâm, Hà Nội",21.028751447058823,105.82847453176471
"Đường Trường Chinh, Phường Phương Liệt, Quận Thanh Xuân, Hà Nội",20.9973524,105.8383932
"300, Đường Bát Khối, Phường Cự Khối, Quận Long Biên, Hà Nội",21.0099172,105.9047681
"Đường Yên Lộ, Phường Nguyễn Trãi, Quận Hà Đông, Hà Nội",21.028751447058823,105.82847453176471
"Đường Thái Hà, Phường Quang Trung, Quận Đống Đa, Hà Nội",21.028751447058823,105.82847453176471
"Đường Hoàng Hoa Thám, Phường Ngọc Khánh, Quận Ba Đình, Hà Nội",21.028751447058823,105.82847453176471
"Đường Chiến Lược||6405, Phường Tân Tạo, Quận Bình Tân, Tp Hồ Chí Minh",10.7510379,106.5918016
"Đường Âu Dương Lân||4406, Phường 3, Quận 8, Tp Hồ Chí Minh",10.7171219,106.6295254
"Đường Xa lộ Hà Nội, Phường Hiệp Phú, Quận 9, Tp Hồ Chí Minh",10.782852955555557,106.6659341392157
"Đường Cầu Giấy, Phường Yên Hoà, Quận Cầu Giấy, Hà Nội",21.028751447058823,105.82847453176471
"Đường Số 6, Phường Tăng Nhơn Phú B, Quận 9, Tp Hồ Chí Minh",10.782852955555557,106.6659341392157
"54 Tân lập, Phường Đông Hòa, Thị xã Dĩ An, Bình Dương, Phường Đông Hòa, Thị xã Dĩ An, Bình Dương",11.045096620833334,106.68756274583332
"Đường Suối Dinh, Xã Tây Hoà, Huyện Trảng Bom, Đồng Nai",10.963874011538461,106.85765544615386
"Đường Võ Nguyên Giáp, Xã Diên Toàn, Huyện Diên Khánh, Khánh Hòa",13.819208054201681,106.50317550420168
"Đường Quang Trung, Phường 10, Quận Gò Vấp, Tp Hồ Chí Minh",10.782852955555557,106.6659341392157
"Đường Tỉnh lộ 10A, Xã Phú Xuân, Huyện Phú Vang, Thừa Thiên Huế",16.446155875000002,107.5835235875
"Đường Hoàng Hoa Thám, Phường Vĩnh Phúc, Quận Ba Đình, Hà Nội",21.028751447058823,105.82847453176471
"Đường Quan Nhân, Phường Nhân Chính, Quận Thanh Xuân, Hà Nội",21.028751447058823,105.82847453176471
"Đường Quốc Lộ 55B, Thị trấn Tân Nghĩa, Huyện Hàm Tân, Bình Thuận",10.9271631,108.1106069
"Đường Ngọc Hồi, Xã Ngọc Hồi, Huyện Thanh Trì, Hà Nội",21.028751447058823,105.82847453176471
"Đường Man Thiện, Phường Tăng Nhơn Phú A, Quận 9, Tp Hồ Chí Minh",10.782852955555557,106.6659341392157
"PHan đình giót, Phường La Khê, Quận Hà Đông, Hà Nội",21.028751447058823,105.82847453176471
"Đường Đỗ Xuân Hợp, Phường Phước Long B, Quận 9, Tp Hồ Chí Minh",10.8063168,106.7784645
"Đường Đỗ Xuân Hợp, Phường Phước Long B, Quận 9, Tp Hồ Chí Minh",10.8063168,106.7784645
"Đường Phan Văn Hớn, Phường Tân Thới Nhất, Quận 12, Tp Hồ Chí Minh",10.782852955555557,106.6659341392157
"Trường Phú Quới C, Xã Phú Quới, Huyện Long Hồ, Vĩnh Long",10.1615107,105.9217122
"Phú lương, Phường Phú Lương, Quận Hà Đông, Hà Nội",21.028751447058823,105.82847453176471
"Đường Âu Cơ, Phường 10, Quận Tân Bình, Tp Hồ Chí Minh",10.7883754,106.6607778
"Lĩnh Nam, Phường Mai Động, Quận Hoàng Mai, Hà Nội",21.028751447058823,105.82847453176471
"Đường Quốc Lộ 13, Xã Lộc Hưng, Huyện Lộc Ninh, Bình Phước",11.5283902,106.8788545
"Đường Hồ Văn Long, Phường Bình Hưng Hoà B, Quận Bình Tân, Tp Hồ Chí Minh",10.782852955555557,106.6659341392157
"2b, Phường Long Hòa, Quận Bình Thuỷ, Cần Thơ",10.029439009433963,105.76459656415095
"Đường Triều Khúc, Xã Tân Triều, Huyện Thanh Trì, Hà Nội",21.028751447058823,105.82847453176471
"Vườn Lài, Phường An Phú Đông, Quận 12, Tp Hồ Chí Minh",10.782852955555557,106.6659341392157
"Đường Lái Thiêu 96, Phường Lái Thiêu, Thị xã Thuận An, Bình Dương",11.045096620833334,106.68756274583332
Đường Đặng Văn Bi,10.8473333,106.7600808
"Đường Lộ Ngân Hàng, Phường An Khánh, Quận Ninh Kiều, Cần Thơ",10.0198087,105.7544797
"Đường Tỉnh Lộ 837, Thị trấn Tân Thạnh, Huyện Tân Thạnh, Long An",20.6912345,105.8354428
"54 Tân lập, Phường Đông Hòa, Thị xã Dĩ An, Bình Dương, Phường Đông Hòa, Thị xã Dĩ An, Bình Dương",11.045096620833334,106.68756274583332
"21/49N, Đường Hồng Lạc, Phường 10, Quận Tân Bình, Tp Hồ Chí Minh",10.7883754,106.6607778
"Đường Quốc lộ 1A, Phường An Phú Đông, Quận 12, Tp Hồ Chí Minh",10.782852955555557,106.6659341392157
"Đường Chơn Tâm 5, Phường Hòa Khánh Nam, Quận Liên Chiểu, Đà Nẵng",16.0616498,108.1591151
"Đường Quốc Lộ 20, Xã Hiệp An, Huyện Đức Trọng, Lâm Đồng",11.881725583333333,108.34287695
"Đường Liên Phường, Phường Bần Yên Nhân, Thị xã Mỹ Hào, Hưng Yên",13.819208054201681,106.50317550420168
"Đường Giáp Bát, Phường Giáp Bát, Quận Hoàng Mai, Hà Nội",21.028751447058823,105.82847453176471
"Đường Đào Tấn, Phường Liễu Giai, Quận Ba Đình, Hà Nội",21.028751447058823,105.82847453176471
"Lò Gốm, Phường 9, Quận 6, Tp Hồ Chí Minh",10.7481249,106.6422851
"đặng thị tô, Xã Trung Lập Hạ, Huyện Củ Chi, Tp Hồ Chí Minh",10.782852955555557,106.6659341392157
"Đường Phan Huy Chú, Phường Khánh Xuân, Thành phố Buôn Ma Thuột, Đắk Lắk",12.6880974,108.0575176
"Đường Cây Keo, Phường Tam Phú, Quận Thủ Đức, Tp Hồ Chí Minh",10.782852955555557,106.6659341392157
"Đường Nguyễn Văn Trỗi, Phường An Phú, Thị xã Thuận An, Bình Dương",11.045096620833334,106.68756274583332
"Đường Xa lộ Hà Nội, Phường Hiệp Phú, Quận 9, Tp Hồ Chí Minh",10.782852955555557,106.6659341392157
"Đường Xuân La, Phường Xuân La, Quận Tây Hồ, Hà Nội",21.028751447058823,105.82847453176471
"613b/21, Đường Ba Đình, Phường 9, Quận 8, Tp Hồ Chí Minh",10.7415683,106.6662528
"Đường Trần Khắc Chân, Phường Tân Định, Quận 1, Tp Hồ Chí Minh",10.7640269,106.7488015
"Đường Bùi Xương Trạch, Phường Khương Trung, Quận Thanh Xuân, Hà Nội",21.028751447058823,105.82847453176471
"43, Đường Khương Trung, Phường Khương Trung, Quận Thanh Xuân, Hà Nội",21.028751447058823,105.82847453176471
"Đường Tứ Liên, Phường Xuân La, Quận Tây Hồ, Hà Nội",21.028751447058823,105.82847453176471
"Đường Thống Nhất, Phường 16, Quận Gò Vấp, Tp Hồ Chí Minh",10.782852955555557,106.6659341392157
"Võ Nguyên Giáp, Phường Điện Dương, Thị xã Điện Bàn, Quảng Nam",15.8910537,108.2461796
"Đường Số 3, Phường 9, Quận Gò Vấp, Tp Hồ Chí Minh",10.782852955555557,106.6659341392157
"đường số 10, Phường Hiệp Bình Chánh, Quận Thủ Đức, Tp Hồ Chí Minh",10.782852955555557,106.6659341392157
"Đường Quốc Lộ 13, Xã Minh Hưng, Huyện Chơn Thành, Bình Phước",11.5283902,106.8788545
"Đường Cầu Giấy, Phường Yên Hoà, Quận Cầu Giấy, Hà Nội",21.028751447058823,105.82847453176471
"Tân thụy, Phường Phúc Đồng, Quận Long Biên, Hà Nội",21.0365344,105.903586
"Bùi Tư Toàn., Phường 10, Quận 6, Tp Hồ Chí Minh",10.738776,106.6319448
"Đường Nguyễn Huệ, Phường Phú Nhuận, Thành phố Huế, Thừa Thiên Huế",16.4621239,107.5908449
Đường Hoàng Hoa Thám,21.0443694,105.8129008
"lái thiêu 05, Phường Lái Thiêu, Thị xã Thuận An, Bình Dương",11.045096620833334,106.68756274583332
"đường hương lộ 11, Xã Hưng Long, Huyện Bình Chánh, Tp Hồ Chí Minh",10.782852955555557,106.6659341392157
"Trung Lương 12, Phường Hòa Xuân, Quận Cẩm Lệ, Đà Nẵng",16.0052802,108.2094753
"Đường D12, Phường Phú Lợi, Thành phố Thủ Dầu Một, Bình Dương",10.9835324,106.676184
"Quang Trung, Phường La Khê, Quận Hà Đông, Hà Nội",21.028751447058823,105.82847453176471
"Số 9, Đường Nguyễn Khoái, Phường 1, Quận 4, Tp Hồ Chí Minh",10.8305173,106.6157456
"Đường Giải Phóng, Phường Giáp Bát, Quận Hoàng Mai, Hà Nội",21.028751447058823,105.82847453176471
"Tô Hiến Thành, Phường Phước Mỹ, Quận Sơn Trà, Đà Nẵng",16.06752,108.2448412
"bình chuẩn 72, Phường Bình Chuẩn, Thị xã Thuận An, Bình Dương",11.045096620833334,106.68756274583332
"An Phú 13, Phường An Phú, Thị xã Thuận An, Bình Dương",11.045096620833334,106.68756274583332
"Đường Nguyễn Thị Minh Khai, Phường Phú Hòa, Thành phố Thủ Dầu Một, Bình Dương",10.9810767,106.6722416
"Đường Số 42, Phường Bình Trưng Tây, Quận 2, Tp Hồ Chí Minh",10.782852955555557,106.6659341392157
"Trần Hửu Tước, Phường Phước Mỹ, Quận Sơn Trà, Đà Nẵng",16.06752,108.2448412
"Đường Ngô Gia Tự, Phường Đức Giang, Quận Long Biên, Hà Nội",21.0695094,105.9046593
"Đường Đồng Khởi, Phường Tam Hòa, Thành phố Biên Hòa, Đồng Nai",10.955302,106.8259494
"HẺM 150, Đường Nguyễn Thông, Phường An Thới, Quận Bình Thuỷ, Cần Thơ",10.061234,105.763903
"Dt240, Xã Long Nguyên, Huyện Bàu Bàng, Bình Dương",11.045096620833334,106.68756274583332
"Đường 3A||23715, Phường An Khánh, Quận Ninh Kiều, Cần Thơ",10.0198087,105.7544797
"54 Tân lập, Phường Đông Hòa, Thị xã Dĩ An, Bình Dương, Phường Đông Hòa, Thị xã Dĩ An, Bình Dương",11.045096620833334,106.68756274583332
"Đường Tô Hiệu, Phường Hiệp Tân, Quận Tân Phú, Tp Hồ Chí Minh",10.782852955555557,106.6659341392157
"Đường An Phú Tây, Xã An Phú Tây, Huyện Bình Chánh, Tp Hồ Chí Minh",10.782852955555557,106.6659341392157
"1037, Đường Đại Lộ Bình Dương, Phường Hiệp An, Thành phố Thủ Dầu Một, Bình Dương",11.045096620833334,106.68756274583332
"Đường Lũy Bán Bích, Phường Hòa Thạnh, Quận Tân Phú, Tp Hồ Chí Minh",10.7607702,106.6313858
"Đường Trương Vĩnh Ký, Phường Tân Sơn Nhì, Quận Tân Phú, Tp Hồ Chí Minh",10.782852955555557,106.6659341392157
"Đường Cầu Giấy, Phường Yên Hoà, Quận Cầu Giấy, Hà Nội",21.028751447058823,105.82847453176471
"Đường Hùng Vương, Xã Đông Thanh, Huyện Lâm Hà, Lâm Đồng",11.881725583333333,108.34287695
"Đường Thượng Thanh, Phường Thượng Thanh, Quận Long Biên, Hà Nội",21.0180529,105.9016988
"Đường Trường Chinh, Phường 15, Quận Tân Bình, Tp Hồ Chí Minh",10.7989297,106.7209052
"275/138/22, Đường Quang Trung, Phường 10, Quận Gò Vấp, Tp Hồ Chí Minh",10.782852955555557,106.6659341392157
"số 32, số 32 đường Thủy Lợi, Phường Phước Long A, Quận 9, Tp Hồ Chí Minh",10.782852955555557,106.6659341392157
"Đường Trần Quang Khải, Phường 8, Thành phố Đà Lạt, Lâm Đồng",11.881725583333333,108.34287695
"Ngọc Đại, Phường Đại Mỗ, Quận Nam Từ Liêm, Hà Nội",20.9962479,105.7829269
"Đường Trịnh Thị Miếng, Xã Thới Tam Thôn, Huyện Hóc Môn, Tp Hồ Chí Minh",10.782852955555557,106.6659341392157
"N10, Phường 9, Quận 3, Tp Hồ Chí Minh",10.7408788,106.644449
"Trục 16, Xã Thạnh Phú, Huyện Vĩnh Cửu, Đồng Nai",10.963874011538461,106.85765544615386
"Đường Cách Mạng Tháng Tám, Phường Phú Cường, Thành phố Thủ Dầu Một, Bình Dương",10.9812775,106.6669105
"Đường Quang Tiến, Phường Đại Mỗ, Quận Nam Từ Liêm, Hà Nội",20.9962479,105.7829269
"Đường Hà Huy Giáp, Phường Thạnh Lộc, Quận 12, Tp Hồ Chí Minh",10.782852955555557,106.6659341392157
"Đường Số 8, Phường Trường Thạnh, Quận 9, Tp Hồ Chí Minh",10.782852955555557,106.6659341392157
"Đường Quốc Lộ 50, Xã Quy Đức, Huyện Bình Chánh, Tp Hồ Chí Minh",10.782852955555557,106.6659341392157
"Đường HL 610, Thị trấn Lai Uyên, Huyện Bàu Bàng, Bình Dương",11.2628303,106.6236505
"Đường Bắc Thăng Long, Xã Võng La, Huyện Đông Anh, Hà Nội",21.028751447058823,105.82847453176471
Đường Vành Đai 4,20.9015773,105.9386494
"TĐC SONADZI đường D14, Xã Suối Nghệ, Huyện Châu Đức, Bà Rịa - Vũng Tàu",13.819208054201681,106.50317550420168
"Đường Dương Đình Cúc, Xã Bình Chánh, Huyện Bình Chánh, Tp Hồ Chí Minh",10.782852955555557,106.6659341392157
"Đường Vĩnh Hưng, Phường Vĩnh Hưng, Quận Hoàng Mai, Hà Nội",21.028751447058823,105.82847453176471
"Đường Quốc Lộ 61, Xã Tân Bình, Huyện Phụng Hiệp, Hậu Giang",13.819208054201681,106.50317550420168
"Đường ĐT 747A, Phường Thạnh Phước, Thị xã Tân Uyên, Bình Dương",11.045096620833334,106.68756274583332
"Đường Liên Tỉnh 5, Phường 5, Quận 8, Tp Hồ Chí Minh",10.7369226,106.6665328
"Đường ĐT 830, Xã Lương Hòa, Huyện Bến Lức, Long An",20.6912345,105.8354428
"Đường Tôn Đản, Phường 10, Quận 4, Tp Hồ Chí Minh",10.7613705,106.7054859
"Đường Phó Cơ Điều, Phường 4, Quận 11, Tp Hồ Chí Minh",10.759412,106.6586519
"Đường Phố Vọng, Phường Đồng Tâm, Quận Hai Bà Trưng, Hà Nội",21.028751447058823,105.82847453176471
"Đường Ngô Thì Nhậm, Phường La Khê, Quận Hà Đông, Hà Nội",21.028751447058823,105.82847453176471
"Đường Mỹ Đình, Phường Mỹ Đình 1, Quận Nam Từ Liêm, Hà Nội",21.0205027,105.7639271
"Đường Huỳnh Văn Nghệ, Phường 15, Quận Tân Bình, Tp Hồ Chí Minh",10.7989297,106.7209052
"Đường Lê Tấn Bê, Phường An Lạc, Quận Bình Tân, Tp Hồ Chí Minh",10.782852955555557,106.6659341392157
"Đường Thụy Khuê, Phường Bưởi, Quận Tây Hồ, Hà Nội",21.028751447058823,105.82847453176471
"Ấp Thanh Dong, Xã Thạnh Đông B, Huyện Tân Hiệp, Kiên Giang",9.9945228,105.0864822
"Đường Nguyễn Chí Thanh, Phường Hiệp Thành, Thành phố Thủ Dầu Một, Bình Dương",10.987056,106.6644315
"Đường D, Phường Linh Đông, Quận Thủ Đức, Tp Hồ Chí Minh",10.8575894,106.7447159
"Đường Trần Văn Trà, Phường 3, Thành phố Tây Ninh, Tây Ninh",11.318196,106.1055442
"Đường Xa lộ Hà Nội, Phường Hiệp Phú, Quận 9, Tp Hồ Chí Minh",10.782852955555557,106.6659341392157
"Đường Ngô Quyền, Phường 6, Quận 10, Tp Hồ Chí Minh",10.7371589,106.6378465
"Đường Huỳnh Thị Mài, Xã Tân Hiệp, Huyện Hóc Môn, Tp Hồ Chí Minh",10.782852955555557,106.6659341392157
"Đường Hưng Long, Xã Hưng Thịnh, Huyện Trảng Bom, Đồng Nai",10.963874011538461,106.85765544615386
"Đường Nguyễn Trọng Quyền, Phường Tân Thới Hòa, Quận Tân Phú, Tp Hồ Chí Minh",10.7607702,106.6313858
"Hẻm Gần Ngân Hàng Kiên Long, Phường Phú Khương, Thành phố Bến Tre, Bến Tre",10.25293,106.36970330000001
"Đường Nguyễn Xiển, Phường Long Thạnh Mỹ, Quận 9, Tp Hồ Chí Minh",10.782852955555557,106.6659341392157
"Đường Âu Cơ, Phường 10, Quận Tân Bình, Tp Hồ Chí Minh",10.7883754,106.6607778
"Đường Lê Lai, Phường Nguyễn Trãi, Quận Hà Đông, Hà Nội",21.028751447058823,105.82847453176471
"Đường Liên khu 4-5, Phường Bình Hưng Hoà B, Quận Bình Tân, Tp Hồ Chí Minh",10.782852955555557,106.6659341392157
"Đường Hồ Học Lãm, Phường An Lạc, Quận Bình Tân, Tp Hồ Chí Minh",10.782852955555557,106.6659341392157
"Đường Hùng Vương, Phường Cái Khế, Quận Ninh Kiều, Cần Thơ",10.0433764,105.7864891
"Đường Võ Nguyên Giáp, Phường Mỹ An, Quận Ngũ Hành Sơn, Đà Nẵng",16.0561664,108.2461719
"Đường Trần Trọng Cung, Phường Tân Thuận Đông, Quận 7, Tp Hồ Chí Minh",10.782852955555557,106.6659341392157
"Đường Vũ Hữu, Phường Thanh Xuân Bắc, Quận Thanh Xuân, Hà Nội",21.0446809,105.7417518
"Đường Bá Tùng||20218, Phường Hoà Quý, Quận Ngũ Hành Sơn, Đà Nẵng",15.9853299,108.2415919
"Đường Nguyễn Đức Thuận, Phường Hiệp Thành, Thành phố Thủ Dầu Một, Bình Dương",10.987056,106.6644315
"Đường Cầu Giấy, Phường Quan Hoa, Quận Cầu Giấy, Hà Nội",21.0361576,105.8015505
"Đường Đào Tấn, Phường Ngọc Khánh, Quận Ba Đình, Hà Nội",21.028751447058823,105.82847453176471
"Đường Liên Phường, Phường Phước Long B, Quận 9, Tp Hồ Chí Minh",10.8063168,106.7784645
"Ngõ 562, Đường Nguyễn Văn Linh, Phường Vĩnh Niệm, Quận Lê Chân, Hải Phòng",20.8315814,106.6767957
"QL1A, Xã Điện Thắng Bắc, Thị xã Điện Bàn, Quảng Nam",15.8910537,108.2461796
"Đường Minh Mạng, Phường Thuỷ Xuân, Thành phố Huế, Thừa Thiên Huế",16.4345013,107.5734766
"Đường Phạm Thị Liên, Phường Kim Long, Thành phố Huế, Thừa Thiên Huế",16.4022026,107.5488513
"0005, Đường Thân Nhân Trung, Phường Trảng Dài, Thành phố Biên Hòa, Đồng Nai",10.9686469,106.8591437
"Đường Hương Lộ 11, Xã Long Thượng, Huyện Cần Giuộc, Long An",20.6912345,105.8354428
"Đường Quốc lộ 1A||17403, Xã Tây Hoà, Huyện Trảng Bom, Đồng Nai",10.963874011538461,106.85765544615386
"Đường Số 8, Xã Phạm Văn Cội, Huyện Củ Chi, Tp Hồ Chí Minh",10.782852955555557,106.6659341392157
"Đường Hồng Mai, Phường Bạch Mai, Quận Hai Bà Trưng, Hà Nội",21.028751447058823,105.82847453176471
"Đường Hào Nam, Phường Ô Chợ Dừa, Quận Đống Đa, Hà Nội",21.028751447058823,105.82847453176471
"Vạn Phúc, Phường Vạn Phúc, Quận Hà Đông, Hà Nội",21.028751447058823,105.82847453176471
"Đường Phùng Quán, Phường Thủy Dương, Thị xã Hương Thủy, Thừa Thiên Huế",16.446155875000002,107.5835235875
"Đường Nguyễn Du, Phường 8, Thành phố Trà Vinh, Trà Vinh",13.819208054201681,106.50317550420168
"Đường Võ Nguyên Giáp, Phường Phước Mỹ, Quận Sơn Trà, Đà Nẵng",16.06752,108.2448412
"Đảo Ngọc, Xã Tịnh An, Thành phố Quảng Ngãi, Quảng Ngãi",13.819208054201681,106.50317550420168
"Đường Số 8, Phường Lái Thiêu, Thị xã Thuận An, Bình Dương",11.045096620833334,106.68756274583332
"nguyễn thượng hiền, Phường 6, Quận Bình Thạnh, Tp Hồ Chí Minh",10.7481249,106.6422851
"Đường Cầu Giấy, Phường Quan Hoa, Quận Cầu Giấy, Hà Nội",21.0361576,105.8015505
"Đường Trương Vĩnh Nguyên, Phường Phú Thứ, Quận Cái Răng, Cần Thơ",10.0040696,105.8035276
"Đường Tỉnh Lộ 10, Xã Phạm Văn Hai, Huyện Bình Chánh, Tp Hồ Chí Minh",10.782852955555557,106.6659341392157
"Đường Cầu Giấy, Phường Yên Hoà, Quận Cầu Giấy, Hà Nội",21.028751447058823,105.82847453176471
"Đường Nguyễn Văn Chính, Phường Thủy Phương, Thị xã Hương Thủy, Thừa Thiên Huế",16.446155875000002,107.5835235875
"Đường Số 10A, Xã Bình Chánh, Huyện Bình Chánh, Tp Hồ Chí Minh",10.782852955555557,106.6659341392157
"Lộc Ngãi, Xã Lộc Ngãi, Huyện Bảo Lâm, Lâm Đồng",11.881725583333333,108.34287695
"Lý Tự Trọng, Phường Bình Chuẩn, Thị xã Thuận An, Bình Dương",11.045096620833334,106.68756274583332
"Đường Thủ Khoa Huân, Phường An Thạnh, Thị xã Thuận An, Bình Dương",11.045096620833334,106.68756274583332
"1, Đường 3, Xã An Sơn, Thị xã Thuận An, Bình Dương",11.045096620833334,106.68756274583332
"Đường Nguyễn Xiển, Phường Long Thạnh Mỹ, Quận 9, Tp Hồ Chí Minh",10.782852955555557,106.6659341392157
"Đoàn Nguyễn Tuấn, Xã Hưng Long, Huyện Bình Chánh, Tp Hồ Chí Minh",10.782852955555557,106.6659341392157
"K338, đường Hải Phòng, Phường Chính Gián, Quận Thanh Khê, Đà Nẵng",16.0663353,108.2033733
"Đường Võ Nguyên Giáp, Xã Diên Toàn, Huyện Diên Khánh, Khánh Hòa",13.819208054201681,106.50317550420168
"Đường 32, Xã Minh Hưng, Huyện Chơn Thành, Bình Phước",11.5283902,106.8788545
"Đường Nguyễn Trãi, Phường Kim Giang, Quận Thanh Xuân, Hà Nội",21.028751447058823,105.82847453176471
"Mân Quang, Phường Thọ Quang, Quận Sơn Trà, Đà Nẵng",15.947412380000001,108.1795226
"Đường số 18 Royal Park Huế, Xã Thủy Thanh, Thị xã Hương Thủy, Thừa Thiên Huế",16.446155875000002,107.5835235875
"Đường Nguyễn Đình Chiểu, Phường 4, Quận 3, Tp Hồ Chí Minh",10.7790996,106.6914967
"Đường Trường Sa, Phường 14, Quận 3, Tp Hồ Chí Minh",10.7766983,106.6912637
"Đường Mẹ Nhu, Phường Thanh Khê Đông, Quận Thanh Khê, Đà Nẵng",15.947412380000001,108.1795226
"Đường Trịnh Đình Trọng, Phường Phú Trung, Quận Tân Phú, Tp Hồ Chí Minh",10.782852955555557,106.6659341392157
"Đường Cách Mạng Tháng Tám, Thị trấn Dương Đông, Huyện Phú Quốc, Kiên Giang",9.9945228,105.0864822
"nguyễn tất thành, Phường Hòa Hiệp Nam, Quận Liên Chiểu, Đà Nẵng",16.0934399,108.1443603
"D35, Phường Hưng Thạnh, Quận Cái Răng, Cần Thơ",10.0047978,105.782622
"Đường Quốc Lộ 22, Xã Bàu Đồn, Huyện Gò Dầu, Tây Ninh",11.312890071428571,106.11477772857143
"1419, Đường Lê Văn Lương, Xã Phước Kiển, Huyện Nhà Bè, Tp Hồ Chí Minh",10.782852955555557,106.6659341392157
"tam trinh, Phường Minh Khai, Quận Hai Bà Trưng, Hà Nội",21.028751447058823,105.82847453176471
"227/79, Đường Nguyễn Văn Thoại, Phường Phước Mỹ, Quận Sơn Trà, Đà Nẵng",16.06752,108.2448412
"Đường Lò Đúc, Phường Đống Mác, Quận Hai Bà Trưng, Hà Nội",21.028751447058823,105.82847453176471
"Đường 7B, Phường Mỹ Phước, Thị xã Bến Cát, Bình Dương",11.045096620833334,106.68756274583332
"Binh chuan 61, Phường Tân Phước Khánh, Thị xã Tân Uyên, Bình Dương",11.045096620833334,106.68756274583332
"Đường 970, Phường Phú Hữu, Quận 9, Tp Hồ Chí Minh",10.782852955555557,106.6659341392157
"496/63/10b, Đường Dương Quảng Hàm, Phường 5, Quận Gò Vấp, Tp Hồ Chí Minh",10.8374115,106.66991
"Đường Lý Thái Tổ, Xã Đạm Bri, Thành phố Bảo Lộc, Lâm Đồng",11.881725583333333,108.34287695
"Đường Quốc Lộ 13, Phường Bình Hòa, Thị xã Thuận An, Bình Dương",11.045096620833334,106.68756274583332
"Đường Bến Than, Xã Tân Thạnh Đông, Huyện Củ Chi, Tp Hồ Chí Minh",10.782852955555557,106.6659341392157
"Đường Trường Bình, Xã Trường Bình, Huyện Cần Giuộc, Long An",20.6912345,105.8354428
"9, Đường Tăng Thiết Giáp, Phường Cổ Nhuế 2, Quận Bắc Từ Liêm, Hà Nội",21.0474882,105.7830416
"Đường Máng Nước, Xã An Đồng, Huyện An Dương, Hải Phòng",20.836681525,106.694553275
"tây sơn, Phường Quang Trung, Quận Đống Đa, Hà Nội",21.028751447058823,105.82847453176471
"Sân Bia, Phường Phú Tân, Thành phố Bến Tre, Bến Tre",10.25293,106.3697033
"Đường Võ Văn Ngân, Phường Bình Thọ, Quận Thủ Đức, Tp Hồ Chí Minh",10.8499431,106.767018
"vạn phúc, Phường Vạn Phúc, Quận Hà Đông, Hà Nội",21.028751447058823,105.82847453176471
"Tuấn An, Phường Mỹ An, Quận Ngũ Hành Sơn, Đà Nẵng",16.0561664,108.2461719
"Ỷ Lan, Xã Đại Lào, Thành phố Bảo Lộc, Lâm Đồng",11.881725583333333,108.34287695
"Tô Ngọc Vân, Phường Thạnh Xuân, Quận 12, Tp Hồ Chí Minh",10.782852955555557,106.6659341392157
"GH44, Đường Xuân Thủy, Phường Dịch Vọng Hậu, Quận Cầu Giấy, Hà Nội",21.0388103,105.7818897
"P501, đơn nguyên 1, Ngõ 15, Đường An Dương Vương, Phường Phú Thượng, Quận Tây Hồ, Hà Nội",21.0791733,105.815656
"Đường Võ Chí Công, Phường Phú Hữu, Quận 9, Tp Hồ Chí Minh",10.782852955555557,106.6659341392157
"192 đường Phạm Đức Sơn, phường 16, quận 8",13.819208054201681,106.50317550420168
"Đường Trần Xuân Soạn, Phường Tân Hưng, Quận 7, Tp Hồ Chí Minh",10.7305239,106.7087488
"Đường Cao tốc Mỹ Phước – Tân Vạn, Phường Thới Hòa, Thị xã Bến Cát, Bình Dương",11.045096620833334,106.68756274583332
"Đường 741, Xã An Bình, Huyện Phú Giáo, Bình Dương",11.045096620833334,106.68756274583332
"28, Đường Hùng Vương, Thị trấn Tân Nghĩa, Huyện Hàm Tân, Bình Thuận",10.9271631,108.1106069
"Đường Lê Duẩn, Thị trấn Long Thành, Huyện Long Thành, Đồng Nai",10.963874011538461,106.85765544615386
"1B, Đường Số 5, Phường An Lạc, Quận Bình Tân, Tp Hồ Chí Minh",10.782852955555557,106.6659341392157
"Võ Nguyên Giáp, Phường Điện Dương, Thị xã Điện Bàn, Quảng Nam",15.8910537,108.2461796
"999, Hồ Trung Quí, Phường Thái Hòa, Thị xã Tân Uyên, Bình Dương",11.045096620833334,106.68756274583332
"899, Đường Nguyễn Trung Trực, Phường 3, Thành phố Đà Lạt, Lâm Đồng",11.9230787,108.4440079
"Đường Thanh Niên 3, Xã Trừ Văn Thố, Huyện Bàu Bàng, Bình Dương",11.045096620833334,106.68756274583332
"ĐT 855, Xã Hoà Bình, Huyện Tam Nông, Đồng Tháp",10.4502853,105.6431753
"Đường ĐT 741, Phường Mỹ Phước, Thị xã Bến Cát, Bình Dương",11.045096620833334,106.68756274583332
"An dương vương, Phường Bình Trị Đông, Quận Bình Tân, Tp Hồ Chí Minh",10.782852955555557,106.6659341392157
"Đường Số 22, Phường Linh Đông, Quận Thủ Đức, Tp Hồ Chí Minh",10.8575894,106.7447159
"Đường 71, Thị trấn Lai Uyên, Huyện Bàu Bàng, Bình Dương",11.2628303,106.6236505
"Đường Lê Hồng Phong, Phường 10, Quận Gò Vấp, Tp Hồ Chí Minh",10.782852955555557,106.6659341392157
"Yên hòa, Phường Yên Hoà, Quận Cầu Giấy, Hà Nội",21.028751447058823,105.82847453176471
"Đường Nguyễn Viết Xuân, Phường Thủy Phương, Thị xã Hương Thủy, Thừa Thiên Huế",16.446155875000002,107.5835235875
Đường Phạm Văn Đồng,21.054262,105.7817064
"113/89, 113/89 Đường An Dương Vương, Phường An Lạc, Quận Bình Tân, Tp Hồ Chí Minh",10.782852955555557,106.6659341392157
"Hậu Ái, Xã Vân Canh, Huyện Hoài Đức, Hà Nội",21.028751447058823,105.82847453176471
"Đường ĐT 743, Phường Bình Chuẩn, Thị xã Thuận An, Bình Dương",11.045096620833334,106.68756274583332
"ngoc thuy, Phường Ngọc Thụy, Quận Long Biên, Hà Nội",21.0438263,105.86562
"Đường 31, Phường An Phú, Quận 2, Tp Hồ Chí Minh",10.7946254,106.7607658
Đường Đào Duy Từ,16.0681248,108.2131165
"Đường Yên Phúc, Phường Văn Quán, Quận Hà Đông, Hà Nội",20.9741659,105.7873563
"Đường Tân Xuân 6, Xã Tân Xuân, Huyện Hóc Môn, Tp Hồ Chí Minh",10.8937624,106.5832489
"86/34 đường số 14, phường 08, Gò vấp, Phường 3, Quận Gò Vấp, Tp Hồ Chí Minh",10.8154508,106.6776414
"Dường Hội Bài-Châu Pha, Xã Tân Hoà, Thị xã Phú Mỹ, Bà Rịa - Vũng Tàu",13.819208054201681,106.50317550420168
"Đường Phan Huy Ích, Phường 15, Quận Tân Bình, Tp Hồ Chí Minh",10.7989297,106.7209052
"Đường Hoàng Hoa Thám, Phường 10, Thành phố Đà Lạt, Lâm Đồng",11.881725583333333,108.34287695
"DX, Đường Quốc lộ 14||16824, Thị trấn Chơn Thành, Huyện Chơn Thành, Bình Phước",11.5283902,106.8788545
"Tây Hoà 5, Xã Tây Hoà, Huyện Trảng Bom, Đồng Nai",10.963874011538461,106.85765544615386
"Đường Huỳnh Tấn Phát, Thị trấn Nhà Bè, Huyện Nhà Bè, Tp Hồ Chí Minh",10.782852955555557,106.6659341392157
"Đường Bùi Thị Xuân, Phường 2, Thành phố Đà Lạt, Lâm Đồng",11.938698,108.4444366
"đường tây hoà sông trầu, Xã Sông Trầu, Huyện Trảng Bom, Đồng Nai",10.963874011538461,106.85765544615386
"đường hẻm ô tô 4 và 7 chổ vào được, Xã Vĩnh Phương, Thành phố Nha Trang, Khánh Hòa",13.819208054201681,106.50317550420168
"Đường Số 980, Phường Phú Hữu, Quận 9, Tp Hồ Chí Minh",10.782852955555557,106.6659341392157
"10, Đường Quốc Lộ 50, Xã Tân Kim, Huyện Cần Giuộc, Long An",20.6912345,105.8354428
"số 9 ngõ 169/52, Đường Hoàng Mai, Phường Tân Mai, Quận Hoàng Mai, Hà Nội",21.028751447058823,105.82847453176471
"Đường Nguyễn Văn Linh, Phường Long Tuyền, Quận Bình Thuỷ, Cần Thơ",10.0623838,105.741639
"Đường Quan Hoa, Phường Quan Hoa, Quận Cầu Giấy, Hà Nội",21.0361576,105.8015505
"CHƯƠNG DƯƠNG, Phường Linh Chiểu, Quận Thủ Đức, Tp Hồ Chí Minh",10.782852955555557,106.6659341392157
"Đường Quang Trung, Phường 12, Quận Gò Vấp, Tp Hồ Chí Minh",10.782852955555557,106.6659341392157
"hẻm 246/26, Đường Quốc Lộ 51||17075, Phường Phước Tân, Thành phố Biên Hòa, Đồng Nai",10.963874011538461,106.85765544615386
"Số 4, Phường Thới Hòa, Thị xã Bến Cát, Bình Dương",11.045096620833334,106.68756274583332
"ngã tư Thiên Đàng, Xã Bình Thạnh, Huyện Bình Sơn, Quảng Ngãi",13.819208054201681,106.50317550420168
"Đường Số 36, Phường Hiệp Bình Chánh, Quận Thủ Đức, Tp Hồ Chí Minh",10.782852955555557,106.6659341392157
"Tầm Vu, Phường Hưng Lợi, Quận Ninh Kiều, Cần Thơ",10.0202252,105.7711396
"Đường Phan Huy Ích, Phường 12, Quận Gò Vấp, Tp Hồ Chí Minh",10.782852955555557,106.6659341392157
"325, Đường Phú Định, Phường 16, Quận 8, Tp Hồ Chí Minh",10.7124607,106.6239147
"Đường Quang Trung, Phường Vạn Phúc, Quận Hà Đông, Hà Nội",21.028751447058823,105.82847453176471
"63.14, Đường Vũ Trọng Phụng, Phường Thanh Xuân Trung, Quận Thanh Xuân, Hà Nội",21.0180529,105.9016988
"Đường Song Hành, Phường An Phú, Quận 2, Tp Hồ Chí Minh",10.782852955555557,106.6659341392157
"An Sơn, Xã An Sơn, Thị xã Thuận An, Bình Dương",11.045096620833334,106.68756274583332
"35/9 hẻm 9, Đường Nhật Tảo, Phường Lê Bình, Quận Cái Răng, Cần Thơ",10.029439009433963,105.76459656415095
"Đường ĐT 743, Phường An Phú, Thị xã Thuận An, Bình Dương",11.045096620833334,106.68756274583332
"Đường 3 mặt tiền gần khu địa đạo Lợi Thuận, Xã Lợi Thuận, Huyện Bến Cầu, Tây Ninh",11.312890071428571,106.11477772857143
"T15, Phường An Phú Đông, Quận 12, Tp Hồ Chí Minh",10.782852955555557,106.6659341392157
"Đường Bưng Ông Thoàn, Phường Phú Hữu, Quận 9, Tp Hồ Chí Minh",10.782852955555557,106.6659341392157
"Đường Trần Hưng Đạo, Phường 5, thành phố Vị Thanh, Hậu Giang",13.819208054201681,106.50317550420168
"Đường 15, Phường Bình Chiểu, Quận Thủ Đức, Tp Hồ Chí Minh",10.782852955555557,106.6659341392157
"Đường Nam Hòa, Phường Nam Hải, Quận Hải An, Hải Phòng",20.836681525,106.694553275
"Đường Kim Ngưu, Phường Minh Khai, Quận Hai Bà Trưng, Hà Nội",21.028751447058823,105.82847453176471
"nguyễn hữu thọ, Thị trấn Hòa Thành, Huyện Hòa Thành, Tây Ninh",11.2878117,106.1306902
"Đường Bùi Hữu Nghĩa, Phường Long Tuyền, Quận Bình Thuỷ, Cần Thơ",10.0623838,105.741639
"Hẻm 219, Hẻm 219 Đường số 5, Phường Bình Hưng Hòa, Quận Bình Tân, Tp Hồ Chí Minh",10.782852955555557,106.6659341392157
"Đường Hà Huy Giáp, Phường Thạnh Lộc, Quận 12, Tp Hồ Chí Minh",10.782852955555557,106.6659341392157
"Đường Nguyễn Duy Năng, Phường Thọ Xương, Thành phố Bắc Giang, Bắc Giang",13.819208054201681,106.50317550420168
"68, Đường Quang Tiến, Phường Đại Mỗ, Quận Nam Từ Liêm, Hà Nội",20.9962479,105.7829269
"Đường Tỉnh lộ 10A, Xã Phú Xuân, Huyện Phú Vang, Thừa Thiên Huế",16.446155875000002,107.5835235875
"Hương lộ hoà thạnh, Xã Hòa Thạnh, Huyện Tam Bình, Vĩnh Long",19.264083916666667,105.82704563333334
"Đường Mỹ Đình, Phường Mỹ Đình 1, Quận Nam Từ Liêm, Hà Nội",21.0205027,105.7639271
"HẺM 534, Phường Hưng Lợi, Quận Ninh Kiều, Cần Thơ",10.0202252,105.7711396
"Phú Thượng, Phường Phú Thượng, Quận Tây Hồ, Hà Nội",21.0791733,105.815656
"Đường tĩnh 835, Xã Bình Chánh, Huyện Bình Chánh, Tp Hồ Chí Minh",10.782852955555557,106.6659341392157
"ấp an hiệp, dường đất 3,5, Xã An Ninh Đông, Huyện Đức Hòa, Long An",20.6912345,105.8354428
"Đường D13, Phường Hưng Thạnh, Quận Cái Răng, Cần Thơ",10.0047978,105.782622
"Đường Ngã Ba Lăn Xi, Phường Tân Định, Thị xã Bến Cát, Bình Dương",11.045096620833334,106.68756274583332
"Đường Lý Thường Kiệt, Phường Dĩ An, Thị xã Dĩ An, Bình Dương",10.9230601,106.7686184
"Đường Xô Viết Nghệ Tĩnh, Phường 25, Quận Bình Thạnh, Tp Hồ Chí Minh",10.7987615,106.7208459
"Đường Phan Thanh Giản, Phường Lái Thiêu, Thị xã Thuận An, Bình Dương",11.045096620833334,106.68756274583332
"Đường Đinh Tiên Hoàng, Phường Tam Thuận, Quận Thanh Khê, Đà Nẵng",16.0729139,108.2086957
"Đường Ngô Quyền, Phường 6, Quận 10, Tp Hồ Chí Minh",10.7371589,106.6378465
"Đường Quốc Lộ 1, Xã Mỹ Yên, Huyện Bến Lức, Long An",20.6912345,105.8354428
"Đường 81, Xã Tóc Tiên, Thị xã Phú Mỹ, Bà Rịa - Vũng Tàu",13.819208054201681,106.50317550420168
"Khu đô thị Geleximco Đường Lê Trọng Tấn, Phường Dương Nội, Quận Hà Đông, Hà Nội",20.9614029,105.7633591
"Đường Võ Văn Kiệt, Phường Định Hoà, Thành phố Thủ Dầu Một, Bình Dương",10.956042,106.7012064
"Đường Hà Nội, Phường Phú Nhuận, Thành phố Huế, Thừa Thiên Huế",16.4621239,107.5908449
"Đường Mỹ Phước Tân Vạn, Phường Bình An, Thị xã Dĩ An, Bình Dương",10.9230601,106.7686184
"Đường Phạm Như Xương, Phường Hòa Khánh Nam, Quận Liên Chiểu, Đà Nẵng",16.0616498,108.1591151
"An Phú 05, Phường An Phú, Thị xã Thuận An, Bình Dương",11.045096620833334,106.68756274583332
"Đường Số 4, Phường 16, Quận Gò Vấp, Tp Hồ Chí Minh",10.782852955555557,106.6659341392157
"Đường Huỳnh Tấn Phát, Phường Đông Hòa, Thị xã Dĩ An, Bình Dương",11.045096620833334,106.68756274583332
"Đường Cầu Giấy, Phường Quan Hoa, Quận Cầu Giấy, Hà Nội",21.0361576,105.8015505
"Đường Yên Duyên, Phường Yên Sở, Quận Hoàng Mai, Hà Nội",21.028751447058823,105.82847453176471
"Đường Nguyễn Chế Nghĩa, Phường 13, Quận 8, Tp Hồ Chí Minh",10.7171219,106.6295254
"Đường Nguyễn Như Hạnh, Phường Hòa Minh, Quận Liên Chiểu, Đà Nẵng",16.0616498,108.1591151
"Đường Ngô Sĩ Liên, Phường Đức Thắng, Thành phố Phan Thiết, Bình Thuận",10.9271631,108.1106069
"Đường Đại Cồ Việt, Phường Đống Mác, Quận Hai Bà Trưng, Hà Nội",21.028751447058823,105.82847453176471
"Đường An Thạnh 8, Phường An Thạnh, Thị xã Thuận An, Bình Dương",11.045096620833334,106.68756274583332
"Đường Số 13, Phường Long Bình, Quận 9, Tp Hồ Chí Minh",10.782852955555557,106.6659341392157
"Thuận giao 16, Phường Thuận Giao, Thị xã Thuận An, Bình Dương",11.045096620833334,106.68756274583332
"Đường Lệ Mật, Phường Việt Hưng, Quận Long Biên, Hà Nội",21.0695094,105.9046593
"169/52, Đường Hoàng Mai, Phường Hoàng Văn Thụ, Quận Hoàng Mai, Hà Nội",21.028751447058823,105.82847453176471
"Đường 7B, Phường Mỹ Phước, Thị xã Bến Cát, Bình Dương",11.045096620833334,106.68756274583332
"Đường Quốc Lộ 51, Xã Phước Thái, Huyện Long Thành, Đồng Nai",10.963874011538461,106.85765544615386
"đường Tạ Quang Bửu, Phường 5, Quận 8, Tp Hồ Chí Minh",10.7369226,106.6665328
"Thuan giao 23, Phường Thuận Giao, Thị xã Thuận An, Bình Dương",11.045096620833334,106.68756274583332
"Đường Lý Thái Tổ, Xã Đạm Bri, Thành phố Bảo Lộc, Lâm Đồng",11.881725583333333,108.34287695
"Đường Đại Cồ Việt, Phường Đống Mác, Quận Hai Bà Trưng, Hà Nội",21.028751447058823,105.82847453176471
"Đường An Thạnh 8, Phường An Thạnh, Thị xã Thuận An, Bình Dương",11.045096620833334,106.68756274583332
"Đường Số 13, Phường Long Bình, Quận 9, Tp Hồ Chí Minh",10.782852955555557,106.6659341392157
"Thuận giao 16, Phường Thuận Giao, Thị xã Thuận An, Bình Dương",11.045096620833334,106.68756274583332
"Đường Lệ Mật, Phường Việt Hưng, Quận Long Biên, Hà Nội",21.0695094,105.9046593
"169/52, Đường Hoàng Mai, Phường Hoàng Văn Thụ, Quận Hoàng Mai, Hà Nội",21.028751447058823,105.82847453176471
"Đường Đào Tông Nguyên, Thị trấn Nhà Bè, Huyện Nhà Bè, Tp Hồ Chí Minh",10.782852955555557,106.6659341392157
"Đường Phan Tứ, Phường Mỹ An, Quận Ngũ Hành Sơn, Đà Nẵng",16.0561664,108.2461719
"Đường Quốc Lộ 17, Xã Kim Sơn, Huyện Gia Lâm, Hà Nội",21.028751447058823,105.82847453176471
"long tuyền, Phường Long Tuyền, Quận Bình Thuỷ, Cần Thơ",10.0623838,105.741639
"Đường Bằng Liệt, Phường Đại Kim, Quận Hoàng Mai, Hà Nội",21.028751447058823,105.82847453176471
"Đường Nguyễn Ái Quốc, Phường Tân Phong, Thành phố Biên Hòa, Đồng Nai",10.9580869,106.828624
"Đường 10, Phường Phước Hải, Thành phố Nha Trang, Khánh Hòa",13.819208054201681,106.50317550420168
"Đường Tân Chánh Hiệp, Phường Thạnh Lộc, Quận 12, Tp Hồ Chí Minh",10.782852955555557,106.6659341392157
"Đường Nguyễn Văn Quỳ, Phường Phú Thuận, Quận 7, Tp Hồ Chí Minh",10.782852955555557,106.6659341392157
"Đường Nguyễn Oanh, Phường 6, Quận Gò Vấp, Tp Hồ Chí Minh",10.782852955555557,106.6659341392157
"Đường Lâm Quang Ky, Phường Vĩnh Lạc, Thành phố Rạch Giá, Kiên Giang",9.9945228,105.0864822
"Đường Hữu Nghị, Phường Bình Hòa, Thị xã Thuận An, Bình Dương",11.045096620833334,106.68756274583332
"102/42, đường 3/2, Phường Hưng Lợi, Quận Ninh Kiều, Cần Thơ",10.0202252,105.7711396
"Đường Xa lộ Hà Nội, Phường Bình Thắng, Thị xã Dĩ An, Bình Dương",11.045096620833334,106.68756274583332
"Đường Lam Sơn, Phường 2, Quận Tân Bình, Tp Hồ Chí Minh",10.7531342,106.5937194
"Bùi Trang Chước, Phường Hòa Xuân, Quận Cẩm Lệ, Đà Nẵng",16.0052802,108.2094753
"Đường Nơ Trang Long, Phường 11, Quận Bình Thạnh, Tp Hồ Chí Minh",10.767957,106.6508148
"KIM NGƯU, Phường Thanh Nhàn, Quận Hai Bà Trưng, Hà Nội",21.028751447058823,105.82847453176471
"99, đường đoàn thị điểm, Phường Xuân Khánh, Quận Ninh Kiều, Cần Thơ",10.0245211,105.7735694
"Đường Bình Giã, Phường 13, Quận Tân Bình, Tp Hồ Chí Minh",10.782852955555557,106.6659341392157
"Đường Tỉnh lộ 849, Xã Vĩnh Thạnh, Huyện Lấp Vò, Đồng Tháp",10.4502853,105.6431753
"O CHỢ DỪA, Phường Ô Chợ Dừa, Quận Đống Đa, Hà Nội",21.028751447058823,105.82847453176471
"8/8b, Đường Lê Văn Quới, Phường Bình Hưng Hoà A, Quận Bình Tân, Tp Hồ Chí Minh",10.782852955555557,106.6659341392157
"Đường Đa Mặn 3, Phường Khuê Mỹ, Quận Ngũ Hành Sơn, Đà Nẵng",16.0167925,108.2541741
"Đường Số 8, Phường Mỹ Phước, Thị xã Bến Cát, Bình Dương",11.045096620833334,106.68756274583332
"Đường Quang Trung, Phường 10, Quận Gò Vấp, Tp Hồ Chí Minh",10.782852955555557,106.6659341392157
"Nội khu dự án Vinhomes Grand Park- đường Nguyễn Xiển, Phường Long Thạnh Mỹ, Quận 9, TP HCM.",13.819208054201681,106.50317550420168
"võ thị nghị, Xã Tân Phú Trung, Huyện Củ Chi, Tp Hồ Chí Minh",10.782852955555557,106.6659341392157
"Đường Cách Mạng Tháng Tám, Phường 15, Quận 10, Tp Hồ Chí Minh",10.7624433,106.6684
"Đường Tỉnh lộ 909, Xã Phú Đức, Huyện Long Hồ, Vĩnh Long",19.264083916666667,105.82704563333334
"Đường Bình Chuẩn 17, Phường Bình Chuẩn, Thị xã Thuận An, Bình Dương",11.045096620833334,106.68756274583332
"Thôn 10, Xã Hòa Bắc, Huyện Di Linh, Lâm Đồng",11.881725583333333,108.34287695
"Đường Nguyễn Trãi, Phường Lái Thiêu, Thị xã Thuận An, Bình Dương",11.045096620833334,106.68756274583332
"Đường Suối Dinh, Xã Tây Hoà, Huyện Trảng Bom, Đồng Nai",10.963874011538461,106.85765544615386
"đường số 25, Phường Hiệp Bình Chánh, Quận Thủ Đức, Tp Hồ Chí Minh",10.782852955555557,106.6659341392157
"196, 196 Đường Cao Lỗ, Phường 4, Quận 8, Tp Hồ Chí Minh",10.7171219,106.6295254
"Đường Bình Hòa 24, Phường Bình Hòa, Thị xã Thuận An, Bình Dương",11.045096620833334,106.68756274583332
"Đường Bắc Sơn - Bình Minh, Xã Bình Minh, Huyện Trảng Bom, Đồng Nai",10.963874011538461,106.85765544615386
"1419, Đường Lê Văn Lương, Xã Phước Kiển, Huyện Nhà Bè, Tp Hồ Chí Minh",10.782852955555557,106.6659341392157
"34, Đường Nguyễn Khuyến, Phường Trảng Dài, Thành phố Biên Hòa, Đồng Nai",10.9686469,106.8591437
"1419, Đường Lê Văn Lương, Xã Phước Kiển, Huyện Nhà Bè, Tp Hồ Chí Minh",10.782852955555557,106.6659341392157
"Đường Quốc Lộ 20, Xã Phú Ngọc, Huyện Định Quán, Đồng Nai",10.963874011538461,106.85765544615386
"LƯƠNG ĐỊNH CỦA, Phường Đồng Tâm, Quận Hai Bà Trưng, Hà Nội",21.028751447058823,105.82847453176471
"4, Đường Quốc Lộ 61C, Xã Nhơn Nghĩa, Huyện Phong Điền, Cần Thơ",10.029439009433963,105.76459656415095
"Đường ĐT 750, Thị trấn Lai Uyên, Huyện Bàu Bàng, Bình Dương",11.2628303,106.6236505
"tỉnh lộ9, Xã Mỹ Hạnh Bắc, Huyện Đức Hòa, Long An",20.6912345,105.8354428
"70, Ta 11, Phường Thới An, Quận 12, Tp Hồ Chí Minh",10.878728,106.6384202
"Đường Số 1, Phường Long Trường, Quận 9, Tp Hồ Chí Minh",10.782852955555557,106.6659341392157
"QUÔC LÔ 55, Xã Thắng Hải, Huyện Hàm Tân, Bình Thuận",10.9271631,108.1106069
"Thầy Ba Lô, Xã Long An, Huyện Cần Giuộc, Long An",20.6912345,105.8354428
"Đường Hồ Văn Huê, Phường 9, Quận Phú Nhuận, Tp Hồ Chí Minh",10.782852955555557,106.6659341392157
"Bùi Tư Toàn., Phường An Lạc, Quận Bình Tân, Tp Hồ Chí Minh",10.782852955555557,106.6659341392157
"ttc, Phường Tân Thới Hiệp, Quận 12, Tp Hồ Chí Minh",10.878728,106.6384202
"Đường An phú 18, Phường An Phú, Thị xã Thuận An, Bình Dương",11.045096620833334,106.68756274583332
"Ấp 2, Xã Bình Hòa Nam, Huyện Đức Huệ, Long An",20.6912345,105.8354428
"Đường Nguyễn Thị Lắng, Xã Tân Phú Trung, Huyện Củ Chi, Tp Hồ Chí Minh",10.782852955555557,106.6659341392157
"Khu đô thị Geleximco Đường Lê Trọng Tấn, Phường Dương Nội, Quận Hà Đông, Hà Nội",20.9614029,105.7633591
"Đường 824, Xã Mỹ Hạnh Nam, Huyện Đức Hòa, Long An",20.6912345,105.8354428
"24, Đường 10/3, Phường Tân Lợi, Thành phố Buôn Ma Thuột, Đắk Lắk",12.674494466666667,108.03722181111112
"Đường Hồ Búng Sáng, Phường An Khánh, Quận Ninh Kiều, Cần Thơ",10.0198087,105.7544797
"điện biên phủ, Phường 22, Quận Bình Thạnh, Tp Hồ Chí Minh",10.8264409,106.7066125
"Đường Lê Duẩn, Phường Trung Phụng, Quận Đống Đa, Hà Nội",21.028751447058823,105.82847453176471
"An Lân, Phường Hoà Hải, Quận Ngũ Hành Sơn, Đà Nẵng",15.9896594,108.2723335
"Đường Quốc Lộ 61, Xã Hòa An, Huyện Phụng Hiệp, Hậu Giang",13.819208054201681,106.50317550420168
"Đường Đinh Công Tráng, Xã Lộc Châu, Thành phố Bảo Lộc, Lâm Đồng",11.881725583333333,108.34287695
Đường Bùi Đình Túy,10.8050816,106.705189
"Đường Hà Huy Giáp, Phường Thạnh Lộc, Quận 12, Tp Hồ Chí Minh",10.782852955555557,106.6659341392157
"Đường Số 10, Phường Bình An, Quận 2, Tp Hồ Chí Minh",10.7464608,106.6533081
"Đường Đông Nhì, Phường Lái Thiêu, Thị xã Thuận An, Bình Dương",11.045096620833334,106.68756274583332
"Mân Quang 2, Phường Thọ Quang, Quận Sơn Trà, Đà Nẵng",15.947412380000001,108.1795226
"181, Đường Trần Thanh Mại, Phường Tân Tạo A, Quận Bình Tân, Tp Hồ Chí Minh",10.7510379,106.5918016
"Đường Lê Văn Việt, Phường Tăng Nhơn Phú A, Quận 9, Tp Hồ Chí Minh",10.782852955555557,106.6659341392157
"Đường Tân Phước Khánh 37, Phường Bình Chuẩn, Thị xã Thuận An, Bình Dương",11.045096620833334,106.68756274583332
"Đường Dương Quảng Hàm, Phường Quan Hoa, Quận Cầu Giấy, Hà Nội",21.0361576,105.8015505
"19 tháng 5, Phường Văn Quán, Quận Hà Đông, Hà Nội",20.9741308,105.7868191
"Đường Quan Nhân, Phường Nhân Chính, Quận Thanh Xuân, Hà Nội",21.028751447058823,105.82847453176471
"204b1, Huỳnh Văn Lũy, Phường Hòa Bình, Thành phố Biên Hòa, Đồng Nai",10.9522104,106.8092726
"Đường Đông Tác, Phường Phương Mai, Quận Đống Đa, Hà Nội",21.028751447058823,105.82847453176471
"Lưu Hữu Phước, Phường 15, Quận 8, Tp Hồ Chí Minh",10.7472059,106.6589504
"đường số 10, Phường Hiệp Bình Chánh, Quận Thủ Đức, Tp Hồ Chí Minh",10.782852955555557,106.6659341392157
"Đường Quốc Lộ 13, Thị trấn Lai Uyên, Huyện Bàu Bàng, Bình Dương",11.2628303,106.6236505
"Đường 7B, Phường Mỹ Phước, Thị xã Bến Cát, Bình Dương",11.045096620833334,106.68756274583332
"đường blaosire, Xã Đại Lào, Thành phố Bảo Lộc, Lâm Đồng",11.881725583333333,108.34287695
"Đường Trần Thủ Độ, Xã Tứ Hiệp, Huyện Thanh Trì, Hà Nội",21.028751447058823,105.82847453176471
"Đường Đào Tấn, Phường Ngọc Khánh, Quận Ba Đình, Hà Nội",21.028751447058823,105.82847453176471
"Đường Số 8, Phường Trường Thọ, Quận Thủ Đức, Tp Hồ Chí Minh",10.782852955555557,106.6659341392157
"Bình chuẩn 68, Phường Bình Chuẩn, Thị xã Thuận An, Bình Dương",11.045096620833334,106.68756274583332
"Đường Hà Cầu, Phường Hà Cầu, Quận Hà Đông, Hà Nội",21.0398796,105.8051121
"Nguyên Văn Bứa, Xã Xuân Thới Sơn, Huyện Hóc Môn, Tp Hồ Chí Minh",10.8937624,106.5832489
"Đường Nguyễn Văn Bứa||10015, Xã Xuân Thới Đông, Huyện Hóc Môn, Tp Hồ Chí Minh",10.782852955555557,106.6659341392157
"Đường Tô Hiệu, Phường Tân Thới Hòa, Quận Tân Phú, Tp Hồ Chí Minh",10.7607702,106.6313858
"Đường Bùi Hữu Nghĩa, Phường Bình Hòa, Thị xã Thuận An, Bình Dương",11.045096620833334,106.68756274583332
"Hẻm Quốc lộ 26, Xã Ea Tu, Thành phố Buôn Ma Thuột, Đắk Lắk",12.674494466666667,108.03722181111112
"Đường Quan Nhân, Phường Nhân Chính, Quận Thanh Xuân, Hà Nội",21.028751447058823,105.82847453176471
"ấp moi, Xã Mỹ Hạnh Nam, Huyện Đức Hòa, Long An",20.6912345,105.8354428
"Đường Cầu Kinh Ranh Cách Chợ Tân Bửu Khoảng, Thị trấn Bến Lức, Huyện Bến Lức, Long An",20.6912345,105.8354428
"Đường Nguyễn Tư Giản, Phường 12, Quận Gò Vấp, Tp Hồ Chí Minh",10.782852955555557,106.6659341392157
"Đường Bạch Mai, Phường Bạch Mai, Quận Hai Bà Trưng, Hà Nội",21.028751447058823,105.82847453176471
"Đường Võ Thị Sáu, Phường Bình Chuẩn, Thị xã Thuận An, Bình Dương",11.045096620833334,106.68756274583332
"Đường Lạc Long Quân, Phường Bưởi, Quận Tây Hồ, Hà Nội",21.028751447058823,105.82847453176471
"Đường Số 1, Phường Linh Trung, Quận Thủ Đức, Tp Hồ Chí Minh",10.782852955555557,106.6659341392157
"Đường Quốc Lộ 13, Phường Phú Hòa, Thành phố Thủ Dầu Một, Bình Dương",10.9810767,106.6722416
"Đường Lê Hồng Phong, Phường 3, Thành phố Sóc Trăng, Sóc Trăng",9.6033433,105.9759487
"102/42, đường 3/2, Phường Hưng Lợi, Quận Ninh Kiều, Cần Thơ",10.0202252,105.7711396
"Đường Thanh Niên 3, Xã Trừ Văn Thố, Huyện Bàu Bàng, Bình Dương",11.045096620833334,106.68756274583332
"Đường Trích Sài, Phường Thụy Khuê, Quận Tây Hồ, Hà Nội",21.0415858,105.8215908
"Đường D13, Phường Hưng Thạnh, Quận Cái Răng, Cần Thơ",10.0047978,105.782622
"Đường Bùi Thị Xuân, Phường 2, Thành phố Đà Lạt, Lâm Đồng",11.938698,108.4444366
"Đường Trịnh Thị Miếng, Xã Thới Tam Thôn, Huyện Hóc Môn, Tp Hồ Chí Minh",10.782852955555557,106.6659341392157
"Đường Quan Nhân, Phường Nhân Chính, Quận Thanh Xuân, Hà Nội",21.028751447058823,105.82847453176471
"Đường 1, Thị trấn Vàm Láng, Huyện Gò Công Đông, Tiền Giang",13.819208054201681,106.50317550420168
"Đường Liên Khu 5 - 6, Phường Bình Hưng Hoà B, Quận Bình Tân, Tp Hồ Chí Minh",10.782852955555557,106.6659341392157
"Đường Hồ Học Lãm, Phường An Lạc, Quận Bình Tân, Tp Hồ Chí Minh",10.782852955555557,106.6659341392157
"ấp Phước Hưng 1, Xã Phước Lâm, Huyện Cần Giuộc, Long An",20.6912345,105.8354428
"Đường Phương Mai, Phường Phương Mai, Quận Đống Đa, Hà Nội",21.028751447058823,105.82847453176471
"Đường Nguyễn Ngọc Vũ, Phường Trung Hoà, Quận Cầu Giấy, Hà Nội",21.028751447058823,105.82847453176471
"đường bê tông 3mét, Xã Bình Đức, Huyện Châu Thành, Tiền Giang",13.819208054201681,106.50317550420168
"Đường Kim Giang, Phường Kim Giang, Quận Thanh Xuân, Hà Nội",21.028751447058823,105.82847453176471
"Đường Trần Quang Cơ, Phường Phú Thạnh, Quận Tân Phú, Tp Hồ Chí Minh",10.7607702,106.6313858
"Đường Mã Lò, Phường Bình Hưng Hoà B, Quận Bình Tân, Tp Hồ Chí Minh",10.782852955555557,106.6659341392157
"TCH 03, Phường Tân Chánh Hiệp, Quận 12, Tp Hồ Chí Minh",10.8673521,106.6259541
"Đường Quang Trung, Phường Quang Trung, Quận Hà Đông, Hà Nội",20.9721687,105.7765642
"Đường Blao- Xê Rê, Xã Đại Lào, Thành phố Bảo Lộc, Lâm Đồng",11.881725583333333,108.34287695
"Đường Số 6, Phường Bình An, Quận 2, Tp Hồ Chí Minh",10.7464608,106.6533081
"Đường ĐT 743, Phường Bình Chuẩn, Thị xã Thuận An, Bình Dương",11.045096620833334,106.68756274583332
"Đường Dương Kỳ Hiệp, Phường 2, Thành phố Sóc Trăng, Sóc Trăng",9.5985661,105.9717183
"Bùi Trang Chước, Phường Hòa Xuân, Quận Cẩm Lệ, Đà Nẵng",16.0054548,108.2107194
"Đường Lý Thường Kiệt, Phường Dĩ An, Thị xã Dĩ An, Bình Dương",10.9230601,106.7686184
"Đường Nguyễn Khuyến, Phường Trảng Dài, Thành phố Biên Hòa, Đồng Nai",10.9686469,106.8591437
"Đường Đoàn Văn Bơ, Phường 16, Quận 4, Tp Hồ Chí Minh",10.7659945,106.7042805
"Đường Bình Chuẩn 31, Phường Tân Phước Khánh, Thị xã Tân Uyên, Bình Dương",11.045096620833334,106.68756274583332
"207, Xuân Đỉnh, Phường Xuân Đỉnh, Quận Bắc Từ Liêm, Hà Nội",21.028751447058823,105.82847453176471
"44/21, Đường Linh Đông, Phường Linh Đông, Quận Thủ Đức, Tp Hồ Chí Minh",10.8575894,106.7447159
"Đường Hoàng Mai, Phường Hoàng Văn Thụ, Quận Hoàng Mai, Hà Nội",21.028751447058823,105.82847453176471
"Đường Tân Ba, Phường Tân Phước Khánh, Thị xã Tân Uyên, Bình Dương",11.045096620833334,106.68756274583332
"Đường Dương Thị Hai, Xã Mỹ Lộc, Huyện Cần Giuộc, Long An",20.6912345,105.8354428
"Đường Đông Nhì, Phường Lái Thiêu, Thị xã Thuận An, Bình Dương",11.045096620833334,106.68756274583332
"Đường Lạc Long Quân||7481, Phường 10, Quận Tân Bình, Tp Hồ Chí Minh",10.7883754,106.6607778
"Đường Yên Thế, Phường Hòa An, Quận Cẩm Lệ, Đà Nẵng",16.055657,108.1735333
"Đường Đại lộ 3, Phường Phước Bình, Quận 9, Tp Hồ Chí Minh",10.782852955555557,106.6659341392157
"Đường Huỳnh Bá Chánh||8680, Xã Tân Kiên, Huyện Bình Chánh, Tp Hồ Chí Minh",10.782852955555557,106.6659341392157
"Đường Đoàn Nguyễn Tuấn||8620, Xã Quy Đức, Huyện Bình Chánh, Tp Hồ Chí Minh",10.782852955555557,106.6659341392157
"Đỗ Thế Chấp, Phường Phước Mỹ, Quận Sơn Trà, Đà Nẵng",16.06752,108.2448412
"Đường Đông Hội, Xã Đông Hội, Huyện Đông Anh, Hà Nội",21.028751447058823,105.82847453176471
"Đường K20, Phường Khuê Mỹ, Quận Ngũ Hành Sơn, Đà Nẵng",16.0167925,108.2541741
"Đường Thạnh Xuân 25, Phường Thạnh Xuân, Quận 12, Tp Hồ Chí Minh",10.782852955555557,106.6659341392157
"Bình chuẩn 68, Phường Bình Chuẩn, Thị xã Thuận An, Bình Dương",11.045096620833334,106.68756274583332
"Đường Hoàng Thị Loan, Phường Hòa Minh, Quận Liên Chiểu, Đà Nẵng",16.0625287,108.1591262
"Đường Nguyễn Khuyến, Phường Trảng Dài, Thành phố Biên Hòa, Đồng Nai",10.9686469,106.8591437
"Đường Ngô Quyền, Phường 6, Quận 10, Tp Hồ Chí Minh",10.7371589,106.6378465
"Thôn 2, Xã Suối Rao, Huyện Châu Đức, Bà Rịa - Vũng Tàu",13.819208054201681,106.50317550420168
"Đường Lý Thái Tổ, Xã Đạm Bri, Thành phố Bảo Lộc, Lâm Đồng",11.881725583333333,108.34287695
"Đường D35, Phường Hưng Thạnh, Quận Cái Răng, Cần Thơ",10.0047978,105.782622
"Đường Lê Quang Đạo, Phường Phú Đô, Quận Nam Từ Liêm, Hà Nội",21.028751447058823,105.82847453176471
"hưng long, Xã Hưng Long, Huyện Bình Chánh, Tp Hồ Chí Minh",10.782852955555557,106.6659341392157
"Đường số 1, Phường Bình Thuận, Quận 7, Tp Hồ Chí Minh",10.782852955555557,106.6659341392157
"Đuồng Hai Bà Trưng Nối Dài, Phường 3, Thành phố Bến Tre, Bến Tre",10.25293,106.3697033
"Đường Cách Mạng Tháng Tám, Phường 5, Quận 10, Tp Hồ Chí Minh",10.8374115,106.66991
"Đường Dũng Sĩ Thanh Khê, Phường Thanh Khê Đông, Quận Thanh Khê, Đà Nẵng",15.947412380000001,108.1795226
"Đường Nguyễn Khuyến, Phường Văn Quán, Quận Hà Đông, Hà Nội",20.9741659,105.7873563
"113/15, Đường Hoàng Văn Thái, Phường Hòa Khánh Nam, Quận Liên Chiểu, Đà Nẵng",16.0481231,108.15629
"05, Đống Đa, Phường Thạch Thang, Quận Hải Châu, Đà Nẵng",16.076833,108.2192972
"Chợ Gach Cam, Phường Long Tuyền, Quận Bình Thuỷ, Cần Thơ",10.0829341,105.7120894
"Kenh 6m, Xã Phước Hậu, Huyện Cần Giuộc, Long An",20.6912345,105.8354428
"Đường Bùi Thị Xuân, Phường 2, Quận Tân Bình, Tp Hồ Chí Minh",10.7531342,106.5937194
"Đường Hồ Tùng Mậu, Phường Mai Dịch, Quận Cầu Giấy, Hà Nội",21.0421414,105.781475
"368, Đường Kinh Dương Vương||6473, Quận Bình Tân, Tp Hồ Chí Minh",10.782852955555557,106.6659341392157
"Phố Lụa, Phường Vạn Phúc, Quận Hà Đông, Hà Nội",21.028751447058823,105.82847453176471
"Đường 768, Phường Trảng Dài, Thành phố Biên Hòa, Đồng Nai",10.9686469,106.8591437
"Đường Nguyễn Văn Linh, Phường 7, Quận 8, Tp Hồ Chí Minh",10.7417795,106.6662335
"128/10/21, Đường Nguyễn Văn Tiên, Phường Tân Phong, Thành phố Biên Hòa, Đồng Nai",10.9580869,106.828624
"Đường Quốc lộ 14C, Xã Đắk Búk So, Huyện Tuy Đức, Đắk Nông",13.819208054201681,106.50317550420168
"54 Tân lập, Phường Đông Hòa, Thị xã Dĩ An, Bình Dương, Phường Đông Hòa, Thị xã Dĩ An, Bình Dương",11.045096620833334,106.68756274583332
"87/9, Đường Trần Quốc Toản, Phường Dĩ An, Thị xã Dĩ An, Bình Dương",10.9230601,106.7686184
"Đường Đinh Đức Thiện, Xã Tân Quý Tây, Huyện Bình Chánh, Tp Hồ Chí Minh",10.782852955555557,106.6659341392157
"Đường Nguyễn Chính, Phường Tân Mai, Quận Hoàng Mai, Hà Nội",21.028751447058823,105.82847453176471
"Đường Hồ Văn Cống, Phường Tương Bình Hiệp, Thành phố Thủ Dầu Một, Bình Dương",11.045096620833334,106.68756274583332
"Đường Bến Phú Định, Phường 16, Quận 8, Tp Hồ Chí Minh",10.7124607,106.6239147
"Tân Thới Hiệp 07, Phường Tân Thới Hiệp, Quận 12, Tp Hồ Chí Minh",10.878728,106.6384202
TL 10,31.7649557,35.2134718
"Đường Đinh Đức Thiện, Xã Bình Chánh, Huyện Bình Chánh, Tp Hồ Chí Minh",10.782852955555557,106.6659341392157
"hẻm 363, Phường Tân Hòa, Thành phố Buôn Ma Thuột, Đắk Lắk",12.674494466666667,108.03722181111112
"Tân Phước Khánh 37, Phường Tân Phước Khánh, Thị xã Tân Uyên, Bình Dương",11.045096620833334,106.68756274583332
"Đường Hưng Định 31, Phường Hưng Định, Thị xã Thuận An, Bình Dương",11.045096620833334,106.68756274583332
"Đông Thạnh 7-5, Xã Đông Thạnh, Huyện Hóc Môn, Tp Hồ Chí Minh",10.9043448,106.6355204
"Đường Đặng Thì Nhường, Phường Long Tuyền, Quận Bình Thuỷ, Cần Thơ",10.0829341,105.7120894
"Đường Nông Thôn, Xã Hữu Định, Huyện Châu Thành, Bến Tre",10.25293,106.36970330000001
"Đường Nguyễn Trãi, Phường Lái Thiêu, Thị xã Thuận An, Bình Dương",11.045096620833334,106.68756274583332
"Đường Liên Thôn, Xã Hoa Động, Huyện Thuỷ Nguyên, Hải Phòng",20.836681525,106.694553275
"ấp trạm lac, Xã Mỹ Hạnh Bắc, Huyện Đức Hòa, Long An",20.6912345,105.8354428
"Đường Quốc Lộ 20, Xã Phước Lộc, Huyện Đạ Huoai, Lâm Đồng",11.881725583333333,108.34287695
"trần đại nghĩa, Phường Thanh Nhàn, Quận Hai Bà Trưng, Hà Nội",21.028751447058823,105.82847453176471
"Dt240, Xã Long Nguyên, Huyện Bàu Bàng, Bình Dương",11.045096620833334,106.68756274583332
"Đường Nguyễn Khuyến, Phường Trảng Dài, Thành phố Biên Hòa, Đồng Nai",10.9686469,106.8591437
"Đường Điện Biên Phủ, Phường Đa Kao, Quận 1, Tp Hồ Chí Minh",10.782852955555557,106.6659341392157
"Đường Ngô Thì Nhậm, Phường An Khánh, Quận Ninh Kiều, Cần Thơ",10.0198087,105.7544797
"Đường tĩnh 835, Xã Bình Chánh, Huyện Bình Chánh, Tp Hồ Chí Minh",10.782852955555557,106.6659341392157
"Đường Nông Thôn, Xã Hữu Định, Huyện Châu Thành, Bến Tre",10.25293,106.36970330000001
"Đường Nguyễn Trãi, Phường Lái Thiêu, Thị xã Thuận An, Bình Dương",11.045096620833334,106.68756274583332
"Đường Liên Thôn, Xã Hoa Động, Huyện Thuỷ Nguyên, Hải Phòng",20.836681525,106.694553275
"ấp trạm lac, Xã Mỹ Hạnh Bắc, Huyện Đức Hòa, Long An",20.6912345,105.8354428
"Đường Quốc Lộ 20, Xã Phước Lộc, Huyện Đạ Huoai, Lâm Đồng",11.881725583333333,108.34287695
"trần đại nghĩa, Phường Thanh Nhàn, Quận Hai Bà Trưng, Hà Nội",21.028751447058823,105.82847453176471
"Phùng Hưng Nối Dài, Phường Tam Phước, Thành phố Biên Hòa, Đồng Nai",10.9412343,106.8236055
"Nhất Chi Mai, Phường 13, Quận Tân Bình, Tp Hồ Chí Minh",10.782852955555557,106.6659341392157
"6, Đường Trung Mỹ Tây 13, Phường Trung Mỹ Tây, Quận 12, Tp Hồ Chí Minh",10.8673521,106.6259541
"39., Đường Bùi Thị Xuân, Phường 2, Quận Tân Bình, Tp Hồ Chí Minh",10.7531342,106.5937194
"Đường Quốc Lộ 13, Phường Lái Thiêu, Thị xã Thuận An, Bình Dương",11.045096620833334,106.68756274583332
"Đường Số 40, Phường Bình Trưng Đông, Quận 2, Tp Hồ Chí Minh",10.782852955555557,106.6659341392157
"Đường Âu Cơ, Phường 14, Quận Tân Bình, Tp Hồ Chí Minh",10.7434168,106.6196735
"Đường Vườn Lài, Phường Thạnh Lộc, Quận 12, Tp Hồ Chí Minh",10.782852955555557,106.6659341392157
"Đường Hà Huy Giáp, Phường Thạnh Lộc, Quận 12, Tp Hồ Chí Minh",10.782852955555557,106.6659341392157
"Đường Bình Chuẩn 1, Phường Bình Chuẩn, Thị xã Thuận An, Bình Dương",11.045096620833334,106.68756274583332
"Đường Làng Tăng Phú, Phường Tăng Nhơn Phú A, Quận 9, Tp Hồ Chí Minh",10.782852955555557,106.6659341392157
"Đường Nguyễn Bình, Xã Phú Xuân, Huyện Nhà Bè, Tp Hồ Chí Minh",10.782852955555557,106.6659341392157
"Đường Hà Huy Giáp, Phường Thạnh Xuân, Quận 12, Hồ Chí Min",13.819208054201681,106.50317550420168
"vĩnh phú 1, Phường Vĩnh Phú, Thị xã Thuận An, Bình Dương",11.045096620833334,106.68756274583332
"Đường Cao Đức Lân, Phường An Phú, Quận 2, Tp Hồ Chí Minh",10.7946254,106.7607658
"tỉnh lộ DT 768, Xã Thạnh Phú, Huyện Vĩnh Cửu, Đồng Nai",10.963874011538461,106.85765544615386
"Đường 22/12, Phường Lái Thiêu, Thị xã Thuận An, Bình Dương",11.045096620833334,106.68756274583332
"Hoàng Phan Thái, Phường An Lạc, Quận Bình Tân, Tp Hồ Chí Minh",10.782852955555557,106.6659341392157
"Đường Hoà Bình 7, Phường Hoà Quý, Quận Ngũ Hành Sơn, Đà Nẵng",15.9850546,108.2399683
"Đường Tân Phước Khánh 4||15252, Phường Tân Phước Khánh, Thị xã Tân Uyên, Bình Dương",11.045096620833334,106.68756274583332
"Đường Tỉnh lộ 43, Phường Bình Hòa, Thị xã Thuận An, Bình Dương",11.045096620833334,106.68756274583332
"Đường Đoàn Văn Bơ, Phường 14, Quận 4, Tp Hồ Chí Minh",10.7668095,106.7055475
"Đường Giải Phóng, Phường Thanh Trì, Quận Hoàng Mai, Hà Nội",21.028751447058823,105.82847453176471
"Nại Hiên Đông, Phường Nại Hiên Đông, Quận Sơn Trà, Đà Nẵng",16.0881798,108.2312445
"Đường Dịch Vọng, Phường Dịch Vọng, Quận Cầu Giấy, Hà Nội",21.0332429,105.7934765
"82/10A, Đường Đinh Bộ Lĩnh, Phường 26, Quận Bình Thạnh, Tp Hồ Chí Minh",10.7583774,106.6053817
"đường số 1, Phường Long Trường, Quận 9, Tp Hồ Chí Minh",10.782852955555557,106.6659341392157
"Đường Ấp Rừng Dầu, Xã Mỹ Hạnh Bắc, Huyện Đức Hòa, Long An",20.6912345,105.8354428
"Đường Đại Mỗ, Phường Đại Mỗ, Quận Nam Từ Liêm, Hà Nội",20.9962479,105.7829269
"22, Đường Tân Quý, Phường Tân Quý, Quận Tân Phú, Tp Hồ Chí Minh",10.782852955555557,106.6659341392157
"Đường Thạch Bàn||1422, Phường Thạch Bàn, Quận Long Biên, Hà Nội",21.0180529,105.9016988
"Đường Lê Trọng Tấn, Phường Khương Mai, Quận Thanh Xuân, Hà Nội",21.028751447058823,105.82847453176471
"Đường Ấp Rừng Dầu, Xã Mỹ Hạnh Bắc, Huyện Đức Hòa, Long An",20.6912345,105.8354428
"Đường Dương Kỳ Hiệp, Phường 2, Thành phố Sóc Trăng, Sóc Trăng",9.5985661,105.9717183
"Đường Đoàn Thị Điểm, Xã Lộc Thanh, Thành phố Bảo Lộc, Lâm Đồng",11.6281021,107.8359361
"Đường Hùng Vương, Xã Vĩnh Thanh, Huyện Nhơn Trạch, Đồng Nai",10.963874011538461,106.85765544615386
"Đường Đinh Đức Thiện, Xã Long Hòa, Huyện Cần Đước, Long An",20.6912345,105.8354428
"Đường Bến Than, Xã Tân Thạnh Đông, Huyện Củ Chi, Tp Hồ Chí Minh",10.782852955555557,106.6659341392157
"Đường Nhân Hòa, Phường Nhân Chính, Quận Thanh Xuân, Hà Nội",21.028751447058823,105.82847453176471
"Đường Quang Trung, Phường 10, Quận Gò Vấp, Tp Hồ Chí Minh",10.782852955555557,106.6659341392157
"Đường Dương Quảng Hàm, Phường 5, Quận Gò Vấp, Tp Hồ Chí Minh",10.8374115,106.66991
"Đường Đặng Tiến Đông||348, Phường Láng Hạ, Quận Đống Đa, Hà Nội",21.0212424,105.8100297
"Đường Nguyễn Huy Tưởng, Phường Nhân Chính, Quận Thanh Xuân, Hà Nội",21.028751447058823,105.82847453176471
"Đường Bà Triệu, Phường Hà Cầu, Quận Hà Đông, Hà Nội",21.0398796,105.8051121
"Đường 716, Thị trấn Lương Sơn, Huyện Bắc Bình, Bình Thuận",10.9271631,108.1106069
"Đường Sài Đồng, Phường Sài Đồng, Quận Long Biên, Hà Nội",21.0365344,105.903586
"ấp giồng lớn, Xã Mỹ Hạnh Nam, Huyện Đức Hòa, Long An",20.6912345,105.8354428
"Đường Phạm Văn Đồng, Phường 13, Quận Bình Thạnh, Tp Hồ Chí Minh",10.8263833,106.7061889
"Đường Bùi Tư Toàn, Phường An Lạc, Quận Bình Tân, Tp Hồ Chí Minh",10.782852955555557,106.6659341392157
"Đường Tân Trụ, Phường 15, Quận Tân Bình, Tp Hồ Chí Minh",10.7989297,106.7209052
"Đuong Hoang Hoa Tham, Phường 5, Quận Phú Nhuận, Tp Hồ Chí Minh",10.782852955555557,106.6659341392157
"Đường Thới Tam Thôn 12, Xã Thới Tam Thôn, Huyện Hóc Môn, Tp Hồ Chí Minh",10.782852955555557,106.6659341392157
"Đường Kim Giang, Phường Đại Kim, Quận Hoàng Mai, Hà Nội",21.028751447058823,105.82847453176471
"11, Ngô Văn Năm, Phường Tân Lợi, Thành phố Buôn Ma Thuột, Đắk Lắk",12.674494466666667,108.03722181111112
"Đường Bùi Sỹ Lâm, Phường Quảng Thành, Thành phố Thanh Hóa, Thanh Hóa",19.7716288,105.768519
"Đường Số 8, Phường 11, Quận Gò Vấp, Tp Hồ Chí Minh",10.782852955555557,106.6659341392157
"Đường Quốc Lộ 61, Xã Hòa An, Huyện Phụng Hiệp, Hậu Giang",13.819208054201681,106.50317550420168
"Bùi Trang Chước, Phường Hòa Xuân, Quận Cẩm Lệ, Đà Nẵng",16.0054548,108.2107194
"Đường Thuận Giao 25, Phường Thuận Giao, Thị xã Thuận An, Bình Dương",11.045096620833334,106.68756274583332
"Đường 3A||23715, Phường An Khánh, Quận Ninh Kiều, Cần Thơ",10.0198087,105.7544797
"đường số 25, Phường Hiệp Bình Chánh, Quận Thủ Đức, Tp Hồ Chí Minh",10.782852955555557,106.6659341392157
"Đường Hiền Vương, Phường Phú Thọ Hòa, Quận Tân Phú, Tp Hồ Chí Minh",10.7730702,106.6544302
"123, Đường Trần Văn Trà, Phường Hưng Phú, Quận Cái Răng, Cần Thơ",10.0328003,105.8102131
"Trường sa, Xã Nghĩa Phú, Thành phố Quảng Ngãi, Quảng Ngãi",13.819208054201681,106.50317550420168
"Đường Trần Hữu Tước, Phường Ô Chợ Dừa, Quận Đống Đa, Hà Nội",21.028751447058823,105.82847453176471
"Đường Số 33, Phường Bình Trưng Tây, Quận 2, Tp Hồ Chí Minh",10.782852955555557,106.6659341392157
"Đường Bác Ái, Phường Tân Thành, Quận Tân Phú, Tp Hồ Chí Minh",10.7607702,106.6313858
"B12/21D, Đường Liên Ấp 1-2-3, Xã Vĩnh Lộc B, Huyện Bình Chánh, Tp Hồ Chí Minh",10.782852955555557,106.6659341392157
"D14/379C, Đường Trịnh Quang Nghị, Phường 7, Quận 8, Tp Hồ Chí Minh",10.7417795,106.6662335
"Bình chuẩn, Phường Bình Chuẩn, Thị xã Thuận An, Bình Dương",11.045096620833334,106.68756274583332
"Đường Phan Tây Hồ, Phường 7, Quận Phú Nhuận, Tp Hồ Chí Minh",10.782852955555557,106.6659341392157
"Đường ĐT746, Phường Tân Phước Khánh, Thị xã Tân Uyên, Bình Dương",11.045096620833334,106.68756274583332
"đường liên thôn, Xã Hòa Ninh, Huyện Di Linh, Lâm Đồng",11.881725583333333,108.34287695
"Đường Phúc Đồng, Phường Phúc Đồng, Quận Long Biên, Hà Nội",21.0365344,105.903586
"Đường Cầu Giấy, Phường Quan Hoa, Quận Cầu Giấy, Hà Nội",21.0361576,105.8015505
"Đường Nguyễn Duy Trinh, Phường Long Trường, Quận 9, Tp Hồ Chí Minh",10.782852955555557,106.6659341392157
"Đường DH8, Xã Hòa Khương, Huyện Hòa Vang, Đà Nẵng",15.947412380000001,108.1795226
"Đường Quốc lộ 1A, Thị trấn Cái Tắc, Huyện Châu Thành A, Hậu Giang",13.819208054201681,106.50317550420168
"Đường Cự Lộc||641, Phường Nhân Chính, Quận Thanh Xuân, Hà Nội",21.028751447058823,105.82847453176471
"Đường Đại Lộ Bình Dương, Phường Mỹ Phước, Thị xã Bến Cát, Bình Dương",11.045096620833334,106.68756274583332
"Đường Vĩnh Phúc, Phường Vĩnh Phúc, Quận Ba Đình, Hà Nội",21.028751447058823,105.82847453176471
"Đường Số 7, Phường Linh Trung, Quận Thủ Đức, Tp Hồ Chí Minh",10.782852955555557,106.6659341392157
"Đường DJ10, Phường Thới Hòa, Thị xã Bến Cát, Bình Dương",11.045096620833334,106.68756274583332
"thượng cát, Phường Thượng Cát, Quận Bắc Từ Liêm, Hà Nội",21.028751447058823,105.82847453176471
"Đường Số 38, Phường Bình Trị Đông B, Quận Bình Tân, Tp Hồ Chí Minh",10.782852955555557,106.6659341392157
"🔥Đà_Sơn🔥, Phường Hòa Khánh Nam, Quận Liên Chiểu, Đà Nẵng",16.0481231,108.15629
"khu phố Ninh Đức, Đường Điện Biên Phủ, Phường Ninh Thạnh, Thành phố Tây Ninh, Tây Ninh",11.3141464,106.1215738
"ấp rưng sến, Xã Mỹ Hạnh Bắc, Huyện Đức Hòa, Long An",20.6912345,105.8354428
"Đường Nguyễn Hữu Cảnh, Phường Thủy Phương, Thị xã Hương Thủy, Thừa Thiên Huế",16.446155875000002,107.5835235875
"Đường Quốc Lộ 55, Xã Lộc Thành, Huyện Bảo Lâm, Lâm Đồng",11.881725583333333,108.34287695
"chưa có, Phường Hoà Quý, Quận Ngũ Hành Sơn, Đà Nẵng",15.9853299,108.2415919
"Tân Trụ, Xã Lạc Tấn, Huyện Tân Trụ, Long An",20.6912345,105.8354428
"Đường Đại Từ, Phường Đại Kim, Quận Hoàng Mai, Hà Nội",21.028751447058823,105.82847453176471
"Đường Trương Định, Phường Trương Định, Quận Hai Bà Trưng, Hà Nội",21.028751447058823,105.82847453176471
"Đường Trần Hưng Đạo, Phường 1, Thành phố Đông Hà, Quảng Trị",13.819208054201681,106.50317550420168
"Bát Khối, Phường Long Biên, Quận Long Biên, Hà Nội",21.0180529,105.9016988
"Thạnh Xuân 52, Phường Thạnh Xuân, Quận 12, Tp Hồ Chí Minh",10.782852955555557,106.6659341392157
"Đt743, Phường Bình Chuẩn, Thị xã Thuận An, Bình Dương",11.045096620833334,106.68756274583332
"Đường Bến Vân Đồn, Phường 2, Quận 4, Tp Hồ Chí Minh",10.7659945,106.7042805
"Đường Phan Đăng Lưu, Phường Long Bình, Thành phố Biên Hòa, Đồng Nai",10.9585955,106.7850159
"Đường Hải Phòng||22032, Phường Hoà Nghĩa, Quận Dương Kinh, Hải Phòng",20.836681525,106.694553275
"Đường 741, Xã Phước Hoà, Huyện Phú Giáo, Bình Dương",11.045096620833334,106.68756274583332
"Đường Trần Cao Vân, Phường Xuân Hà, Quận Thanh Khê, Đà Nẵng",16.0711825,108.1923835
"Đường Lương Định Của||396, Phường Phương Mai, Quận Đống Đa, Hà Nội",21.028751447058823,105.82847453176471
"ymon, Xã Cư ÊBur, Thành phố Buôn Ma Thuột, Đắk Lắk",12.674494466666667,108.03722181111112
"An Sơn, Xã An Sơn, Thị xã Thuận An, Bình Dương",11.045096620833334,106.68756274583332
Đường Hồ Sỹ Dương,18.6694137,105.6789279
"Đường Hem 2, Phường Vĩnh Hòa, Thành phố Nha Trang, Khánh Hòa",13.819208054201681,106.50317550420168
"đường Tạ Quang Bửu, Phường 5, Quận 8, Tp Hồ Chí Minh",10.7369226,106.6665328
"128/10/21, Đường Nguyễn Văn Tiên, Phường Tân Phong, Thành phố Biên Hòa, Đồng Nai",10.9580869,106.828624
"Đường Lê Thị Lơ, Xã Tân Hiệp, Huyện Hóc Môn, Tp Hồ Chí Minh",10.782852955555557,106.6659341392157
"351, Xã Đồng Thái, Huyện An Dương, Hải Phòng",20.836681525,106.694553275
"Đường Bế Văn Cấm, Phường Tân Kiểng, Quận 7, Tp Hồ Chí Minh",10.782852955555557,106.6659341392157
"402, Phường Hoà Nghĩa, Quận Dương Kinh, Hải Phòng",20.836681525,106.694553275
"110/x/x, Đường Hoàng Hoa Thám, Phường Tân Tiến, Thành phố Buôn Ma Thuột, Đắk Lắk",12.674494466666667,108.03722181111112
"DT743, Phường An Phú, Thị xã Thuận An, Bình Dương",11.045096620833334,106.68756274583332
"quốc lô 55, Xã Thắng Hải, Huyện Hàm Tân, Bình Thuận",10.9271631,108.1106069
"Đường 20m, Phường Phú Mỹ, Thị xã Phú Mỹ, Bà Rịa - Vũng Tàu",13.819208054201681,106.50317550420168
"Đường Kim Ngưu, Phường Vĩnh Tuy, Quận Hai Bà Trưng, Hà Nội",21.028751447058823,105.82847453176471
"Đường Thoại Ngọc Hầu, Phường Phú Thạnh, Quận Tân Phú, Tp Hồ Chí Minh",10.7607702,106.6313858
"Ấp 3, Xã Tân Thành, Huyện Thủ Thừa, Long An",20.6912345,105.8354428
"350/54, Đường Lê Đức Thọ, Phường 6, Quận Gò Vấp, Tp Hồ Chí Minh",10.782852955555557,106.6659341392157
"Đường Số 4, Phường Hiệp Bình Phước, Quận Thủ Đức, Tp Hồ Chí Minh",10.782852955555557,106.6659341392157
"Đường Bến Bình Đông, Phường 14, Quận 8, Tp Hồ Chí Minh",10.7171219,106.6295254
"Đoàn Nguyễn Tuấn, Phường 6, Quận 8, Tp Hồ Chí Minh",10.7390739,106.6659208
"Đường Bùi Xương Trạch, Phường Khương Đình, Quận Thanh Xuân, Hà Nội",21.028751447058823,105.82847453176471
"Đường Liên khu 4-5, Phường Bình Hưng Hoà B, Quận Bình Tân, Tp Hồ Chí Minh",10.782852955555557,106.6659341392157
"Đường 48, Phường Hiệp Bình Chánh, Quận Thủ Đức, Tp Hồ Chí Minh",10.782852955555557,106.6659341392157
"Đường Hà Trì 1, Phường Hà Cầu, Quận Hà Đông, Hà Nội",21.0398796,105.8051121
"Mít Nài, Xã La Ngà, Huyện Định Quán, Đồng Nai",11.1574303,107.2471634
"trần đại nghía, Phường Hoà Hải, Quận Ngũ Hành Sơn, Đà Nẵng",15.9896594,108.2723335
"Đường Nguyễn Khuyến, Phường Trảng Dài, Thành phố Biên Hòa, Đồng Nai",10.9686469,106.8591437
"Đường Lý Thái Tổ, Xã Đạm Bri, Thành phố Bảo Lộc, Lâm Đồng",11.881725583333333,108.34287695
"Đường Song Hành, Phường An Phú, Quận 2, Tp Hồ Chí Minh",10.782852955555557,106.6659341392157
"16, Đường Cổ Nhuế, Phường Cổ Nhuế 2, Quận Bắc Từ Liêm, Hà Nội",21.0474882,105.7830416
"Đường Quốc lộ 6, Xã Hòa Sơn, Huyện Lương Sơn, Hòa Bình",13.819208054201681,106.50317550420168
"Đường 102, Phường Phước Long A, Quận 9, Tp Hồ Chí Minh",10.782852955555557,106.6659341392157
"Đường Bình Chuẩn 34, Phường Bình Chuẩn, Thị xã Thuận An, Bình Dương",11.045096620833334,106.68756274583332
"Đường Yên Hòa, Phường Yên Nghĩa, Quận Hà Đông, Hà Nội",21.028751447058823,105.82847453176471
"Đường Quốc lộ 91, Phường Trường Lạc, Quận Ô Môn, Cần Thơ",10.0542076,105.647374
"Đường Khương Đình, Phường Khương Đình, Quận Thanh Xuân, Hà Nội",21.028751447058823,105.82847453176471
"Đường ĐT 825, Xã Tân Mỹ, Huyện Đức Hòa, Long An",20.6912345,105.8354428
"Đường Hương lộ 2, Phường Bình Trị Đông A, Quận Bình Tân, Tp Hồ Chí Minh",10.782852955555557,106.6659341392157
"Đường Nguyễn Văn Bứa, Xã Xuân Thới Thượng, Huyện Hóc Môn, Tp Hồ Chí Minh",10.782852955555557,106.6659341392157
"Đường Quốc Hương, Quận 2, Tp Hồ Chí Minh",10.782852955555557,106.6659341392157
"Đường Nguyễn Văn Vỹ, Phường 12, Quận Tân Bình, Tp Hồ Chí Minh",10.7434418,106.61965
"Đường Đê La Thành, Phường Phương Liên, Quận Đống Đa, Hà Nội",21.028751447058823,105.82847453176471
"Phú Thpj, Phường Phú Thọ Hòa, Quận Tân Phú, Tp Hồ Chí Minh",10.7730702,106.6544302
"Đường Trần Phú, Phường Năng Tĩnh, Thành phố Nam Định, Nam Định",13.819208054201681,106.50317550420168
"Tân thới Nhất 17, Phường Tân Thới Nhất, Quận 12, Tp Hồ Chí Minh",10.782852955555557,106.6659341392157
"Hẻm 6 Nguyễn Trãi, Phường Lê Bình, Quận Cái Răng, Cần Thơ",10.029439009433963,105.76459656415095
"Đường Thuận Giao 10, Phường Thuận Giao, Thị xã Thuận An, Bình Dương",11.045096620833334,106.68756274583332
"Đường DL10, Phường Thới Hòa, Thị xã Bến Cát, Bình Dương",11.045096620833334,106.68756274583332
"Đường liên xã, Xã Lộc Quảng, Huyện Bảo Lâm, Lâm Đồng",11.881725583333333,108.34287695
"Đường Hữu Nghị, Phường Bình Hòa, Thị xã Thuận An, Bình Dương",11.045096620833334,106.68756274583332
"Khu đô thị Bình Nguyên (Làng Đại Học Quốc Gia), thị xã Dĩ An, TP.Dĩ An, tỉnh Bình Dương., Phường Bình An, Thị xã Dĩ An, Bình Dương",10.9230601,106.7686184
"Đường Số 3, Phường 9, Quận Gò Vấp, Tp Hồ Chí Minh",10.782852955555557,106.6659341392157
"Đường Phạm Hữu Lầu, Xã Phước Kiển, Huyện Nhà Bè, Tp Hồ Chí Minh",10.782852955555557,106.6659341392157
"9, Cổ Nhuế, Phường Cổ Nhuế 2, Quận Bắc Từ Liêm, Hà Nội",21.0474882,105.7830416
"Đường Lâm Văn Bền, Phường Tân Kiểng, Quận 7, Tp Hồ Chí Minh",10.782852955555557,106.6659341392157
"Quốc Lộ 1A, Xã Hồng Thái, Huyện Bắc Bình, Bình Thuận",10.9271631,108.1106069
